platform,country,app_id,app_name,description,genre,store_url,idea_desc,collected_data,category_id,function_type,is_boundary_case,note
android,kr,app.foryou,ForYou - 얼굴 마사지 및 피부 관리. 얼굴 관리,"얼굴 피부 관리 루틴을 구축해야 합니까? 젊고 건강하고 아름다운 얼굴 피부를 꿈꾸십니까? 정기적으로 미용사를 방문할 여유가 없거나 시간이 충분하지 않습니까? 그럼 '포유'가 당신의 얼굴 피부를 케어해 드립니다.
아름다운 피부는 단순히 DNA의 문제가 아닙니다! 나이에 관계없이 피부가 좋아 보이려면 정기적인 얼굴 피트니스와 마사지가 필수적입니다. 당신의 일상 습관은 당신이 거울에서 보는 것에 큰 영향을 미칩니다. 안면 마사지 및 피트니스 앱을 사용하면 피부 깊숙이 자극하는 안면 마사지 운동을 마스터할 수 있습니다. 페이셜 요가와 마찬가지로 페이스 빌딩은 피부 결을 개선하는 가장 좋은 방법 중 하나입니다. 얼굴 피트니스 루틴을 통해 붓기를 제거하고 피부를 조이고 볼을 들어 올리고 완벽한 타원형 얼굴을 만들 수 있습니다. 정확히 몇 년 동안 꿈꿔 왔던 것입니다. forYou 스킨케어 루틴 프로그램은 전문 미용사에 의해 개발되었으며 원하는 결과를 얻으려면 정기적으로 연습해야 합니다. 긍정적인 결과를 얻으려면 적어도 3주에 걸쳐 매일 10-20분의 얼굴 피트니스 운동을 연습하는 것이 좋습니다.
얼굴 만들기는 성형 수술 비용을 절약할 수 있습니다. 림프 배수 및 리프팅과 같은 값비싼 미용 절차, 전기 마사지는 더 이상 필요하지 않습니다. 고통스러운 주사는 잊어 버리고 간단한 얼굴 리프팅 기술에 따라 forYou와 함께 얼굴 피트니스를 연습하십시오.
먼저 증강 현실(AR) 도구가 피부 타입과 주름을 조사하여 최고의 스킨 케어 프로그램과 독특한 스킨 케어 루틴을 제안합니다. 페이셜 마사지의 주기는 프로그램에 따라 약 15분 정도 소요됩니다. 집에서 자신의 손으로 할 수 있는 간단하고 효과적인 얼굴 마사지 운동을 제공합니다. 결과는 빛나고 자신과 주변 사람들에게 깊은 인상을 줄 젊고 탄력 있는 피부입니다. 우리의 얼굴 마사지 프로그램은 모든 연령대에 적합합니다.
남자든 여자든 상관없이 forYou를 시작하고 얼굴 피부 루틴을 시작하십시오. 최신 기술을 사용하면 빠른 시간 안에 더 나은 결과를 얻을 수 있습니다. 우리는 미용 및 피부과의 최고의 전문가들과 협력하여 이 여행을 완전히 안전하고 즐겁게 만듭니다.
ForYou는 완전한 초보자라도 얼굴 마사지 기술을 배울 수 있도록 도와줍니다. 시각적 지침이 과정을 안내합니다. AR은 매일 진행 상황을 추적하고 긍정적인 결과에 도달하도록 합니다. 우리의 앱은 당신의 얼굴 피트니스 루틴을 즐겁고 유쾌하게 만들어 줄 것입니다. 상황이 아무리 스트레스를 받더라도 집에서든 이동 중에든. 우리의 얼굴 피트니스 프로그램은 전문 미용사에 의해 정기적으로 업데이트되어 피부가 건강하고 빛나게 보이도록 도와줍니다.
 
다음은 forYou와 정기적인 안면 운동의 주요 결과로 얻을 수 있는 것입니다.

얼굴 마사지를 통해 혈액 순환을 개선하여 피부 탄력을 증가시켜 피부를 자연스럽고 젊게 만듭니다.
얼굴 요가 기술을 연습하여 나이가 들면서 발생하는 붓기, 크거나 작은 주름 및 기타 피부 관련 상태를 제거하십시오.
페이스 빌딩 및 페이스 리프팅 운동으로 목, 볼, 광대뼈의 이상적인 둥글고 팽팽한 라인을 만드십시오.
forYou를 다운로드하여 페이셜 스킨케어 루틴을 시작하세요. 증강 현실 도구는 다음 몇 단계를 통해 최고의 얼굴 피트니스 프로그램을 선택하고 기술을 마스터하는 데 도움이 됩니다. 얼굴 리프팅 운동은 마사지 오일이나 크림을 사용하여 건조하거나 수분이 많은 피부에 수행할 수 있습니다. 고전적인 페이셜 마사지는 미리 수분을 공급한 피부가 필요합니다. 페이스 빌딩은 하루에 약 15분, 규칙적으로 수행하면 전체 과정을 완료하는 데 약 30일이 소요됩니다. 필요할 때마다 원하는 만큼 코스를 반복하십시오. ForYou는 전문 미용사가 특별히 개발한 빠르고 효과적인 얼굴 마사지 기술을 제공합니다. 모든 코스는 정기적으로 업데이트되며 앱에서 직접 사용할 수 있습니다. 보너스를 받으려면 소셜 네트워크와 메신저에서 결과를 공유할 수 있습니다. 당신의 얼굴 피부를 건강하고 젊어 보이게 하기 위해 forYou에 도전해보세요!",뷰티,https://play.google.com/store/apps/details?id=app.foryou&hl=ko&gl=kr,,,,,,
android,kr,godticket.mobile,"여신티켓: 피부시술/성형 정보, 피부과 병원 예약 어플","<font color=""FF2488""><b>피부과를 고르는 확실한 기준</b></font>
<font color=""FF2488""><b>550만이 선택한 피부시술&성형 수술 정보를 담고 있는 1등 피부시술 플랫폼, 여신티켓</b></font>
내 주변 병원 탐색부터 예약, 상담, 결제까지 한번에!
피부 시술 & 성형 수술 고민 될 때 ‘진짜’ 받아본 사람들의 후기가 궁금하다면?
피부과 시술부터 성형외과 & 안과 & 치과 까지 모두 여신티켓에서 해결 가능합니다.

<b>[신규회원이라면 누구나]</b>
아직 여신티켓 회원이 아니신가요? 
가입하면 바로 지급되는 7,000P + 100,000원 웰컴 쿠폰팩

—
<b>[쓸 수록 커지는 혜택]</b>
여신티켓에서 만날 수 있는 매월 달라지는 특가와 쓸수록 커지는 혜택을 체험해보세요!

①월별 다양한 특가 이벤트
여신티켓에서 엄선한 시술들은 특별한 혜택가로 만날 수 있는 기회
매번 달라지는 시술, 할인, 혜택을 놓치지마세요.

②매일 챙기는 출석체크
하루 한 번 출석체크로 100P + 추가 보너스 혜택까지 월 최대 5,000P를 받아가세요.

③쓸 수록 커지는 등급별 혜택
여신티켓 ‘회원’ 한정 구매할수록 더 커지는 혜택플러스, 등급별 혜택!
매월 1일 달라진 나의 등급을 확인하고 최대 30만원 할인 + 2.5% 페이백에 도전하세요.

④같이 예뻐지는 친구초대
친구 초대 완료 시 횟수 상관 없이 무제한으로 받을 수 있는 포인트 혜택
친구도 나도, 5,000P 받고 피부 여신이 되어보세요.

⑤매월 도전할 수 있는 여신 추천왕
추천인코드 기준 친구 추천왕에게는 최대 300,000P 혜택이 주어집니다.

⑥병원에서 바로 쓰는 현장 앱결제
내가 원하는 시술을 현장에서 직접 고르고 여신티켓 혜택은 그대로 적용받으세요.
상담 후 현장에서 앱으로 바로 결제 (쿠폰/포인트 사용 가능)
결제할 때마다 포인트가 쌓이고, 후기 작성 시 최대 2,500P 추가 적립!

—

<b>[왜 여신티켓이어야 할까? 확실한 선택의 기준을 제공하는 여신티켓]</b>
① 내 기준으로 고를 수 있는 시술
내 피부 고민에 맞는 시술 추천, 인기 시술을 확인할 수 있어요.
추천순, 인기순, 신규순, 거리순 등 내 입맛에 맞는 시술만 모아서 선택하세요.

② 받아 본 사람들의 ‘찐’ 후기
광고는 없다, 내돈내산 후기가 172만 개 이상!
매일 업데이트 되는 피부 시술 & 성형 리얼 후기를 상품 예약 전 확인 & 비교해보세요.
여신티켓에는 ‘진짜’ 받아본 사람들의 시술, 고민별 후기가 준비되어 있어요.

③ 셀카 한 장으로 내 피부 분석
‘내 피부에 필요한 시술은?’ 고민은 시간만 늦출 뿐!
AI 피부연구소에서 내 진짜 피부 나이를 확인하고, 개인 맞춤형 피부 리포트를 제공 받으세요.

④ 국내 최초 부작용 안심케어
누구나 안심하고 피부 시술을 받을 수 있도록
시술 부작용 발생 시 치료비를 지원해드리는 국내 최초 부작용 안심케어 서비스
안심하고 시술 받으세요.

⑤ 믿고 선택할 수 있는 병원 & 의사
선택에 있어 가장 중요한 기준, 바로 믿고 선택할 수 있는 전문의 정보
여신티켓에서는 병원 정보는 물론 의료진 전문 분야, 전문의 수 등 여러 정보를 확인할 수 있어요.
의료진의 전문성이 중요한 수술을 앞두고 있다면 여신티켓으로 꼼꼼하게 확인해보세요.

⑥ 검색은 빠르게, 병원은 가깝게
더 이상 시술 하나 받기 위한 발품팔기는 그만!
27,000여 곳의 병원이 등록된 여신티켓에서는 검색 한번으로 
내 주변 병원 위치, 진료 시간, 시술 항목, 시술 금액을 한눈에 볼 수 있어요.

⑦ 언제 어디서나 간편하게 모바일 예약
방문, 전화 문의&예약이 어려우셨죠?
시술 문의부터 예약, 결제까지 모바일 간편 예약으로 해결하세요.
인기 있는 성형 상품들도 미리 상담 신청하고 예약할 수 있어요.
언제 어디서든, 간편하게 클릭 몇 번으로 끝나는 여신티켓 예약!

—

[선택 접근 권한]
- 위치 : 현재 위치에서 가까운 피부과를 찾기 위한 경우를 위한 권한입니다.
- 알림 : 피부 시술 이벤트, 공지사항 등 새로운 메시지를 수신하기 위한 권한입니다.
- 카메라 : 피부 분석 및 시술 사진 후기 등을 위해 카메라 촬영이 필요한 경우를 위한 권한입니다.
- 사진 : 사진 등록 및 저장이 필요한 경우를 위한 권합니다.
- 마이크: 고객상담 영상 촬영, 외국인 여권 인증

※ 선택 접근 권한은 동의하지 않아도 서비스 이용이 가능합니다.
※ [휴대폰 설정 > 애플리케이션 > 여신티켓 > 앱 권한] 메뉴에서 동의 및 철회가 가능합니다.

<b>[피부과/성형외과 예약앱, 여신티켓 공식 계정]</b>
▶ 홈페이지 : https://www.yeoshin.co.kr
▶ 유튜브 : https://www.youtube.com/@yeoshinticket
▶ 인스타그램 : https://www.instagram.com/yeoti_official
▶ 시술백과 : https://blog.yeoshin.co.kr/",뷰티,https://play.google.com/store/apps/details?id=godticket.mobile&hl=ko&gl=kr,,,,,,
android,kr,com.zamface,잼페이스 : 퍼스널컬러와 피부 진단,"<b> 💎퍼스널 컬러와 피부 진단으로 인생템 찾기, 잼페이스!</b> 

내 피부 타입을 손쉽게 진단받고, 내게 꼭 맞는 스킨케어 제품을 확인하세요!
퍼스널 컬러 무료 진단으로, 내 컬러에 맞는 인생템을 찾아보세요!

나와 같은 타입을 가진 사용자들의 리뷰와 유튜버 리뷰를 한번에 모아보세요.
다양한 이벤트와 혜택으로 더 즐거운 뷰티 라이프를 즐겨보세요. 

<font color=""#FF3B66""><b>◆ 참여할수록 이득이 되는 잼 포인트</b></font>
다양한 이벤트 참여와 광고 시청을 통해 잼 포인트를 모아보세요!
모은 포인트는 상품권으로 교환할 수 있어요.

<font color=""#FF3B66""><b>◆ 피부 타입과 피부 고민 맞춤 진단, 스킨매칭! </b></font>
AI 피부 진단과 맞춤 설문으로 간편하게 피부 타입 진단하고,  
내 피부 타입에 꼭 맞는 스킨케어 제품을 추천 받아보세요. 


<font color=""#FF3B66""><b>◆ 화장품과 내 피부 궁합 확인, 화장품 매칭! </b></font>
지금 사용하는 화장품, 나에게 잘 맞는지 궁금할 때, 
신상 화장품 살까 말까 고민될 때, 
화장품 매칭으로 화장품과 내 궁합을 빠르게 진단해보세요. 

<font color=""#FF3B66""><b>◆ 퍼스널 컬러 무료 진단, 퍼컬 매칭 </b></font>
잼페이스만의 기술로 퍼스널컬러를 진단하고,
내 퍼스널컬러에 맞는 인생템과 스타일 팁까지 추천 받아보세요.

<font color=""#FF3B66""><b>◆ AI로 찾는 닮은 뷰튜버 진단, 페이스매칭 </b></font>
셀카를 찍으면 AI가 나와 닮은 뷰티 유튜버를 찾아줘요.
닮은 유튜버를 찾고, 나에게 어울리는 메이크업도 확인하세요. 

<font color=""#FF3B66""><b>◆ 궁금한 화장품, 유튜버 리뷰와 사용자 리뷰를 한눈에 확인! </b></font>
화장품 사기 전, 궁금한 옵션 별로 유튜버 리뷰도 확인하고, 
특정 화장품을 쓴 구간만 선택해 빠르게 볼 수 있어요!
내 피부 타입 혹은 퍼스널컬러와 비슷한 사용자들의 리뷰를 골라보세요.

--------------------------------------------------------------------------------------------------------------
[서비스 문의]
* 앱을 사용하다 불편하거나 문의사항이 있으면 언제든지 아래 이메일 주소로 보내주세요.
* 더 재미있고 편리한 서비스를 위해 잼페이스는 오늘도 열심히 노력하고 있습니다!
* admin@zamface.co.kr

[잼페이스 서비스 접근 권한]
원활한 서비스 제공을 위해 아래의 접근 권한을 필요로 해요.

▶ 선택적 접근 권한
* 선택적 접근 권한에 동의하지 않아도, 해당 권한을 제외한 서비스 이용이 가능합니다.

- 카메라/저장공간 : 퍼컬매칭, 스킨매칭, 페이스매칭 등 얼굴 인식 기능이 필요한 서비스에서 사진 촬영 권한과 기기에 저장된 사진 사용할 때 필요해요.",뷰티,https://play.google.com/store/apps/details?id=com.zamface&hl=ko&gl=kr,,,,,,
android,kr,kr.co.company.hwahae,화해 - 새로운 뷰티의 발견,"<b>리뷰 - 성분 - 랭킹보고 쇼핑까지 한 번에 끝!
대한민국 1,000만 명이 사용하는 필수 뷰티 앱, 화해
지금 내 사용템으로 스킨케어 루틴을 점검하고, 궁합 점수로 인생템을 만나보세요!</b>

<b>■ 궁합 점수로 쉽게 찾는 나만의 인생템</b> 
내 피부 타입과 고민, 리뷰를 기반으로 딱 맞는 정보만 알려주는 궁합 점수로 인생템을 만나보세요!

<b>■ AI가 분석해주는 내 사용템 진단</b>
피부 타입과 고민부터 제품 간 조합까지 분석해 드려요.

<b>■ 궁합 점수로 쉽게 찾는 나만의 인생템 </b>
내 피부 타입과 고민, 리뷰를 기반으로 딱 맞는 정보만 알려주는 궁합 점수로 인생템을 만나보세요!

<b>■ 1,000만 개가 넘는 내돈내산 리뷰</b>
비포/애프터, 무보정 발색 샷 등 광고 없는 실사용자 리뷰를 확인해 보세요.

<b>■ 내가 찾는 모든 화장품의 성분 확인</b>
알레르기 유발 주의 성분부터 피부 타입별 특이 성분, 기능성 성분까지 똑똑하게 확인해 보세요.

<b>■ 이번 주 인기 화장품 랭킹</b>
건성피부 스킨/토너 랭킹, 20대 쿠션 랭킹 등 카테고리/피부 타입/고민별 인기 순위를 확인해 보세요.

<b>■ 써봐야 아니까, 샘플 체험</b>
본품 사기 전 배송비만 내고 무료로 샘플을 사용해 보세요. 본품 구매 시 페이백 쿠폰은 덤!

★ 화해는 서비스 편의성 및 운영 필요사항에 꼭 필요한 권한만 사용합니다.
- 필요한 권한과 사유는 아래와 같습니다.

[선택적 접근 권한]
화해 사용 시에 필요한 권한과 사유는 아래와 같습니다.
- 사진 및 카메라 : 사진 리뷰, 프로필 이미지, 제품 등록 요청/수정을 위해 기기에 저장된 사진을 사용할 경우 사진 첨부 및 휴대폰 카메라를 통해 촬영하기 위해 필요합니다.
- 위치 : 날씨 체크 기능을 이용할 경우, 현재 위치에 따른 지역 날씨정보를 확인하기 위해 필요합니다.
- 알림 : 요청 제품 등록, 댓글, 뷰티ON, 화해 이벤트, 날씨 체크, 사용자 리뷰, 제품 추천, 구매한 상품의 리뷰 요청, 쇼핑, 출석 체크 알림을 수신하기 위해 필요합니다.
※ 선택적 접근 권한의 허용에는 동의하지 않아도 서비스의 이용이 가능합니다.

✋화해에게 문의하기
- 불편한 점이나 아이디어가 있다면 [화해 앱 - 마이페이지 - 문의하기]로 말씀 주세요.",뷰티,https://play.google.com/store/apps/details?id=kr.co.company.hwahae&hl=ko&gl=kr,,,,,,
android,kr,com.gloryskin.app,스킨케어 루틴 - Glory Skin,"Glory Skin: 나만의 퍼스널 스킨케어 루틴 & 가이드

Glory Skin은 당신이 꾸준한 스킨케어 습관을 기르고, 사용하는 제품을 정확히 이해하며, 피부의 변화를 자신 있게 기록할 수 있도록 돕는 퍼스널 스킨케어 동반자입니다.

새로운 스킨케어 루틴을 시작하든, 기존 루틴을 보완하든, Glory Skin은 모든 과정을 단순하고 체계적으로 관리해 줍니다. 더 이상 고민하지 마세요. AI 기반의 명확한 가이드와 함께 가장 건강한 피부를 가꾸어 보세요.

🌸 핵심 기능

• 스킨케어 루틴 트래커 & 데일리 알림: 당신에게 꼭 맞는 아침, 저녁 맞춤형 루틴을 만들고 관리하세요. 스마트 알림과 간편한 체크 기능을 통해 매일 꾸준한 관리가 가능해집니다.

• 홈 화면 위젯: 루틴을 즉시 확인하세요! 편리한 스킨케어 위젯을 사용하여 홈 화면에서 바로 다음 단계를 확인하고 관리 상태를 기록할 수 있습니다.

• AI 기반 스킨케어 인사이트: 스킨케어에 관한 무엇이든 물어보세요. 레티놀 바르는 순서부터 건성 피부를 위한 최적의 루틴까지, AI가 당신의 루틴과 제품에 맞춘 교육적인 정보를 제공합니다.

• 성분 스캐너 및 분석: 제품 라벨을 스캔하여 포함된 성분을 즉시 파악하세요. 피부에 무엇을 바르는지 정확히 알고, 잠재적 자극 성분을 미리 확인할 수 있습니다.

• 포토 변화 일기: 사진을 저장하여 피부의 변화를 시각적으로 비교해 보세요. 시간이 지남에 따라 변하는 피부 상태를 확인하는 것은 꾸준한 관리를 위한 최고의 동기부여가 됩니다.

• 루틴 인사이트 및 통계: 연속 기록(Streaks), 루틴 달성률, 전체 활동량을 확인하세요. 데이터를 통해 자신의 습관을 이해하고 동기를 부여받을 수 있습니다.

• 개인 스킨케어 다이어리: 피부 반응, 제품 리뷰, 개인적인 관찰 기록을 나만의 비밀 다이어리에 메모하세요.

⭐ Glory Skin 프리미엄 혜택

스킨케어 여정의 모든 잠재력을 끌어올리세요:

• AI 기반의 고급 사진 분석 및 성분 체크.
• 무제한 제품 비교 및 루틴 트래킹.
• 확장된 AI 가이드 및 우선 인사이트 제공.
• 상세한 진행 통계 분석.

구독은 월간 또는 연간 플랜으로 이용 가능합니다. 결제 및 취소는 Google Play 계정 설정에서 언제든지 관리할 수 있습니다.

🌍 글로벌 지원

우리는 누구나 훌륭한 피부를 가질 자격이 있다고 믿습니다. Glory Skin은 현재 영어 (English), 튀르키예어 (Türkçe), 독일어 (Deutsch), 스페인어 (Español), 러시아어 (Русский), 프랑스어 (Français), 일본어 (日本語), 한국어, 아랍어 (العربية)로 이용 가능합니다. 모든 곳에서 누구나 스킨케어 가이드를 이용할 수 있도록 곧 더 많은 언어가 추가될 예정이니 기대해 주세요!

⚠️ 중요 고지 사항

Glory Skin은 스킨케어 관리 및 교육적 정보를 제공하는 도구입니다. 의학적 조언, 진단 또는 치료를 제공하지 않습니다. 피부과 전문의나 의료 전문가의 상담을 대신할 수 없습니다.

개인정보 처리방침: https://aytek.studio/gloryskin-privacy.html
이용 약관: https://aytek.studio/gloryskin-terms.html

고객 지원: contact@aytek.studio",뷰티,https://play.google.com/store/apps/details?id=com.gloryskin.app&hl=ko&gl=kr,,,,,,
android,kr,com.gangnam.sister,"강남언니: 피부 / 성형 병원 미용 뷰티, 성형어플","성공적인 피부 시술 & 성형, 합리적인 가격을 동시에 잡는 뷰티 앱!
피부 시술 & 성형에 고민이 있다면, '강남언니'를 통해 다양한 정보를 얻고 신중히 결정하세요!
300만 개 이상의 성형, 피부 시술 후기와 실시간 유저, 전문의의 답변을 볼 수 있는 피부관리, 성형, 뷰티 정보를 하나로 모아 볼 수 있어요!
🧡 <b>피부관리 & 성형어플을 찾는다면</b>
<u>4,900개 병원이 선택한 강남언니!</u>
관심 있는 피부과 & 성형외과 상담을 통해 필요한 정보를 강남언니에서 찾아보세요. 피부과, 피부관리, 슈링크, 인모드, 울쎄라, 리프팅, 코성형, 쌍꺼풀 등 뷰티 정보를 강남언니를 통해 한 번에 모아 봐요.
<u>영수증 인증, 믿을만한 후기</u>
쌍수, 코성형, 울쎄라, 웨딩 & 결혼 준비 피부시술 등 다양한 후기를 확인할 수 있는 성형어플! 상담 후 성형 & 시술 유저만 남기는 진짜 후기와 평가를 통해 성공적인 피부 시술을 준비하세요.
<u>커뮤니티 수다방</u>
성형, 시술 고민이 있다면 뷰티 커뮤니티를 이용해보세요! 고민을 남기면 실시간으로 유저들과 피부과 & 성형외과 전문 의사가 답변합니다. 성형어플 강남언니와 함께 피부관리, 뷰티, 웨딩 & 결혼 준비를 위한 외모관리 등의 고민을 해결하세요!
🌟<b>성형어플 강남언니만의 다양한 이벤트</b>
<u>다양한 성형 & 시술 이벤트</u>
성형어플 강남언니에서 매월 달라지는 피부과 & 성형외과 이벤트를 놓치지 마세요. 1만 5천 개 이상의 피부과 & 성형외과 이벤트를 비교해 합리적인 가격으로 선택하세요.
<u>앱 결제, 리뷰 작성 시 포인트 증정</u>
성형어플 강남언니에서는 앱 결제 시 최대 1만 포인트를 제공하고, 영수증 인증 평가 및 후기를 남기면 추가 포인트도 받을 수 있어요. 포인트를 받아 합리적인 가격에 성형 & 피부 시술을 경험해보세요!
🕵️‍ <b>가짜 후기 없는 신뢰할 수 있는 성형어플</b>
<u>믿을 수 있는 진짜 후기가 가득!</u>
950만 유저의 300만 개가 넘는 후기를 강남언니에서 확인하세요. 4,900개 이상의 피부과 & 성형외과 후기를 볼 수 있어요!
▪ 모바일 상담 및 영수증 인증 절차로 진짜 후기 정보를 제공
▪ 강남언니 내 모든 병원에 후기 작성 강요 및 대리 작성 시 페널티 부여!
▪ 성형 & 피부 시술을 받은 분께 해피콜을 통해 만족도를 조사하고 후기를 검토.
투명하고 깨끗한 정보를 제공하기 위해 성형어플 강남언니가 노력 할게요!
👨‍⚕️<b>상담부터 고민 해결까지 한 번에</b>
<u>터치 한 번으로 피부 시술 & 성형 수술 상담 신청</u>
방문하지 않아도 모바일 의료상담 서비스를 통해 시술 가격과 스타일 상담을 받을 수 있어요.
<u>전문의가 답하는 뷰티 커뮤니티</u>
수다방에서 다양한 피부 시술 & 성형 정보를 전문가에게 얻을 수 있어요. 궁금했던 내용을 성형어플 강남언니를 통해 답변 받고 해결하세요!
<u>웨딩 & 결혼 준비 고민 해결</u>
웨딩 & 결혼 준비로 뷰티 고민이 있다면 성형어플 강남언니에서 전문의와 유저 들에게 꿀팁을 얻으세요! 피부 관리 고민은 생생한 후기와 질의응답으로 해결하세요!
👍<b>성형어플, 뷰티 정보 앱 강남언니, 이런 분들께 추천</b>
▪ 성형어플 하나로 뷰티, 성형, 피부 시술, 피부과 정보를 얻고 싶은 분
▪ 찐 성형 및 피부 시술 후기를 보고 싶은 분
▪ 코성형, 눈성형, 리프팅 등 뷰티 고민을 전문가와 상담하고 싶은 분
▪ 뷰티 & 성형 커뮤니티에서 전문의 의견을 듣고 싶은 분
▪ 웨딩 & 결혼 준비 때문에 피부 시술 고민 중인 분
[필수 접근권한 안내]
- 전화 : 이벤트 전화상담신청시 전화사용
- 저장소 권한 : 후기/수다방에 사진 업로드시 사용
- ANDROID 9 이하 (Inclusive) : 필수권한
- ANDROID 9 초과 (Exclusive) : 사용하지 않음
[선택 접근권한 안내]
- 알림 : 이벤트 및 혜택, 상담, 쪽지, 공지사항 수신하기 위해 사용
- 위치 : 내 근처 가까운 병원 검색 시 사용
- 카메라 : 후기/커뮤니티에 사용될 사진 촬영
- 파일 및 미디어 : 후기/커뮤니티에 사용될 사진 업로드
(안드로이드 10 버전부터는 선택적 권한으로 변경 되었습니다.)
선택 접근권한은 동의하지 않아도 앱을 사용하실 수 있습니다.
[휴대전화설정 > 어플리케이션 > 강남언니 > 권한] 메뉴에서 동의 및 철회가 가능합니다
강남언니 앱의 접근권한은 안드로이드 6.0이상 버전에 대응하며, 이하 버전에서는 선택권한 개별 허용이 어려우니 가능하시면 업데이트 후 사용하시는 것을 권장합니다.
- 앱관련 문의사항
앱 사용 중에 궁금하신 점 또는 문제가 발생한 경우, 고객센터로 문의 부탁드립니다. (http://gangnamunni.channel.io)
* 리뷰로 문의를 주실 경우 문제에 대한 정확한 확인 및 답변이 어렵습니다.
- 개발자 연락처
강남언니(주식회사 힐링페이퍼) | 대표자: 홍승일
사업자등록번호: 117-81-81256
통신판매업신고: 제2015-서울서초-1147호
TEL: +82234438854
카카오톡채널: @gangnamsister
이메일: cs@healingpaper.com
----
개발자 연락처 :
주식회사 힐링페이퍼 대한민국 서울특별시 강남구
강남구 테헤란로 142, 15층 (역삼동,아크플레이스(구.캐피탈타워))
06236 117-81-81256 2015-서울서초-1147 직접 신고",뷰티,https://play.google.com/store/apps/details?id=com.gangnam.sister&hl=ko&gl=kr,,,,,,
android,kr,com.skinive.App,AI 피부 스캐너: 피부과 건강검진 자가진단 뷰티,"Skinive는 AI 기술을 활용해 피부의 눈에 보이는 변화를 확인하고 기록하는 스마트 피부 분석 앱입니다. Real-Time Skin Scanner로 카메라를 피부 위에 움직이거나 사진을 촬영하여 점, 피부 반점, 여드름, 발진, 홍조, 습진 등 다양한 피부 상태를 확인하고 시간에 따른 변화를 추적하세요.

Skinive는 AI skin scanner, skin analysis, skin check, skin tracker, 피부관리, 스킨케어, 피부건강 및 자외선 모니터링을 하나의 앱에서 제공합니다.

AI 피부 분석 & SKIN SCAN

Real-Time Skin Scanner를 사용하면 얼굴과 몸의 피부를 카메라로 확인할 수 있습니다. 특정 부위를 촬영하면 AI skin analyzer가 이미지의 피부 특징을 분석합니다.

Skinive로 할 수 있는 일:
• AI 피부 분석, 피부 체크 및 skin scan
• 점, 반점 및 피부 변화 확인
• 여드름, 뾰루지, 발진, 홍조 관찰
• 피부 상태와 피부 트러블 기록
• skin tracker로 이전 피부 체크 비교
• face & body 피부 모니터링

결과는 정보 및 교육 목적으로 제공되며 의학적 진단이 아닙니다.

점, MOLE CHECKER & 피부 변화

정기적인 피부 검사는 자신의 점과 피부 반점을 익히고 변화를 관찰하는 데 도움이 됩니다. Skinive를 mole checker, mole scanner, skin checker, skin screener 및 skin monitor로 활용해 사진과 피부 기록을 비교하세요.

새롭거나 의심스럽거나 변하는 점이 있다면 피부과 전문의와 상담하세요.

여드름, 습진, 아토피 & 건선

여드름, acne, 뾰루지, 블랙헤드, 발진, rash, 습진, eczema, 아토피 피부염, 건선, psoriasis, 피부염, dermatitis, 두드러기, 사마귀, 홍조, 가려움, 건성 피부, 지성 피부, 민감성 피부 등 눈에 보이는 피부 고민에 대한 정보를 확인하세요.

symptom checker와 skin tracker를 활용하여 피부 증상과 변화를 기록할 수 있습니다.

피부암 & 흑색종 AWARENESS

점이나 피부 반점의 변화는 흑색종, melanoma, 피부암, skin cancer, 기저세포암(BCC), 편평세포암(SCC) 등과 관련될 수 있습니다.

Skinive는 피부암 인식과 피부 자가검진을 지원하지만 피부암이나 흑색종을 진단, 확인 또는 배제하지 않습니다. 의심스러운 변화가 있다면 반드시 의료 전문가에게 문의하세요.

자외선, UV INDEX & SPF

Skinive로 햇빛과 자외선 노출을 더 잘 이해하세요:
• 자외선 지수, UV index 및 UV tracker
• UV forecast와 자외선 예보
• 자외선 노출 및 sun exposure
• sun tracker와 햇빛 노출
• 선크림, 썬크림, sunscreen 및 SPF
• 피부 타입에 따른 자외선 정보
• 안전한 햇빛 노출 시간
• tan, tanning 및 태닝 정보
• 햇빛과 관련된 비타민 D 추정

외출 전 Skinive를 UV app으로 활용해 자외선과 피부건강을 확인하세요.

스킨케어, 화장품 & K-BEAUTY

Skinive는 skincare, skin care, beauty, self care와 일상적인 스킨케어 루틴을 위한 피부 이해를 돕습니다. 피부 타입, 피부결, 모공, 잡티, 색소침착, 피부 수분, 유분 등 피부 상태를 더 잘 이해하고 기록하세요.

화장품과 화장품 성분, INCI, cosmetic scanner 및 ingredient checker는 스킨케어 제품 선택에 활용될 수 있습니다. Skinive는 화장품 성분 스캐너가 아니라 실제 피부 이미지를 분석하고 변화를 추적하는 데 집중합니다.

올리브영, 화해, 스킨푸드 같은 K-Beauty 및 화장품 서비스를 이용한다면 Skinive를 피부 상태를 이해하는 추가적인 skin analysis 도구로 활용할 수 있습니다. BeautyPlus, BeautyCam, 잼페이스 등 beauty app과 달리 Skinive의 핵심은 피부건강과 피부 변화 모니터링입니다.

피부과, BEAUTY & 피부 시술

피부관리나 피부 시술을 고려할 때 자신의 피부 상태를 기록해 두는 것이 도움이 될 수 있습니다. 강남언니, 바비톡, 여신티켓 같은 피부과·미용 정보 서비스를 알아보는 경우에도 Skinive의 피부 기록을 참고 자료로 활용할 수 있습니다.

Skinive는 병원 예약, 피부 시술 또는 의료 상담 서비스가 아닙니다.

피부 상태, 피부 타입 & FACE CARE

Skinive로 피부 상태 분석과 피부 타입 관리를 더 체계적으로 기록하세요. 얼굴 피부와 body의 피부를 확인하고 피부 나이, 피부 점수, 피부결, 모공, 블랙헤드, 피지, 주름, 기미, 잡티, 색소 침착, 다크서클, 피부 탄력, 피부 수분과 유분처럼 눈에 보이는 특징을 관찰할 수 있습니다. Skinive는 얼굴 진단이나 beauty camera 필터가 아니라 피부 사진 기반의 AI 피부 검사와 피부 측정, 피부 상태 추적에 집중합니다.

피부 증상 & SELF CHECK

피부 알레르기, 알레르기 피부, 붉은 피부, 피부 발진, 자극, 건조함뿐 아니라 무좀, 헤르페스 같은 피부 증상이 걱정될 때 기록을 남겨 변화를 비교하세요. Skinive는 자가 검사, 셀프 체크, 피부 테스트 및 symptom tracking을 위한 정보 도구이며 질병 진단 앱을 대신하지 않습니다.

DERMATOLOGY & 온라인 건강

Skinive는 dermatology, dermatologist, health app, medical app 또는 online doctor를 찾기 전 피부 사진과 기록을 정리하는 데 도움이 됩니다. 피부과 찾기, 피부과 예약, 병원 찾기, 병원 예약, 의사 상담이나 비대면 진료 자체를 제공하지 않습니다.

화장품 추천이나 화장품 분석이 필요하다면 제품 성분 정보를 별도로 확인하고, Skinive에서는 실제 피부 변화를 기록해 skincare routine과 함께 관리하세요. 피부 케어, face care, body care, clean beauty와 건강 관리에 관심 있는 사용자에게 피부 기록 기능을 제공합니다.

사용 방법

1. Real-Time Skin Scanner를 사용하거나 피부 사진을 촬영합니다.
2. AI skin analyzer가 이미지를 분석합니다.
3. 눈에 보이는 피부 특징에 대한 정보를 확인합니다.
4. skin check를 저장하고 변화를 추적합니다.

피부 기록 & HEALTH TRACKER

Skinive를 skin monitor, health tracker, symptom tracker 및 피부 다이어리로 활용하세요. 피부 사진과 이전 피부 검사를 저장하고 피부 변화 기록을 만들어 시간에 따른 변화를 비교할 수 있습니다.

신뢰 & 안전

Skinive는 EU에서 의료기기로 등록된 CE 마크 소프트웨어입니다. 개인정보와 데이터 보안은 Skinive의 중요한 원칙입니다.

중요한 의료 안내

Skinive는 정보 및 교육 목적으로 사용되며 의사, 피부과 전문의의 검사, 진단 또는 치료를 대신하지 않습니다. 앱의 결과만으로 의료 결정을 내리거나 필요한 진료를 미루지 마세요.

점, 발진 또는 다른 피부 변화가 걱정된다면 피부과나 의료 전문가에게 상담하세요. 한국에서는 닥터나우, 나만의닥터, 굿닥, 똑닥, 모두닥, 솔닥, 올라케어 등의 의료 및 비대면 진료 서비스를 통해 의료 정보를 찾거나 전문가 상담 및 병원 정보를 확인할 수도 있습니다.

Skinive는 이러한 서비스와 제휴하거나 관련되어 있지 않습니다.

Skinive로 AI 피부 분석, skin scan, 점 확인, 피부 변화 추적, 스킨케어 및 UV 모니터링을 시작하세요.",의료,https://play.google.com/store/apps/details?id=com.skinive.App&hl=ko&gl=kr,,,,,,
android,kr,com.theordinaryguide.app,Skincare Routine,"피부 관리와 뷰티, 메이크업 제품을 위해 당신만을 위한 개별화된 순서을 만드세요. 제품들을 어떠한 순서로 사용하는지 배우고, 각각의 사용량을 기록하세요. 이 앱에는 기존에 저장 되어 있는 DECIEM (The Ordinary, NIOD, Hylamide & Fountain)제품들이 있지만, 언제든지 당신의 최애 브랜드부터 드렁크 엘리펀트, 픽시 뷰티, 폴라초이스, 디인키 리스트를 포함한 타 브랜드의 피부 관리법까지 추가하실 수 있습니다.



*** 주요 앱 기능 ***

✓ 순서 만들기

새로운 루틴에 제품을 포함하세요. 권장되는 대로 자동으로 아침 그리고/또는 저녁 루틴에 자동으로 배치됩니다.


✓ 커스텀 제품 추가하기

루틴 섹션 오른쪽 상단 메뉴 또는 제품 섹션의 커스텀 탭에서 ""커스텀 제품 추가하기"" 타 브랜드의 제품을 선택하여 추가 할 수 있습니다.


✓ 바르는 순서를 위해 루틴을 사용하세요.

제품은 바르는 순서에 따라 사용 시기와 사용 방법에 대한 조언과 함께 나열됩니다.


✓ 중복이 되지 않도록 사용량을 기록하세요.

매일 아침과 저녁, 사용한 관리법을 추적하기 위해 목록에서 각 제품을 확인하세요. 이 방법으로 앱에서 피해야 할 제품을 표시하여 중복을 방지할 수 있습니다.


✓ 피부 진행 상태를 기록하세요

피부가 특히 좋아 보이거나 안 좋아 보일 때마다 아침 또는 저녁 루틴 옆에 있는 얼굴 아이콘을 눌러 메모를 할 수 있습니다. 또한 개인의 기록을 위해 자세한 정보를 기입하고 사진을 추가하여 진행 상황을 추적할 수 있습니다.


✓ 사진 첨부하기

다이어리에 피부 사진을 추가하고 커스텀 제품의 사진을 추가할 수도 있습니다.


✓ 리마인더 & 타이머

매일 피부관리 시간을 알려 주는 알림을 설정할 수 있습니다. 또한 특정 대기 시간이 필요한 제품에 대한 타이머를 설정할 수 있습니다. 두 가지 기능 모두 설정에서 찾을 수 있습니다.



*** 고급 앱 사용자 지정 ***

✓ 루틴 재정렬 하기

루틴 섹션의 오른쪽 상단 메뉴(세개의 점)에서 ""루틴 재정렬 하기""를 선택하여 제품을 다시 정렬하여 루틴을 사용자 지정할 수 있으며, 권장되는 순서를 변경하거나 새로 추가 할 수 있습니다. 예를 들어 데시엠은 보습제보다 오일을 권장하지만 일부 사용자는 다른 방법을 선호합니다.


✓ 중복되는 제품 사용하기

제품이 다른 제품과 중복되거나 사용 제한에 도달했을때 경고를 무시하고 사용할 수 있습니다. 그 후 특정 제품의 중복사항 알림을 끌수 있는 옵션이 제공됩니다.


✓ 제품 시간대 설정하기

원하는 경우, 제품을 특정 요일에 지정 할 수 있습니다. 예를 들어, ""AHA 30% + BHA 2% 필링 솔루션""이 화요일과 금요일에만 루틴에 나타나도록 설정할 수 있습니다.
또한 '매월 1일과 15일'과 같이 해당 월의 특정한 날짜를 선택할 수 있습니다.
또 다른 유용한 옵션은 X일마다 제품을 예약하여 2일마다 제품을 선택할 수 있도록 하는 것입니다.



*** 피부 고민을 위한 추천 ***

• 건성 피부: 탄탄하고 건강해 보이는 촉촉한 피부를 성취하세요.
• 여드름성 피부: 깨끗한 피부를 가지기 위해 염증을 줄이세요.
• 잡티 & 홍반: 염증을 줄이고 피부를 밝게 합니다.
• 민감성 피부: 부드러운 관리로 피부를 촉촉하게 유지하세요.
• 노화 & 주름: 젊은 피부를 장려하고 노화의 징후를 줄이세요.
• 색소 침착 문제: 부드럽게 각질을 제거하고 피부톤을 밝게 합니다.
• 지성 피부: 건강하고 산뜻한 외모를 위해 피부 밸런스를 맞춰보세요.


참고해 주세요, ""Skincare Routine""은 데시엠,디오디너리 또는 어떠한 브랜드와 연관이 없습니다.",뷰티,https://play.google.com/store/apps/details?id=com.theordinaryguide.app&hl=ko&gl=kr,,,,,,
android,kr,com.fc.p.gp.skincare.makeup.makeover.asmr.game,스킨케어 타임: 메이크오버 ASMR,"“스킨케어 타임: 메이크오버 ASMR”에 오신 것을 환영합니다. 마음을 편안하게 해주는 릴렉스 미니게임 시리즈입니다.

짧은 휴식을 취하거나 단순히 뭔가로 긴장을 풀고 싶을 때, 이 게임이 필요한 것일 수 있습니다. 이 미니게임 모음은 지루할 틈 없는 끝없는 힐링 경험을 선사합니다.

특징:
- 스트레스 해소 미니게임: ASMR 스킨케어, 메이크업, 메이크오버, 정리, 장식, 귀여운 애완동물 돌보기 등 다양한 게임 플레이 🎮🐾
- 만족스러운 ASMR: 게임에는 만족감을 주기 위해 신중하게 제작된 많은 ASMR이 포함되어 있습니다 🎵
- 쉬운 플레이: 편안한 게임 경험을 위한 간단한 컨트롤 🍀
- 시각적으로 매력적: 부드러운 분위기의 아름답고 창의적인 게임 그래픽 😻
- 지속적인 업데이트: 저희는 소중한 플레이어 여러분의 휴식을 위해 새로운 미니게임을 자주 업데이트합니다 ☕

이제 “스킨케어 타임: 메이크오버 ASMR”에서 완벽한 평온함에 몰입해보세요.

하루에 하나씩 미니게임으로 스트레스를 날려버리세요!",시뮬레이션,https://play.google.com/store/apps/details?id=com.fc.p.gp.skincare.makeup.makeover.asmr.game&hl=ko&gl=kr,,,,,,
android,kr,com.gs.asmr.skincare.relaxing.spa.games,ASMR Skincare Perfect Makeup,"궁극의 스킨케어 ASMR 릴랙싱 스파 게임으로 휴식, 창의성, 그리고 자기 관리의 세계로 들어가 보세요. 이 게임은 메이크오버 게임, 차분한 게임, 그리고 만족스러운 게임이 하나로 결합된 특별한 경험을 선사합니다. 단순한 메이크업 게임을 넘어, 깨끗한 피부를 위한 여정, 스트레스 해소, 그리고 완벽한 만족감을 선사합니다. 메이크업 게임, 깔끔하고 완벽한 스킨케어 게임, 그리고 마음을 진정시키는 활동을 좋아하는 분들에게 최고의 만족감을 선사하는 이 게임은, ASMR 게임 특유의 따끔거리는 감각을 느끼며 크림을 바르는 순간부터 자신만의 스킨케어 루틴을 탐색하고, 모든 순간이 고급스럽고 편안하게 느껴지도록 해줍니다.
깔끔하고 편안한 순간을 좋아하고, 마음을 진정시키고 스트레스를 해소해주는 메이크업 게임과 만족스러운 게임을 즐기는 분이라면, 이 게임이 바로 당신을 위한 공간입니다. 클렌징부터 완벽한 크림 도포, 여드름 진정 및 관리까지, 이 ASMR 게임과 스트레스 해소를 위해 디자인된 만족스러운 게임을 통해 스킨케어의 모든 과정을 경험해 보세요. 고집 센 잡티를 제거하거나, 여드름을 짜거나, 피부 톤에 딱 맞는 제품을 고르는 모든 과정은 ASMR 게임, 메이크업 게임, 만족 게임에서 여러분이 좋아하는 편안하고 따끔거리는 감각을 선사하도록 설계되었습니다. 특히 작은 여드름을 집중적으로 관리할 때, 더욱 만족스러운 스킨케어 경험과 스트레스 해소를 느낄 수 있습니다.
이 메이크업 게임은 스킨케어를 통해 차분한 게임을 즐기고 스트레스를 해소할 수 있는 무한한 기회를 제공합니다. 부드러운 파운데이션, 생기 넘치는 블러셔, 다양한 립 컬러를 바르면서 스킨케어 루틴을 따라가 보세요. 나만의 스킨케어 루틴을 탐색하여 결점 없이 깨끗한 피부를 완성하고, 스트레스 해소에 도움이 되는 만족스러운 게임을 즐겨보세요. 완벽한 크림을 바르는 단계까지 디지털 모델의 피부가 변화하는 모습을 지켜보며 진정한 성취감과 편안함을 느끼고, 스트레스를 부드럽게 해소할 수 있습니다.
재미있는 반전으로, 이 깔끔한 게임에는 수박 테마의 아이템과 재료들이 추가되어 스킨케어와 메이크오버 게임을 더욱 즐겁게 만들어주고, 스트레스 해소에 도움을 줍니다. 크림과 마스크를 도자기 게임처럼 섞어 짜릿한 경험을 해보세요. 여드름을 진정시키고 매끄럽게 가꾸는 동시에, 완벽한 크림 조합을 만들어 피부 관리를 통해 스트레스를 해소하고 만족스러운 즐거움을 만끽할 수 있습니다.
이 스트레스 해소 게임은 반복적인 만족스러운 동작으로 구성되어 있어, 여러분이 좋아하는 ASMR 특유의 따끔거리는 감각을 자극하며 메이크오버 게임의 창의성을 더욱 풍부하게 즐길 수 있도록 설계되었습니다. 각질 제거부터 보습까지, 이 스킨케어 게임의 모든 단계는 완벽하고 깨끗한 피부 관리의 기쁨과 최상의 결과를 경험할 수 있는 기회입니다. 여드름을 제거하고, 완벽한 크림을 섞고, 클린 뷰티 제품들을 정리하며 만족스러운 메이크업 게임을 즐기는 동안, 끝없는 편안함과 만족감을 선사합니다.
맑고 깨끗한 피부를 위한 휴식과 자기 관리. 이 스킨케어 ASMR 게임은 단순한 메이크업 게임이 아닙니다. 최고의 스트레스 해소와 행복을 선사하는 경험입니다. 만족스러운 게임, 차분한 게임, 그리고 따끔거리는 ASMR 게임을 좋아하는 분들은 몇 시간이고 완벽한 메이크업을 완성하며 재미있는 메이크오버 게임을 즐기고, 스킨케어의 치유적인 측면을 경험하는 것을 좋아할 것입니다. 부드러운 사운드와 함께 디지털 모델을 활용하여 빛나는 깨끗한 피부를 가꾸는 만족스러운 스킨케어의 세계를 경험해 보세요.

이 게임은 만족스러운 메이크업 게임과 스킨케어 루틴을 좋아하는 분들을 위해 만들어졌습니다.

이 게임은 만족스러운 메이크업 게임과 스킨케어 루틴 경험을 선사합니다. 상쾌하고 차분한 기분을 느껴보세요. 여드름을 진정시키는 ASMR 게임이나 완벽한 메이크업을 완성하는 즐거움을 만끽하며, 스킨케어 루틴의 모든 단계를 통해 진정한 만족감을 경험해 보세요.",캐주얼,https://play.google.com/store/apps/details?id=com.gs.asmr.skincare.relaxing.spa.games&hl=ko&gl=kr,,,,,,
android,kr,com.bgn.acnify,Belskin: 여드름 피부 관리,"맑은 피부를 위한 당신의 개인 가이드 — Belskin

Belskin은 단순한 스킨케어가 아닙니다 — 더 깨끗한 피부를 위한 완전한 12주 가이드 여정입니다. 벨기에 여드름 전문 스페셜리스트이자 화장품 포뮬레이터인 Sofie가 개발한 Belskin 앱은 AI 기반 피부 분석과 과학적으로 입증된 제품, 그리고 개인 맞춤 가이드를 결합합니다.

즉각적인 임시방편도 없고, 구독도 없습니다. 오직 진짜 장기적인 결과만 제공합니다.

🧬 12주 트리트먼트 여정

✓ 0주차: AI 피부 분석 + 개인 맞춤 Belskin 루틴 제공
✓ 2주차: 간단한 피부 체크인
✓ 4주차 & 8주차: 새 사진 + AI 비교, 루틴 자동 조정
✓ 12주차: 최종 리포트 — 전체 변화를 확인하세요

모든 단계는 AI가 안내합니다. 필요할 때는 Sofie의 개인 지원도 받을 수 있습니다.

🔬 고급 AI 피부 분석

✓ 여드름 심각도 평가(경증, 중등도, 중증)
✓ 피부 건강 점수 0–100
✓ 부위별 분석: 이마, 볼, 코 & 턱
✓ 병변 유형 감지 및 개수 측정
✓ 피부 타입 및 민감도 평가
✓ 유발 요인 식별
✓ 개인 맞춤 트리트먼트 추천

사진을 찍으면 몇 초 만에 피부 상태를 종합적으로 확인할 수 있습니다.

🌿 맞춤형 Belskin 루틴

✓ 피부에 맞춘 아침 & 저녁 루틴
✓ 과학적으로 입증된, 건조하지 않은 벨기에 포뮬러 — 벨기에 제조
✓ 명확한 안내와 함께하는 단계별 제품 가이드
✓ 12주 동안 피부 개선에 따라 루틴 자동 조정

추측은 잊으세요. 여드름 전문 스페셜리스트가 당신의 피부를 위해 설계한 루틴을 따라가세요.

🛍️ 스마트 제품 추천

✓ AI가 당신의 피부에 맞는 정확한 Belskin 제품 추천
✓ 미리 채워진 장바구니로 앱에서 바로 구매
✓ 항상 현재 트리트먼트 계획과 일치

📊 변화 추적

✓ 전후 사진 비교
✓ 피부 건강 점수 차트: 30일, 60일, 90일
✓ 얼굴 부위별 진행 상황 추적
✓ 여정 전반의 중요한 순간 기록

🤖 24/7 AI 피부 어시스턴트

✓ 언제든 모든 스킨케어 질문에 답변
✓ Belskin의 접근 방식과 Sofie의 전문성을 기반으로 학습
✓ 항상 당신의 트리트먼트 계획에 맞춘 답변
✓ 결코 일반적이지 않음 — 당신의 피부에 특화

👩‍⚕️ Sofie의 개인 지원

중요한 체크포인트에서 피부에 추가 관리가 필요할 경우, Belskin의 창립자이자 공인 여드름 전문 스페셜리스트가 직접 연락드립니다. 가장 중요한 순간에 제공되는 전문가의 도움을 경험하세요.

💎 왜 Belskin인가요?

✓ 공인 벨기에 여드름 전문 스페셜리스트가 개발
✓ 과학적으로 입증된, 건조하지 않은 포뮬러
✓ 단순한 앱이 아닌 체계적인 12주 프로그램
✓ 무료 사용 — 구독 없음, 숨겨진 비용 없음
✓ 34개 이상의 언어 지원
✓ 무엇이든 다 해본 사람들을 위해 설계

⚠️ 법적 고지

Belskin 앱은 의료 조언을 제공하지 않습니다. 피부 분석 기능은 진단 도구가 아니며 전문적인 의료 조언을 대체할 수 없습니다. 심각하거나 비정상적인 피부 반응이 있을 경우 의사 또는 피부과 전문의와 상담하세요.

지금 Belskin을 다운로드하세요

무료로, 가이드와 함께, 당신의 피부에 맞춰 설계되었습니다. 오늘 12주 맑은 피부 여정을 시작하세요.",건강/운동,https://play.google.com/store/apps/details?id=com.bgn.acnify&hl=ko&gl=kr,,,,,,
android,kr,com.feelinmyskin.app,Skincare Routine: FeelinMySkin,"FeelinMySkin: 독특한 기술과 과학적 연구를 바탕으로 한 최고의 스킨케어 루틴 플래너 및 제품 성분 분석기입니다.

루틴:
* 일관성 유지: 아침 및 저녁 스킨케어 루틴 일정을 계획하세요.
* 미리 알림을 설정하고 체크박스를 사용하여 진행 상황을 추적하세요.
* 여드름, 장미증 및 기타 피부 문제에 대해서는 개인별 스킨케어 루틴을 따르십시오.
* 헤어케어, 피트니스, 집안일, 취미와 같은 추가 루틴을 구성합니다.

커뮤니티 포럼:
* 매일 스킨케어에 대한 통찰력과 전문가 팁을 확인하세요.
* 귀하의 피부와 루틴에 대해 질문하고 자세히 알아보세요.

피부 일기 및 일지:
* 전후 사진과 일일 일기를 통해 피부의 진행 상황을 추적하세요.
* 스킨케어 루틴과 함께 피부 변화, 수면 패턴, 기분, 운동을 기록하여 효과를 확인하세요.

성분 검사기:
* INCI 성분 분석기를 사용하여 여드름, 장미증, 노화, 민감성과 같은 문제에 대한 스킨케어 제품을 평가하세요.
* 특정 성분이 피부에 어떤 영향을 미치는지 알아보세요.
* 좋아하는 성분을 표시하거나 알레르기가 있는 성분을 추적하세요.

제품 찾기:
* 귀하의 피부 고민에 맞는 150,000개 이상의 스킨케어 제품 데이터베이스를 검색하세요.
* 제품 리뷰를 읽고 현명한 스킨케어 구매를 통해 시간과 비용을 절약하세요.

제품 추적기:
* 스킨케어 제품을 목록으로 정리하고 추적하세요.
* 제품 사용량, 만료 날짜 및 가격을 추적합니다.

지금 FeelinMySkin을 다운로드하고 피부 건강 개선의 첫 걸음을 내딛어 보세요. 개인화된 스킨케어 루틴으로 눈에 띄는 결과를 얻으세요.

우리는 항상 귀하의 피드백을 고려하여 지속적인 업데이트와 새로운 기능으로 귀하의 경험을 향상시키기 위해 최선을 다하고 있습니다. FeelinMySkin과 함께 스킨케어 여행을 즐겨보세요! :)",뷰티,https://play.google.com/store/apps/details?id=com.feelinmyskin.app&hl=ko&gl=kr,,,,,,
android,kr,korean.skin.care.face.routine,한국 스킨케어 10단계 루틴,"한국 스킨케어의 체계적인 10단계 루틴으로 건강하고 빛나는 피부를 만드세요. 클렌징 오일부터 수분 크림까지, 각 단계별 역할과 순서를 명확하게 안내하여 집에서도 체계적인 얼굴 관리가 가능합니다. 지성, 건성, 복합성 등 모든 피부 타입에 맞춘 개인화된 케어 솔루션을 제공합니다.

<b>피부 타입별 맞춤 케어 루틴</b>
당신의 피부 타입에 맞는 한국식 관리법을 찾아보세요. 유분 조절이 필요한 지성 타입부터 집중 보습이 필요한 건성 타입까지, 개인화된 스킨케어 솔루션을 단계별로 안내합니다.

<b>10단계 완벽 가이드</b>
클렌저, 토너, 에센스, 세럼, 아이크림, 보습제 등 각 제품을 언제 어떻게 사용해야 하는지 배울 수 있습니다. 바쁜 아침에는 간단한 5단계로, 저녁에는 완벽한 10단계로 하루를 관리하세요.

<b>천연 홈케어 레시피</b>
집에서 쉽게 만들 수 있는 천연 팩과 셀프케어 레시피를 제공합니다. 여드름 관리, 미백, 주름 개선 등 고민별 천연 솔루션으로 건강한 뷰티 습관을 만드세요.

<b>남녀 모두를 위한 관리법</b>
여성뿐만 아니라 남성 전용 섹션도 마련되어 있습니다. 초보자도 쉽게 따라할 수 있는 간단한 팁부터 고급 테크닉까지 모두 담았습니다.

<b>얼굴 마사지 & 페이스 운동</b>
혈액 순환을 촉진하고 탄력을 높이는 얼굴 운동과 마사지 기법을 영상과 함께 배워보세요. 매일 5분 투자로 리프팅 효과를 경험할 수 있습니다.

트러블 고민을 위한 특별 솔루션과 칙칙한 안색을 환하게 만드는 뷰티 팁도 가득합니다. 자연스럽게 빛나는 피부로 변화하는 한국 스킨케어 루틴, 지금 바로 시작하세요!

한국 스킨케어 앱으로 빛나는 젊은 피부의 세계에 오신 것을 환영합니다. 세계적으로 유명한 한국 뷰티 팁을 받아들이고 얼굴 관리 루틴을 고급스러운 셀프 케어 의식으로 바꿔보세요.

한국 스킨케어 앱은 피부 유형에 맞는 개인화된 한국 스킨 케어 루틴을 만드는 단계별 가이드를 제공합니다. 지성 피부, 건성 피부 또는 복합성 피부를 관리하는 팁을 찾고 있든, 이 앱은 빛나는 피부를 유지하기 위한 따르기 쉬운 일상 스킨 케어 루틴을 제공합니다. 이 앱은 클렌저와 토너에서 보습제와 세럼에 이르기까지 각 제품의 역할에 대한 자세한 정보가 포함된 한국 페이스 케어 루틴을 제공합니다.

일상적인 페이스 케어 루틴을 개선하고자 하는 사용자를 위해 신중하게 선별된 쉬운 한국 뷰티 팁에 액세스하세요. 시간이 검증된 한국 뷰티 비법과 스킨 케어를 위한 가정 요법으로 자연스럽게 피부를 빛나게 하는 방법을 알아보세요. 소녀를 위한 빠른 뷰티 팁을 찾든 피부 건강을 유지하기 위한 효과적인 셀프 케어 팁을 찾든, 이 앱은 모든 사용자를 위해 설계되었습니다. 뷰티 팁에 대한 독점적인 가정 요법도 즐길 수 있습니다.

여드름이나 칙칙함과 같은 흔한 문제로 어려움을 겪고 계신가요? 한국 얼굴 관리 앱은 한국식 피부 관리 홈 레메디를 사용하여 이러한 문제를 관리하는 방법에 대한 친절한 제안을 제공합니다. 피부 유형에 상관없이, 우리의 한국식 피부 관리 루틴 앱은 여러분을 위한 솔루션을 제공합니다. 이 앱은 남성을 위한 피부 관리에 전념하는 섹션을 제공하여 모든 사람이 맞춤형 얼굴 관리 루틴 팁의 혜택을 누릴 수 있도록 합니다. 또한 한국식 피부 관리 앱은 혈액 순환을 개선하고 피부를 탄력 있고 젊게 유지하기 위한 얼굴 운동과 마사지를 소개합니다.

한국식 피부 관리 앱을 사용하면 전문가 수준의 뷰티 튜토리얼과 개인화된 한국식 피부 관리 팁에 액세스할 수 있을 뿐만 아니라 피부 관리를 위한 간단한 홈 레메디를 사용하는 방법도 배울 수 있습니다. 남성을 위한 피부 관리에서 여성을 위한 뷰티 팁까지, 이 앱은 피부의 건강과 외모를 개선하고자 하는 모든 사람을 대상으로 합니다. 오늘 홈 레메디, 셀프 케어 팁, 전담 한국식 피부 관리 루틴의 힘을 발견하고 그 어느 때보다 자연스럽게 피부를 빛나게 하는 비결을 밝혀보세요!

오늘 우리의 한국식 피부 관리 앱을 다운로드하고 인생에서 가장 쉬운 피부 관리 루틴으로의 여정을 시작하세요!",뷰티,https://play.google.com/store/apps/details?id=korean.skin.care.face.routine&hl=ko&gl=kr,,,,,,
android,kr,com.skannextup.skan,Skan - AI Skincare and Beauty,"얼굴 스캔, 인공 지능, 전문가의 통찰력을 활용하여 피부 관리 방식을 혁신하는 올인원 스킨케어 도구 상자인 SKAN으로 피부를 변화시키세요. 추측은 이제 그만, 당신에게 꼭 맞는 맞춤형 스킨케어 솔루션을 만나보세요.

주요 특징:


안면 스캔 및 분석 최첨단 안면 스캔 기술로 스킨케어의 미래를 경험해 보세요. 간단히 셀카를 찍으면 SKAN이 피부에 대한 종합적인 분석을 수행하여 여드름, 수분 공급, 주름, 눈 밑 등의 문제를 식별합니다. 피부의 고유한 요구 사항을 이해하고 시간 경과에 따른 진행 상황을 추적하세요.


개인화된 추천 AI의 힘을 활용하여 피부 타입, 고민, 목표에 맞는 제품 추천을 받으세요. 클렌저, 세럼, 보습제, 자외선 차단제를 찾고 계시다면 SKAN이 도와드리겠습니다. 우리의 데이터베이스에는 신뢰할 수 있는 브랜드의 최고 등급 스킨케어 제품이 다양하게 포함되어 있습니다.


진행 상황 추적 진행 상황 추적 기능으로 시간에 따른 피부의 여정을 추적하세요. 정기적인 스캔을 통해 개선 사항을 문서화하고 맞춤형 스킨케어 루틴이 어떻게 변화를 가져오는지 확인하세요. 승리를 축하하고 필요에 따라 일상을 조정하세요.


개인정보 보호 및 보안 당사는 귀하의 개인정보 보호 및 데이터 보안을 최우선으로 생각합니다. Skan은 귀하의 개인정보를 최대한 주의하여 처리합니다.
Skan으로 빛나고 건강한 피부의 비밀을 풀어낸 전 세계 사용자들과 함께 하세요. 더욱 당당하고 빛나는 당신을 만나보세요.


정확한 분석: 우리의 얼굴 스캔은 표면을 넘어 피부 상태에 대한 심층 분석을 제공합니다. 당신이 인식하지도 못한 문제를 발견하고 목표에 맞는 조치를 취하세요.


AI 전문성: 당사의 AI 알고리즘은 지속적으로 학습하고 개선되어 귀하의 제품 추천이 항상 최신 상태이고 최신 연구와 일치하도록 보장합니다.
 
지금까지 경험하지 못한 스킨케어를 경험해 보세요. Skincare Pro로 기술과 전문성의 힘을 받아들이세요. 더 건강하고 빛나는 피부를 향한 여정이 여기에서 시작됩니다. 


피드백 및 지원:


우리는 귀하의 피드백을 소중히 여기며 최고의 스킨케어 경험을 제공하기 위해 최선을 다하고 있습니다. 질문, 제안 또는 문제가 있는 경우 support@skinai.co로 지원팀에 문의하세요.


스킨케어 동반자로 Skan을 선택해 주셔서 감사합니다. 여러분의 피부 변화가 너무 기대됩니다!",뷰티,https://play.google.com/store/apps/details?id=com.skannextup.skan&hl=ko&gl=kr,,,,,,
android,kr,com.wachanga.faceyoga,코코페이스요가 - 페이스 요가 & 피부관리,"피부관리 여정을 시작하세요. 이 앱은 모든 사람에게 맞춘 페이스 요가 루틴을 제공하여 자연스럽고 젊어 보이는 얼굴을 만들어줍니다. 간단하고 효과적인 얼굴 마사지와 얼굴운동을 통해 매일 몇 분씩 투자하면, 일주일 안에 눈에 띄는 변화를 경험할 수 있습니다! 페이스 요가를 통해 얼굴 라인을 개선하고, 피부를 탄력 있게 만들어 줄 것입니다.

이 페이스 요가와 스킨케어 루틴 앱은 얼굴 외모를 개선하고 싶은 모든 사람에게 적합합니다. 얼굴 운동과 페이스 요가 루틴을 통해 얼굴을 조이고, 다이어트 후 얼굴의 라인을 정리하며, 자연스러운 아름다움을 돋보이게 할 수 있습니다. 페이스 요가와 스킨케어를 결합하여 효과적인 피부 관리를 시작해 보세요.

주요 혜택:

- 하루 5분: 페이스운동은 여성과 남성 모두에게 유용하며, 얼굴 근육을 강화하고 피부 탄력을 개선합니다. 특히 얼굴 운동은 노화 방지에 효과적입니다.
- 1주일만에 결과: 꾸준히 실천하여 빠르게 눈에 띄는 개선을 경험할 수 있습니다. 페이스 요가 운동과 스킨케어 루틴으로 피부에 광채를 부여하세요.
- 페이스 요가 무료: 무료얼굴요가로 얼굴 운동을 통해 얼굴의 근육을 강화하고 피부 상태를 개선하세요.

앱 기능:

- 주간 프로그램: 페이스 요가를 통해 지방을 줄이고, 빛나는 피부를 얻을 수 있는 구조화된 계획을 제공합니다. 매일 페이스요가 & 페이셜스킨케어 루틴으로 더 건강한 피부를 만들어보세요.
- 비디오 튜토리얼: 각 페이스 요가 운동에 대한 단계별 지침이 포함되어 있어, 노화 방지와 피부 탄력을 위한 페이스 요가와 얼굴 운동을 쉽게 따라 할 수 있습니다. 얼굴 마사지로 스트레스를 풀어 피부 긴장을 완화하세요.
페이스 요가 코스: 여성용 페이스 요가를 포함한 다양한 페이스 요가 얼굴운동은 다음과 같은 공통된 목표를 해결합니다:

- 슬림얼굴이중턱운동: 목과 턱을 당겨 슬림한 인상을 제공합니다. 얼굴의 밸런스를 맞추고 더욱 매력적인 얼굴을 만들어줍니다.
- 노화 방지: 주름과 미세한 선을 줄여 생기 넘치는 광채나는피부를 제공합니다. 표정 근육을 강화하여 주름을 예방할 수 있습니다.
- 피부 탄력: 얼굴의 탄력과 피부관리를 향상시켜, 더욱 건강하고 빛나는 피부를 만듭니다. 이와 함께 페이스 요가 운동으로 피부를 자연스럽게 개선하세요.
- 얼굴 마사지: 피부관리의 일환으로, 얼굴 마사지를 통해 얼굴의 근육을 이완시키고, 피부의 긴장을 풀어줍니다. 페이스 요가와 스킨케어 루틴을 병행해 더 건강한 피부를 만들어 보세요.

페이스 요가의 원리:

- 혈액순환 개선: 더 많은 산소와 영양소가 피부로 공급되어 빛나는 피부를 얻을 수 있습니다.
- 근육의 긴장 완화: 얼굴의 스트레스를 줄이고, 페이스 요가를 통해 리프팅 효과를 얻을 수 있습니다. 얼굴 운동은 특히 얼굴의 탄력을 강화하는 데 효과적입니다.
- 콜라겐 생성 지원: 페이스 요가 운동은 콜라겐 생성과 피부 세포 재생을 촉진하여, 자연스러운 광채를 끌어냅니다.

이 앱을 피부관리 루틴의 일부로 사용해 보세요. 페이스 요가와 얼굴 마사지를 통해, 페이스 요가와 스킨케어 루틴을 결합하여 더욱 젊고 탄력 있는 얼굴을 만들 수 있습니다. 페이스 요가와 얼굴운동을 통해 페이스 피트니스 효과를 경험하세요. 매일 몇 분씩 투자하면, 21일 페이스 요가챌린지와 같은 목표를 달성할 수 있습니다.",건강/운동,https://play.google.com/store/apps/details?id=com.wachanga.faceyoga&hl=ko&gl=kr,,,,,,
android,kr,com.moviray.glowscan,GlowScan: AI 피부 분석 스캐너,"GlowScan은 막연한 추측을 멈추고 자신의 피부를 제대로 이해할 수 있도록 돕습니다. 빠른 얼굴 분석, 스마트한 진단 통찰력, 그리고 매일 실천할 수 있는 간단한 스킨케어 루틴을 제공하는 AI 피부 스캐너입니다. 지금 바로 얼굴이나 바디 피부를 스캔하고 당신만의 광채를 기록해 보세요!

✨ AI 피부 스캔 및 실전 루틴 관리 GlowScan은 AI 피부 분석과 실용적인 루틴 트래커를 결합했습니다. 단 몇 초 만에 AI 스캐너가 피부 신호를 파악하고, 이를 매일 지킬 수 있는 명확한 계획으로 바꿔줍니다. 피부 톤 분석, 예상 피부 나이, 쉬운 케어 점수와 같은 유용한 정보도 확인할 수 있습니다.

✅ 사용 방법

✔️ 빠른 얼굴 분석 또는 바디 피부 스캔 실행

✔️ 피부 분석 결과 및 요약 보고서 검토

✔️ 스킨케어 로그를 따라하며 상태 개선에 맞춰 루틴 조정

🔎 분석 및 기록 가능 항목

✅ 빠른 결과와 분석을 위한 얼굴 스캔

✅ 손, 팔, 다리 등 전신 관리를 위한 바디 스캔

✅ 헤어 케어 루틴 지원 및 모발 중심 스캔 통찰력

✅ 입술 상태 체크 및 일상적인 편안함을 위한 간단한 입술 관리

📸 눈으로 확인하는 변화 포토 분석 트래커와 메모 기능을 통해 어떤 관리가 효과적인지 직접 확인하세요. 시간이 지남에 따라 패턴을 발견하고 피부 개선을 지속하는 것이 더 쉬워집니다. 연속 기록(Streak) 트래커와 아침/저녁 체크리스트로 꾸준함을 유지하세요.

🧴 내 피부 타입에 맞는 맞춤형 루틴 GlowScan은 지성, 건성 또는 복합성 피부 타입에 맞는 루틴 계획을 도와줍니다. 트러블에 민감한 피부를 위한 관리가 필요하신가요? GlowScan을 피부 관리 보조 도구로 활용하여 전용 루틴을 만들고 변화를 기록해 보세요. GlowScan은 의학적 진단을 내리지 않고도 피부 상태와 패턴을 기록할 수 있게 도와주며, 더 나은 습관을 통해 깨끗한 피부를 가꿀 수 있도록 지원합니다.

🩺 전문가의 지혜를 담은 가이드 (의료 기기 아님) GlowScan은 피부 관리 원칙에서 영감을 받은 가이드와 팁을 제공합니다. 이 앱은 진단 도구가 아니며, AI 분석과 보고서를 통해 더 스마트한 셀프 케어 결정을 내릴 수 있도록 돕는 보조 도구입니다. 진단이 아닌 개인적인 기록을 위한 모니터링 시스템으로 활용해 보세요.

⏰ 꾸준함을 돕는 알림 기능 부드러운 스킨케어 알림과 체크리스트로 관리 리듬을 유지하세요. GlowScan을 셀프 케어 습관을 위한 데일리 플래너처럼 사용하여 소중한 루틴을 잊지 않도록 도와줍니다.

🌙 평온한 분위기, 부담 제로 마치 '스킨케어 ASMR'처럼 차분하고 안정적인 루틴을 경험해 보세요. GlowScan은 복잡한 고민 없이 관리에만 집중할 수 있도록 사용자 경험을 단순하게 유지합니다.

💡 GlowScan을 선택하는 이유

✔️ 이해하기 쉽고 빠른 AI 피부 스캔 결과

✔️ 얼굴 분석 및 바디 피부 기록 기능

✔️ 피부 톤, 타입 및 트렌드 분석 보고서

✔️ 변화 사진 기록 및 연속 기록(Streak) 기능

✔️ 헤어 및 립 케어까지 한곳에서 관리

➡️ 지금 앱을 다운로드하고 GlowScan 여정을 시작하세요. AI 분석을 실행하고, 사진으로 변화를 기록하며 피부 타입을 체크해 보세요. 꾸준한 관리로 더 빠른 변화를 확인하세요!

아이디어나 질문이 있으시면 contact@moviray.com으로 이메일을 보내주세요. 

개인정보 처리방침: https://sites.google.com/moviray.com/glowscan/privacy-policy 
이용약관: https://sites.google.com/moviray.com/glowscan/terms-of-service",건강/운동,https://play.google.com/store/apps/details?id=com.moviray.glowscan&hl=ko&gl=kr,,,,,,
android,kr,face.yoga.exercise.massage.skincare,"Face Yoga Exercises, Skin Care","궁극의 페이스 요가 운동을 연습하여 얼굴 톤을 조절하고 젊고 빛나는 피부를 얻으세요!

페이스 요가는 가장 자연스러운 스킨케어 방법입니다. 피부에 신선한 혈액과 산소를 ​​공급하여 순환을 크게 촉진하고 콜라겐과 엘라스틴 생성을 연장하여 편안하고 편안한 방식으로 미용 시술과 동일한 결과를 얻을 수 있도록 도와줍니다.

안면 운동은 집, 사무실 또는 이동 중에 손으로만 할 수 있으므로 빡빡한 일정에 완벽하게 맞습니다. 모든 연령대의 남성과 여성이 혜택을 볼 수 있습니다.

단계별 가이드를 통해 자연스러운 피부 탄력을 회복하고 노화와 처짐을 나타내는 주름을 줄이는 얼굴 마사지 기술과 오래 지속되는 결과로 자연스럽게 리프팅되고 톤업된 모습을 얻기 위한 얼굴 요가 운동을 마스터하게 됩니다.

전문가가 선별한 다양한 페이셜 요가 코스를 제공합니다. 뺨을 조이거나, 붓기를 줄이거나, 주름과 잔주름을 부드럽게 하기를 원하든 개인의 피부 상태와 필요에 맞는 것을 찾을 수 있습니다.

얻을 수 있는 결과
✔ 날씬한 얼굴
✔ 이중턱 없애기
✔ 이마, 눈가, 볼, 목 등의 주름을 펴줍니다.
✔ 미간주름, 이마주름, 눈가주름, 팔자주름, 꼭두각시주름 등 감소
✔ 아이백과 다크서클 제거
✔ 처진 볼 리프팅
✔ 붓기 감소
✔ 안면 근육 이완
✔ 피부톤 개선
✔ 코 모양 변경
✔ 노화 속도를 늦추다
✔ 주름과 처짐으로부터 피부를 보호
✔ 피부를 깨우다

앱 내용
✔ 효과적인 얼굴 마사지 기술 및 얼굴 운동
✔ 당신의 피부 문제를 위한 최고의 안면 운동 코스
✔ 입증된 얼굴 운동으로 얼굴 전체를 커버
✔ 자세한 소개 및 시연
✔ 실용적인 스킨케어 루틴
✔ 동작별 단계별 안내
✔ 사용자 친화적인 인터페이스",건강/운동,https://play.google.com/store/apps/details?id=face.yoga.exercise.massage.skincare&hl=ko&gl=kr,,,,,,
android,kr,com.ag.satisfying.skincare.asmr.game,만족스러운 스킨케어 ASMR 게임,"만족스러운 스킨케어 ASMR 게임으로 마음을 편안하게 하세요 🧘‍♀️

편안함과 평화, 그리고 약간의 셀프 케어를 가져다주는 ASMR에서 영감을 받은 인기 미니 게임 🎮을 즐겨보세요 ✨.

스트레스를 해소해야 한다면, 이 만족스러운 스킨케어 ASMR 게임에는 모든 것이 있습니다. 차분하고, 즐겁고, 참여적인 상태를 유지해 줄 끝없는 편안한 미니 게임 🧩이 있습니다.",시뮬레이션,https://play.google.com/store/apps/details?id=com.ag.satisfying.skincare.asmr.game&hl=ko&gl=kr,,,,,,
android,kr,com.getskinbliss.skinbliss,Skin Bliss: Skincare Routines,"당신의 피부. 마침내 이해합니다.

Skin Bliss는 과학에 기반하여 실질적인 효과를 위해 만들어진 세계에서 가장 스마트한 스킨케어 앱입니다.

AI 얼굴 스캔부터 루틴 계획, 성분 확인, 일일 관리까지, Skin Bliss는 완벽한 스킨케어 운영 시스템입니다.

처음 사용하시는 분이든, 이미 모든 것을 시도해 보신 분이든, Skin Bliss는 피부에 진정으로 필요한 것이 무엇인지 파악하고, 적절한 루틴을 구성하고, 시간 경과에 따른 눈에 띄는 변화를 추적할 수 있도록 도와줍니다.

🔍 AI 기반. 과학 기반. 스킨케어 마니아들의 사랑을 받는 앱.
• 진정한 피부 프로필을 찾으세요.
• 목표, 라이프스타일, 고민에 맞는 루틴을 구성하세요.
• 제품 충돌, 과다 사용, 또는 단계 누락을 방지하세요.
• 사진, 기분 기록, AI 분석기를 통해 눈에 띄는 변화를 추적하세요.

🧠 SKIN BLISS로 할 수 있는 것

🤳 얼굴 스캐너 - 단 몇 초 만에 당신의 피부 프로필을 확인하세요. 얼굴을 스캔하고, 눈에 띄는 고민을 감지하고, 피부 유형, 고민, 루틴 목표 등 개인 맞춤형 프로필을 구축하세요.

🧴 루틴 빌더 및 템플릿
처음부터 루틴을 만들거나 전문가 템플릿으로 시작하세요. 성분 기반 로직을 사용하여 매일 또는 순환 방식으로 제품 일정을 관리하세요.

📈 루틴 평가기 + 타임라인
루틴이 목표 달성에 도움이 되는지 확인하고, 부족한 부분을 파악하며, 언제 효과를 볼 수 있는지 알아보세요.

🪞 루틴 플레이어
거울 보기, 타이머, 사용 팁을 통해 각 단계를 실시간으로 확인하세요.

📓 스킨 다이어리
피부 상태를 추적하고, 증상을 기록하고, 유발 요인을 파악하고, 매일의 패턴을 파악하세요.

📸 AI 사진 비교
매일 사진을 업로드하면 AI가 시간 경과에 따른 미묘한 변화를 강조해 줍니다.

⚖️ 제품 비교
성분, 성능, 가격, 피부 적합성별로 모든 제품을 비교하세요.

🧪 성분 호환성 검사기
루틴에서 충돌, 중복 또는 자극 위험을 찾아보세요.

🧃 매대 분석
매대 사진을 찍어 모든 제품을 한꺼번에 또는 개별적으로 즉시 분석해 보세요.

☀️ 날씨 기반 스킨케어 팁
오늘의 날씨, 자외선, 습도를 기반으로 맞춤형 제품 조언을 받아보세요.

🛍️ 스마트 제품 검색 및 분석기
바코드를 스캔하거나, 성분 목록을 붙여넣거나, 10만 개 이상의 제품을 검색하여 내 피부와 목표에 맞는지 확인하세요.

🗂️ 제품 정리함
매대, 위시리스트, 유통기한 추적기를 한 곳에서 관리하세요.

🎥 스킨케어 프로그램(여드름 없애기 포함)
전문가가 진행하는 여드름, 스킨케어 파운데이션 등에 대한 비디오 강좌를 시청하세요.

📊 사용자의 84%가 효과를 확인했습니다.
수만 명을 대상으로 한 설문 조사에서 84%가 Skin Bliss를 사용 후 피부가 눈에 띄게 좋아졌다고 답했습니다.

🧬 과학자들이 개발했습니다. 스킨케어 마니아들의 사랑을 받고 있습니다.
Skin Bliss는 스킨케어 초보자, 제품 중독자, 그리고 지속적인 피부 고민을 가진 모든 분들을 위한 스킨케어 인텔리전스 플랫폼입니다. 커뮤니티에 가입하여 지금껏 경험하지 못했던 새로운 피부 탐험을 시작하세요.

🌍 14개 언어 지원
영어, 스페인어, 독일어, 이탈리아어, 프랑스어, 포르투갈어, 폴란드어, 네덜란드어, 인도네시아어, 일본어, 한국어, 러시아어, 우크라이나어, 터키어

💎 구독 정보
Skin Bliss를 다운로드하고 Skin Bliss Pro의 무료 체험판을 기간 한정으로 즐겨보세요. 무제한 스캔, 고급 인사이트, 루틴 타임라인, 사진 비교 등 다양한 기능을 이용할 수 있습니다. 현재 구독 기간이 종료되기 최소 24시간 전에 해지하지 않으면 구독은 자동 갱신됩니다. 계정 설정에서 언제든지 해지할 수 있습니다.

이용 약관: https://skinbliss.app/terms
개인정보처리방침: https://skinbliss.app/privacy
EULA: https://www.apple.com/legal/internet-services/itunes/dev/stdeula/

문의 사항: info@getskinbliss.com",뷰티,https://play.google.com/store/apps/details?id=com.getskinbliss.skinbliss&hl=ko&gl=kr,,,,,,
android,kr,skin.care.product.scanner.skincare.cosmetic.ingredient.checker,OnSkin - Skincare Scanner,"OnSkin: 메이크업 & 화장품 성분 확인기

OnSkin은 당신의 필요에 딱 맞는 완벽한 제품을 찾도록 설계된 스킨케어 스캐너이자 화장품 검사기입니다. 스킨케어 전문가들이 개발한 앱을 열면 제품 스캐너가 모든 화장품과 메이크업 포뮬러를 분석하여 안전성을 보장하고, 빛나는 피부를 가꿔줍니다.

이 성분 검사기는 당신에게 딱 맞습니다...

• 스킨 AI의 도움으로 스킨케어 루틴을 개선하거나 완전히 새로운 스킨케어 루틴을 만들고 싶다면;
• 깨끗한 성분을 중요하게 생각한다면;
• 복잡한 라벨을 걷어내는 스마트한 피부 분류 시스템을 원한다면

손쉬운 성분 확인

OnSkin의 메이크업 & 스킨케어 스캐너로 현명한 뷰티 선택을 하세요! 이 화장품 검사기를 사용하여 잠재적으로 유해하거나 부적합한 성분을 감지하고, 깨끗한 성분의 화장품과 메이크업을 사용할 수 있도록 해줍니다. 제품을 스캔하면 화장품 및 메이크업 성분 검사기가 성분을 분석하여 그 어느 때보다 빛나는 피부를 선사합니다.
스킨케어 스캐너나 다른 제품 스캐너를 처음 사용해 보더라도, 이 메이크업 및 화장품 성분 확인기가 얼마나 쉽고 직관적인지 놀라실 겁니다. 단순한 스캔을 넘어 나만의 피부 타입 분류 시스템으로 변신합니다.

과학 기반 스킨 스캐너와 피부 분류 도구를 살펴보세요

더 이상 허황된 정보에 속지 마세요. OnSkin의 뷰티 스캐너와 스킨케어 스캐너는 피부과 및 생화학 연구에 기반하여 사실에 기반한 스킨케어 제품을 선택할 수 있도록 지원합니다. 스킨케어에 익숙하든, 스킨케어를 처음 접하든, 이 메이크업 및 뷰티 스캐너가 도움이 될 것입니다.

페이스 스캐너 기능을 갖춘 맞춤형 스킨케어 루틴 앱

모든 스킨케어는 다릅니다. 몇 가지 간단한 질문에 답하기만 하면 OnSkin의 페이스 스캐너 기능이 활성화되어 피부 타입, 연령, 고민에 맞는 완벽한 루틴을 만들 수 있도록 도와줍니다. 획일적인 방식이 아닌, 나만을 위한 맞춤형 스킨케어 경험을 제공합니다.
이 팁들은 어디서 얻었을까요? 바로 저희 스킨케어 전문가 팀이 함께 힘을 모아, 여러분이 스타처럼 빛나는 피부를 가질 수 있도록 이 스킨케어 스캐너를 최대한 정확하게 만들었습니다.

나에게 맞는 스킨케어 찾기

저희 제품 스캐너는 파운데이션, 세럼, 자외선 차단제가 피부 타입에 맞는지 확인합니다. 뷰티 스캐너와 피부 분석 엔진은 피부 고민을 파악하고 더 나은 대안을 제시합니다.

스킨케어 스캐너뿐 아니라, 헤어 제품 스캐너까지!

OnSkin은 스킨케어 및 피부 분석 기능 외에도 헤어 케어 제품 분석 기능을 제공하여 유해 성분을 피하고 머릿결에 더 안전한 제품을 선택할 수 있도록 도와줍니다. 이 제품 스캐너는 단순히 ""나에게 좋다""는 것을 보여주는 것이 아니라, 어떤 제품이 당신의 헤어 케어 루틴에 딱 맞는지 설명해 줍니다. 머리부터 발끝까지 빛나는 피부를 위한 올인원 도구입니다.

모든 스킨케어 제품 분석

스킨케어 스캐너에서 원하는 제품을 찾지 못했다면, 바로 제출하세요! OnSkin의 성분 검사기와 스킨케어 검사기가 성분을 분석하여 언제나 믿을 수 있는 정보를 손쉽게 얻을 수 있도록 도와드립니다. 스킨케어 스캐너의 다른 모든 제품과 마찬가지로, 제품의 안전성, 안전성의 이유, 그리고 내 피부나 모발에 적합한지 여부를 확인할 수 있습니다. OnSkin의 피부 분석 기능이 복잡한 작업을 대신하여 빠르게 정보를 제공합니다.

이미 이 스킨케어 스캐너를 사용하고 있는 만족스러운 사용자들과 함께하세요!

OnSkin을 다운로드하고 스킨케어 스캐너, 뷰티 스캐너, 제품 스캐너를 통해 더욱 스마트하고 안전한 선택을 하세요.

이 스킨케어 스캐너와 성분 검사기는 어떻게 사용하나요?

• 제품(포장 또는 바코드)을 스캔하거나 뷰티 스캐너에 제품명을 입력하세요.
• 뷰티 스캐너와 피부 분석 엔진이 제품의 안전성, 안전성 이유, 그리고 내 피부나 모발에 적합한지 여부를 포함한 전체 정보를 보여줍니다.
• 또한, 이 뷰티 제품 스캐너 및 성분 확인 앱에는 모든 검색 내용이 저장되어 나중에 다시 확인할 수 있습니다.

앱을 사용함으로써 귀하는 당사의 개인정보 보호정책 및 이용 약관에 동의하는 것으로 간주됩니다.
https://aiby.mobi/onskin_android/privacy/ko/
https://aiby.mobi/onskin_android/terms/ko/",라이프스타일,https://play.google.com/store/apps/details?id=skin.care.product.scanner.skincare.cosmetic.ingredient.checker&hl=ko&gl=kr,,,,,,
android,kr,com.skinassist.app,SkinAssist: Skincare Routines,"SkinAssist로 완벽한 피부를 찾으세요: 미니멀리스트 스킨케어!

끝없는 스킨케어 루틴과 헷갈리는 제품 라벨에 지치셨나요? SkinAssist는 개인 맞춤형, 효과적인 스킨케어와 빛나는 피부톤을 위한 최고의 AI 기반 가이드입니다. 건강한 피부의 비밀을 밝히고, 활성 성분을 이전보다 훨씬 정확하게 이해하고, 스마트하고 맞춤화된 가이드를 통해 피부 목표를 달성하세요.

SkinAssist가 피부 혁신의 핵심인 이유:
AI 기반 개인 맞춤 설정: 최고의 스킨케어 트렌드! SkinAssist의 첨단 AI가 설계한 진정한 맞춤형 데일리 및 위클리 스킨케어 루틴을 경험해 보세요. 고객님의 고유한 피부 타입, 특정 고민(지속적인 여드름, 눈에 띄는 잔주름, 민감성 피부 등), 그리고 장기적인 안티에이징 목표를 분석합니다. 피부 타입에 맞춰 플랜이 진화하여 최고의 효과를 보장합니다.

스마트 제품 및 성분 확인: 자극과는 작별하고, 유익한 성분을 만나보세요! 카메라로 제품 바코드를 스캔하거나 SkinAssist의 방대한 스킨케어 데이터베이스를 검색하세요. 전체 성분 목록, 각 성분의 용도, 그리고 중요한 안전 정보(EWG 등급과 유사)에 대한 즉각적이고 이해하기 쉬운 정보를 제공합니다. 세라비 클렌저든 클리니크 세럼이든, 어떤 제품이 효과가 있는지, 잠재적인 피부 자극 성분은 무엇인지 파악하여 현명한 선택을 할 수 있도록 도와드립니다.

성분 분석 및 피부 매칭 점수: 나에게 맞지 않는 스킨케어 제품에 돈을 낭비하지 마세요! 지능형 분석 기능으로 제품 성분을 사용자의 민감도와 비교하여 명확한 스킨 매칭 점수를 제공합니다. 피부 장벽에 진정으로 도움이 되고 특정 니즈를 충족하는 제품을 알고 자신 있게 선택하세요.

AI 얼굴 분석기 및 피부 변화 추적기: 피부 변화를 직접 확인하세요! 최첨단 AI가 피부 결, 기미, 광채 등 핵심적인 부분을 스캔하고 평가합니다. 피부 변화 추적기를 통해 변화를 기록하고, 시각적인 개선 효과를 확인하고, AI 스킨케어 스캔을 기반으로 하는 맞춤형 루틴이 건강하고 깨끗한 피부를 위한 실질적인 결과를 제공하고 있다는 확실한 증거를 얻을 수 있습니다.

Pro AI 채팅: 온디맨드 스킨케어 전문가: Pro 기능으로 루틴을 업그레이드하세요! 루틴과 피부 목표에 맞춰 제공되는 상세한 AI 제품 평가를 받아보세요. 또한, 언제든지 궁금한 점이나 고민에 대해 전문가의 스킨케어 조언을 제공하는 무제한 실시간 AI 채팅을 즐겨보세요. 원하는 답변을 즉시 받아보세요.

당신이 얻을 수 있는 인기 스킨케어 솔루션:
여드름 관리: 여드름과 잡티를 효과적으로 줄이고 예방하세요.
안티에이징 전략: 집중적인 솔루션으로 잔주름과 주름을 최소화하세요.
민감성 피부 관리: 쉽게 자극받는 피부에 적합한 순하고 무독성 스킨케어 제품을 만나보세요.
수분 & 광채: 꿈꾸던 유리알처럼 빛나는 피부를 완성하고 탄탄한 피부 장벽을 유지하세요.
성분 투명성: 나이아신아마이드부터 펩타이드, 히알루론산까지, 피부에 어떤 성분을 사용하는지 확인하세요.
SkinAssist: Minimalist Skincare는 AI 기반 분석과 기존 화장품 원칙을 결합하여 복잡한 스킨 케어의 세계를 명확하게 설명합니다. 인기 있는 한국 뷰티 혁신을 포함한 새로운 즐겨찾기를 탐색하고, 나만의 특별한 피부에 맞는 자신감 있는 결정을 내릴 수 있도록 도와드립니다.

중요 참고: SkinAssist는 스킨 케어 루틴에 대한 가이드와 권장 사항을 제공하지만 전문적인 의학적 조언을 대체하지는 않습니다. 심각한 피부 질환의 경우, 반드시 의료 전문가와 상담하십시오.

개인정보처리방침: https://skinassistapp.com/privacy.pdf
이용약관: https://skinassistapp.com/terms.pdf

더욱 스마트하고 미니멀한 스킨 케어를 받아들일 준비가 되셨나요? 지금 바로 SkinAssist: Minimalist Skincare를 다운로드하고 당신의 피부 여정을 바꿔보세요!",뷰티,https://play.google.com/store/apps/details?id=com.skinassist.app&hl=ko&gl=kr,,,,,,
android,kr,com.glazeapp.glaze,Glaze: 스킨케어·여드름 기록,"Glaze는 피부와 여드름, 트러블을 비공개로 기록하고 진짜 효과가 있는 것이 무엇인지 마침내 보여 주는 방법입니다.

대부분의 스킨케어 앱은 그저 체크리스트를 주거나, 얼굴을 스캔해 제품을 팔려고 합니다. Glaze는 다릅니다. 당신의 피부, 루틴, 제품을 기록하고, 무엇이 도움이 되고 무엇이 아닌지 쉬운 말로 알려 줍니다. 가입 없음. 광고 없음. 사진은 절대 휴대폰을 벗어나지 않습니다.

진짜로 정렬되는 주간 경과 사진
매주 찍기만 하세요. 스마트 가이드가 얼굴을 자동으로 인식해 매번 같은 위치, 같은 각도로 맞춰 주어 제각각인 셀카가 아니라 진짜 비포애프터가 됩니다. 주마다 변하는 피부와 여드름을 보고 부드러운 타임랩스로 만들 수 있습니다. 등, 가슴, 팔도 각각의 타임라인으로 기록하고, 새 제품 하나를 시험하는 실험도 할 수 있습니다.

진짜로 이어가게 되는 매일의 루틴
아침과 저녁 루틴을 몇 초 만에 체크하세요. 템플릿에서 시작하거나 처음부터 만들 수 있고, 단계별 대기 타이머(레티놀 후 대기, 마스크 10분)와 격일·레티놀 주기 같은 유연한 일정으로 여러 단계의 루틴도 만들 수 있습니다. 두 제품을 함께 쓰지 않는 게 좋을 때는 부드럽게 알려 줍니다. 쉬는 날이 있어도 연속 기록은 끊기지 않고, 루틴을 바꿔도 지금까지의 기록은 사라지지 않습니다.

선반의 모든 제품을 한곳에
스킨케어와 메이크업 모두, 실제 용기 사진과 함께 추가하세요. 번거로운 데이터베이스도, ""제품을 찾을 수 없음""도 없습니다. 언제 다 떨어지는지, 개봉 후 사용 기한(PAO)이 언제인지, 다시 살 가치가 있는지 확인하세요. 써 보고 싶은 제품은 위시리스트에 담아 두고, 사면 한 번의 탭으로 선반으로 옮기세요.

시술도 한곳에
보톡스, 필러, 더마펜, 필링, 레이저, 페이셜, LED, 홈케어 기기 같은 큰 관리도 기록하세요. 무엇을, 어디에, 얼마를 썼는지 남기고, 부드러운 애프터케어 안내, 재예약 알림, 다음 예약의 캘린더 추가까지.

제품 속 성분 알기
제품의 성분표를 스캔하면 Glaze가 유효 성분을 대신 읽어 줍니다(얼굴은 절대 스캔하지 않아요). 그런 다음 라이브러리를 둘러보세요. 40가지가 넘는 성분에 대해 무엇을 하는지, 얼마나 자주 쓰는지, 무엇과 섞으면 안 되는지, 내 어떤 제품에 들어 있는지를 광고 없이 차분히 알려 줍니다.

진짜 효과가 보여요
Glaze는 당신의 루틴과 제품을 당신 자신의 피부 평가, 사진과 조용히 연결해, 무엇이 좋아지고 무엇이 아닌지 한 문장으로 알려 줍니다. 유발 요인·수면·UV와의 패턴, 아침저녁 루틴 꾸준함과 피부의 관계도 보여 줍니다. 당신의 경험을 눈에 보이게. Glaze는 절대 진단하지 않고, 무엇을 사라고도 말하지 않습니다.

값어치가 있는지 알 수 있어요
제품마다 1회당 비용과, 선반에 둘 가치가 있는 제품이 무엇인지 보여 줍니다.

빠른 피부 프로필
짧고 선택적인 퀴즈로 유분, 민감도, 트러블 등 내 피부 타입을 알아보세요. 진단이 아니라 출발점이며, 어떤 퀴즈보다 당신의 기록이 우선입니다.

피부 느낌 기록하기
탭 한 번으로 그날 피부 느낌(편안함, 당김, 유분, 따가움)과 그 배경이 될 만한 것(수면, 스트레스, 생리 주기, 햇빛)을 기록하세요. 매일의 UV·SPF 지표가 홈 화면에 표시되며, 위치 접근 없이 기기 안의 스마트 알고리즘으로 계산됩니다.

절대 벌하지 않는 연속 기록
사진, 체크, 메모 무엇이든 연속 기록을 이어 줍니다. 쉬는 날은 조용히 메워지고, 누적 기록 일수는 초기화되지 않습니다. 죄책감이 아니라 부드러운 응원입니다.

설계부터 비공개
계정 없음. 클라우드 없음. 광고 없음. 트래커 없음. 모든 것은 기기 안에만 있고, 사진과 메모, 제품 목록은 언제든 보고 내보낼 수 있습니다. 무료로, 영원히. 모든 것을 파일로 백업하고 새 휴대폰에서 복원할 수 있습니다. 중간에 클라우드는 전혀 없습니다. Face ID나 암호로 앱을 잠글 수 있고, 읽기 전용 보관함을 남기고 언제든 처음부터 다시 시작하거나 한 번의 탭으로 모두 삭제할 수 있습니다.

이번 달, 한눈에
한 달에 한 번, Glaze가 당신의 기록을 멋진 리캡으로 만들어 줍니다. 꾸준함, 사진, 선반, 피부의 변화를 간직하거나 공유할 수 있는 작은 이야기로.

예쁘게 공유하기
경과를 멋진 카드로. 비포애프터, 선반, 피부 프로필, 일기 한 조각, 꾸준함까지, 원할 때만 공유하세요.

피부과에 진짜 데이터를 가져가세요
피부 기록을 깔끔한 PDF로 내보내 다음 진료에 가져갈 수 있습니다.

Glaze는 피부를 기록합니다. 질환을 진단하거나 의학적 조언을 대신하지 않습니다.

무료로 사용할 수 있습니다. Premium은 7일 무료 체험과 함께 더 깊은 인사이트, 무제한 루틴, 공유·내보내기 키트를 제공하며, 구독 없이 한 번만 결제하는 평생 옵션도 있습니다.",뷰티,https://play.google.com/store/apps/details?id=com.glazeapp.glaze&hl=ko&gl=kr,,,,,,
android,kr,com.skinsafeproducts.skincare.scanner,SkinSAFE: Ingredient Scanner,"SkinSAFE: 민감성 피부, 습진, 알레르기 등을 위한 최고의 성분 스캐너. 드디어, 스킨케어 고민을 해결해 줄 앱이 나왔습니다!

메이요 클리닉과 공동 개발한 SkinSAFE는 민감성 피부, 습진, 알레르기, 피부염 등 다양한 피부 고민이 있거나 건강한 스킨케어를 원하는 모든 분들을 위한 최고의 성분 분석 앱입니다.

16만 5천 개 이상의 스킨케어, 뷰티, 생활용품 성분을 분석하여 잠재적인 자극 성분, 알레르겐, 그리고 주의해야 할 성분을 확인하세요. SkinSAFE의 AI 기반 추천 기능을 통해 제품이 적합하지 않은 이유를 이해하고 대안을 찾아보세요.

✔️ 즉시 제품 검색: AI 스캐너로 바코드를 스캔하세요.

✔️ 개인 맞춤 추천: 사용자의 피부 타입에 맞는 맞춤형 추천을 제공합니다.

✔️ 안심하고 쇼핑하세요: 자극 성분과 알레르겐을 피하는 데 도움이 되는 정보를 제공합니다.

SkinSAFE를 무료로 다운로드하고, 더욱 스마트한 스킨케어 여정을 시작하세요! 🚀

주요 기능:

• AI 기반 성분 스캐너: 스킨케어, 메이크업, 생활용품의 바코드를 빠르게 스캔하여 대체 제품을 찾아보고 현명한 선택을 하세요.

• 방대한 제품 데이터베이스: 165,000개 이상의 제품이 등록되어 있으며, 계속해서 업데이트됩니다! 뷰티, 스킨케어, 생활용품, 국소 도포제 등 다양한 제품을 만나보세요.

• SAFE for Me™ 맞춤 추천: 패치 테스트 결과, 알레르기 유발 성분, 민감성, 피해야 할 성분 등 피부 프로필을 기반으로 맞춤 제품을 추천받으세요.

• SkinSAFE 웰니스 마커: 무향, 청소년 안전, 글루텐 무첨가, 콩 무첨가, 유아 안전 등 30가지 이상의 웰니스 마커로 필터링하여 검색할 수 있습니다.

• 상세 성분 분석: 제품 성분을 정확히 파악하고 현명한 구매 결정을 내리세요.

• 알레르기 유발 성분 추적 및 민감성 관리: 알레르기 유발 성분을 추적하고 피부 관리에 필요한 정보를 관리하세요.

SkinSAFE Premium으로 업그레이드해야 하는 이유?

• 피부과 전문의의 신뢰: 메이요 클리닉을 비롯한 공신력 있는 기관의 의견을 반영하여 개발되었습니다.

• 맞춤형 알림: 사용자의 프로필에 맞춘 SAFE for Me™ 알림을 받아보세요.

• 심층 성분 분석: 제품의 성분을 자세히 분석하여 더 잘 이해할 수 있습니다.

• 객관적인 추천: SkinSAFE는 데이터 기반 분석을 통해 사용자에게 최적의 제품을 추천합니다.

프리미엄 기능 유료화 이유

SkinSAFE는 모든 사람이 필수적인 피부 관리 도구를 이용할 자격이 있다고 믿습니다. 핵심 기능은 무료로 제공됩니다! 구독료는 연구 개발, 데이터베이스 업데이트 및 AI 개선에 사용됩니다.

SkinSAFE는 누구에게 유용할까요?

• 민감성 피부: 피부 타입에 맞는 제품을 찾아보세요.

• 습진 및 피부염: 피부 고민에 맞는 제품을 찾아보세요.

• 알레르기 환자: 알레르기를 유발하는 성분을 확인하고 피하세요.

• 엄마: BabySAFE를 통해 아기에게 순한 제품을 찾아보세요. 👶
• 청소년: TeenSAFE를 통해 청소년에게 적합한 스킨케어 제품을 찾아보세요. 👧👦
• 건강을 생각하는 쇼핑객: 현명한 선택을 하세요.

사용자 후기

• ⭐⭐⭐⭐⭐ “민감한 제 피부에 이 앱은 정말 혁신적이에요!” - 에밀리 R.
• ⭐⭐⭐⭐⭐ “SkinSAFE 덕분에 스킨케어 제품 쇼핑 방식이 완전히 바뀌었어요.” - 사라 L.
• ⭐⭐⭐⭐⭐ “SAFE for Me™ 기능 덕분에 나에게 맞는 제품을 정말 쉽게 찾을 수 있어요!” - 조쉬 B.

SkinSAFE 커뮤니티에 참여하세요
SkinSAFE는 단순한 앱이 아니라, 더욱 스마트하고 정보에 기반한 스킨케어 선택을 위한 움직임입니다. 메이요 클리닉의 의견을 반영하여 개발된 SkinSAFE는 사용자가 스킨케어 제품을 더 잘 이해할 수 있도록 도와줍니다.

지금 SkinSAFE를 다운로드하세요!
SkinSAFE와 함께 더욱 스마트하게 스캔하고, 더욱 자신 있게 쇼핑하며, 스킨케어 선택을 주도하세요.

개인정보 보호 및 이용약관:
저희는 고객님의 개인정보를 존중합니다. 자세한 내용은 https://www.skinsafeproducts.com/policies#privacy 에서 개인정보 보호정책을 확인하세요.

의료 고지 사항: SkinSAFE는 의료 조언, 진단 또는 치료를 제공하지 않습니다. 건강 관련 문의 사항은 자격을 갖춘 의료 전문가와 상담하십시오.",건강/운동,https://play.google.com/store/apps/details?id=com.skinsafeproducts.skincare.scanner&hl=ko&gl=kr,,,,,,
android,kr,com.skincare.makeup.makeover.asmr.game,Skincare ASMR: Makeover Game,"스킨케어 ASMR: 메이크오버 게임은 스킨케어, 메이크업, 메이크오버 미니게임이 조화롭게 어우러진 만족스러운 게임입니다. 단계별로 완벽한 변신을 경험해 보세요.

엉킨 피부를 깨끗하게 정리하고, 수정하고, 완벽한 뷰티 메이크업으로 바꿔보세요. 간단한 수정부터 완벽한 메이크오버까지, 모든 것이 완벽합니다. 부드러운 ASMR 사운드, 매끄러운 영상, 간단하고 스트레스 해소에 좋은 게임플레이로 중독성 있는 ""정말 만족스러운"" 기분을 선사합니다 💖

🎮 게임 특징:
💆 스킨케어 ASMR & 페이스 케어 💕
부드럽고 편안한 단계로 세안하고, 여드름을 제거하고, 피부를 관리해 보세요. 매끄럽고 산뜻한 피부로 변해가는 모습을 지켜보세요.

💄 메이크오버 ASMR & 메이크업 스튜디오 ✨
은은한 블러셔, 윤기 있는 립스틱, 반짝이는 아이섀도, 풍성한 속눈썹 등 귀엽고 화려한 메이크업 스타일을 믹스매치해 보세요. 런웨이의 스타처럼 빛나는 당신의 모습을 감상하세요.

👁️ 눈 & 눈썹 관리🌸
눈썹 모양을 다듬고, 불필요한 털을 제거하고, 눈매를 밝고 깨끗하며 아름답게 가꿔보세요.

👂 귀 청소 ASMR 🧼
부드러운 도구를 사용하여 만족스러운 동작으로 귀를 깨끗하게 정리해 보세요. 마지막으로 귀엽고 반짝이는 귀걸이를 착용하여 완벽한 스타일을 완성하세요.

🦶 발 스파 & 관리 🌟
편안한 스파 시간을 즐겨보세요. 부드럽고 상쾌한 트리트먼트로 지친 발을 씻고, 다듬고, 관리해 보세요.

🦵 바디 케어 & 왁싱 🌷
원치 않는 털을 왁싱으로 제거하고, 레이저로 기미를 없애고, 영양 로션으로 마무리하세요.

플레이어들이 계속해서 이 게임을 찾는 이유:
🌿 매우 만족스러운 게임 플레이.

🎮 간편한 조작 – 탭하기만 하면 바로 즐길 수 있어 복잡한 조작법이 필요 없습니다.

🎧 편안한 ASMR 사운드.

⏱️ 짧은 미니 게임 – 언제든 잠깐씩 즐기기에 딱 좋습니다.

🎨 편안한 영상 – 보기 편안한 깔끔하고 부드러운 그래픽

각 레벨은 짧고 간단하며 최고의 ASMR 만족감을 선사하도록 설계되었습니다. 스킨케어 루틴, 메이크업, 메이크오버 ASMR 게임을 좋아하시든, 이 게임은 당신을 편안하고 즐겁게 만들어 줄 것입니다 ✨

지금 바로 스킨케어 ASMR: 메이크오버 게임을 다운로드하고, 멈출 수 없을 만큼 중독성 있고 편안한 ASMR 뷰티 게임의 세계에 빠져보세요 😍",시뮬레이션,https://play.google.com/store/apps/details?id=com.skincare.makeup.makeover.asmr.game&hl=ko&gl=kr,,,,,,
android,kr,com.hautapp.clearrn,Clear: 소셜 스킨케어 기록,"나만의 스킨케어 루틴을 만드세요. 피부 변화를 기록하세요. 내 피부에 맞는 것이 무엇인지 확인하세요.

Clear는 스킨케어 루틴, 제품, 변화 기록 사진, 그리고 스킨케어 커뮤니티를 한곳에 모아주는 스킨케어 기록 앱입니다. 아침과 저녁 루틴을 만들고, 피부 변화를 기록하며, 사용하는 제품에 대해 더 현명한 선택을 할 수 있습니다.

트러블을 관리하고 있든, 첫 스킨케어 루틴을 만들고 있든, K-뷰티를 탐색하고 있든, 꾸준히 관리하려고 하든, Clear는 매일의 스킨케어를 직접 따라갈 수 있는 여정으로 만들어 줍니다.

아침 & 저녁 루틴 만들기

내 피부, 일정, 목표에 맞는 맞춤형 아침 및 저녁 루틴을 만들어 보세요. 제품을 추가하고, 각 단계를 정리하며, 무엇을 사용했는지 쉽게 기록할 수 있습니다.

• 아침과 저녁 루틴을 따로 만들기
• 모든 단계를 체계적으로 정리하기
• 필요에 따라 루틴 업데이트하기
• 매일 다시 확인할 수 있는 스킨케어 다이어리 만들기

눈에 보이는 변화 기록하기

스킨케어는 시간이 필요하기 때문에 조금씩 나타나는 변화를 놓치기 쉽습니다. Clear를 사용하면 날짜별 변화 사진을 시간순으로 비교하여 피부가 어떻게 변했는지 확인할 수 있습니다.

• 여러 각도에서 비공개 변화 기록 셀카 촬영
• 며칠, 몇 주, 몇 달에 걸친 변화 비교
• 루틴과 변화 기록을 한곳에서 관리
• 내 피부에 효과가 있는 것을 더 명확하게 파악

변화 기록 사진은 무엇보다 기록을 위한 것입니다. 공유 여부는 언제나 여러분의 선택입니다.

3만개 이상의 스킨케어 제품 탐색

서구권 스킨케어, K-뷰티 및 기타 아시아 스킨케어 브랜드의 3만개 이상의 제품을 검색해 보세요. 루틴에 맞는 제품을 찾고, 기억해 두고 싶은 제품을 저장하며, 필요할 때 누락된 제품을 추가할 수 있습니다.

클렌저와 보습제부터 세럼, 자외선 차단제, 트리트먼트까지, Clear가 여러분의 전체 스킨케어 루틴을 한곳에서 관리할 수 있도록 도와줍니다.

꾸준히 관리하세요

Clear를 매일 사용하는 스킨케어 루틴 플래너로 활용하고, 피부 변화를 기록하며, 꾸준한 관리에 대한 보상을 받아보세요. 기억에만 의존하는 대신 무엇을 언제 사용했는지, 그리고 시간이 지나면서 피부가 어떻게 보였는지 확인할 수 있습니다.

비공개 기록, 선택적 공유

Clear는 게시물을 한 번도 올리지 않아도 사용할 수 있는 비공개 스킨케어 기록 앱입니다. 루틴과 변화 기록 사진을 나만 볼 수 있도록 보관하거나, 도움이 필요하거나 의견을 듣고 싶을 때 리뷰, 질문, 업데이트를 공유할 수 있습니다.

스킨케어 여정을 얼마나 소셜하게 만들지는 여러분이 결정합니다.

스킨케어 커뮤니티와 연결하세요

Clear는 비슷한 목표를 가진 사람들을 팔로우하고, 그들의 경험에서 배우며, 나만의 여정을 공유할 수 있는 따뜻한 공간을 제공합니다.

• 질문하고 실용적인 팁을 나누기
• 제품 리뷰와 루틴 업데이트 게시
• 비슷한 스킨케어 여정을 가진 사람 팔로우
• 꾸준한 관리와 눈에 보이는 변화를 함께 축하하기

Clear는 모든 피부 타입과 모든 단계에 맞게 만들어졌습니다. 호기심 많은 초보자부터 경험 많은 스킨케어 애호가까지 누구나 사용할 수 있습니다.

왜 스킨케어 기록 앱을 사용해야 할까요?

루틴, 제품, 사진이 서로 다른 곳에 있으면 피부 변화를 파악하기 어렵습니다. Clear는 이 모든 것을 하나의 체계적인 스킨케어 다이어리로 연결합니다.

다음과 같은 용도로 사용할 수 있습니다.

• 현재 루틴 기억하기
• 기억에 의존하지 않고 변화 기록하기
• 시간에 따른 변화 사진 비교하기
• 사용하는 제품 기록하기
• 결과가 천천히 나타날 때도 동기 유지하기
• 커뮤니티의 도움이 필요할 때만 공유하기

개인적인 경험에서 시작되었습니다

Clear는 Ahana가 자신의 여드름 경험을 통해 한 가지 문제를 깨닫고 만든 앱입니다. 스킨케어 조언은 어디에나 있지만, 내 피부를 이해하려면 여전히 인내심, 꾸준함, 그리고 신뢰할 수 있는 기록이 필요합니다.

Clear는 그 과정을 더 체계적이고, 격려가 되며, 인간적으로 만들기 위해 설계되었습니다.

CLEAR와 함께 스킨케어 여정을 시작하세요

Clear를 다운로드하여 나만의 루틴을 만들고, 비공개 변화 기록 사진을 관리하며, 수만 개의 제품을 탐색하고, 같은 여정을 이해하는 사람들과 연결해 보세요.

피부는 시간이 지나면서 변합니다. 이제 그 이야기를 기록할 수 있습니다.

Clear는 무료로 다운로드할 수 있습니다. 선택형 프리미엄 기능 및 인앱 구매가 제공될 수 있습니다.

Clear는 의료 또는 진단 서비스가 아니며, 자격을 갖춘 의료 전문가의 조언을 대체하지 않습니다.

이용약관 및 개인정보 처리방침:
https://getclearapp.com/terms.html",건강/운동,https://play.google.com/store/apps/details?id=com.hautapp.clearrn&hl=ko&gl=kr,,,,,,
android,kr,face.yoga.skincare.app,Luvly: 얼굴 요가 및 얼굴 운동,"15분의 뷰티 의식으로 내 피부에 자신감을 느끼세요

Luvly는 여성의 외모를 젊어 보이게, 더욱 자신있고 편안한, 행복한 느낌으로 가꾸어 드리는 올인원 뷰티 앱입니다. 내 피부가 가진 독특한 수요에 대한 당사 전문가의 분석을 통해, 나의 뷰티 목표를 빠르고 안전하게 달성할 수 있습니다.

Luvly를 통해 얻을 수 있는 것들:
– 나의 문제 부위에 맞춰진 개인 맞춤 페이스 요가 프로그램
– 안티에이징, 주름제거, 긴장 완화 및 아침 부기 완화 영상 코스 전체 이용 혜택
– 피부과 전문의와 함께 준비한 독점 스킨케어 코스
– 영양사가 개발한 식사 플랜 컬렉션 이용 혜택

보너스! AR 코치*  — 얼굴 스캔을 통해 나의 일상 스킨케어 루틴에 대해 친절한 음성으로 교정해주는 나의 개인 페이스 요가 가이드도 이용하실 수 있습니다.

지금 Luvly를 다운로드해서 내 안의 아름다움에 날개를 달아 주세요!",건강/운동,https://play.google.com/store/apps/details?id=face.yoga.skincare.app&hl=ko&gl=kr,,,,,,
android,kr,com.skinsort,SkinSort - Skincare Scanner,"SkinSort에 오신 것을 환영합니다! SkinSort는 여러분의 모든 스킨케어 고민을 해결해 줄 완벽한 동반자이자 가이드입니다. 사용하는 제품을 확인하고, 내 피부에 맞는 새로운 제품을 찾아보세요. 좋은 제품을 주변 사람들과도 공유하세요.

◆ 화장품 스캔 ◆ 
제품 사진을 찍어 피부에 적합한지 확인해 보세요. SkinSort는 불필요한 정보는 제거하고, 제품의 실제 효능만 알려드립니다. 피부 목표에 맞지 않는 제품을 피함으로써 시간과 비용을 절약하세요. 과학적 연구를 기반으로 개발된 SkinSort 스캐너는 정확한 정보만을 제공합니다. 이제 자신 있게 내 피부에 맞는 제품을 선택하세요.

◆ 스킨케어 루틴 기록 ◆ 
스킨케어는 꾸준한 관리가 필요한 여정입니다. SkinSort와 함께 스킨케어 루틴을 기록하고 피부 변화를 관리하세요. 모든 화장품을 정리하여 루틴을 한눈에 파악하고, 피부 목표 달성에 집중하세요. 함께 사용하면 안 되는 제품도 있습니다. SkinSort는 사용 중인 제품과의 상호작용 가능성을 알려드립니다. 매일 사용하는 제품을 기록하며 피부 상태를 점검하세요. 시간이 지남에 따라 트렌드와 인사이트를 얻어 나만의 피부 전문가가 되어보세요.

◆ 새로운 제품 발견 ◆
SkinSort는 가장 정확하고 최신 제품 데이터베이스를 보유하고 있습니다. 강력한 필터 기능을 사용하여 마음에 쏙 드는 새로운 제품을 찾아보세요. 피하고 ​​싶은 성분이 포함된 제품은 쉽게 찾을 수 있습니다. 두 제품을 비교해보고 나에게 가장 적합한 제품을 찾아보세요. 마음에 드는 제품을 찾았지만 가격이 부담스럽다면 걱정하지 마세요. SkinSort의 AI 알고리즘이 이미 비슷한 제품을 찾아냈습니다. 또한, 실제 사용자들의 후기를 읽고 제품의 효과를 확인해 보세요.

◆ 스킨케어 커뮤니티 ◆
새로운 스킨케어 루틴을 발견하고, 조언을 얻고, 다른 스킨케어 애호가들과 소통해 보세요. 스킨케어 초보자든 베테랑이든, 누구나 환영하는 친근한 커뮤니티입니다.

◆ 회사 소개 ◆
SkinSort는 독립적인 소규모 회사입니다. 브랜드의 영향을 받지 않고 제품 성분이나 정보에 대한 정확성을 유지합니다. 저희 앱을 이용해 주셔서 감사합니다. 여러분의 성원에 힘입어 저희는 독립성을 유지하고, 여러분께 제품 성분에 대한 가장 정확한 정보를 제공하는 데 집중할 수 있습니다.

◆ 프리미엄 구독 ◆
프리미엄 구독을 통해 SkinSort의 모든 기능을 이용하실 수 있습니다. 구독은 구매 시 설정하신 요금으로 자동 갱신되며, 갱신 전에 취소하지 않는 한 계속 이용 가능합니다.

SkinSort를 이용하시면 다음 서비스 약관 및 개인정보처리방침에 동의하시는 것으로 간주됩니다.
https://skinsort.com/terms-of-service
https://skinsort.com/privacy-policy",건강/운동,https://play.google.com/store/apps/details?id=com.skinsort&hl=ko&gl=kr,,,,,,
android,kr,com.systemakvile,Akvile AI - Skin Health,"피부 고민에 지치셨고, 많은 제품을 시도해보았지만 성공하지 못한 느낌이 드십니까? 그렇다면 여드름 피부를 위한 SKIN HEALTH 앱 Akvile AI가 도와드리겠습니다!

당사의 앱은 자신의 스킨케어 및 라이프스타일 습관을 추적하고 비교할 수 있도록 하여 스킨케어 루틴을 지원하고 피부 건강을 증진하도록 설계되었습니다. 트러블을 줄이고 피부 건강을 다시 관리하는 데 도움이 되는 전체적인 접근 방식을 제공합니다.

다음은 저희 앱이 피부 목표를 달성하는 데 도움이 되는 방법입니다.
스킨케어 루틴:
• 피부와 건강을 위해 미리 설정된 루틴 중에서 선택하십시오.
• 피부타입에 맞는 기초 스킨케어 가이드를 따라주세요.
• 일과를 유연하게 계획하십시오.
• 일상에 대한 자동 알림을 설정하거나 받습니다.

추적:
• Daily Questionnaire로 일상 생활 습관과 피부 관리 습관을 기록하세요.
• Progress Tracking으로 피부의 진행 상황을 추적하십시오.
• 맞춤형 태그를 사용하여 앱을 맞춤화합니다.
• 개인화된 통계를 통해 자신의 피부에 어떤 효과가 있는지 확인하십시오.

스킨케어 제품 스캐너:
• 클렌저, 보습제, 트리트먼트 등 가장 많이 사용하는 스킨케어 제품의 이미지를 스캔합니다.
• 사용하는 제품에 따라 피부 유형과 요구 사항에 맞는 맞춤형 루틴을 얻습니다.

피부 건강 프로그램:
• 피부과 전문의 Dr Greg와 함께 스킨 스쿨을 통해 피부에 대해 자세히 알아보세요.
• 아유르베다 전문가 Dr. Tarini와 함께 피부 관리, 영양, 건강 및 아유르베다에 대해 배우십시오.
• 피부 건강 및 발진에 대한 최신 정보를 한 곳에서 얻으십시오.
• 맛있고 건강한 피부 친화적인 레시피를 즐겨보세요.

지금 Akvile AI를 다운로드하여 피부에 필요한 모든 도구를 한 곳에서 받으세요!",건강/운동,https://play.google.com/store/apps/details?id=com.systemakvile&hl=ko&gl=kr,,,,,,
android,kr,com.aidermatologist,AI Dermatologist: Skin Scanner,"AI 피부과 전문의: 피부 스캐너 - 피부 인식 및 자가 모니터링 앱
AI 피부과 전문의는 시간 경과에 따른 피부 변화를 관찰하고 추적하는 데 도움이 되는 피부 인식 및 웰빙 도구입니다.
진단 도구나 의료 기기가 아닙니다.

앱의 기능:
점과 피부 부위의 선명한 사진 촬영 지원
이미지 저장 및 정리
시간 경과에 따른 변화 추적
시각적 패턴을 기반으로 일반적인 정보 제공
문제가 있는 경우 피부과 전문의에게 문의 권장

앱이 하지 않는 기능:
의료 상태를 진단하거나 확인하지 않습니다.
암을 발견하거나 위험을 판단할 수 없습니다.
의료 전문가를 대체하지 않습니다.

항상 주의하고 적극적으로 대처하세요.
정기적인 자가 검진을 통해 변화를 조기에 발견할 수 있습니다.
문제가 있는 경우 항상 자격을 갖춘 피부과 전문의와 상담하세요.

이 구독에 가입하시면 당사의

이용 약관
https://ai-dermatologists.com/terms-of-use

개인정보처리방침
https://ai-dermatologists.com/privacy-policy",건강/운동,https://play.google.com/store/apps/details?id=com.aidermatologist&hl=ko&gl=kr,,,,,,
android,kr,com.elias.skin_care_scanner,Skin Care Scanner: GlowUp,"스킨 케어 스캐너: GlowUp -> 개인 맞춤형 스킨 케어 분석
스킨 케어 스캐너로 스킨 케어의 미래를 경험하세요! 최첨단 인공지능을 활용하여 얼굴을 분석하고 맞춤형 스킨 케어 루틴을 추천하는 혁신적인 앱입니다.

앱 기능:
스킨 스캐너: 셀카를 찍기만 하면 강력한 AI가 피부를 분석합니다. 잡티, 홍조, 여드름 등을 감지합니다.

뷰티 스캐너 & 피부 분석기: 피부 상태에 대한 자세한 정보를 확인하세요. 스킨 케어 스캐너는 특정 문제 부위를 파악하여 피부의 니즈를 더욱 정확하게 파악하는 데 도움을 줍니다.

여드름 스캐너 & 점 스캐너: 여드름과 점에 대한 전문 분석을 통해 변화를 추적하고 조기에 조치를 취할 수 있습니다.

진행 상황 추적: 분석 결과를 저장하고 시간 경과에 따른 스킨 케어 진행 상황을 모니터링하세요. 이를 통해 어떤 제품과 루틴이 효과적인지 정확하게 확인할 수 있습니다.

맞춤형 팁 & 스킨 케어 루틴: 분석 결과를 기반으로 최적의 피부 관리 및 개선을 위한 개인 맞춤형 팁과 스킨 케어 루틴을 제공합니다.

GlowUp을 선택해야 하는 이유
이 스킨 케어 스캐너는 더욱 건강하고 빛나는 피부를 위한 스마트한 동반자입니다. 더 이상 추측은 필요 없습니다. AI가 당신의 피부를 이해하고 꿈꿔왔던 피부톤을 위한 여정을 함께합니다.

지금 스킨 케어 스캐너를 다운로드하고 더 나은 피부를 위한 여정을 시작하세요!

이 앱은 교육 목적으로만 제공되며 의학적 조언이 아닙니다. 의학적 진단 및 치료는 반드시 자격을 갖춘 피부과 전문의와 상담하세요.",뷰티,https://play.google.com/store/apps/details?id=com.elias.skin_care_scanner&hl=ko&gl=kr,,,,,,
android,kr,com.sleet.beautyplastic,바비톡 - AI 피부과/성형 시술 정보 후기 예약,"누적 다운로드 수 1천만, 바비톡에서는 AI로 나에게 맞는 피부, 성형 시술 추천부터, 실제 후기, 상담, 가격 비교, 병원 예약까지 한번에 가능해요. 피부과 시술, 성형에 관련한 모든 정보를 바비톡에서 꼼꼼하게 확인하세요.

━━━━━━━━━━━━━━━━━━

바비톡, 이런 분들께 추천해요!

▪ 피부과 시술, 성형 후기를 꼼꼼하게 보고 싶은 분
▪ 피부 시술 가격을 비교하고 합리적으로 선택하고 싶은 분
▪ 피부과, 성형외과 예약을 간편하게 하고 싶은 분
▪ 피부 시술, 성형 부작용 후기까지 안전하게 확인하고 싶은 분
▪ 피부과 시술 후기, 성형 후기를 한 곳에서 보고 싶은 분

━━━━━━━━━━━━━━━━━━

주요 기능

[국내 최초 AI 검색]
귀찮게 찾지 말고 나에게 딱 맞는
피부과 시술, 성형 정보만 AI가 추천.

[초개인화 추천]
피부과 시술, 성형 후기부터 병원·의사까지
취향과 패턴 분석으로 맞춤 큐레이션 제공.

[편리한 탐색]
지역, 관심 부위, 시술명 검색부터
피부과 시술, 성형 후기, 이벤트, 병원 정보까지 한 번에.

[뷰티 고민 필터]
내 고민에 딱 맞는 피부과 시술, 성형, 피부관리 정보만 뽑아 확인.

[폭넓은 시술 정보]
울쎄라, 피부시술, 성형수술까지 최신 뷰티 시술 부터
다이어트, 체형관리 치과, 안과까지 폭 넓은 정보.

[1만여개의 초특가 이벤트]
울쎄라, 리쥬란 피부 시술부터 눈·코 성형까지
흩어진 이벤트, 할인 혜택을 한눈에.

[믿고 보는 리얼 후기]
상담 신청 유저만 작성 가능한 내돈내산 리얼 후기.
피부과 시술, 성형 솔직 후기를 광고 없이 확인.

[부작용 후기 제공]
피부 시술, 성형 앱 중 유일하게 부작용 후기 제공.
부위별 피부과 시술, 성형 부작용 후기 확인 가능.

[발품 후기]
바비톡 유저들이 공유하는
피부과 시술, 성형 실제 가격과 상담 후기.

[투명한 가격 정보]
쁘띠 성형, 울쎄라, 피부시술, 얼굴 리프팅 등
피부과 시술·성형별 비용 한눈에 비교.

[간편한 병원 상담 예약]
눈성형, 코성형, 울쎄라 시술 등
원하는 날짜 선택, 즉시 예약.

[피부과·성형 시술 커뮤니티]
피부과 시술 맛집, 금손 의사 정보까지
바비톡 유저들만의 찐 피부과, 성형 정보 실시간 소통.

[전문가 Q&A]
피부과 시술, 성형 궁금증, 전문가에게 1:1 문의.

[리워드 혜택]
피부과 시술, 성형 후기 작성과 이벤트 참여로
현금처럼 쓸 수 있는 포인트 적립.

[미리결제 시스템]
피부과, 병원 방문 전 시술 결제,
추가금 걱정 없이.

[클린 캠페인]
욕설, 비방, 허위 게시물 NO!
24시간 자동 필터링으로 깨끗한 피부과, 성형 시술 정보만.

━━━━━━━━━━━━━━━━━━

피부과 시술·성형 정보가 필요하다면 지금 바로 바비톡을 다운로드하세요!

※ 서비스 제공을 위해 필요한 접근 권한을 아래와 같이 안내해 드립니다.

- 알림 : 이벤트 및 혜택, 상담, 공지사항, 새로운 메시지 수신을 위한 권한입니다.
- 카메라 : 후기, 커뮤니티 글 작성 및 프로필 사진 변경 등을 위해 카메라 촬영이 필요한 경우를 위한 권한입니다.
- 사진 및 동영상 : 후기, 커뮤니티 글 작성 및 프로필 사진 변경 등 이미지 업로드가 필요한 경우를 위한 권한입니다.
- 위치 : 사용자의 위치를 이용하여 위치기반 서비스를 제공하기 위한 권한입니다.
- 위 접근권한은 특정 기능을 사용할 때 허용이 필요하며, 허용에 동의하지 않으셔도 서비스를 이용하실 수 있습니다.

tel : 02-1670-5438 email : [cs@babitalk.com](mailto:cs@babitalk.com)",뷰티,https://play.google.com/store/apps/details?id=com.sleet.beautyplastic&hl=ko&gl=kr,,,,,,
android,kr,biz.beautyin,"뷰티인 - 미용구인구직, 미용 프리랜서 채용의 모든것","뷰티인은 미용업계 전문가를 위한 맞춤형 구인구직 플랫폼입니다. 헤어, 메이크업, 네일아트, 피부관리, 애견미용 등 다양한 미용 분야에 특화된 서비스로, 구인자와 구직자 모두에게 최적화된 경험을 제공합니다.

빠르고 정확한 매칭 시스템으로 원하는 일자리와 인재를 쉽게 찾을 수 있으며, 편리한 이력서 관리, 동종업계 커뮤니티, 프리랜서 채용 기능까지 갖추고 있어 미용 전문가들의 커리어 관리를 완벽하게 지원합니다.

잦은 이직이 일반적인 미용업계 특성을 고려해 구인구직 과정을 간소화했습니다. 뷰티인과 함께라면 더 이상 복잡한 구인구직 과정에 시간을 낭비하지 않고 여러분의 실력과 열정에 집중할 수 있습니다.

*뷰티인 특징이 무엇인가요?*

• 미용 분야 특화 서비스: 헤어, 메이크업, 네일아트, 피부관리, 애견미용 등
• 맞춤형 구인구직: 각 미용 분야별 최적화된 구인구직 매칭
• 편리한 이력서 관리: 간편하게 작성하고 관리하는 이력서 시스템
• 동종업계 커뮤니티: 미용 전문가들과 정보를 교류하고 소통하는 공간
• 프리랜서 채용 기능: 정규직뿐만 아니라 프리랜서 계약도 손쉽게
• 간소화된 프로세스: 복잡한 구인구직 과정을 간편하게 해결

뷰티인과 함께 더 나은 미용업계 커리어를 시작하세요. 

미용구인구직의 모든 것, 뷰티인이 책임집니다.
----
개발자 연락처 :
뷰티인랩 대한민국 서울특별시 마포구
마포구 어울마당로 130, 3층 3234호(서교동)
04053 7431202239 제 2023-서울마포-1661 호 본인 직접신고",라이프스타일,https://play.google.com/store/apps/details?id=biz.beautyin&hl=ko&gl=kr,,,,,,
android,kr,kr.dermis.jinp.aos,진피플,"더 안전하고 더 효과적인 미용 시술을 원하신다면, 이제는 선택이 분명해집니다.

피부과, 성형외과 전문의로 구성된 진피플(Jin.P+) 앱은 검증된 의료진만 참여하여,
정확하고 신뢰할 수 있는 미용시술 정보와 시술 가이드를 제공합니다.

- 전문의가 진료중인 의원 리스트 제공
- 의원별 이벤트 안내
- 시술 가격 정보 제공
- 채팅으로 문의 및 예약
- 미용 시술 경험담 등의 커뮤니티 

진피플은 단순한 정보 앱이 아닙니다.
피부 건강과 미용 시술에 있어 올바른 선택을 돕는,
전문성과 신뢰성을 모두 갖춘 유일한 플랫폼입니다.

이제 불확실한 정보 대신, 전문의가 직접 전달하는 믿을 수 있는 미용 지식을 경험해 보세요.",뷰티,https://play.google.com/store/apps/details?id=kr.dermis.jinp.aos&hl=ko&gl=kr,,,,,,
android,kr,kr.co.hybridapps.meinhiapp,"미인하이 - 피부, 성형, 쁘띠, 다이어트 가격비교","같은 가격에 10배 더 예뻐지는 비법. 
이제 뷰티 소셜커머스 미인하이를 통해 언제 어디서나 
간편하게 예뻐지는 방법을 곁에 두세요.

[ 70만건 이상 리얼 후기 ]
※ 미인하이 유저들이 실제로 이용 후 작성한 70만건 이상의 병원별 시술별 솔직한 후기를 확인해보세요

[ 파격적인 할인 이벤트 ]
※ 피부, 비만, 눈코입 성형, 쁘띠 등 모든 부위별 종류별 파격적인 시술 할인 이벤트를 확인해보세요

[ 시술권 결제도 미인하이! ]
※ 간편하게 원클릭으로 미인하이에서 결제도 가능해요
    - 원하는것만 결제하고 방문해서 시술만 받으면 끝!
    - 언제든지 안전하게 환불받을 수 있어서 안심!

[ 간편 상단신청 ]
※  간편하게 원클릭으로 상담신청까지 가능해요!
    - 관심있는 시술은 간편하게 상담신청! 원하는시간에 상담콜을 받아봐요!

- 앱 접근 권한 안내정보통신망법 제22조의 2(접근권한에 대한 동의)를 준수하여 앱서비스 이용 시 필요한 접근 권한을 아래와 같이 안내해 드립니다.
선택적 접근 권한
-카메라: 후기작성, 미인톡 및 프로필 사진 변경등을 위해 카메라 촬영이 필요한 경우를 위한 권한입니다.
-사진: 후기작성, 미인톡 및 프로필 사진 변경 등 이미지 업로드가 필요한 경우를 위한 권한입니다.
*선택적 접근 권한은 동의하지 않아도 서비스 이용이 가능합니다.
*선택 접근 권한 미동의시 서비스 일부 기능의 정상적인 이용이 어려울 수 있습니다.",뷰티,https://play.google.com/store/apps/details?id=kr.co.hybridapps.meinhiapp&hl=ko&gl=kr,,,,,,
android,kr,com.makeshop.powerapp.cnkorea,뷰티코코 미용재료 할인 전문 쇼핑몰,"뷰티코코는 미용재료 전문 쇼핑몰입니다.
신뢰를 바탕으로 지금까지 다양한 미용재료를 판매해왔습니다.

헤어 전문가들의 필요한 제품과 정보를 제공하며, 그들의 능력과 재능을 발휘할 수 있도록 지원하겠습니다.

* 혜택 *
모바일 환경에 특화된 기능과 모바일에서만 받으실 수 있는 특별한 혜택을 누릴 수 있습니다.
- 신규 회원 가입 5,000원 즉시 지급 (탄포포 헤어 책자 증정)
- PC, 모아빌 회원가입 후 5만 원 이상 첫 주문 시 (탄포포 헤어 책자 증정)

* 주요기능 *

- 앱 전용 쿠폰 및 할인제공
- 자동로그인 기능 제공
- 문의 즉답 가능
- 나의 주문내역, 배송정보 확인
- 장바구니, 배송정보 확인
- 쇼핑몰 소식 푸시 알림
- SNS 상품 정보 공유
- 고객센터",쇼핑,https://play.google.com/store/apps/details?id=com.makeshop.powerapp.cnkorea&hl=ko&gl=kr,,,,,,
android,kr,com.cashdoc.cashdoc,"캐시닥 - 병원 찾기,시술 최저가 혜택,병원 예약 하기","캐시닥에서 병원찾기 & 병원예약 1초만에 해결!
병원 어디로 갈지 고민이라면? 궁금한 시술이 있다면?
1:1 맞춤 상담으로 안과, 치과, 피부과, 성형외과, 다이어트 시술을 최저가로 받으세요!
다양한 혜택을 통해 병원 정보와 포인트를 동시에 버는 신개념 병원찾기 앱!

■ 병원찾기 - 내 근처 병원정보 확인!
- 평일, 주말, 야간, 공휴일 365일 연중무휴 24시간 예약 가능한 병원, 약국을 찾아보세요.
- 병원후기, 약국, 닥터 후기 확인하고 똑똑하게 병원예약 하세요.
- 전국의 치과, 안과, 한의원, 피부과, 성형 외과, 산부인과, 비뇨기과, 정형외과, 내과, 소아과, 이비인후과, 정신의학과 등 실방문자 인증 병원후기 확인해보세요.

■ 병원 이벤트 - 시술 전국 최저가 혜택!
- 나에게 맞는 시술 궁금하다면, 채팅을 통해 전문가에게 24시간 시술 상담을 받을 수 있어요.
- 백내장, 임플란트, 보톡스, 필러, 인모드, 다이어트 한약, 쌍수, 지방흡입 등 비급여 시술 전국 최저가 가격을 비교해보세요.
- 병원예약 후 병원후기 남기면 기프티콘을 구매할 수 있는 포인트를 적립해드려요.

■ 진료 내역조회 & 실비보험 청구!
- 복잡한 절차 없이 건강검진, 진료 내역을 한 곳에서 편하게 관리해요.
- 터치 한번이면 병원 실비보험, 진료비 청구가 완료돼요.
- 지금까지 받은 진료 내역 & 건강검진 내역을 한번에 확인하고 리워드를 받아요.

■ 커뮤니티 - 전문가 시술 칼럼 보유!
- 커뮤니티에서 시술, 성형 수술 꿀팁, 솔직한 병원후기, 병원정보, 건강 정보 얻고 소통 해보세요.
- 30만 건강 챌린지 유저와 함께 좋은 습관을 만들어나가요.
- 병원 리뷰 이벤트와 만보기 챌린지에 참여하면 100% 포인트 받아요.

■ 포인트 혜택
- 걷기만 해도 포인트가 쌓이는 만보기 행운이벤트에 매일 응모해보세요.
- 용돈퀴즈, 용돈라방 보고 병원 퀴즈를 풀어보세요.
- 행운룰렛, 출석체크, 친구초대, 커뮤니티, 포인트 충전소를 통해 매일 포인트를 받으세요.
- 병원예약, 병원후기 등 병원 혜택을 이용하면 포인트를 받아요.
- 적립된 포인트로 커피, 편의점 등 기프티콘 쇼핑까지 한 번에 경험해보세요.

* 선택적 접근권한
카메라, 사진/미디어/파일 : 실비보험 청구, 병원후기, 인증샷 촬영 시 사진 첨부
위치정보 : 현 위치 기반 주변 병원예약 / 병원검색 / 약국 / 병원찾기
신체 활동 : 만보기 걸음 수 확인

선택 권한은 허용하지 않아도 서비스를 이용할 수 있으며, 휴대폰 설정에서 언제든 변경가능합니다.
안드로이드 6.0 미만 버전을 사용하는 경우에는, 선택 접근 권한의 동의 및 철회 기능 제공이 어렵습니다.

고객센터
Email : [cs@cashdoc.me](mailto:cs@cashdoc.me)
전화번호 : 070-4383-5541
----
개발자 연락처 :
캐시닥(주) 대한민국 서울특별시 강남구
강남구 역삼로3길 11, 2층 신관(역삼동)
06242 654-81-02333 제2021-서울강남-04731 본인 직접 신고",의료,https://play.google.com/store/apps/details?id=com.cashdoc.cashdoc&hl=ko&gl=kr,,,,,,
android,kr,com.purpleyoung.mobile,퍼플영-나만의 성형·시술 퍼플플랜,"퍼플영은 성형 시·수술을 고민하는 분들이 병원/시술 정보를 비교하고, 
필요한 내용을 정리해 병원에 상담 문의를 전달할 수 있도록 돕는 서비스입니다.
복잡한 검색과 반복되는 입력 없이, 내 조건에 맞는 정보를 더 쉽게 확인해 보세요.
나에게 맞는 병원 검색부터 비교, 고민 부위 상담까지 이제는 퍼플영에서 편리하게 경험하세요.



퍼플영은 이런 분들께 추천해요
- 병원 정보를 한 곳에서 비교해 보고 싶은 분
- 상담 문의 내용을 정리해서 한 번에 보내고 싶은 분
- 부위/지역/희망조건 등 나에게 맞는 정보를 빠르게 찾아보고 싶은 분
- 병원에서 제공하는 모집/안내 게시 정보를 확인하고 싶은 분



[주요기능]

1. 퍼플플랜 - 퍼플영이 제안하는 새로운 방식
- 고민 부위/조건을 한 번만 입력하면, 필요할 때 상담 문의를 간편하게 작성할 수 있습니다.
- 나의 고민을 반복 입력 없이 저장하여 반복 작성의 부담을 줄이고
정보 탐색을 도와서 조건에 맞는 병원을 한눈에 비교 가능합니다.



2. 퍼플견적 - 더 이상 힘들게 발품 팔지 마세요
- 퍼플플랜에 등록한 정보를 바탕으로 고민 부위/조건별 참고용 정보를 확인할 수 있어요.
- 여러 병원을 직접 찾아다니지 않아도 내가 원하는 정보 탐색 시간을 줄일 수 있습니다.
- 본 기능은 참고용이며, 실제 상담 및 시술 범위/비용/결정은 병원 및 의료진의 대면 상담을 통해 이루어집니다.



3. 퍼플모델 - 병원이 찾고 있는 성형모델, 이제 쉽게 한눈에 확인하세요
- 병원에서 제공한 모집/공지/안내 등 게시 정보를 모아 확인할 수 있어요.
- 나의 조건에 맞는 공고를 한눈에 비교하고 확인할 수 있어요.


4. 퍼플리뷰 - 생생한 후기로 더 확실한 선택을 하세요
- 퍼플모델, 퍼플견적 등 퍼플영 서비스 전반의 생생한 이용 후기를 작성하고 확인할 수 있습니다.
- 시·수술 전/후 사진과 상세한 리뷰 내용은 물론, 병원과 의료진 정보, 금액 정보까지 한 번에 제공합니다.
- 마음에 드는 퍼플리뷰는 북마크 기능으로 저장하여 마이페이지에서 언제든 간편하게 다시 꺼내볼 수 있어요.


- 게시 정보의 자세한 내용과 진행 여부는 해당 병원에 직접 확인해 주세요.

[수수료 안내]
- 퍼플영은 이용자에게 별도의 이용 수수료를 받지 않습니다.
- 또한 병원(파트너)으로부터 상담,시술 성사에 따른 건별 수수료를 받지 않습니다.



[의료정보 이용 안내]
- 퍼플영은 의료 행위(진단·치료·처방)를 직접 제공하지 않으며, 병원 정보 및 사용자 요청을 기반으로 한 정보 제공 및 상담 문의 전달 서비스입니다.
- 의료 상담 및 시술은 각 병원 및 의료진의 책임 하에 진행됩니다.
- 본 앱의 정보는 참고용이며, 의학적 진단이나 치료를 대체하지 않습니다.



[접근 권한]
- 알림 : 공지사항/소식 등 알림 수신 (선택)
- 카메라 : 고민 부위/참고 사진 촬영 (선택) 등
- 사진 : 사진 등록 및 저장 (선택)
- 생체 인증 : 앱 로그인 및 민감 정보(플랜) 조회 시 계정 2차 인증을 위해 사용
※ 선택 권한은 동의하지 않아도 서비스 이용이 가능합니다.
※ [휴대폰 설정 > 애플리케이션 > 퍼플영]에서 권한 동의 및 철회가 가능합니다.",뷰티,https://play.google.com/store/apps/details?id=com.purpleyoung.mobile&hl=ko&gl=kr,,,,,,
android,kr,com.mimo.mimokin,미용커플 - 대한민국 최대 미용인 커뮤니티!,"미용커플앱은 미용포털 서비스 어플리케이션으로 헤어, 피부, 네일, 메이크업에 종사하는 미용인을 대상으로 하는 미용인 회원전용 서비스로 대한민국 최대 미용인 커뮤니티  ""미용커플""의 공식 APP입니다.

미용커플앱은 전문 미용인만을 위한 커뮤니케이션 게시판과 미용인 구인구직, 중고장터, 살롱매매, 미용봉사, 미용전문 매거진, 미용봉사, 모델구하기, 미용재료쇼핑 등의 서비스를 제공하고 있습니다.

1. 미용커플의 독보적인 게시글수 미용톡 34,092건, 미용질문 17,915건, 매거진 3,817건 미용인이라면 미용커플회원 미프린이 되어 보세요.

2. 헤어, 피부, 네일, 메이크업 전용공간에서 프리이빗하게 소통 가능합니다.

3. 자체 개발된 폼과 위치 정보 제공으로 구인구직, 미용실 매매, 교육 정보, 미용봉사, 헤어 모델, 미용중고 등 꼭 필요한 서비스에서 최선의 데이터를 제공됩니다.

4. 업계최초 알바·스페어 '알바톡' 도입. 누적 알바확정건 수 11,119건으로 많은 업체와 인재의 호응을 얻고 있습니다.

5. 미용업계의 최신 정보와 최신제품을 다양하게 체험, 이벤트에 언제든 참여 가능합니다. 

6. 미용인에게 필요한 제품을 최적의 가격과 조건으로 까다롭게 입점심사를 거쳐 미프린에게 제공되고 있습니다. 


* 앱 접근 권한에 대한 안내

정보통신망 이용촉진 및 정보보호 등에 관한 법률 제 22조의2에 따라 아래와 같은 목적으로 '앱 접근 권한'에 대한 동의를 이용자에게 받고 있습니다. 


[접근 권한 안내]

* 필수 접근권한 

- 저장공간 : 미용커플 앱이 기기에 사진, 파일을 전송하거나 저장하기 위해 사용 (안드로이드 13 이전)

* 선택적 접근권한 

- 이미지 및 사진 : 게시판 글쓰기에 사진 첨부시 필요한 권한
- 카메라 :  게시판 글쓰기에 사진 첨부시 필요한 권한 (안드로이드 13 이전)
- 위치 : 위치정보를 활용한 검색결과 제공 등에 필요한 권한   
- 알림 : 게시판 댓글이나 채용정보, 알바톡 등등 서비스 관련 알림

*카메라 접근권한은 애플리케이션 관리 > 미용커플 > 권한 에서 철회하실 수 있으며 앱은 계속 사용하실 수 있습니다. 6.0 미만 버전을 사용 중일 경우에는 선택 권한을 개별로 허용할 수 없으므로, 보유하고 계신 단말의 제조사에서 운영체제 업그레이드를 지원할 경우 6.0 이상으로 업데이트 후 이용해 주시기 바랍니다.",커뮤니케이션,https://play.google.com/store/apps/details?id=com.mimo.mimokin&hl=ko&gl=kr,,,,,,
android,kr,com.sungyesa.app,"성예사 - 성형정보,병원후기,리뷰,가격 커뮤니티","성예사 성형정보 공유 커뮤니티입니다.
병원찾아삼만리(병원정보)
닥터찾아삼만리(의사정보)
성형관련 수많은 후기와 정보
찐성형후기를 만나 볼 수 있는 찐 성형커뮤니티
----
개발자 연락처 :
ALPHAPLUS CO,.LTD Rm 823
21 Soha-ro 76beon-gil
광명시, 경기도 14316
South Korea 725-81-00675 . .",뷰티,https://play.google.com/store/apps/details?id=com.sungyesa.app&hl=ko&gl=kr,,,,,,
android,kr,kr.co.groomingjok,그루밍족: 남자 성형 정보앱,"❗ 남자도 가꾸는 시대야 ❗

자기관리하는 남자를 위한 성형 정보앱 그루밍족

전국 1,900여 개의 병원과 4,400여 명의 의사 정보를 한 번에 알려주는 가꾸는 남자를 위한 필수 앱

관심 있는 다양한 성형·시술 정보와 이벤트 등을 꼼꼼히 확인하고 병원에 상담 받으러 가세요. 



[ 그루밍족을 위해 ]

🔍 전문의가 기고한 최신 시술 정보 300여 개를 알기 쉽게 정리 했어요.

🔍수술방 CCTV, 마취 전문의, 응급시스템, 수술 실명제 등 꼭 알아야 할 병원 정보를 모아두었어요.

🔍 나를 성형·시술하는 의사가 성형외과 전문의인지, 어떤 약력을 가졌는지 세세히 알아보세요.



[ 그루밍족의 주요 기능 ]

⚡ 이벤트 : 그루밍족 입점 병원들의 합리적인 가격의 이벤트를 한곳에 모아주었어요.

⚡ 성형·시술 후기 : 남자 성형·시술 후기를 골라 볼 수 있어요.

⚡ 게시판 : 국내 유일 남초 미용 커뮤니티에서 자신의 고민을 털어 놓으세요.

⚡ 검색하기 : 최신 업데이트된 시술·성형 정보, 병원 정보, 의사 정보를 손쉽게 검색하여 볼 수 있어요.

⚡ 즐겨찾기 : 관심 있는 시술, 병원, 의사 등을 찜하여 한 번에 모아볼 수 있어요.

⚡ 직원리뷰 : 병원 직원들의 생생한 리뷰를 확인할 수 있어요.

⚡ 상담 신청 : 그루밍족 입점 병원들로부터 무료 상담을 받을 수 있어요.
----
개발자 연락처 :
(주)뷰티소셜 대한민국 서울특별시 강남구
강남구 강남대로 364, 1710호 (역삼동,미왕빌딩)
06241 1898101510 2019-서울강남-04347 공정거래위원회",뷰티,https://play.google.com/store/apps/details?id=kr.co.groomingjok&hl=ko&gl=kr,,,,,,
android,kr,co.kr.beaulabs,"뷰랩 - 성형, 시술, 뷰티, 후기를 한번에!","성형수술과 피부관리, 뷰티 고민까지 성형어플 뷰랩 하나로 해결할 수 있어요!
매일매일 올라오는 수많은 성형 후기와 최저가로 할인 받는 성형 이벤트
전국 곳곳 내 위치를 기반으로 가까운 병원을 찾을 수 있는 성형어플 뷰랩
 
성형/시술 정보는 성형어플 뷰랩에서 쉽게 알아보고 
성형/시술 이벤트는 성형어플 뷰랩에서 쉽게 찾아보세요!

피부관리, 레이저부터 눈, 코, 윤곽등등  알아보고싶은 성형/시술 정보를 성형어플 뷰랩에서 한 눈에 확인하세요! 

👍[이벤트 고민될 때! 뷰랩 HOT 이벤트]
매일 업데이트되는 다양한 전국 병원 이벤트 중 실시간으로 바뀌는 인기 이벤트를 성형어플 뷰랩에서 만나보세요!

🖊[병원을 결정하기 전에 꼭~한 번 확인하는 병원평가]
회원들이 병원을 다녀온 후 직접 보고 느낀 상담, 시술, 수술의 과정을 자세하고 솔직하게 써놓은 리뷰를 확인하고 나의 실제 경험을 공유할 수 있는 병원평가!
친절함, 전문성, 시설, 사후관리, 비용의 만족도는 물론이며 과잉진료, 대기시간, 지정 의사, 지인 추천까지! 성형어플 뷰랩에서 생생한 후기로 만나 볼 수 있습니다.
 
🔎[개인별 맞춤형 검색이 가능한 의사/병원 찾기]
원하는 조건을 다~갖춘 의사/병원을 여기저기 찾아보지 않고 성형어플 뷰랩에서
관심 있는 분야, 지역, 부가서비스, 병원 평점까지 한 번에 검색하며 쉽게 찾아볼 수 있습니다!

📝[A부터 Z까지 활용 가능한 상담 메모장]
이제 더 이상 상담 가서 어떤 질문부터 해야 할지 막막해하지 말고 성형어플 뷰랩의 상담 메모장을 이용해 보세요! 
부가서비스, 질문 리스트, 비슷한 고민의 토크, 비슷한 이벤트까지 나만의 뷰티 플랜을 완성 시켜줄 수 있는 기능들을 한곳에 담았습니다!

💡[우리 집 주변에 이벤트 없을까? 내 위치 기반 병원 검색]
지도 검색 기능으로 나의 위치를 파악하여 최적화된 병원 정보를 제공하는 성형어플 뷰랩! 
병원명을 하나하나 검색하지 말고 뷰랩에서 가까운 병원들을 손쉽게 찾으실 수 있습니다.

💬[실제 후기가 필요해! '찐'들의 이야기]
병원에서 성형 및 시술을 받은 실제 회원들이 작성하여 믿을 수 있는 솔직 담백한 리얼 후기를 성형 어플 뷰랩에서 공유해 드립니다! 

🕐[이젠 집에서 상담받자! 비대면 무료 상담]
 시간, 장소 상관없이 성형어플 뷰랩 하나면 상담받고 싶은 부위를 선택하고 원하는 병원 선택하면 해당 병원에서 내가 원하는 이미지에 맞춤 상담을 무료로 해드립니다!

✔️[안심해요, 여기는 안전하니까]
24시간 자체 모니터링 시스템을 운영하여 회원들이 안심할 수 있는 클린한 환경을 유지하고 있는 성형어플 뷰랩! 
성형/뷰티 커뮤니티 공간에서 실제 경험담과 팁을 공유하고 다양한 정보를 실시간으로 이야기할 수 있어요.

🔮[영상으로 보는 성형 정보 채널 ‘뷰랩TV’]
지금은 영상 시대! 성형/뷰티 정보를 의사가 직접 설명하거나, 회원들의 실제 후기를 영상으로 보실 수 있습니다. 

💈[버라이어티한 뷰티 정보]
헤어, 탈모, 네일, 속눈썹, 다이어트, 헬스, 에스테틱, 마사지, 왁싱 등 전국 뷰티샵 이벤트까지 전달드립니다. 모든 뷰티는 성형어플 뷰랩에서 한 번에~ 해결하고 더 예뻐지세요!

*뷰랩 공식 사이트 
-홈페이지: http://beaulabs.co.kr/ 
-유튜브: https://www.youtube.com/channel/UCd60Zg0gaZxUZmhigVMAjMw 

※ 앱 접근 권한 안내정보통신망법 제22조의 2(접근권한에 대한 동의)를 준수하여 앱 서비스 이용 시 필요한 접근 권한을 아래와 같이 안내해 드립니다.

[필수 접근 권한]
- 전화 : 뷰티샵에 전화를 하기 위한 권한입니다.
- 위치 : 지도에서 가까운 병원이나 뷰티샵을 검색하기 위한 권한입니다.

[선택 접근 권한]
- 카메라 : 성형후기, 토크 작성 및 프로필 사진 변경 등을 위해 카메라 촬영이 필요한 경우를 위한 권한입니다.
- 마이크 : 비대면 상담 시 음성 전달을 위한 권한입니다.
- 파일 및 미디어 : 성형후기, 토크 작성 및 프로필 사진 파일 첨부를 위해 필요한 경우를 위한 권한입니다.

※선택 접근 권한은 동의하지 않아도 서비스 이용이 가능합니다.
※선택 접근 권한 미동의 시 서비스 일부 기능의 정상적인 이용이 어려울 수 있습니다.

*고객문의 
건의사항 및 불편한 사항은 대표메일 beaulabs_kr@naver.com
로 부탁드립니다.😍",뷰티,https://play.google.com/store/apps/details?id=co.kr.beaulabs&hl=ko&gl=kr,,,,,,
android,kr,app.indiex.surgio,코성형 보톡스 성형 시뮬레이션 얼굴 점수,"Aesti는 AI 성형 시뮬레이터이자 얼굴 평가 앱입니다. 셀카 한 장만 올리면 코성형, 보톡스, 입술 필러 같은 시술의 포토리얼 전후 사진을 내 얼굴로 확인할 수 있습니다. 여기에 AI 얼굴 분석으로 외모 점수, 얼굴 대칭, 황금비율, 피부 진단까지 한 번에 확인하세요.

코성형 시뮬레이션
• 8가지 조절 파라미터를 가진 코성형 시뮬레이터
• 콧대 높이, 코끝 모양, 콧볼 너비, 코 길이를 각각 조절
• 무수술 코성형과 코 필러 미리보기
• 매부리코 교정, 코 축소, 코높이기 시뮬레이션
• 코성형 전후 사진을 나란히 놓고 비교
• 코 재수술을 고민할 때 결과를 먼저 확인

보톡스 & 필러 시뮬레이터
• 보톡스 시뮬레이터: 이마, 눈가, 미간, 눈썹 주름
• 부위별 유닛 용량을 조절해 자연스러운 결과와 강한 결과를 비교
• 8포인트 주입 맵으로 입술 필러 시뮬레이션
• 볼 필러, 턱 필러, 턱선 필러 미리보기
• 눈물고랑과 팔자주름 필러 시뮬레이션
• 사각턱 보톡스로 얼굴선이 어떻게 바뀌는지 확인
• 예약 전에 필러가 얼굴을 얼마나 바꾸는지 직접 확인

눈성형과 안면윤곽
• 쌍꺼풀 수술, 눈매교정, 앞트임 시뮬레이션
• 여우상 눈매 리프팅과 강아지상 눈매
• 안면윤곽과 브이라인 턱 성형
• 광대 축소와 볼 지방 제거
• 턱 끝 성형과 무턱 교정
• 실리프팅과 얼굴 지방이식

그 외 시술
• 눈썹 리프팅과 눈썹 문신
• 모발이식 미리보기
• 할리우드 스마일과 치아 미백
• 이중턱 개선과 얼굴 축소

AI 얼굴 분석 & 외모 점수
• AI 얼굴 평가와 얼굴 점수, 뷰티 스코어
• 0부터 100까지 얼굴 대칭 점수, 왼쪽과 오른쪽을 직접 비교
• 황금비율 얼굴 측정 (Phi 1.618 비율)로 이목구비 균형 분석
• 얼굴형 테스트: 계란형, 둥근형, 하트형, 각진형, 긴형, 다이아몬드, 삼각형
• 피부 진단: 주름, 모공, 색소침착, 다크서클, 결, 홍조
• 피부 나이 예상과 피부 분석 리포트
• 관상 테스트와 얼굴 비율 리포트
• 478개 얼굴 랜드마크 인식으로 정밀 측정

사용 방법
1. 셀카를 찍거나 업로드하세요
2. Aesti가 기기에서 AI 얼굴 분석을 실행합니다
3. 내 얼굴에 맞춘 시술 추천을 받습니다
4. 시술을 선택하세요: 코성형, 보톡스, 입술 필러, 턱선, 턱 끝
5. AR 미리보기로 실시간 조절합니다
6. 포토리얼 AI 성형 시뮬레이션을 생성합니다
7. 저장하고 전후를 비교한 뒤 공유하세요

Aesti를 쓰는 이유
• 사진 필터나 뷰티 카메라가 아닌 진짜 성형 시뮬레이터입니다
• 왜곡된 셀카가 아니라 포토리얼 AI 시뮬레이션을 만듭니다
• 얼굴 분석은 기기에서 처리되어 사진이 비공개로 유지됩니다
• 계정 없이 바로 시작할 수 있습니다
• 여성과 남성 모두 사용할 수 있습니다
• 모든 시술이 조절 가능해 자연스러운 변화도 큰 변화도 미리 볼 수 있습니다
• 전후 사진을 저장해 언제든 다시 확인할 수 있습니다

이런 분들이 사용합니다
상담 전에 성형을 알아보는 분. 코성형 결과를 비교하고 싶은 분. 보톡스와 필러 사이에서 고민하는 분. 입술 필러를 얼마나 넣을지 정하고 싶은 분. 얼굴상 테스트와 외모 점수가 궁금한 분. 얼굴 황금비율과 대칭이 알고 싶은 분. 피부 분석으로 모공과 주름 상태를 확인하고 싶은 분. 원하는 결과를 의사에게 정확히 보여주고 싶은 분.

Aesti는 결과를 먼저 보고 싶은 사람을 위한 앱입니다. 성형 시뮬레이터, 코성형 시뮬레이션, 보톡스 시뮬레이터, 필러 시뮬레이터, AI 얼굴 분석이 하나에 담겨 있습니다.

자주 묻는 질문

Q. 성형 시뮬레이션이 얼마나 사실적인가요
A. Aesti는 AI로 본인 얼굴 사진을 직접 변형합니다. 템플릿에 얼굴을 끼워 넣는 방식이 아니라 478개 얼굴 랜드마크를 기준으로 코성형이나 필러의 변화를 재현하기 때문에 포토리얼한 결과가 나옵니다.

Q. 얼굴 점수와 외모 점수는 어떻게 계산되나요
A. 얼굴 대칭성, 황금비율(Phi 1.618), 이목구비 배치 균형, 얼굴형을 측정해 점수로 변환합니다. 어디까지나 참고용이며 미의 기준을 정하는 것이 아닙니다.

Q. 사진이 어딘가에 저장되나요
A. 얼굴 분석은 기기에서 처리됩니다. 계정 없이 바로 시작할 수 있습니다.

Q. 남성도 사용할 수 있나요
A. 사용할 수 있습니다. 코성형, 안면윤곽, 사각턱 보톡스, 모발이식, 피부 진단까지 모든 기능이 남성 얼굴에도 적용됩니다.

Q. 보톡스 유닛도 조절할 수 있나요
A. 가능합니다. 이마, 눈가, 미간 등 부위별로 유닛을 바꿔가며 자연스러운 결과와 강한 결과를 비교할 수 있습니다.

Q. 상담 전에 참고 자료로 쓸 수 있나요
A. 많은 분들이 원하는 결과를 의사에게 전달하기 위한 참고 이미지로 사용합니다. 다만 의료 행위를 대신하지는 않습니다.

중요 안내
Aesti는 시각화와 엔터테인먼트를 위한 앱입니다. 얼굴 분석 결과와 시술 시뮬레이션은 AI가 생성한 근사치이며 의학적 조언, 진단, 치료가 아닙니다. 성형과 관련한 결정을 내리기 전에 반드시 자격을 갖춘 의료 전문가와 상담하세요.",뷰티,https://play.google.com/store/apps/details?id=app.indiex.surgio&hl=ko&gl=kr,,,,,,
android,kr,com.aicosmeticsimulator,성형수술 시뮬레이터 AI,"100만 건 이상의 성형 시뮬레이션 수행! 🎉

✨ 새로운 모습이 궁금하신가요? AI 기반 성형 시뮬레이션을 즉시 확인하세요!

⭐ 주요 기능:
✅ 맞춤형 시뮬레이션 – 입술, 코, 얼굴, 피부 등 원하는 부위를 선택하고 즉시 결과 확인
✅ 간편한 사용법 – 사진을 업로드하고 원하는 시술을 선택하면 몇 초 만에 결과 제공
✅ 비포 & 애프터 비교 – 원본 사진과 시뮬레이션된 이미지를 나란히 비교
✅ 다운로드 & 공유 – 결과를 저장하거나 친구들과 쉽게 공유

💄 이용 가능한 성형 시뮬레이션:

🔹 입술
✔️ 입술 필러 | ✔️ 입술 리프팅 | ✔️ 입술 축소

🔹 코
✔️ 코 성형(코 재수술 포함) | ✔️ 코 필러 | ✔️ 코끝 리프팅

🔹 얼굴
✔️ 페이스 리프팅 | ✔️ 턱 확대 | ✔️ 볼 필러

🔹 눈
✔️ 눈밑 지방 제거(하안검 수술)

🔹 피부
✔️ 더말 필러 | ✔️ 피부 탄력 강화

이용 방법:
1️⃣ 사진 업로드
2️⃣ 다양한 미용 시술 선택
3️⃣ AI 기반 즉시 시뮬레이션 결과 확인 및 변신 미리보기

🚀 단 몇 초 만에 미래의 모습을 확인하세요—지금 AI 성형 시뮬레이터를 체험해 보세요!

💡 이 앱은 누구를 위한 것인가요?
🔹 성형 수술 전 미리 결과를 확인하고 싶은 분
🔹 다양한 미용 변화를 시도해 보고 싶은 분
🔹 쉽고 재미있는 AI 성형 시뮬레이션 앱을 찾는 분

🔹 이 앱은 다음과 같이 사용할 수 있습니다:
✔️ 성형 시뮬레이터
✔️ 다크서클 제거
✔️ AI 미용 필터
✔️ 코 성형 & 입술 필러 시뮬레이터

⚠️ 중요: 이 앱은 시각적 시뮬레이션만 제공하며, 의료적 조언이나 전문적인 추천이 아닙니다. 정확도와 품질은 다를 수 있습니다.",사진,https://play.google.com/store/apps/details?id=com.aicosmeticsimulator&hl=ko&gl=kr,,,,,,
android,kr,com.merakiplace.mydoctor,"나만의닥터 - 1위 비대면진료, 최저가 병원 찾기 앱","[대한민국 1위 비대면 진료 앱 - 나만의닥터]
• 2026 대한민국 소비자 브랜드 대상 — 진료 부문 1위
• 2024 중앙일보 올해의 우수브랜드대상 — 비대면진료 부문 1위
• 2022 대한민국소비자브랜드 대상 — 서비스만족도 1위

안심 비대면 진료·약국 찾기, 마운자로·위고비·GLP-1 다이어트 주사 최저가, 탈모약·여드름약 처방, 가다실9가·대상포진·독감 예방접종 백신 최저가, 당뇨·고혈압·고지혈증 만성질환 처방, 산부인과·비뇨기과·정신과(인데놀·면접약) 비대면 진료, 소아과 비대면 진료, 응급실·문 연 병원·일요일 약국 최저가 지도까지 — 의사가 만든 비대면 진료 앱 나만의닥터.

[비대면 진료 및 약 배달 - AI 문진, 전화·화상 원격 진료]
음성·화상 통화로 전화 진료·원격 진료(비대면 진료)받고 약국에서 약을 배달 받을 수 있어요.
- AI 문진: 내 증상도 비대면 진료가 가능한지 헷갈릴 때는 AI 챗봇을 통해 비대면 진료가 가능한 증상인지 알려드려요.
- 방문수령: 전국민 누구나 인근 약국에 처방전 전송 후 약 수령
- 약 배송: 섬·벽지·등록 장애인·거동 불편자는 퀵·택배로 약 수령

[다이어트 주사 최저가 - 마운자로·위고비·삭센다·GLP-1]
- 마운자로·위고비·삭센다·GLP-1 다이어트 주사 처방 + 최저가 예약
- 다이어트 주사제·경구약 처방 병원/약국 최저가 지도
- 마운자로 기록·위고비 기록: 투약 일자·용량·체중 변화 기록, 체내 약물 잔여량 그래프

[탈모약·여드름약 처방]
- 먹는/바르는 탈모약, 먹는/바르는 여드름약, MD 보습제(제로이드·이지듀·에스트라·아토베리어) 처방
- 전국 탈모약·여드름약 최저가 약국 지도

[발기부전제·피임약 처방 - 비아그라·시알리스·사후피임약·사전피임약]
- 발기부전제: 비아그라·시알리스·레비트라·자이데나·엠빅스 처방·최저가 비교
- 피임약: 사후피임약(노레보·엘라원·포스티노원)·사전피임약(야스민·야즈·머시론·마이보라·트리퀼라) 최저가 비교

[수액 주사 - 마늘·백옥·신데렐라·태반·감초·마이어스 + 감기/장염/피로/숙취]
- 마늘주사 (푸르설티아민/비타민 B1): 만성 피로 회복·근육통 완화
- 백옥주사 (글루타치온): 피부 미백·간 해독·항산화
- 신데렐라주사 (치옥트산/알파리포산): 체지방 감소·피부 노화 방지·대사 촉진
- 태반주사 (자하거추출물/가수분해물): 갱년기 장애 개선·간 기능 회복·활력 증진
- 감초주사 (글리시리진): 항염증·간 기능 개선·알레르기 증상 완화
- 마이어스 칵테일 주사: 종합 비타민·미네랄 정맥주사 (만성 피로·면역력)
- 감기 수액·장염 수액·피로 회복 수액·숙취 수액: 증상별 영양 수액 (탈수·전해질·해독)

[백신 예방접종 - 가다실9가·대상포진·독감·TDap·B형간염]
- 독감: 스카이셀플루·플루아릭스·박씨그리프·가브에프·플루세이브
- 가다실9가 (HPV/자궁경부암): 가다실9가·가다실4가·서바릭스
- 대상포진: 싱그릭스·조스타박스
- 폐렴구균: 프리베나13·박스뉴반스·폴리코박스
- A형간염: 박타·헤바박스·하브릭스·트윈릭스
- B형간염: 헤파박스·유박스
- TDap (파상풍·디프테리아·백일해): 아다셀·부스트릭스
- RSV·수두·MMR·일본뇌염·수막구균·코로나19 가격 비교
- 소아 예방접종: BCG·B형간염·DTaP·폴리오·Hib·폐렴구균·로타바이러스·MMR·수두·A형간염·일본뇌염·HPV

[만성질환 비대면 진료 - 당뇨·고혈압·고지혈증·헤르페스]
- 당뇨약·고혈압약·고지혈증약 처방 - 만성질환 정기 처방 비대면 진료
- 헤르페스약·통풍약·전립선약·발톱무좀약 등 만성/반복 질환 처방
- 혈당·혈압·체중 기록 + 약 복용 알림으로 만성질환 관리

[정신과 비대면 진료 - 인데놀·면접약·수면제]
- 인데놀 처방 (긴장·면접·발표 떨림 완화), 면접약 처방
- 불면증약·우울증약·불안증약 처방 (향정신성의약품 제외)
- 정신건강의학과 비대면 진료, 정신과약 처방

[소아과 비대면 진료 + 아이닥터]
- 소아과 비대면 진료, 소아청소년과약 처방
- 아이닥터: 아이 진료 내역·약처방 기록·알러지 기록 연동
- 아이 열기록 & 해열제 교차복용 안내: 열 기록·다음 열 알림·교차복용 가능 시점 안내

[응급실·소아과 119 지도·문 연 병원·일요일 약국]
- 소아과 119 지도·소아 응급실·응급실 현황·달빛어린이병원
- 문 연 병원/약국 찾기, 일요일 병원/약국 찾기
- 24시간 약국·심야 약국·야간 약국·주말 약국·휴일지킴이 약국·365일 약국

[의료마이데이터 - 나의 건강기록을 한 곳에]
- 의료마이데이터 연동·의료기록 불러오기: 진료내역·검사내역·수술내역·건강검진 내역 통합 확인
- 내가 먹은 약 (의약품 복약이력): 처방받은 약 이력 자동 정리
- 알레르기 정보 등록: 비대면 진료 시 의사에게 자동 공유
- 병원 방문 정보·병원 결제 정보 통합 관리

[건강 기록 - 혈당 기록·혈압 기록·체중 기록·다이어트 기록]
- 혈당 기록: 일일 혈당 기록, 당뇨 관리 그래프
- 혈압 기록: 일일 혈압 기록, 고혈압 관리 그래프
- 체중 기록: 일일 체중 변화 기록, 다이어트 추이 그래프
- 다이어트 기록: 마운자로·위고비 다이어트 주사 투약 + 식단·체중 통합 기록

[비대면 진료 진료과]
- 가능 진료과: 피부과·산부인과·비뇨기과·이비인후과·소아과·내과·정형외과·안과·신경과·치과·가정의학과·정신건강의학과·통증의학과 비대면 진료
- 진료과별 약 처방: 산부인과·비뇨기과·정신과·내과·이비인후과·소아청소년과·피부과·안과·신경과·가정의학과·통증의학과·정신건강의학과·정형외과약 처방

[비대면 진료 가능 질환/증상]
- 급여: 감기약·독감약·비염약·천식약·질염약·방광염약·입덧약·인공눈물·결막염약·다래끼약·당뇨약·고혈압약·고지혈증약·위장약·장염약·식도염약·소화불량약·변비약·발톱무좀약·헤르페스약·두드러기약·아토피약·근육통약·통풍약·두통약·전립선약 처방
- 비급여: 먹는/바르는 탈모약, 먹는/바르는 여드름약, MD 보습제

[의료비 최저가 지도 - 라식·MRI·임플란트·모발이식·초음파]
- 시력교정술: 라식·라섹·스마일라식
- MRI 검사: 뇌·척추·어깨·무릎 MRI 부위별 비용
- 치과 비급여: 임플란트·크라운·라미네이트·치아교정
- 모발 이식술: 모발이식 병원 비용·후기
- 초음파: 갑상선·유방·복부·자궁 부위별 비용

[전국 최저가 지도 - 마운자로·위고비·가다실·독감·탈모약·여드름약·비아그라·시알리스·수액]
- 마운자로·위고비·삭센다·GLP-1 다이어트 주사 최저가 지도
- 가다실·독감 예방접종·대상포진·폐렴구균 백신 최저가 지도
- 탈모약·여드름약 최저가 지도
- 비아그라·시알리스·레비트라 발기부전제 최저가 지도
- 마늘·백옥·신데렐라·태반·감초·마이어스 칵테일 수액 최저가 지도
- 병원·약국 후기·리뷰 + 대기 없는 바로 예약 + 간편결제

[돈 버는 앱테크 - 닥터캐시·닥터포인트·만보기]
- 건강 퀴즈·만보기·건강기록 미션 → 닥터캐시·닥터포인트·포인트박스 적립
- 닥터캐시: 네이버페이·GS25·CU·세븐일레븐 상품권 / 닥터포인트: 비급여 진료비

[건강상식 - 당뇨·고혈압·탈모·소아과·다이어트]
- 건강꿀팁·건강테스트·질환백과·건강 FAQ: 당뇨·고혈압·탈모·다이어트·여드름·소아과·여성질환·독감·예방접종 정보

[나만의닥터 — 줄여서 부르셔도 같은 앱이에요]
나만의닥터를 줄여서 나닥·나만닥, 또는 나의닥터·마이닥터·모두의 닥터·오늘의 닥터로 검색하셔도 같은 앱이에요.

[앱 접근 권한]
「정보통신망 이용촉진 및 정보보호 등에 관한 법률」 제22조에 따라 아래와 같은 목적으로 '앱 접근 권한'에 대한 동의를 이용자에게 받고 있습니다. 나만의닥터 앱은 반드시 서비스에 필요한 항목만 선택적으로 접근하고 있습니다.

선택 접근 권한
- 위치: 약 배송용 현재 위치 자동 수신
- 마이크/전화: 비대면 진료 시 음성/화상 통화
- 연락처: 초대·공유 시 연락처 연동
- 카메라/사진: 증상 사진 업로드·배송리뷰·비대면 화상 진료
- 알림: 진료/조제·건강관리 알림 수신
- 신체활동: 목표걸음 걷기 기록 시 걸음 수 확인

선택 접근권한에 동의하지 않아도 해당 권한이 필요한 일부 기능을 제외하고 나만의닥터 서비스를 이용하실 수 있습니다.
----
개발자 연락처 :
주식회사 메라키플레이스 대한민국 서울특별시 강남구
강남구 테헤란로 242, 4층 (역삼동)
06221 554-86-02396 2026-서울강남-02884 Self",의료,https://play.google.com/store/apps/details?id=com.merakiplace.mydoctor&hl=ko&gl=kr,,,,,,
android,kr,com.plasticsurgeryai.app,코성형 시뮬레이터 - AI 성형,"코성형 시뮬레이터 - AI 성형

글로우업을 먼저 확인하세요. 셀피를 올리고 코 성형, 턱선, 입술, 피부 변화를 내 얼굴에서 미리 보세요 — 몇 초 만에 사실적인 비포/애프터, 여전히 나답게.

이 앱은 창의적인 사진 앱이며 의료 도구가 아닙니다. 모든 결과는 호기심과 영감을 위한 AI 시뮬레이션입니다.

GLOW UP
사진 한 장, 내 얼굴의 가장 좋은 모습: 맑아진 피부, 편안한 눈매, 정돈된 눈썹, 또렷한 턱선. 사실적인 글로우업 — 추측 없는 룩스맥싱 미리보기.

해볼 수 있는 것

코
• 코 성형 시뮬레이터 — 은은한 다듬기부터 반듯한 옆모습까지 6가지 코 형태
• 코 성형 비포 애프터, 정면과 옆모습

얼굴형
• 턱선 — V라인, 각진, 부드러운 스타일
• 턱, 볼, 페이스리프트 미리보기

눈과 눈썹
• 눈썹 리프팅 — 폭스아이, 부드러운 아치, 일자 눈썹
• 눈꺼풀 수술 미리보기
• 눈 밑 — 다크서클과 부기, 완화

입술과 미소
• 입술 볼륨 — 내추럴, 하트, 러시안 립
• 스마일 디자인 — 할리우드, 내추럴 화이트, 최소 교정

피부와 모발
• 피부 분석 — 결, 맑기, 수분을 영역별로, 피부 점수와 함께
• 표정 주름 완화
• 모발 이식 — 헤어라인 비포 애프터

분석
• 얼굴 조화 — 얼굴 대칭과 비율에 대한 황금비율 점수

상세 리포트
코 성형, Glow Up, 피부 분석 후 내 언어로 두 쪽짜리 리포트: 무엇이 바뀌었고, 무엇이 그대로이며, 전문가에게 물어볼 만한 질문은 무엇인지. PDF로 내보내세요.

이용 방법
1. 사진을 올리거나 셀피를 찍기
2. 시술과 스타일 선택
3. AI가 몇 초 만에 사실적인 미리보기 생성
4. 비포/애프터 슬라이더를 드래그한 뒤 저장, 공유 또는 리포트 받기

사람들이 쓰는 이유
대부분 호기심입니다. 내 얼굴에서 변화를 보는 것은 거울이 답할 수 없는 질문에 답해 줍니다. 어떤 사람은 전문가에게 이야기할 가치가 있는지 판단하려고 쓰고, 어떤 사람은 절대 하지 않을 스타일을 그저 즐겁게 시도해 봅니다.

14개 언어 지원. 사진은 온전히 나의 것 — 기록이나 계정 전체를 언제든 앱 안에서 삭제할 수 있습니다.

중요 안내
모든 이미지, 점수, 리포트는 AI가 만든 인공 시뮬레이션입니다.
이 앱은 의료 도구가 아니며 실제 수술 결과를 나타내지 않습니다.
실제 미용 결정을 내리기 전에 자격을 갖춘 전문가와 상담하세요.
AI 시각화일 뿐입니다. 의학적 조언이나 결과 예측이 아닙니다.",뷰티,https://play.google.com/store/apps/details?id=com.plasticsurgeryai.app&hl=ko&gl=kr,,,,,,
android,kr,net.bbeu.app,"쀼 - 성형, 피부 숏폼 영상 후기 앱","언니도 여신되기 전 쀼 숏폼 후기🎈

＃짧고 강한 비포&애프터 빠르게 확인
요즘 트렌드는 숏폼! 성형 후기도 숏폼으로 필요한 정보만 빠르게 볼 수 있어요
내 관심 카테고리를 등록하면 관심있는 영상들만 모아 볼 수 있어요

＃ 성형, 피부 영상 리뷰 최다 보유! 
필요한 부분만 콕! 원하는 부분만 쏙!
성형, 피부 리뷰 영상 중 최다 영상 리뷰를 보유한 ‘쀼티비’ 영상을
메인 장면만 골라서 빠르게 확인할 수 있어요

# 100% 리얼 실사용자의 믿을 수 있는 리뷰
수많은 100% 리얼 찐 후기도 사진 모아보기 기능으로 빠르게 비교해 볼 수 있고 
병원 정보도 한 번에 확인 할 수 있어요


# 할인 이벤트 신청하고, 포인트도 받고!
믿을 수 있는 성형, 피부 이벤트를 찾고 계시다면 ‘쀼’에서 확인해보세요 
‘쀼’는 믿을 수 있습니다 
 

쀼 공식 채널)
유튜브 : https://www.youtube.com/@BBEUTV
인스타그램 :  https://www.instagram.com/bbeutv/
틱톡 : https://www.tiktok.com/@bbeu_tv


쀼 서비스 문의)
앱 이용 시 문의 사항이 있거나 불편함을 느끼시면 메일을 보내주세요 
email : hm@healthmedi.io",뷰티,https://play.google.com/store/apps/details?id=net.bbeu.app&hl=ko&gl=kr,,,,,,
android,kr,com.meitu.meiyancamera,BeautyCam 뷰티캠 - 필름카메라&AI 사진,"뷰티캠 BeautyCam

l 다양한 AI 기능! 맥북투샷 등 핫한 AI 기능 제공
l AI 헤어: 버튼 하나로 원하는 헤어스타일과 컬러로 간편하게 변신
l 고화질 아이폰 모드부터 DSLR, 필름 카메라 감성까지 다양한 카메라를 한 곳에
l AI 스마트 감지로 얼굴과 체형을 자동으로 보정

=== AI 기능 ===
· AI 사진: 다양한 AI 스타일로 완성하는 트렌디한 사진
· AI 옷장：원탭으로 자유롭게 의상 변경!
· AI 네일: 클릭 한번으로 100가지 네일 스타일 완성!
· AI 지우개: 사진 속 불필요한 사람 및 사물을 깔끔하게 삭제!
· AI 영상효과: 사진을 멋진 영상으로 변환, AI가 만들어내는 감각적인 영상

=== 카메라 모드 ===
· iPhone 모드: 맑고 투명한 피부 표현, 자연스러운 보정과 아이폰 감성까지!
· DSLR 카메라: 줌, 심도, 화이트 밸런스 등 인기 DSLR 기능을 마음껏 체험
· 컬러조명: 어두운 곳에서도 완벽한 셀카, 다양한 색상의 보조 조명으로 무드 완성

=== 필수 기능 ===
· 화질복구: 흐릿한 사진을 선명한 고화질로 복원해 완벽한 순간을 기록
· AI 배경제거: 버튼 하나로 1초 만에 배경 삭제, 누끼 완성!
· 조명 보정: 역광, 과도한 노출을 정리해 자연스럽고 선명한 사진 완성

=== 리터치 기능 ===
· AI 다이어트: 얼굴부터 몸매까지 자연스럽게 보정해 완벽한 비율 완성
· AI 리터치: 메이크업부터 얼굴 윤곽 보정까지 원터치로 해결
· 컨실러: 잡티 완벽 커버! 무결점 피부 표현!
· 주름 제거: 피부결을 매끄럽게 정리해 생기 넘치는 동안피부 연출
· 이중턱 제거: 1초 만에 이중턱 삭제, 날렵하고 매력적인 V라인 연출

=== 영상 기능 ===
· 프롬프터: 영상 촬영 시 대사를 놓치지 않도록 도와주는 최고의 어시스턴트
· 영상 얼굴보정: 영상에서도 얼굴과 몸매를 자연스럽게 보정해 완벽한 자신감 유지

Beauty Cam을 이용하기 위해서는 모바일 기기의 일부 데이터 및 기능에 대한 접근 권한이 필요합니다.

[필수 접근 권한]
사진 및 동영상: 기기에 저장된 사진 및 동영상을 불러오고, 편집한 사진 및 동영상을 저장하기 위해 사용됩니다.
[선택 접근 권한]
마이크: 동영상 촬영 시 오디오 녹음을 위해 사용됩니다.
알림: 앱 관련 알림을 기기에서 수신하고 표시하기 위해 사용됩니다.
음악 및 오디오: 기기에 저장된 음악 및 기타 오디오 파일을 불러오기 위해 사용됩니다.
카메라: 사진 및 동영상 촬영을 위해 사용됩니다.
※ 선택 접근 권한에 동의하지 않아도 해당 권한이 필요한 기능을 제외한 서비스는 이용할 수 있습니다.
다만 해당 접근 권한에 동의하지 않을 경우, 해당 권한이 필요한 일부 기능의 이용이 제한될 수 있습니다.

서비스 약관: https://pro.meitu.com/meiyan/agreements/service.html?lang=en
개인정보 보호정책: https://pro.meitu.com/meiyan/agreements/privacy_policy.html?lang=en
VIP 서비스 계약: https://pro.meitu.com/meiyan/agreements/membership.html?lang=en",사진,https://play.google.com/store/apps/details?id=com.meitu.meiyancamera&hl=ko&gl=kr,,,,,,
android,kr,com.campmobile.snow,SNOW 스노우 - AI 프로필 & 고화질 카메라,"전세계 2억명이 사용하는 카메라 앱, SNOW

* 자연스럽게 예뻐지는 실시간 뷰티 효과! 나만의 스타일을 만들고 저장하세요
* 트렌디한 AR 메이크업 효과로 인생 셀피를 찍어보세요
* 매일매일 업데이트되는 수천가지의 다양한 스티커를 만나보세요
* 이제 필터도 실시간 업데이트! 시즌 한정 배포되는 트렌디 필터를 놓치지마세요
* 몇 번의 터치로 간편하게 전문가급의 앨범 사진 보정을 할 수 있어요

SNOW 최신 소식보기:
• 공식 페이스북 : https://www.facebook.com/snowapp
• 공식 인스타그램 : https://www.instagram.com/snow_kr_official
• 제휴 관련 문의 : dl_snowbusiness@snowcorp.com


SNOW에서는 아래와 같은 이유로 접근권한을 요청합니다.

[필수 접근 권한]
- 사진 및 동영상 : 사진 및 동영상을 저장하거나, 편집하기 위해 필요한 권한입니다. (OS 버전 13.0 이상 단말에서만 사용)
- 음악 및 오디오 : 동영상 등 음원을 저장하거나, 편집하기 위해 필요한 권한입니다. (OS 버전 13.0 이상 단말에서만 사용)
- 저장 공간(파일 및 미디어) : 사진 및 동영상을 저장하거나, 불러와서 편집합니다. (OS 버전 13.0 미만 단말에서만 사용)
- 마이크 : 동영상에 소리를 녹음합니다.
- 카메라 : 사진 또는 동영상을 촬영합니다.

[선택 접근 권한]
- 위치 : 위치 정보를 활용한 스티커를 사용합니다. 그리고 촬영 결과물에 위치 정보를 함께 기록합니다. 
- 알림 : 중요 공지사항 및 이벤트, 프로모션 정보 알림을 받으실 수 있습니다. (OS 버전 13.0 이상 단말에서만 사용)
* 선택 접근 권한을 허용하지 않더라도 서비스의 이용은 가능하나, 해당 접근 권한이 필요한 기능은 허용 전까지 사용하실 수 없습니다.

[고객센터]
- 이메일: snow_support@snowcorp.com
- 전화번호: 1599-7596
----
개발자 연락처 :
스노우 주식회사 분당구 불정로 6, 15층 (정자동,그린팩토리)
성남시, 경기도 13561
South Korea 7868700371 2018-성남분당B-0023 경기도 성남시",사진,https://play.google.com/store/apps/details?id=com.campmobile.snow&hl=ko&gl=kr,,,,,,
android,kr,com.commsource.beautyplus,BeautyPlus-완벽한 사진 편집 어플,"• AI 아바타, 페이스 앱, 메이크업 도구, 카툰 필터, 배경 삭제 등… 50종 이상의 쉽고 간편한 편집 도구로 뛰어난 작업물을 빠르게 완성할 수 있습니다. 무료로 다운로드하세요!
• 전 세계 8억 명의 유저가 사용하는 셀피 카메라 및 사진 편집 앱
• 놀라운 AI 자동 보정 도구로 완벽한 셀카 완성

BeautyPlus 뷰티플러스 에 있는 다양한 필터, 스티커, 특수효과 등을 이용하여 셀피를 멋지게 꾸미고 행복한 추억을 기록하세요.

<strong>► 최첨단 AI 기능에 액세스:</strong>
다음과 같은 BeautyPlus AI 기반 도구로 새로운 차원의 사진 편집을 경험해 보세요.
- AI 인물 사진: 여러 장의 사진을 업로드하여 다양하고 매력적인 스타일을 생성하며, 평범한 인물 사진을 특별한 작품으로 바꿀 수 있습니다.
- AI 향상: 오래된 흐린 사진과 동영상에 활력을 불어넣고, 첨단 AI 기술을 통해 이미지와 동영상 해상도를 높일 수 있습니다.
- AI 펫 인물 사진: 사진에 마법 한 스푼을 얹어 사랑스런 펫들을 매혹적인 마법사나 귀여운 요리사로 바꿀 수 있습니다.
- AI 배경 삭제: 사진에서 원하지 않는 배경을 클릭 한 번으로 쉽게 제거하여 사진의 배경을 깔끔하게 변경할 수 있습니다.
- AI 리무버: 뛰어난 AI 및 고급 이미지 처리 기술을 사용하여 사진에서 사람, 건물, 기타 원하지 않는 사물들을 제거할 수 있습니다.
  
<strong>► 레트로 필름카메라로 순간을 담다:</strong>
- 필름카메라: 클래식 아날로그 사진에서 영감을 받은 필름카메라 기능을 즐겨보세요!
- 이제 필름 고유의 감성을 스마트폰 사진에서도 그대로 느끼실 수 있습니다.
각기 다른 스타일을 지닌 6종의 필름카메라 모델과, 함께 사용 가능한 필터, 스티커 옵션도 제공됩니다.
- 터치 한 번으로 추억과 레트로 감성이 가득한 필름카메라 사진과 영상을 촬영하세요!
  
<strong>► 한 차원 업그레이드된 셀카 놀이:</strong>
BeautyPlus는 단순한 사진 편집 앱이 아닌 나만의 뷰티 & 스타일 어시스턴트입니다. 셀카를 완벽하게 만들어 주는 다양한 기능들을 탐색해 보세요.
- AI 자동 보정: 자연스러운 아름다움을 표현하는 놀라운 AI 도구로 완벽한 셀카를 손쉽게 완성할 수 있습니다.
- 메이크업 도구: 립스틱, 아이브로우, 아이섀도우, 블러셔, 헤어 염색 등 여러분의 룩을 향상시켜줄 자연스럽고 스타일리시한 메이크업을 적용할 수 있습니다.
- 키 조정, 슬리밍 등 다양한 체형 편집 도구: 직관적인 도구들로 외형 특징들을 커스텀하여 전체적인 외관을 향상시킬 수 있습니다.
  
<strong>► 독창적인 편집을 더욱 손쉽게:</strong>
다양한 필터, 효과, 스티커 및 편집 도구들로 창의력을 발휘해 보세요.
- 400종 이상의 필터: 다양한 테마 필터 모음 중에서 선택하여 독특한 스타일을 손쉽게 연출할 수 있습니다.
- 템플릿: 인기 편집 스타일을 재현하기 위한 다양한 템플릿들을 원클릭으로 사용할 수 있습니다.
- 스티커 및 텍스트: 사진을 스타일리시하고 멋지게 만드는 수천 가지의 특별한 스티커와 감성 텍스트 템플릿을 추가할 수 있습니다.
- 브러시 및 배경: 그리거나 칠하거나 배경색을 추가하여 사진을 업그레이드할 수 있습니다.
- 콜라주: 여러 장의 사진을 예술적인 배열로 조합하여 유니크한 스토리를 가진 콜라주를 손쉽게 만들 수 있습니다.
  
멋진 기능, 인기 효과, 재미있는 스티커들로 가득한 BeautyPlus를 지금 바로 무료로 다운로드 하세요! BeautyPlus를 사용하는 수백만 명의 유저들과 함께 삶의 소중한 순간들을 포착하고 더 빛나게 만들어 보세요.

<strong>여러분의 사진(그리고 피드백)을 공유해 주세요!</strong>
• 인스타그램: https://www.instagram.com/beautyplusapp/
• 페이스북: https://www.facebook.com/BeautyPlus
• 고객 지원: support@beautyplus.com
- https://www.beautyplus.com/ko
  
💎 프리미엄 혜택
- 100% 광고 없는 경험
- 50개 이상의 프리미엄 기능과 1000개 이상의 독점 필터, 메이크업 룩, 템플릿, 스티커 등을 잠금 해제하세요!
  
BeautyPlus를 이용하려면 사용 중인 모바일 기기의 특정 데이터 및 기능에 접근할 수 있는 권한이 필요합니다.
[필수 접근 권한]
사진 및 동영상: 사진·동영상 촬영 및 편집, 편집한 파일 저장, 공유 저장소의 미디어 파일 불러오기
[선택적 접근 권한]
마이크: 동영상 촬영 시 오디오 녹음
알림: 기기에서 앱 관련 알림 수신 및 표시
위치: 앱이 화면에서 실행 중일 때 위치 정보에 접근 (단, 한국 지역 사용자에게는 이 권한이 활성화되지 않습니다)
음악 및 오디오: 공유 저장소의 오디오 파일 불러오기
카메라: 사진 및 동영상 촬영
- 선택적 접근 권한에 동의하지 않더라도, 해당 기능이 필요 없는 다른 앱 서비스는 정상적으로 이용하실 수 있습니다.
단, 해당 접근 권한이 필요한 일부 기능의 이용은 제한될 수 있습니다.

<strong>서비스 약관:</strong>
https://h5.mr.pixocial.com/agreement/beautyPlus/#agreements
<strong>개인정보 보호정책:</strong>
https://h5.mr.pixocial.com/agreement/beautyPlus/#privacy",사진,https://play.google.com/store/apps/details?id=com.commsource.beautyplus&hl=ko&gl=kr,,,,,,
android,kr,photo.cam.filter.beauty.effect,뷰티 카메라: 달콤한 카메라,"<b>뷰티 카메라 - 셀카 카메라는 달콤하고 아름다운 사진과 동영상 셀카를 만드는 데 필요한 모든 것을 제공하는 올인원 카메라 앱이자 뷰티 편집기입니다. 이 완벽한 뷰티 카메라를 사용하면 패션 메이크업과 스티커, 얼굴 및 신체 리터칭, 메이크업 필터를 사용하여 독특한 사진을 쉽게 만들 수 있습니다.</b> 뷰티 카메라로 고급 AI 뷰티 기술과 사진 및 비디오 편집 도구를 즐겨보세요.

<b>셀카 카메라 및 뷰티 카메라는 최고의 메이크업 카메라, 콜라주 및 사진 편집 앱이기도 합니다. 최고의 메이크업 효과, 최고의 브랜드 미용 제품, 귀여운 AR 스티커, 필터, 워터마크, 놀라운 콜라주 및 글꼴을 사용해 보세요.</b> 매끄러운 피부, 얼굴 모양 변경, 치아 미백, 머리카락 등 맞춤 미용 효과를 만들어 좋아하는 자신의 모습을 찾아보세요. 컬러 체인저, 의상 메이크업, 아이라이너, 속눈썹, 윤곽선, 홍당무, 눈썹, 콘택트렌즈를 사용하여 눈 색깔을 바꾸고, 눈 모양을 수정하여 더 큰 눈을 만드세요.

무료로 다운로드하고 모든 강력한 기능을 사용해 보세요! 인기 있는 전문 뷰티 카메라인 HD 카메라와 사진/동영상 편집 앱을 놓치지 마세요. 멋진 셀카와 짧은 동영상을 촬영하고 편집한 다음 탭 한 번으로 모든 소셜 미디어 플랫폼에 공유할 수 있습니다! 💄📷

✨ <b>최고의 메이크업과 완벽한 셀카를 즐겨보세요</b> 😘
* <b>메이크업 효과:</b> 다양한 트렌디한 메이크업 테마가 당신을 슈퍼스타로 만들어줍니다.
* <b>뷰티 카메라:</b> 자연스럽고 멋진 셀카 및 동영상을 위한 HD 카메라 및 리터칭
* <b>미백하고 결점 없는 피부:</b> 잡티 제거, 다크서클 및 눈밑 처짐 제거
* <b>귀여운 스티커 및 필터:</b> 수천 개의 AR 필터 및 라이브 스티커
* <b>립스틱 및 눈 화장:</b> 탭 한 번으로 립스틱과 눈 색깔을 추가하여 매력적으로 만들 수 있습니다.
* <b>수정 및 얼굴 조정:</b> 주름 완화, 날씬한 얼굴, 얼굴 모양 변경, 적목 현상 제거, 미소 조정
* <b>자동 미용 도구:</b> 통통한 입술, 치아 미백, 눈 확대 및 밝게, 광대뼈, 이마 모양 변경

😋 <b>메이크업 효과, 스티커 및 필터로 멋진 셀카를 찍을 수 있습니다</b>
* <b>실시간 AR 메이크업:</b> 라이브 메이크업 카메라로 최고의 뷰티 브랜드의 화장품을 사용해 보세요.
* <b>독특한 스티커:</b> 귀여운 동물, 문신, 휴일, 그림 이모티콘, 애니메이션 스티커
* <b>파운데이션 및 블러셔:</b> 모든 피부 톤에 어울리는 원터치 얼굴 조정 및 컬러 브러시
* <b>입술 및 눈 편집기:</b> 립스틱과 다양한 속눈썹, 아이라이너, 눈썹, 아이섀도 및 콘택트 렌즈로 통통한 입술을 만드세요.
* <b>윤곽 및 하이라이트:</b> 광대뼈 및 코 모양 교정 및 헤어 컬러 체인저
* <b>완벽한 셀카 필터:</b> AI 애니메이션 카메라 또는 애니메이션 필터로 자신을 만화로 표현해 보세요.

😍 <b>뷰티 편집 도구 및 사진 및 비디오 편집기</b>
* <b>뷰티 효과:</b> 필터와 트렌디한 메이크업 룩을 적용하여 원하는 분위기를 연출하세요.
* <b>바디 에디터:</b> 키를 늘리고 가슴, 허리, 팔, 얼굴 등을 조정하세요.
* <b>액세서리가 포함된 멋진 카메라:</b> 실시간 필터, 안경, 귀걸이, 목걸이 적용
* <b>사진 편집:</b> 크기와 비율을 조정합니다. 프레임, 텍스트, 스티커, 포스터를 추가합니다.
* <b>동영상 편집기:</b> 음악이 포함된 동영상을 쉽게 편집하고 일상을 뮤직비디오로 바꿔보세요.

🏆 <b>사진 콜라주와 메이크업 편집기로 사진을 아름답게 꾸미세요</b>
* <b>예쁜 메이크업과 멋진 스냅:</b> 메이크업 편집기를 사용하여 아름다운 사진을 수정하세요.
* <b>사진 복구 및 향상:</b> 흐릿한 오래된 사진을 수정하고 이미지 해상도를 높입니다.
* <b>배경 지우개:</b> 배경을 변경하여 사진에 새로운 느낌을 더하세요.
* <b>마법 브러시 및 모자이크:</b> 숨기고 싶은 모든 것을 낙서하고 가리세요.
* <b>사진 그리드:</b> 다양한 콜라주 템플릿과 매력적인 사진 예술을 반영하는 콜라주 만들기
* <b>뷰티스윗:</b> 색상 및 조명, 대비, 채도, 색조, 그림자, 페이드 제어

뷰티 카메라 - 셀카 카메라 및 메이크업 카메라를 다운로드하여 메이크업, 스티커, 필터, 워터마크를 선택하여 HD 사진과 비디오를 돋보이게 하고 Instagram, Facebook, Twitter, Whatsapp, Pinterest, Tik Tok, Snapchat에 공유하여 더 많은 좋아요를 받으세요. 💕🤳",뷰티,https://play.google.com/store/apps/details?id=photo.cam.filter.beauty.effect&hl=ko&gl=kr,,,,,,
android,kr,com.snowcorp.soda.android,SODA 소다 Natural Beauty Camera,"그동안 나에게 정말 필요한 기능만 넣은 셀피 카메라, 
많이 기다리셨죠?
쉽고 가벼운 뷰티 카메라, SODA 입니다.

• 필터와 메이크업의 완벽한 콜라보레이션
어떤 메이크업, 어떤 필터를 써야 할지 더 이상 고민하지 마세요.
단 한 번의 터치로, 가장 트렌디한 스타일을 연출해 보세요.

• 실시간으로 적용되는 완벽한 뷰티 효과
촬영 후에 따로 편집이 필요없는 간편한 셀피를 찍어보세요!
내 피부인 듯 결점 없는 피부 보정과 내추럴한 뷰티 효과가 실시간으로 적용됩니다.

• 셀피에 최적화된 다양한 색감의 필터
내 피부에 찰떡같이 잘어울리는 필터를 사용해보세요!
다양한 컨셉의 셀피 전용 필터로 원하는 분위기를 마음껏 연출할 수 있습니다.

• 평범한 사진에 심도를 더해줄 DSLR 효과
어떤 사진이든 원하는 부분에 초점을 맞춰 입체감 있는 사진을 완성해보세요.

• 뭉개지지 않는 셀카 화질을 위한 고해상도 모드 
기본에 충실한 카메라인 만큼 화질도 놓칠 수 없죠!
Soda 에서 제공하는 고해상도 모드로 또렷하고 선명한 셀피를 찍어보세요.


-
SODA에서는 아래와 같은 이유로 접근 권한을 요청합니다.

[필수 접근 권한]
- 사진 및 동영상 : 사진 및 동영상을 저장하거나, 편집하기 위해 필요한 권한입니다. (OS 버전 13.0 이상 단말에서만 사용)
- 음악 및 오디오 : 동영상 등 음원을 저장하거나, 편집하기 위해 필요한 권한입니다. (OS 버전 13.0 이상 단말에서만 사용)
- 저장 공간(파일 및 미디어) : 사진 및 동영상을 저장하거나, 불러와서 편집합니다. (OS 버전 13.0 미만 단말에서만 사용)
- 마이크 : 동영상에 소리를 녹음합니다.
- 카메라 : 사진 또는 동영상을 촬영합니다.

[선택 접근 권한]
- 위치 : 촬영 결과물에 위치정보를 함께 기록합니다.
- 알림 : 중요 공지사항 및 이벤트, 프로모션 정보 알림을 받으실 수 있습니다. (OS 버전 13.0 이상 단말에서만 사용)
* 선택 접근 권한을 허용하지 않더라도 서비스의 이용은 가능하나, 해당 접근 권한이 필요한 기능은 허용 전까지 사용하실 수 없습니다

-
■ 개발자 연락처 : 
- 1599-7596
- dl_support_soda@snowcorp.com
----
개발자 연락처 :
스노우 주식회사 분당구 불정로 6, 15층 (정자동,그린팩토리)
성남시, 경기도 13561
South Korea 7868700371 2018-성남분당B-0023 경기도 성남시",사진,https://play.google.com/store/apps/details?id=com.snowcorp.soda.android&hl=ko&gl=kr,,,,,,
android,kr,photo.camera.beauty.makeup.camera,"뷰티 카메라 - 셀카, 메이크업","<b>뷰티 카메라 - 셀카, 메이크업는 완벽한 셀카/동영상을 찍고 뷰티 수정 및 전문 편집 도구를 사용하여 사진을 편집하도록 설계된 혁신적이고 포괄적인 앱입니다. 뷰티 카메라 - 다양한 고급 기능을 갖춘 스윗스냅: 결점 없고 깨끗한 피부, 메이크업 효과, 아름다운 필터, 재미있는 스티커를 만들고 얼굴 모양을 바꿔보세요.</b> 뷰티 카메라를 사용하면 자연스러운 뷰티 카메라 뷰티 기술을 사용하여 셀카를 아름답게 꾸밀 수 있습니다.

<b>한 번의 탭으로 메이크업으로 셀카를 아름답게 만드는 뛰어난 기능을 갖춘 셀카 카메라 및 뷰티 카메라 플러스.</b> 트렌디한 룩, 매끄러운 피부, 밝게 빛나는 눈, 도톰한 입술 만들기, 여드름 제거, 치아 미백, 날씬한 얼굴과 몸매. 눈 화장, 컨투어링, 파운데이션, 블러셔, 눈 모양 수정 등을 맞춤 설정할 수 있으며, 눈 색깔을 변경하려면 연락처를 사용해 보세요. 🔥

<b>뷰티 카메라는 또한 다양한 사진 편집 도구, 놀라운 콜라주, 프레임, 애니메이션 효과, 향상된 조명, 뷰티 컬러 필터 및 메이크업 옵션을 제공하여 사진 편집 경험을 향상시킵니다.</b> 뷰티 카메라 및 스위트 카메라의 도움으로 , 셀카에 매력을 더하고, 예술적인 걸작을 만들고, 오래된 추억을 되살릴 수 있습니다.

지금 뷰티 카메라 - 셀카, 메이크업를 다운로드하여 멋진 사진과 동영상을 찍어 소셜 미디어에 공유하고 모든 순간을 더욱 특별하게 만들어보세요. 🤳💯

👑 <b>AI 리터치, 얼굴 조정 기능을 갖춘 셀카 카메라</b>
- <b>사진 꾸미기:</b> HD 카메라와 조정 도구를 사용하면 셀카의 수준을 한 단계 높일 수 있습니다.
- <b>AI 리터치:</b> 필터와 스티커를 갖춘 인공지능이 사진을 더욱 멋지게 만들어줍니다.
- <b>매끄러운 피부:</b> 정밀하게 모공을 다듬고 자연스러운 아름다움을 강화하세요.
- <b>얼굴 모양 변경:</b> 얼굴, 눈, 코, 입술 등을 수정하세요.
- <b>메이크업 룩:</b> 데일리 메이크업부터 트렌디한 메이크업까지 다양한 메이크업 룩
- <b>미용 수정:</b> 치아 미백, 잡티 제거, 눈 확대 및 밝게, 다크서클 제거

💖 <b>뷰티 필터, 메이크업, 스티커가 당신을 완벽하게 만들어줍니다</b>
- <b>트렌디한 메이크업:</b> 다양한 메이크업 룩, 다양한 립스틱, 블러셔, 컬러 콘택트렌즈 등
- <b>뷰티 필터:</b> 필터 카메라를 사용하여 사진에 스타일과 감각을 더하세요.
- <b>AR 스티커:</b> 수백 개의 특별한 AR 재미있는 스티커를 사진에 추가하고 잠시 후 최신 메이크업 트렌드를 시도해 보세요.
- <b>실시간 AR 화장:</b> 립스틱, 아이라이너, 눈 색깔, 속눈썹, 얼굴 슬리밍, 광대뼈, 턱, 턱, 이마 모양 바꾸기

🎨 <b>배경 및 전문 사진 편집기 변경</b>
- <b>사진 향상:</b> 이미지 품질을 향상하고 색상을 복원하며 사진을 선명하게 만듭니다.
- <b>배경 지우개:</b> 배경을 변경하여 사진을 새롭게 꾸며보세요. 당신의 순간을 위한 완벽한 배경을 설정하고 각 사진에 독특한 이야기를 만들어보세요.
- <b>사진 편집기:</b> 자르기 사진 편집기를 사용하면 쉽게 크기를 조정하고 다듬을 수 있습니다.
- <b>강력한 기능:</b> 이 스마트 도구는 사진을 손쉽게 미세 조정하고 각 사진을 마법 같은 예술 작품으로 바꿔줍니다.

✂️ <b>뷰티 편집기, 콜라주 메이커, 비디오 편집기</b>
- <b>동영상 편집기:</b> 고품질 AR 메이크업 및 뷰티 효과로 모든 셀카 동영상을 멋지게 꾸며보세요.
- <b>셀카 편집기:</b> 단 한 번의 탭으로 자연스럽고 놀라운 결과를 얻을 수 있는 HD 리터치
- <b>콜라주 메이커:</b> 다양한 템플릿과 스타일, 좋아하는 사진을 스토리텔링을 위한 아름다운 레이아웃으로 결합
- <b>손쉬운 사진 편집:</b> 밝기, 대비, 색상을 조정하여 사진을 완벽하게 만들어 보세요.

뷰티 카메라 - 셀카, 메이크업, HD 카메라는 최신 유행 메이크업 필터, 스티커, AI 리터치 기능이 포함된 완벽한 올인원 카메라 앱이자 사진/동영상 편집 앱입니다. 다운로드하여 Instagram, Facebook, Pinterest, Snapchat, TikTok, Twitter용 사진과 비디오를 꾸미고 팔로어들의 감탄을 즐겨보세요! 👩✨",사진,https://play.google.com/store/apps/details?id=photo.camera.beauty.makeup.camera&hl=ko&gl=kr,,,,,,
android,kr,com.linecorp.b612.android,B612 AI Photo&Video Editor,"B612는 올인원 카메라 & 사진/동영상 편집 앱입니다. 모든 순간을 더 특별하게 담아낼 수 있도록 다양한 기능과 도구를 제공합니다.
매일매일 업데이트되는 트렌디한 이펙트, 필터, 스티커들을 만나보세요!

=== 주요 기능 ===

*직접 만드는 나만의 필터*
- 세상에 단 하나뿐인 필터를 직접 만들고, 친구들과 공유해보세요.
- 처음 만들어 보는 필터라도 괜찮아요. 몇 번의 터치만으로 쉽게 필터가 완성됩니다. 
- B612 크리에이터들의 창의적이고 다양한 필터도 만나보세요.

*더 스마트한 CAMERA*
실시간 필터와 뷰티를 적용하여 모든 순간을 인생샷으로 촬영하세요.

- 매일 업데이트 되는 AR 이펙트와 시즌 한정 배포되는 트렌디 필터를 놓치 지마세요
- 스마트 뷰티 : 나에게 딱 맞는 얼굴형을 추천받고 나만의 뷰티 스타일을 만들어 보세요
- AR 메이크업 : 데일리부터 트렌디 메이크업까지 자연스러운 룩을 연출하세요, 뷰티와 메이크업은 나에게 어울리도록 조절해 사용할 수 있어요.
- 고해상도 모드와 야간 모드로 언제 어디서나 선명하게 촬영해보세요.
- 움짤 바운스 기능으로 재미난 순간을 담아보세요. gif로 만들어 친구들과 공유하면 재미가 2배!
- 500가지 넘는 음악으로 동영상 촬영부터 후편집까지. 일상을 뮤직비디오로 만들어보세요.
- 내 동영상에서 음원을 추출하여 나만의 음원으로 음악을 사용할 수 있어요.

*ALL-IN-ONE PRO 편집 기능*
기본, 전문가급의 도구를 즐겨보세요

- 다채로운 필터 & 이펙트 : 레트로부터 감성 모던스타일까지! 원하는 분위기를 연출하세요.
- 고급 색감 보정 : 디테일을 살리는 전문가용 커브, 스플릿톤, HSL 등의 도구로 정밀한 색보정을 경험하세요.
- 더 자연스러운 인물 보정 : 뷰티 효과, 몸매 보정, 헤어 컬러 스타일링으로 인생샷을 완성하세요.
- 동영상 편집 : 트렌디한 이펙트와 다양한 음악으로 누구나 쉽게 영상을 편집할 수 있어요.
- 여백과 자르기 : 원하는 사이즈와 비율로 간편하게 조절하여 SNS에 딱 맞게 업로드하세요. 
- 꾸미기 스티커 & 텍스트 : 다채로운 스티커와 텍스트로 사진을 마음껏 꾸며보세요! 나만의 스티커도 직접 만들어 사용할 수 있어요.


B612에서는 아래와 같은 이유로 접근권한을 요청합니다.

[필수 접근 권한]
- 사진 및 동영상 : 사진 및 동영상을 저장하거나, 편집하기 위해 필요한 권한입니다. (OS 버전 13.0 이상 단말에서만 사용)
- 음악 및 오디오 : 동영상 등 음원을 저장하거나, 편집하기 위해 필요한 권한입니다. (OS 버전 13.0 이상 단말에서만 사용)
- 저장 공간(파일 및 미디어) : 사진 및 동영상을 저장하거나, 불러와서 편집합니다. (OS 버전 13.0 미만 단말에서만 사용)
- 마이크 : 동영상에 소리를 녹음합니다.
- 카메라 : 사진 또는 동영상을 촬영합니다.

[선택 접근 권한]
- 위치 : 위치 정보를 활용한 스티커를 사용합니다. 그리고 촬영 결과물에 위치 정보를 함께 기록합니다. 
- 알림 : 중요 공지사항 및 이벤트, 프로모션 정보 알림을 받으실 수 있습니다. (OS 버전 13.0 이상 단말에서만 사용)
* 선택 접근 권한을 허용하지 않더라도 서비스의 이용은 가능하나, 해당 접근 권한이 필요한 기능은 허용 전까지 사용하실 수 없습니다.
----
개발자 연락처 :
스노우 주식회사 분당구 불정로 6, 15층 (정자동,그린팩토리)
성남시, 경기도 13561
South Korea 7868700371 2018-성남분당B-0023 경기도 성남시",사진,https://play.google.com/store/apps/details?id=com.linecorp.b612.android&hl=ko&gl=kr,,,,,,
android,kr,com.gorgeous.liteinternational,"Ulike유라이크 - 스타일, 고급 필터, 뷰티 카메라","✨개성화 미세보정, 더 완벽한 얼굴

✨실시간 열굴 미세보정, 눈, 코, 입의 미세보정을 통해 나타난 섬세한 효과가 있으니 촬영 후에 포토샵을 하실 필요가 없습니다! 사용자 정의로 얼굴 템플릿을 만들어 저장할 수 있어 촬영할 때마다 여신샷을 찍을 수 있습니다.✨최애 스타일, 고급스러운 인상

✨필터와 메이크업의 조화로 다양한 전체 촬영 분위기를 만들고 사진 간의 스타일이 따르며, 쉽게 고급스러운 잡지 포스터를 찍을 수 있습니다.

✨실시간 뷰티페이스, 필터 효과 업그레이드

✨강력한 기능으로 물광피부, 우유피부 그리고 섬세한 콜라겐 느낌이 가능합니다. 마음껏 필터를 사용할 수 있습니다. 셀럽, 니치, 품격, 빈티지? 당신을 위해 모든 스타일을 준비했어요.-비지니스 협력 연락처: 

———————————————————————————————————————————————————

귀하가 Ulike 앱이 접근하는 기능에 대해 이해할 수 있도록, 서비스 제공 시 필요한 접근권한 및 접근권한이 필요한 이유를 알려드립니다. 

아래 접근권한은 본 서비스 이용에 필수적이지 않은 선택 접근권한입니다. 선택 접근권한의 경우, 귀하가 Ulike 앱에게 아래 기능과 정보에 대한 접근권한을 허용하지 않더라도, 귀하는 Ulike 앱을 이용하실 수 있습니다. 

1. 카메라 및 플래쉬: 사진/영상 촬영 목적
2. 마이크: 영상 촬영 시 음성 녹음 목적
3. 저장매체 읽기 및 쓰기: 저장된 사진/영상 업로드 및 저장 목적
4. 음악 및 오디오: 기기에 저장된 음악 및 오디오 파일 이용 목적

ulike_mkt_bd@bytedance.com
Facebook: Ulikecamera
Instagram: ulikecamera
Twitter: @CameraUlike",사진,https://play.google.com/store/apps/details?id=com.gorgeous.liteinternational&hl=ko&gl=kr,,,,,,
android,kr,com.mt.mtxx.mtxx,메이투 Meitu - 얼굴 보정·인물 리터치·AI기능,"AI 카툰 - 선택한 이미지를 AI화가가 다양한 카툰 스타일로 그려내요!

【뷰티 카메라】- 후보정이 필요 없는 완벽한 셀카용 무음카메라
자연스럽고 예쁜 필터와 메이크업은 물론 재미있는 AR 스티커까지! 시즌별로 업데이트되는 효과와 함께 사진 찍는 게 즐거워질걸요?

【AI 플래시 - 새로운 기능!】
어두운 사진도 자연스럽게 밝게 만들어주는 후면 보광 효과! AI가 얼굴을 자동으로 인식하고 빛과 색감을 최적화하여 역광에서도 환하게 빛나게 해줘요.

【뷰티 기능】- 간편하고 섬세한 뷰티 기능을 갖춘 보정어플
셀 수 없는 다양한 사진보정 기능으로 아쉬운 사진도 인생사진으로 만들어 보세요. 몇 번의 터치만으로 자연스럽고 확실하게 예뻐질 수 있어요.
● 슬림 - 얼굴도 몸매도 자유롭게 수동으로 보정. 사진왜곡 걱정 없는 복구 기능
● 얼굴 보정 - 얼굴 각도부터 비율까지 디테일한 보정
● 메이크업 - 다양한 메이크업으로 매일매일 새로운 나
● 몸매 보정 - 배경 왜곡 없이 자연스럽게 키가 10cm는 커 보이는걸?
● 컨투어(염색) - 메이투와 함께 원하는 색으로 자유롭게 염색해보세요.
● 피부톤 - 터치 한 번만으로 안색을 맑고 환하게 밝혀주세요.

【사진 편집】- 필터와 모자이크로 돋보이는 사진
여러 사진을 동시에 보정하며 필터로 통일된 색감을 유지할 수 있어요. 
지저분한 배경에도 모자이크와 AI지우개로 사진에서 나만 돋보일 수 있도록 ! 
다양한 콜라주로 추억도 더 특별하게 보관해 보세요.

【동영상 편집 및 리터칭】 별도의 편집앱 필요 없이 동영상도 사진 보정하듯 손쉽게
필터에서 몸매 보정까지. 동영상 편집으로 예쁘게 보정한 후에도 화질 저하는 걱정하지 마세요. 화질 복구로 예쁘고 또렷한 동영상 편집이 가능해요.

【Meitu VIP】 Meitu VIP를 통해 1,000개 이상의 다양한 회원 전용 혜택을 만나보세요.
● VIP 전용 스티커, 필터, AR 카메라, 모자이크, 더욱더 세련되고 스타일리시한 메이크업까지 모두 사용 가능 (파트너쉽 아이템 미포함)
● 얼굴 볼륨, 다양한 피부톤 조정, 앞머리 및 치아 사진보정 기능을 활용하여 사진을 한결 더 자연스럽고 아름답게 만드세요!
● VIP회원이 되어 광고로부터 자유로워지세요.

Meitu를 이용하기 위해서는 아래와 같은 이동통신단말기장치 내 저장되어 있는 정보 및 설치된 기능에 대해 접근할 수 있는 권한이 필요합니다.

[필수적 접근권한]
- 사진 및 동영상: 사진 및 동영상 촬영 혹은 편집 이후 파일을 저장하고 공유 저장소에서 이미지 파일 및 동영상 파일을 읽기 위하여 사용합니다.

[선택적 접근권한]
- 근처 기기: 페어링된 블루투스 기기에 연결하기 위하여 사용합니다. 
- 마이크:  동영상 촬영 시 오디오 녹음을 위하여 사용합니다. 
- 알림: 기기에 앱과 관련된 알림을 수신하고 표시하기 위하여 사용합니다.
- 음악 및 오디오: 공유 저장소에서 오디오 파일을 읽기 위하여 사용합니다.
- 카메라: 사진 및 동영상을 촬영하기 위하여 사용합니다.

* 선택적 접근 권한에 동의하지 않아도 앱을 사용하실 수 있습니다.
* 선택 접근 권한 미동의시 서비스 일부 기능의 정상적인 사용이 어려울 수 있습니다.

【이용 약관 및 개인 정보 보호 정책】
- 개인 정보 보호 정책：https://pro.meitu.com/xiuxiu/agreements/global.html?lang=kor#kor-policy
- 회원 동의：https://pro.meitu.com/xiuxiu/agreements/global.html?lang=kor

【결제창에 표시된 금액은 부가세가 포함된 금액입니다】

아래의 방법을 통해 저희에게 연락해주세요.
이메일 : global.support@meitu.com
대표번호 : +86 21-400 009 3360
고객센터 이용 경로: [앱 → 나(홈 화면 오른쪽 아래) → 도움말 및 피드백 → 의견 제출]",사진,https://play.google.com/store/apps/details?id=com.mt.mtxx.mtxx&hl=ko&gl=kr,,,,,,
android,kr,com.fsn.nykaa,Nykaa - Beauty Shopping App,"Nykaa는 남성과 여성을 위한 가장 트렌디한 온라인 뷰티 앱이자 웰니스 사이트입니다. 10만 개 이상의 미용 제품과 2400개 이상의 브랜드에서 구매하세요. 브랜드에서 직접 구매한 100% 정품이고 신뢰할 수 있는 제품을 구매하세요.

럭셔리, 웰니스, 메이크업, 천연 스킨 케어, 헤어 케어, 허브, 향수, 목욕 및 바디, 엄마 및 아기 제품을 통해 남성 및 여성을 위한 최신 제품 컬렉션을 만나보세요.

인도 최고의 뷰티 쇼핑 앱을 통해 온라인에서 가장 저렴한 가격으로 화장품을 구매하고 할인 혜택도 받으세요.

메이크업 제품: 저렴한 가격으로 최고의 메이크업 제품을 온라인으로 구매하세요. 메이크업 스토어 앱을 통해 좋아하는 립스틱, 마스카라, 립글로스, 아이라이너, 파운데이션 등을 쇼핑하세요. 또한 최신 컬렉션에서 좋아하는 브랜드의 메이크업 키트를 구입할 수도 있습니다. Lakme, Maybelline, L'Oreal Paris, HUDA Beauty 등과 같은 브랜드에서 쇼핑하세요.

스킨 케어: 온라인 스킨 매장에서 크림, 모이스처라이저, 페이스 마스크, 립밤 등을 구매하세요. 우리는 Cetaphil, Plum, Mamaearth, Ponds, Minimalist 등 최고의 브랜드에서 제공하는 다양한 자외선 차단, 피부 미백 및 색소 침착 제품을 보유하고 있습니다.

헤어 케어: 여성용 헤어 케어 제품을 온라인으로 쇼핑하세요. Nykaa Hair Care Store의 최고 브랜드에서 구입할 수 있는 다양한 샴푸, 컨디셔너, 헤어 오일 및 크림을 사용하여 갈라진 머리 끝, 탈모, 비듬, 곱슬머리/건조한 모발을 이별하세요. 헤어 케어 브랜드 Wella Professionals, BBlunt, Herbal Essences, Schwarzkopf Professional, Minimalist, Tresemme에서 쇼핑하세요.

내추럴: 천연 메이크업 및 스킨케어 매장에서 온라인으로 구매할 수 있는 최고의 유기농 미용 제품을 확인해보세요. Biotique, Lotus Herbals, The Body Shop, Kama Ayurveda, Forest Essentials, Himalaya 등과 같은 브랜드에서 구매하세요.

향수: Jimmy Choo, Davidoff, Calvin Klein, Bvlgari, Dior, Bath & Body Works 등과 같은 브랜드의 남성용 및 여성용 프리미엄 향수 및 코롱.

손톱: Elle 18, Swiss Beauty, Faces Canada, Sugar Pop 등과 같은 브랜드의 인도 최고의 쇼핑 앱 중 하나에서 온라인으로 매니큐어, 아트 키트, 매니큐어 및 페디큐어 키트를 구매하세요.

Glam & Fit: Zivame, Jockey, Nykd, Enamor 등과 같은 브랜드의 고급 브라, 속옷, 수영복 컬렉션에서 편안한 란제리를 쇼핑하세요.

목욕 및 바디: Nivea, Pond's, Vaseline 등과 같은 브랜드에서 매일 사용할 수 있는 가장 멋진 목욕 및 바디 제품 바디 워시, 샤워 젤, 비누 및 보습제를 구입하세요.

액세서리: 핸드백, 주얼리, 선글라스 등 최고의 할인 상품을 만나보세요.

가전제품: 고데기, 드라이기, 남성용 수염 트리머 등 미용 가전제품을 최저가로 주문하세요. Philips, VEGA, Braun, Dyson과 같은 유명 브랜드에서 구매하세요.

남성 매장: 남성을 위한 면도 크림, 면도기, 면도기, 수염 트리머, 헤어 케어, 웰빙 및 선물 제공.

Nykaa Luxe: 럭셔리 브랜드의 최신 메이크업, 스킨케어, 헤어케어, 향수, 목욕 및 바디 제품을 쇼핑하세요.

Nykaa에서의 쇼핑은 재미있습니다. 메이크업 쇼핑 앱으로 모든 여성의 쇼핑 요구를 충족시켜 보세요.

최신 트렌드를 따르세요 - 최신 메이크업 제품, 화장품, 천연 헤어 제품을 뷰티 트렌드와 함께 쇼핑하세요. 선글라스, 핸드백, 주얼리 컬렉션에서 구매하세요.

이제 L'Oreal Paris, Nykaa Cosmetics, M.A.C 및 기타 미용 제품과 같은 브랜드에 대한 쇼핑 거래 및 할인을 통해 쇼핑이 더욱 가치 있습니다.

Nykaa 뷰티 매장을 방문하여 멋진 쇼핑 경험, 가상 화장 도구, 무료 전문가 조언 및 뷰티 트렌드, 튜토리얼, 유명인 룩에 대한 기사를 알아보세요. 보안 게이트웨이를 통해 처리되는 Cash on Delivery, 모바일 지갑, UPI, 직불 카드, 신용 카드 및 Net Banking을 통한 결제 옵션 중에서 선택하세요. 사랑하는 사람을 위한 기프트 카드도 구매하실 수 있습니다.

Nykaa 제휴 프로그램: 우리와 파트너 관계를 맺고 Nykaa에서 가장 좋아하는 제품에 대한 리뷰를 공유하고 누군가가 귀하의 제휴 링크를 사용하여 우리에게서 구매할 때 수익을 얻으세요.

인도에서 가장 사랑받는 메이크업 앱을 다운로드하고 메이크업 튜토리얼 동영상, 여성을 위한 뷰티 팁, 스타일 디바의 뷰티 조언을 통해 온라인 쇼핑 경험을 향상하세요.

Nykaa 뷰티 앱과 관련된 질문이나 문제가 있나요? support@nykaa.com으로 문의하세요.",쇼핑,https://play.google.com/store/apps/details?id=com.fsn.nykaa&hl=ko&gl=kr,,,,,,
android,kr,photography.sweet.selfie.camera,뷰티 카메라 - 셀카 카메라,"<b>뷰티 카메라 및 셀카 카메라는 모든 강력한 기능을 갖춘 완벽한 무료 뷰티 카메라 및 사진 편집기 앱입니다. 뷰티 카메라와 셀피 카메라를 사용하면 라이브 스티커, 얼굴 및 몸 보정, 카메라 필터, 메이크업 효과로 놀라운 사진과 동영상을 즉시 찍을 수 있습니다.</b> 탭 한 번으로 실시간 필터, 스티커 및 뷰티를 적용하여 모든 사진을 캡처하세요. 순간.
<b>뷰티 카메라 - 셀카 카메라는 또한 다양한 무료 기능과 편집 도구를 제공하는 메이크업 카메라, 사진 콜라주 메이커 앱 및 뮤직 비디오 편집기입니다.</b> 매일 업데이트되는 애니메이션 효과, 부드러운 피부, 날씬한 얼굴, 여드름 또는 잡티 제거 , 눈 모양 수정, 치아 미백, 몸 모양 변경, 몇 초 만에 셀카를 얼굴 조정하십시오.

<b>뷰티 카메라 - 셀카 카메라, HD 카메라 앱을 무료로 다운로드하여 사용하세요.</b> 클릭 한 번으로 최고의 셀카와 짧은 동영상을 찍어 소셜 플랫폼에 공유하세요! 📸🎥

⭐ <b>실시간 뷰티 효과가 있는 뷰티 카메라 및 셀카 카메라, 페이스튠</b>
✔ <b>매끄러운 피부:</b> 완벽한 피부를 위해 전용 스킨 스무딩 메이크오버 도구 사용
✔ <b>치아 미백:</b> 치아 미백은 미소의 자연스러운 아름다움을 향상시킵니다.
✔ <b>얼굴 모양 변경:</b> 얼굴 모양을 변경하고 나만의 뷰티 스타일 만들기
✔ <b>여드름 제거제:</b> 탭하여 여드름, 뾰루지, 잡티 등을 제거하고 매끄러운 피부를 얻으세요.
✔ <b>완벽한 눈:</b> 눈을 확대하고 밝게 하고 다크서클을 제거합니다.
✔ <b>메이크업 룩:</b> 나에게 맞게 뷰티와 메이크업을 조정할 수 있습니다.
✔ <b>셀카 편집기:</b> 여드름, 여드름, 주름, 다크서클을 제거합니다. 광대뼈, 코, 턱, 턱, 이마의 모양을 바꿉니다.

💓 <b>다양한 스티커, 필터, 가벼운 메이크업</b>
* 셀카에 쉽게 어울리고 사진을 재미있게 만들 수 있는 수많은 독특한 스티커.
* 귀여운 동물 스티커, 문신 스티커, 고양이 귀 스티커, 수염 스티커, 꽃 왕관 스티커, 재미있는 똥 이모티콘 모자 스티커 등 라이브 카메라 스티커 및 AR 스티커 얼굴.
* 300개 이상의 테마 필터와 화려한 효과로 원하는 분위기를 쉽게 연출할 수 있습니다.
* 달콤한 셀카 - 달콤한 스냅 카메라는 다양한 인기 메이크업 셀카 효과와 안면 인식 스티커를 사용하여 셀카를 매혹적으로 만듭니다.

✨ <b>놀라운 콜라주, 효과 및 프레임</b>
* <b>무료 콜라주 메이커 및 멋진 카메라</b> - 좋아하는 사진을 위한 놀라운 콜라주 또는 프레임, 사진 그리드, 무료 사전 설정 템플릿 및 레이아웃, 프리스타일 콜라주, 사진용 스크랩북을 사용해 보세요.
* <b>셀카 편집기 및 메이크업 카메라</b> - 얼굴 및 코 셰이퍼, 파운데이션, 립스틱, 블러셔, 컨투어, 하이라이트, 컨실러, 염색약.
* <b>액세서리</b> - 뷰티플러스카메라의 선글라스, 모자, 안경, 안경, 헤어밴드, 귀걸이, 목걸이.
* <b>스윗페이스 카메라 & 뮤직비디오</b> - 트렌디한 효과와 다양한 음악으로 영상을 촬영하세요. Instagram 또는 tik tok용 듀엣 비디오.

🎬 <b>전문 사진 편집기 및 비디오 커터</b>
* <b>강력한 사진 편집기:</b> 새로운 필터, 텍스트, 이미지용 스티커 및 라이브 캠을 추가하여 팔로워를 참여시키고 친구들을 놀라게 할 수 있습니다.
* <b>흐림 및 제거:</b> 흐림 도구로 사진에 깊이를 더하세요. 사람, 건물 및 기타 원치 않는 물체를 제거하십시오.
* <b>더 많은 세로 편집:</b> 특정 비율로 자르기, 곧게 펴기, 회전 및 배경 모양 변경.
* <b>동영상 편집기:</b> 동영상 촬영부터 음악과 함께 후편집까지, 간편한 동영상 트리머.

뷰티 카메라는 강력한 뷰티 셀카 카메라이자 사진/동영상 편집기입니다. 트렌디한 필터, 멋진 콜라주, 데코레이션 스티커와 텍스트, 프레임, 애니메이션 효과 등으로 멋진 사진과 동영상을 찍어보세요! 💎🌇",뷰티,https://play.google.com/store/apps/details?id=photography.sweet.selfie.camera&hl=ko&gl=kr,,,,,,
android,kr,com.cyberlink.youcammakeup,"YouCam Makeup - 메이크업,염색,보정 카메라","필터만 씌우는 시대는 끝. 이제는 AI가 메이크업, 헤어, 스타일링까지 알아서 추천해주는 뷰티 카메라 어플✨

YouCam Makeup은 메이크업, 염색, 얼굴 보정, 셀카 보정, AI 사진 생성까지 한 번에 가능한 올인원 뷰티 앱이에요.
자연스러운 사진 보정부터 감성 AI 사진, 트렌디한 스타일 변신까지 쉽고 빠르게 완성해 보세요.

<b>💄 AI 메이크업 & 뷰티 카메라</b>
• 립, 블러셔, 아이메이크업까지 실시간 메이크업 적용
• 요즘 유행하는 메이크업 룩을 바로 내 얼굴에
• 자연스러운 카메라 필터와 셀카 보정 지원
• 촬영 전에 메이크업과 분위기를 미리 확인 가능

<b>✨ AI 얼굴 보정, 몸매 보정, 사진 보정</b>
• AI 얼굴 보정으로 자연스럽고 부담 없는 성형 효과
• 피부 보정, 잡티 제거, 치아 미백까지 한 번에
• 원하는 체형과 신체 비율로 몸매 보정까지
• 셀카와 인물 사진에 딱 맞는 사진 보정 어플
• 얼굴형, 눈, 코, 턱 라인까지 디테일하게 수정 성형하기

<b>🪮 AI 헤어스타일 & 염색</b>
• AI 헤어스타일로 숏컷, 레이어드, 웨이브 체험
• 염색 전에 다양한 헤어 컬러 미리 테스트
• 자연스러운 AI 염색으로 분위기 변신
• 내 얼굴형에 어울리는 헤어 스타일 추천

<b>👗 AI 패션 & 스타일링</b>
• AI 가상 피팅으로 다양한 코디 체험
• 메이크업, 헤어, 패션 스타일 한 번에 추천
• AI 스타일링으로 오늘의 분위기 완성

<b>🖼️ AI 사진 생성 & AI 사진 편집</b>
• AI 사진 생성으로 원하는 컨셉 사진 만들기
• 감성 필터, 만화 스타일, AI 이미지 변환 지원
• AI 사진 합성과 AI 사진 편집까지 가능
• 생성형 AI로 나만의 프로필 사진 제작

<b>📹 AI 동영상 생성</b>
• 사진을 움직이는 AI 동영상으로 변환
• 셀카와 AI 사진으로 감성 영상 제작
• 숏폼, 릴스, SNS 콘텐츠를 쉽게 편집

메이크업, 염색, 셀카, 얼굴 보정, 사진 보정, AI 사진까지. 요즘 가장 핫한 뷰티 카메라 어플, 유캠메이크업으로
매일 새로운 분위기의 나를 만나보세요 ✨

홈페이지: https://www.perfectcorp.com/ko/consumer/apps/ymk
버그 문의: YouCamMakeup_android@perfectcorp.com

※ 접근 권한 안내
[필수 접근 권한]
- 카메라: 사진 및 동영상 촬영 기능 제공을 위해 사용
- 저장 공간: 촬영한 사진을 기기에 저장할 수 있도록 사용
- 마이크: 동영상 촬영 시 음성 녹음을 위해 사용

[선택 접근 권한]
- 위치: 저장한 파일에 사진을 촬영한 위치 정보를 기록할 수 있도록 사용
- 전화: 해당 기능을 통해 수집되는 정보 없음
- 주소록: 해당 기능을 통해 수집되는 정보 없음",사진,https://play.google.com/store/apps/details?id=com.cyberlink.youcammakeup&hl=ko&gl=kr,,,,,,
android,kr,io.faceapp,FaceApp: 얼굴 편집기,"FaceApp은 고급 사진 편집을 위한 최고의 모바일 앱 중 하나입니다. 현재까지 5억 회 이상 다운로드된 최고의 인기 앱으로 셀카 사진을 모델 사진으로 변신시켜 보세요. FaceApp은 인스타그램에 올리기 좋은 사진을 만드는 데 필요한 모든 기능을 무료로 제공합니다. 더 이상 화면을 여러 번 누를 필요가 없습니다!

환상적인 필터, 배경, 효과 및 기타 도구들을 사용해 탭 한 번으로 매끄럽고 포토리얼리스틱한 결과물을 만들어 보세요. 더 이상 포토샵에 오랜 시간을 쓰지 않아도 됩니다!

60개 이상의 매우 사실적인 필터 제공

<b>사진 편집기</b>

• ""인상"" 필터로 완벽한 셀카 사진 만들기 🤩
• 수염 또는 콧수염 추가 🧔
• 헤어컬러 및 헤어스타일 바꾸기 💇💇‍♂️
• 헤어에 볼륨 넣기
• 트렌디한 풀 메이크업 필터 적용 💄
• 독특한 조명 효과
• 여드름 및 잡티 제거
• 주름 제거
• 손쉽게 얼굴 이목구비 확대 또는 축소
• 컬러 렌즈 착용
• 각 단계에서 사진의 전/후를 비교할 수 있는 손쉬운 비교 도구
• 온도, 채도 등 모든 요소를 완벽히 제어

<b>즐거운 편집 작업</b>

• 다른 성별로는 어떤 모습일지 알아보세요
• 고급 도구로 가장 잘 어울리는 헤어스타일과 컬러를 찾아보세요
• 나이 변화: 늙고 젊은 모습을 보여주는 인기 필터를 사용해 보세요
• 다양한 사진에서 좋아하는 스타일을 차용해 보세요
• 인기 있는 영화 장면에 자신의 얼굴을 넣어보세요
• 체형 필터: 체형을 더 크게 또는 더 작게 만들 수 있습니다
• 이외도 재미있는 필터들이 많이 있습니다!

<b>공유할 준비가 되셨나요?</b>

FaceApp에서 편집한 사진을 좋아하는 소셜 미디어 계정에 바로 공유하세요.

단 한 번의 탭으로 소셜 미디어에 사진을 공유할 수 있습니다!

<b>접근 권한 정보</b>

필수 기기 접근 권한 요구 사항:

• 없음

선택적 기기 접근 권한:

• 사진 및 저장소: 기기의 사진에 접근하고 저장하기 위해 사용합니다.
• 알림: 앱에서 알림을 표시할 수 있도록 허용합니다.

<i>선택적 접근 권한에 동의하지 않아도 앱을 사용할 수 있습니다. 하지만, 접근 권한 선택에 따라 일부 서비스가 제한될 수 있습니다. 언제든 Android 설정에서 접근 권한을 변경할 수 있습니다.</i>

<i><a href=""https://www.google.com/url?q=https%3A%2F%2Fwww.faceapp.com%2Fterms&sa=D&sntz=1&usg=AOvVaw1oMErwXV20X8frblDW_-4k"">이용약관</a></i>
https://www.faceapp.com/terms

<i><a href=""https://www.google.com/url?q=https%3A%2F%2Fwww.faceapp.com%2Fprivacy&sa=D&sntz=1&usg=AOvVaw1AXIYmHlPIPTCyt9hzKJFK"">개인정보보호정책</a></i>
https://www.faceapp.com/privacy",사진,https://play.google.com/store/apps/details?id=io.faceapp&hl=ko&gl=kr,,,,,,
android,kr,vStudio.Android.Camera360,Camera360,"<b>★여러 국가의 Google Play에서 2016 년 베스트 앱★</b>
카메라 그 이상, Camera360 버전 8.0은  자신의 일상을 공유할 수 있도록 연결해주는 소셜 네트워크입니다!
Camera360은 무료 사진 편집기이자 글로벌 사진 앱으로, 5억 명 이상의 사용자를 보유하고 있습니다.
셀피 카메라와 사진 편집기를 사용하여 멋진 사진과 이미지를 만들 수 있는 전문적인 편집 도구가 포함되어 있습니다.

<b>팔로우하기: </b>
- Facebook: https://www.facebook.com/camera360official
- Twitter: https://twitter.com/Camera360
- Instagram: Camera360_Official

<b>★Camera360 기능:★</b>
<b>*창의적인 사진작가들의 글로벌 커뮤니티</b>
<b>*셀피 카메라 및 뷰티 카메라</b>
<b>*사진 편집기 프로</b>
<b>*셀피 전용 필터 및 카툰 효과</b>
     애니메 스카이, 비주얼 초상화 필터, 매직 스카이 및 스태리 나이트
<b>*스케치 스티커 및 꿀잼스티커</b>
<b>*포스터 기능</b>

====== 주요 기능 ======

[새로운 홈페이지]
Camera360의 신규 홈페이지는 심플하고 편안한 시각 경험을 제공합니다.

[모션 스티커 & 3D 퍼니 스티커]
Camera360의 혁신적인 3D 퍼니 스티커가 사진과 동영상 셀카를 창의적이고 더 재밌게 만들어 줍니다.

[챌린지]
모든 종류의 재밌는 캡쳐 챌린지에 참여할 수 있어요; '좋아요' 하지 않을 걱정은 마세요! 3D 퍼니
스티커와 짧은 동영상을 함께 사용해 보세요!

[뷰티 & 메이크업]
실시간 메이크업 뷰티 카메라를 사용해 보세요. 큰눈, 백옥같은 치아, 매력적인 입술, 오똑한 코, 작은 얼굴..
뷰티 카메라는 당신이 원하는 걸 알고 있어요! 기본으로 설치되어 있는 뷰티와 메이크업 사진 편집기로
즉시 여신으로 변신하세요.

====권한 설명====

==== 필수 권한 ====
사진 및 동영상 저장 권한: 프로필 사진 편집, 로컬 이미지 편집, 이미지 저장

==== 선택적 권한 ====
카메라 권한:
  + 사진 촬영 또는 동영상 녹화를 위해 필요
  + 카메라 권한을 거부해도 이미지 편집 기능은 정상적으로 사용할 수 있지만, 촬영 기능은 사용할 수 없습니다
마이크 권한:
  + 동영상 촬영 시 소리를 녹음하기 위해 필요
  + 마이크 권한을 거부해도 사진 촬영은 가능하지만, 동영상 녹화는 할 수 없습니다
위치 권한:
  + 사진 상세 정보에 촬영 위치 정보를 기록하기 위해 필요
  + 위치 권한을 거부해도 앱의 다른 기능은 정상적으로 사용할 수 있지만, 사진에 촬영 위치 정보가 기록되지 않습니다",사진,https://play.google.com/store/apps/details?id=vStudio.Android.Camera360&hl=ko&gl=kr,,,,,,
android,kr,com.tickettothemoon.persona,Persona: AI Beauty Editor,"Persona는 완벽한 스타일을 위한 전문가급 뷰티 카메라 및 편집기입니다. 스마트 AI와 강력한 도구를 통해 사진과 동영상을 실시간으로 또는 편집 과정에서 손쉽게 완벽한 모습으로 완성하세요.

주요 기능:

• 얼굴 보정 필터: 수십 가지 필터 중에서 선택하여 피부를 매끄럽게 하고, 생기를 더하고, 자연스러운 아름다움을 연출하세요. 사진과 동영상에 한 번의 클릭으로 즉시 적용할 수 있습니다.

• 헤어 스타일링: 볼륨을 높이거나 새로운 헤어스타일로 빠르게 변경할 수 있으며, 어떤 사진이나 영상에도 적용 가능합니다.

• 몸매 보정: 사진이나 동영상에서 더욱 자연스럽고 날렵한 몸매를 연출할 수 있도록 몸매를 보정하세요.

• 피부 보정: 한 번의 탭으로 태닝 효과를 내거나, 피부결을 개선하거나, 번들거림을 제거할 수 있습니다.

• 편집 컨트롤: 사진과 동영상의 밝기, 대비, 선명도를 전문가처럼 조절하세요.

• 얼굴 윤곽 보정: 눈, 코, 입술, 턱선을 언제든 간편하게 보정할 수 있습니다.

• 색상 보정: 사진이나 동영상에 생동감 넘치는 세련된 색감을 더하세요.

• 특별한 디테일: 사진과 동영상에 주근깨, 보조개 또는 작은 디테일을 추가하세요.

• 빠른 수정: 편집 중인 콘텐츠와 관계없이 얼룩이나 불필요한 부분을 빠르게 지우세요.

• 독점 AI 도구: 더 나은 각도로 사진을 다시 촬영하고, 셀카로 새로운 사진 촬영 세션을 생성하는 등 다양한 기능을 활용하세요.

페르소나는 언제나 뛰어난 결과물을 위한 최고의 뷰티 도구를 제공합니다.

페르소나 VIP

페르소나 VIP로 모든 기능을 이용하고 무제한 동영상 저장을 경험하세요.

요금제:
• 주간: $7
• 월간: $15
• 연간: $57

가격은 미국 달러 기준이며, 국가별로 다를 수 있습니다. 구매 시 Google Play 계정으로 청구됩니다. 만료 24시간 전에 취소하지 않으면 자동 갱신됩니다. Google Play 계정 설정에서 관리할 수 있습니다. 사용하지 않은 기간에 대한 환불은 불가합니다.

이용 약관: https://persona.camera/terms_of_use_persona.pdf
개인정보 보호정책: https://persona.camera/privacy_policy_persona.pdf

지금 Persona를 다운로드하고 전문가 수준의 뷰티 효과로 나만의 스타일을 완성하세요!",사진,https://play.google.com/store/apps/details?id=com.tickettothemoon.persona&hl=ko&gl=kr,,,,,,
android,kr,com.glowdayz.glowmee,글로우픽 - 믿고 보는 뷰티 랭킹,"PICK YOUR BEAUTY 
뷰티를 아는 사람들이 선택한 글로우픽
더 편리하고 유용해진 글로우픽을 지금 만나보세요. 

1. 사용자가 만든 랭킹
뷰티, 이너뷰티, 생활용품까지 사용자 리뷰로 만들어진 랭킹을 한눈에 볼 수 있습니다.

2. 리얼한 리뷰
100% 사용자 리뷰로 만들어진 리얼한 리뷰를 한눈에 볼 수 있습니다.

3. 나만을 위한 인생템 추천
내 취향과 비슷한 사람들이 선택한 제품을 확인하고 추천받을 수 있습니다.

4. 매일 다양한 이벤트
신제품을 가장 빠르게 경험하고, 인기 제품을 체험할 수 있는 이벤트에 참여할 수 있습니다.

5. 센스있는 뷰티 정보
요즘 핫한 정보만 골라서 알려드리는 뷰티 캐스트를 매일 업데이트 됩니다.

[서비스 이용 필수 사양]
Andriod 5.0 이상

[글로우픽 SNS]
ㆍ인스타그램 : https://www.instagram.com/glowpick_official/
ㆍ페이스북 : https://www.facebook.com/glowpick
ㆍ네이버 블로그 : https://blog.naver.com/glowpick_official
ㆍ카카오톡채널 : https://pf.kakao.com/_pVMnl

[앱 접근 권한 안내]
ㆍ글로우픽에서는 서비스 제공을 위해 아래의 접근 권한을 필요로 합니다. 
ㆍ선택적 접근 권한은 해당 기능 이용 시 동의를 받고 있으며, 동의하지 않아도 해당 기능 외 서비스 이용이 가능합니다.
ㆍ필수적 접근 권한
   기기 및 앱 기록 : 앱 상태 (버전, 오류) 확인 및 사용성 개선 파악
ㆍ선택적 접근 권한
   사진/카메라 : 이미지 저장 및 사진 첨부 기능

[문의안내]
이용 중 불편 및 건의사항은 고객센터를 통해 언제든지 문의하시기 바랍니다. 
ㆍ문의방법 : 앱 > 설정 > 고객센터 > 1:1 문의
ㆍ고객센터 : 02) 538-3966 (cs@glowmee.com)
ㆍ제휴문의 : 02) 538-3964 (ad@glowmee.com)
ㆍ상담 시간 : 평일 10:00~17:00 (점심 12:30~13:30, 주말/공휴일 제외)
ㆍPC 버전: https://www.glowpick.com

(주)글로우데이즈
서울 강남구 테헤란로27길 18, 4층",뷰티,https://play.google.com/store/apps/details?id=com.glowdayz.glowmee&hl=ko&gl=kr,,,,,,
android,kr,com.magicv.airbrush,Airbrush: Face & Photo Editor,"📸 에어브러시로 셀카 실력을 마스터하세요! 최고의 사진 및 비디오 편집기! 사용하기 쉬운 기능으로 얼굴, 머리카락, 몸매, 배경을 AI 기반 도구로 완벽하게 보정하여 자연스러운 아름다움을 더욱 돋보이게 하고, 개성 있는 매력을 유지할 수 있습니다.

✨ 모든 사진의 완벽함
✔ AI 리터칭 – AI의 정밀한 보정으로 인물 사진을 자동으로 완벽하게 보정합니다.

✔ 치아 미백 – 환한 미소를 즉시 완성하세요.

✔ 잡티 제거 – 여드름과 잡티를 즉시 제거하여 깨끗한 피부를 연출합니다.

✔ 피부 보정 – 주름을 완화하고 피부톤을 균일하게 하여 어려 보이는 피부를 선사합니다.

✔ 하이라이터 – 얼굴 윤곽을 강조하고 윤기를 더해 최고의 장점을 부각하세요.

✔ 얼굴형 보정 – 얼굴과 몸매 비율을 손쉽게 다듬으세요.

✔ 컨투어링 – 얼굴 윤곽을 더욱 돋보이게 하여 언제나 최고의 모습을 연출하세요.

✔ 눈 보정 – 적목 현상을 없애고, 다크서클을 제거하거나, 눈 색깔을 변경하세요.

✔ 가상 메이크업 – AI 기반 메이크업으로 세련된 모습을 완성하세요.

✔ 헤어스타일링 – 에어브러시 기능을 사용하여 과감한 하이라이트부터 부드러운 웨이브까지, 신선한 헤어 컬러와 트렌디한 헤어스타일을 찾아보세요.

🎨 <strong>상상력을 마음껏 펼쳐보세요</strong>
- 배경 편집 – 배경을 흐리게 하거나, 교체하거나, 더욱 돋보이게 손쉽게 편집하세요.

- AI 지우개 – <strong>원치 않는</strong> 개체를 몇 초 만에 제거하세요.

- AI 보정 – 밝기, 채도, 색온도를 <strong>자동으로</strong> 조정하세요.

- 필터 및 효과 – <strong>멋진 필터와 예술적인</strong> 효과로 사진을 변환하세요.

- AI 복구 – 저화질 이미지를 복원하여 모든 디테일을 생생하게 되살리세요.

📹 <strong>비디오 셀카의 새로운 모습</strong>
- 얼굴 보정 – 실시간으로 영상에 보정 효과를 적용하세요.

- 객체 제거 – 장면에서 불필요한 요소를 제거하세요.

- 화질 향상 – 선명하고 영화 같은 영상으로 만들어 보세요.

😊 <strong>AI와 함께하는 즐거움</strong>
- 전문가급 프로필 사진 – 스튜디오급 프로필 사진을 즉시 생성하세요.

- 분위기 전환 – AI 기반 감정 조절 기능으로 다양한 표정을 연출해 보세요.

- 스타일 탐색 – 다양한 스타일과 예술적인 인물 사진 속 자신의 모습을 확인해 보세요.

<strong>창의력을 마음껏 발휘하세요</strong>
✨ 300개 이상의 독점 프리셋 및 메이크업 룩
🎨 400개 이상의 필터와 놀라운 효과
🎭 모든 스타일링 도구 무제한 이용
🔓 100개 이상의 프리미엄 전용 기능 및 리터칭 옵션

📷 수백만 명의 사용자가 Airbrush를 통해 사진과 비디오를 손쉽게 편집하고 있습니다! 간단한 수정부터 완벽한 변신까지, Airbrush는 최고의 결과물을 선사합니다.

<p>📥 <strong>지금 바로 Airbrush를 다운로드하고</strong> 멋진 셀카와 동영상을 만들어 보세요!

📌 <strong>소셜 미디어에서 편집 팁을 확인하세요!</strong>
Instagram: instagram.com/airbrushOfficial
TikTok: tiktok.com/@airbrushofficial
Facebook: facebook.com/airbrushappofficial
Twitter: twitter.com/airbrushApp

📜 서비스 약관: Airbrush.com/legal/terms-of-service
🔒 개인정보처리방침: Airbrush.com/legal/privacy-policy</p>",사진,https://play.google.com/store/apps/details?id=com.magicv.airbrush&hl=ko&gl=kr,,,,,,
android,kr,com.collage.m2,Facelab - 사진편집어플,"Facelab으로 얼굴과 몸매를 편집하고 사진에 보이는 단점이나 작은 결점을 보정하세요. 이목구비와 몸매를 다듬고 자연스러운 아름다움을 강조하여 완벽한 셀카를 만들어 보세요!

언제 어디서나 사진을 빠르게 편집하기 위한 필수 셀카 편집기! 몇 번만 눌러 어떤 사진이든 손쉽게 보정하고, 예쁘게 만들고, 업그레이드하고, 개선하세요. 인물 사진이나 셀카 속 얼굴을 보정하여 완벽하게 만들고 전문적인 느낌을 연출하세요.

🤩💎🌟 완벽한 셀카 편집 도구 🌟💎🤩

몸

몸매를 다듬고, 복부와 허리둘레를 줄이고, 힙과 엉덩이를 탄력 있게 만들고, 다리 길이를 늘이고, 손을 가늘게 만드세요.
피부를 매끄럽게 하고, 피부 톤을 균일하게 하고, 태닝 효과를 추가하세요.
꿈에 그리던 복근이나 완벽한 식스팩을 만들어 보세요.
원하는 신체 부위에 근육을 붙여보세요.

얼굴

얼굴형을 다듬고 완벽한 모습으로 조각하세요. 코 모양을 조정하고, 입술을 도톰하게 만들고, 비대칭 눈을 교정하고, 눈썹을 진하게 만들고, 이중 턱을 없애세요.
외모를 아름답고 생기 있게 만들어 보세요. 피부를 매끄럽게 하고, 다크서클을 없애고, 치아를 하얗게 하고, 눈빛을 반짝이게 하세요.
눈에 보이는 결점을 감추고, 잡티와 여드름을 없애고, 주름을 펴고, 피부 톤을 균일하게 하고, 모공을 정돈하세요.

뷰티

원터치 AI 뷰티 도구. 남성과 여성 모두를 위한 다양한 뷰티 프리셋을 선택하여 순식간에 아름다워지세요.
여러 메이크업 스타일을 시도해 보세요. 립스틱과 아이라이너 색상을 다양하게 조합해 보고, 파운데이션, 아이섀도, 마스카라를 골라 보세요.
새로운 헤어스타일을 시도해 보고 머리카락 색을 바꿔 보세요. 머리 볼륨을 살리거나, 머리카락을 펴거나, 컬을 넣어 보세요. 남자라면 다양한 턱수염과 콧수염 스타일을 시도해 보세요.

AI 도구

사진에서 원치 않는 물체를 제거하세요.
배경을 흐리게 만들거나 완전히 다른 배경으로 변경하세요.
색상을 조정하고 필터를 추가하세요.
AI 언크롭 도구로 작은 이미지를 확대하세요.

🔥 몇 초 만에 자연스럽고 가장 아름다운 룩을 연출해 보세요 🔥

창의적인 글로벌 패밀리와 함께하세요!
➳ facelab.mobi 😍
https://www.instagram.com/facelab.mobi/

저희는 앱을 계속 개선하여 최고의 이용 경험을 선사하고자 합니다. ♡ 앱에 대한 소중한 의견을 기다립니다! 의견이나 제안이 있으시면 facelab@irontech.mobi로 보내 주세요. 📧

- Facelab 팀",사진,https://play.google.com/store/apps/details?id=com.collage.m2&hl=ko&gl=kr,,,,,,
android,kr,jp.hotpepper.android.beauty.hair,ヘア&ビューティーサロン検索/ホットペッパービューティー,"핫 페퍼 뷰티는 국내 최대급의 헤어·네일·속눈썹·릴락·에스테틱 살롱의 검색&예약 어플입니다.

■■■ 당신에게 딱 맞는 살롱을 찾을 수 있습니다 ■■■■

■국내 최대급의 게재 정보
・헤어 살롱 ・뷰티 살롱의 게재수, 15만건 이상!
・헤어 살롱 스타일리스트 등록수, 25만명 이상!
・예약수, 연간 1.8억건!

국내 최대급의 게재 정보로부터, 당신에게 딱 맞는 살롱을 찾을 수 있습니다.

■ 폭넓은 장르에도 대응!

헤어 살롱, 네일 살롱, 에스테틱 살롱, 릴랙 마사지도 쉽게 검색 및 예약할 수 있습니다.

■ 살고 있는 지역의 살롱을 바삭바삭 검색!

지역·가까운 역 뿐만이 아니라, 희망의 일자나 쿠폰, 헤어 칼라나 마츠에쿠라고 하는 조건 조건 등, 당신의 취향으로부터도 검색이 가능!

■ 살롱의 정보도 다수 게재

영업 정보나 지도, 분위기를 아는 사진 외에, 오톡한 쿠폰 정보도 가득!
약 2,000만의 리뷰를 게재하고 있으므로, 살롱의 정보를 사전에 알 수 있습니다.

■■■언제든지 사용할 수 있는 어트크한 인터넷 예약■■■

가고 싶은 살롱이 정해지면 앱에서 인터넷 예약!

・24시간 언제든지 예약이 가능합니다.
・미용사나 살롱 스탭을 지명해 예약할 수 있습니다.
・넷 예약에서는 포인트도 쌓입니다.

■■■일본 최대급의 헤어 카탈로그・네일 카탈로그■■■

■헤어 스타일을 볼 수 있는 헤어 카탈로그
머리카락질이나 얼굴형으로부터 검색도 할 수 있으므로, 되고 싶은 스타일이 반드시 발견된다!
스타일링 포인트와 제공 살롱 정보도 자세히 볼 수 있습니다.
유행의 머리색으로 머리카락을 세련되게 하고 싶은 분, 필견!맨즈 헤어 스타일 특집도 있습니다.

■네일 디자인을 볼 수 있는 네일 카탈로그
씬이나 색・디자인 등 여러가지 커트에서 당신에게 딱 맞는 디자인을 찾을 수 있다.
헤어 카탈로그·네일 카탈로그의 검색으로부터, 그대로 살롱의 예약도 가능합니다.

■■■그 외에도 편리한 기능이 많이■■■

・신경이 쓰이는 살롱이나 헤어 카탈로그 ・네일 카탈로그를 북마크 해 나중에서도 확인할 수 있습니다.
・북마크는 웹의 핫 페퍼 뷰티와 연계할 수 있습니다.
・맨즈에 추천의 살롱도 검색할 수 있습니다.
・살롱이 발신하는 블로그도 다수 게재!

■■■핫 페퍼 뷰티(HOT PEPPER Beauty)는, 이런 분에게 추천합니다■■■
■ 헤어 살롱을 찾고있는 분
· 머리카락을 자르거나 머리 색깔을 바꾸어 이메첸하고 싶다.
· 트렌드의 헤어 컬러에 도전하고 싶다.
· 헤어 케어가 잘하는 헤어 살롱을 찾아, 머리카락을 깨끗하게하고 싶다
・게재수가 많은 살롱 예약 앱으로 미용실을 찾아 예약하고 싶다
・자신에게 어울리는 헤어스타일을 헤어스타일 특집으로부터 찾아, 그대로 미용실 예약하고 싶다
· 남성용 헤어 살롱을 예약 할 수있는 미용 앱을 찾고 있습니다.

■네일・마츠에크・아이브로우 살롱을 찾고 있는 분
・스스로는 어려운 네일 디자인을, 네일 살롱에서 프로에 맡기고 싶다
・결혼식을 향해 네일을 하기 위해, 살롱 선택으로부터 고집하고 싶다
・마쓰에쿠의 유지보수를 빨리 할 수 ​​있도록, 이웃의 속눈썹 살롱을 찾고 싶다
· 정중한 상담을하는 눈썹 살롱에서 아이브로우 시술을 받고 싶다.

■ 릴랙 살롱 · 에스테틱 살롱을 찾고있는 분
· 뷰티 앱으로 휴식을 예약하고 치유 시간을 확보하고 싶습니다.
・자신에게 맞는 에스테틱 살롱이나 탈모 살롱을 찾고 싶다

■오톡에 살롱 예약하고 싶은 분
・리크루트 포인트를 사용할 수 있는 미용 앱으로 살롱 예약하고 싶다
· 뷰티 살롱 예약 앱으로 놀라운 미용 시술을 찾고 싶습니다.",뷰티,https://play.google.com/store/apps/details?id=jp.hotpepper.android.beauty.hair&hl=ko&gl=kr,,,,,,
android,kr,com.lightricks.facetune.free,페이스튠 Facetune: 사진보정 및 동영상 보정어플,"세계 최고의 사진보정어플로 사진과 동영상 보정을 시작하세요. 필터카메라 또는 탭 한 번으로 사진보정을 사용하여 전체 사진 또는 프레임을 한 번에 향상시키거나 수동 편집을 사용하여 원하는 모양과 느낌을 얻기 위해 정밀하게 고유한 비전을 표현해 보세요. 모든 게시물과 셀카에 나만의 침착함과 개성을 담을 수 있습니다 - 당신을 특별하게 만드는 것이 무엇인지 세상에 보여주세요.

사진보정이 마음에 들지만 비디오 클립도 향상시키고 싶으신가요? 간단하면서도 강력한 효과를 사용하여 셀카 동영상을 쉽게 편집하고 보정하여 각 프레임을 수정해 보세요. 몇 번의 탭만으로 할 수 있는 수많은 기능이 있는 것을 보시면 놀라게 될 것입니다. 하나의 프레임을 편집하고 변경 사항을 전체 동영상에 즉시 적용합니다. 글램 필터 또는 효과를 적용하고, 메이크업을 적용하고, 인스타그램에 게시하기 전에 좋아하는 클립을 향상하거나 사진 선명하게 하는 등의 작업을 수행하세요. 시간을 절약하고 멋진 클립을 만들어 보세요. 채도를 높이고, 새로운 필터 및 효과를 시도하고, 비디오를 쉽게 매끄럽게 편집할 수 있습니다.

셀카를 빛내세요

- 잡티제거하고 얼굴보정하고 진짜 내 보습을 빛나게 합니다.
- 멋짐을 뽐내기 위해 메이크업을 적용합니다
- 피로한 눈을 상쾌하게 하거나 새로운 아이컬러를 찾습니다
- 하이라이트를 추가하거나 머리카락을 어둡게 합니다

탐색할 만한 새로운 AI 기능
- AI 옷 입어보기: 탭 한 번으로 사진 속 옷을 갈아입으세요!
- AI 셀카 발견하기: 셀카를 놀랍고 초자연적인 버전으로 변환하세요!
- AI 향상 기능 사용: 완벽하고 자연스러운 사진보정 및 수정하세요!
- 사용하기 쉬운 도구로 AI 증명사진을 생성하세요

사진보정어플로 빠른 리터치

- Reshape로 눈썹, 입술 또는 머리카락을 가늘게 하거나 두껍게 만듭니다.
- 치아, 옷, 운동화에 미백을 적용합니다
- 에어브러시로 피부를 황갈색으로 만들거나 부드럽게 펴줍니다.
- 균일한 피부보정 톤 보정으로 피부를 매끄럽게 만들고 얼굴보정을 합니다

놀라운 AI 향상 솔루션

- 사용하기 쉬운 AI 기능을 사용하여 탭 한 번으로 사진필터로 사진을 향상시킵니다
- 즉각적인 개선 기능으로 셀카 및 동영상을 향상시킵니다

깔끔한 메이크업

- 필터카메라로 매력적인 사진필터를 위한 빠른 얼굴보정 또는 전면 화장을 합니다
- 잡티제거를 하고 전문적인 초상사진처럼 보이는 멋진 사진을 찍습니다
- 손쉬운 셀카 보정 또는 완전히 새로운 모습을 만들어 냅니다
- 광대뼈에 약간의 블러셔 또는 광채를 더합니다

스포트라이트를 받으세요

- 조명을 넣어주어 주목을 받게 합니다
- 배경을 흐리게 하거나 새 배경으로 교체합니다
- 스튜디오 룩을 위한 링 라이트 아이즈를 사용합니다
- 스와이프로 주의를 산만하게 하는 요소를 제거합니다

셀카 비디오 온 포인트

- 얼굴보정어플로 동영상 보정을 합니다
- 다채로운 필터 및 효과로 교체합니다
- 배경이나 미소를 밝게 만들어주는 색상으로 동영상 보정을 하고 스포트라이트를 받습니다.
- 필터 및 비디오 효과로 실험을 할 수 있습니다

사진보정에 필요한 모든 도구

- 작은 터치업부터 화려한 배경까지 사진보정 및 필터
- 업그레이드된 사진을 위한 AI 향상 기능
- 적목 제거, 메이크업 편집, 셀카 카메라
- 자연스러운 뷰티를 향상시키는 빠른 수정을 위한 사진 선명하게 합니다
- 헤어 컬러 체인저와 메이크업 보정어플 새로운 모습을 시험해 보세요

아직 시작일뿐입니다

- 치아미백, 눈확대, 눈썹이나 속눈썹, 아이컬러를 채워주세요
- 사진보정어플로 셀카를 수정하고, 수십 가지의 무료 필터 및 메이크업 효과 중에서 선택하고, 환상적인 사진보정 및 AI 향상 솔루션을 사용하여 기능을 수정하세요.
- 황갈색 효과를 추가하거나 균일한 피부보정 톤으로 뷰티를 얻을 수 있습니다.
- 모든 사진에서 자연스럽게 부드럽게 보이도록 피부 톤을 보정, 리터치 및 다듬습니다.

페이스튠은 정밀 기능과 자동화된 AI 향상 기능, 필터카메라를 모두 갖춘 잊을 수 없는 결과를 제공하는 올인원 사진보정 및 보정어플입니다. 쉽게 치아 미백, 잡티 수정, 약간의 윤곽 추가, 배경 흐리게, 효과 추가 등 많은 기능을 지금 다운로드하여 모든 사진과 셀카에서 자연스러운 뷰티와 매력을 빛나게 하세요.

페이스튠 사진보정어플은 광범위한 비디오 및 사진보정 해결책으로 구성된 Lightricks의 Creative Suite의 일부입니다. 그 중:

- Videoleap: 강력한 비디오 편집 및 보정어플
- Photoleap: 사진 애니메이션 및 블렌딩

스크린샷에 표시된 특정 기능, 기능 또는 기타 요소는 특정 장치 모델에서만 사용 가능할 수 있습니다.

페이스튠 사진보정어플 이용 약관 및 개인정보 보호정책:

Lightricks 사용 약관: https://static.lightricks.com/legal/terms-of-use.html
Lightricks 개인 정보 보호 정책: https://static.lightricks.com/legal/privacy-policy.html",사진,https://play.google.com/store/apps/details?id=com.lightricks.facetune.free&hl=ko&gl=kr,,,,,,
android,kr,jp.tribeau.tribeau,トリビュー（美容 医療の口コミ予約アプリ）,"【이용자 만족도 98%*의 미용 의료·성형의 입소문 예약 앱】

230만 DL 돌파! 미용 의료 클리닉 찾고 있다면 트리뷰! !

「소문 검색」 「시술 검색」 「클리닉 닥터 검색」 「온라인 예약」 「미용 내복의 온라인 구입」이 앱 하나로 완결!

트리뷰에서의 예약으로 시술 비용의 5%가 반드시 돌아온다!

하고 싶은 시술·가고 싶은 클리닉을 찾을 수 있는 앱입니다.

***+..트리뷰 특징..+***

＊미용 의료 초보자도 사용하기 쉽다

＊미용 외과·미용 피부과·심미 치과의 분야에서 찾을 수 있다

＊모두의 클리닉이나 시술의 리뷰를 볼 수 있다

＊유익한 가격으로 시술을 받을 수 있다

＊카테고리나 시술, 고민마다 해설 기사를 읽을 수 있다

＊카테고리마다 모두가 예약하고 있는 클리닉을 알 수 있다

＊클리닉의 만족도 평가를 볼 수 있다

＊클리닉의 특징이나 특기인 시술을 알 수 있다

* 「어떤 시술이 맞는지 모르겠다」 「클리닉의 선택 방법을 모른다」라고 하는 분을 위해서 「고민으로부터 검색」이나 「초보자 가이드」도 준비

* 당신에게 맞는 메뉴와 클리닉 찾기를 AI가 지원

* 미용 내복을 온라인으로 구입할 수 있습니다

***+.. 상품 ..+***

＊전국 1,100개 이상의 클리닉에서 사용할 수 있는 트리뷰 포인트가 모이거나 사용할 수 있다

＊매월 11,200건 이상의 트리뷰 한정의 유익한 모니터 메뉴 게재!

＊트리뷰로부터 예약・시술하면 시술비의 5%분의 포인트가 반드시 돌아온다!

＊소문 투고로 반드시 1000엔분 포인트 받을 수 있다! 최대 10000엔분 포인트 받을 수 있다!

***+..이런 사람에게 추천..+***

＊화장품이나 메이크업, 한국의 미용 성형 등에 흥미가 있는 미의식이 높은 분

＊다이어트나 슬리밍에 흥미가 있다

＊유익하게 포인트를 모으면서 미용 의료를 체험하고 싶다

＊모두의 리뷰를 보고 싶다

＊미용 성형이 가능한 클리닉 찾기에 곤란하다

***+.. 인기 카테고리..+***

""이중"" ""눈머리"" ""탈레 눈"" ""눈물 가방"" ""코 끝"" ""코를 높이"" ""소
코, 쁘띠 성형, 작은 얼굴, E 라인, 피부 미용, 슬리밍, 한국
""눈"", ""코"", ""윤곽"", ""가슴"", ""입맛"", ""안티 에이징""
""아트 메이크업"" ""모공"" ""여드름 자취""

***+..Twitter, instagram에서도 정보를 전달! ..+***

트위터 / @tribeauJP

Instagram / @tribeau_kr

***+..문의..+***

트리뷰에서는 여러분의 의견을 기다리고 있습니다. 문제나 요청 등이 있으시면 부담없이 상기 SNS 또는 아래 이메일 주소, 양식에 문의하십시오.

이메일 주소 : support@tribeau.jp

- 「미용의료에 관한 조사」에 대해 조사 대상: 과거에 트리뷰를 이용한 적이 있는 15세~49세의 남녀 51명 조사 기간: 2024년 7월 10일~7월 15일 조사 방법: WEB 앙케이트 조사",뷰티,https://play.google.com/store/apps/details?id=jp.tribeau.tribeau&hl=ko&gl=kr,,,,,,
android,kr,com.xt.retouchoversea,Hypic - Photo Editor & AI Art,"AI의 힘으로 사진을 더욱 멋지게 바꿔보세요 - Hypic을 만나보세요!
매일의 셀카를 놀라운 걸작으로 만들어 드릴 준비가 되셨나요? Hypic은 AI의 마법으로 사진을 더욱 돋보이게 해 주는 올인원 사진 편집기입니다. 예술적인 느낌, 아름다운 이미지, 또는 단순히 세련된 이미지 등 어떤 것을 원하시든 Hypic은 필요한 모든 것을 제공합니다.

Hypic을 사랑하게 되는 이유:
🎉 탭 하나로 완성되는 AI 마법
최첨단 AI를 통해 사진을 즉시 예술 작품으로 바꿔보세요. 배경 제거, 아바타 생성, 카툰 효과, 이미지 화질 향상 등 다양한 작업이 가능합니다.

🎨 스타일리시한 필터 및 효과
레트로 필름, 클린 걸 프리셋, 소프트 글로우 필터 등 트렌디한 미적 스타일을 살펴보세요. 한 번의 탭으로 기분에 맞게 또는 피드 분위기에 맞춰보세요.

💄 스마트 리터칭 도구
스무딩, 리셰이핑, 보정을 위한 정밀한 도구를 사용하여 자연스럽게 원하는 스타일을 연출하세요. 얼굴 윤곽을 섬세하고 간편하게 보정하세요.

🖋️ 미적 템플릿
전문적으로 디자인된 템플릿을 사용하여 단 몇 초 만에 멋진 비주얼을 제작하세요. 사진 공유, 스토리, 일상 브이로그 등 어떤 콘텐츠든 Hypic의 템플릿을 사용하면 손쉽게 큐레이션된 콘텐츠를 만들 수 있습니다.

일반 편집자, 디지털 크리에이터, 미적 감각을 좋아하는 사람 등 누구든 Hypic을 사용하면 편집을 재미있고 빠르고 쉽게 할 수 있습니다. 경험은 필요 없습니다.
📸 일괄 편집, 콜라주 제작, AI 아트 생성까지 모두 한 곳에서!
🎯 Instagram, TikTok, Pinterest 등 다양한 플랫폼에 적합합니다.
지금 바로 Hypic을 다운로드하고 아름답고 간편하며 즉시 당신의 비전을 현실로 만들어 보세요.

Hypic에 대한 문의 사항은 retouchpics.support@bytedance.com으로 문의해 주세요.
새로운 기능 튜토리얼과 고급 사진 편집 팁을 보려면 Instagram(https://www.instagram.com/hypic_app/) 또는 TikTok(https://www.tiktok.com/@hypic_global)에서 @hypic을 팔로우하세요.

서비스 약관
https://m.hypic.com/clause/hypic-terms-of-service

개인정보처리방침
https://m.hypic.com/clause/hypic-privacy-policy",사진,https://play.google.com/store/apps/details?id=com.xt.retouchoversea&hl=ko&gl=kr,,,,,,
android,kr,co.shopney.officialkbeauty,Official K-Beauty,"공식 K-뷰티(OKB) 앱으로 진정한 한국 뷰티의 세계를 경험해 보세요. OKB는 한국에서 직접 공급받은 최신 효과적인 K-뷰티 스킨케어 및 뷰티 혁신 제품을 만나볼 수 있는 믿을 수 있는 플랫폼입니다.

OKB는 한국의 유명 브랜드와 직접 협력하여 UAE, 사우디아라비아 및 중동 전역의 스킨케어 애호가들을 위해 엄선된 100% 정품 제품만을 제공합니다.

최신 트렌드 스킨케어부터 피부과 전문의가 인정한 제품까지, OKB는 전 세계 수백만 명이 신뢰하는 최고의 한국 스킨케어 제품을 제공합니다.

공식 K-뷰티에서 쇼핑해야 하는 이유

100% 정품 한국 제품
모든 제품은 공식 브랜드에서 직접 공급받아 한국에서 수입되므로 정품, 안전성 및 효과를 보장합니다.

최고의 K뷰티 브랜드를 한 곳에서 만나보세요
메디큐브, 액시스-이, 넘부진, 스킨1004, VT 코스메틱, 닥터멜락신, 셀리맥스, 뷰티 오브 조선 등 베스트셀러 한국 뷰티 브랜드를 쇼핑하세요.

최신 한국 뷰티 트렌드
한국에서 직접 출시되는 최신 K뷰티 제품, 인기 스킨케어 루틴, 트렌디한 제품들을 만나보세요.

빠른 GCC 배송
UAE, 사우디아라비아, 중동 전역으로 빠르고 안전하게 배송해 드립니다.

특별 할인 및 신제품 출시
한정 출시 제품, 앱 전용 특가 상품, 특별 프로모션을 가장 먼저 만나보세요.

전문가가 엄선한 스킨케어 솔루션
유리알 피부, 여드름 관리, 안티에이징 트리트먼트, 수분 공급 필수품 등, OKB는 당신에게 딱 맞는 한국 스킨케어 루틴을 완성하도록 도와드립니다.

베스트셀러 K-뷰티 카테고리 쇼핑하기

• 한국 세럼 & 앰플
• 한국 모이스처라이저 & 크림
• 한국 선크림 & SPF
• 한국 클렌저 & 토너
• 한국 시트 마스크 & 트리트먼트
• 뷰티 디바이스 & 스킨케어 도구

정품 K-뷰티의 비밀

오피셜 K-뷰티(OKB)의 비밀은 간단합니다. 바로 한국에서 직수입한 100% 정품 K-뷰티 제품만을 제공하는 것입니다. 저희는 가짜 제품을 절대 용납하지 않습니다. 뷰티 및 스킨케어 분야에서 가짜 제품은 위험할 수 있기 때문입니다. OKB의 모든 제품은 신뢰할 수 있는 브랜드에서 직접 공급받아 한국에서 수입합니다.

OKB와 함께라면 정품에 대한 걱정은 이제 그만! 바로 이것이 저희 이름에 담긴 비밀입니다.

오피셜 K-뷰티 앱을 다운로드하고 지금 바로 최고의 한국 스킨케어 제품으로 더욱 건강하고 빛나는 피부를 위한 여정을 시작하세요.",쇼핑,https://play.google.com/store/apps/details?id=co.shopney.officialkbeauty&hl=ko&gl=kr,,,,,,
android,kr,cam.sweet.selfie.effect.camera,"뷰티 카메라 - 셀카, 필터","<b>뷰티 카메라 - 셀카 카메라 및 메이크업 카메라는 트렌디한 아트 필터, 웃긴 얼굴 스티커, AR 메이크업 효과, 얼굴/바디 리터치 및 조정, 메이크업 편집, HD 셀카, 뮤직 비디오.</b> 뷰티 카메라 - 달콤한 스냅은 인생의 소중한 순간을 쉽게 포착하고 스트레스 없이 촬영할 수 있도록 합니다.

<b>뷰티 카메라 - 많은 놀라운 메이크업 효과, 완전한 가상 화장, 얼굴 조정, 완벽한 셀카 필터, 라이브 스티커, 콜라주 메이커, 프레임, 음악 효과가 있는 비디오가 포함된 달콤한 셀카, 셀카 카메라 및 뷰티 사진 편집기.</b> 스위트 카메라 및 HD 카메라 앱을 사용하면 멋진 셀카와 동영상을 즉시 촬영하고 최고의 브랜드 뷰티 제품의 최고의 메이크업 필터와 효과를 시도할 수 있습니다.
여드름 및 여드름 제거, 얼굴 및 몸의 모양, 매끄러운 피부, 밝은 눈, 코 성형, 입술 도톰, 치아 미백, 의상 메이크업, 아이라이너, 속눈썹, 눈썹, 윤곽, 홍당무를 위한 시그니처 자동 미화 도구가 있는 셀카 카메라 및 뷰티 카메라 등.

뷰티 카메라 - 셀카 카메라를 사용하면 Instagram, Facebook, Snapchat, Twitter, YouTube, TikTok 등에서 최고의 셀카, 뮤직 비디오, Instagram 스토리를 쉽게 만들고 편집할 수 있습니다.

🔥 <b>뷰티 셀카 카메라, 페이스 튠, 완벽한 필터</b> 💄
• <b>탭 한 번으로 아름답게 꾸미기:</b> 탭 한 번으로 멋진 셀카 사진을 위한 터치업
• <b>실시간 뷰티 필터:</b> 300개 이상의 테마 필터, 화려한 효과 및 다양한 스타일
• <b>얼굴 보정:</b> 얼굴 성형, 얼굴 슬리밍, 광대뼈, 턱, 턱, 이마 모양 변경
• <b>아이 메이크업:</b> 적목 현상 제거제, 아이 브라이트너. 눈썹 아치, 두께, 위치, 색상 편집
• <b>매끄러운 피부:</b> 피부를 매끄럽게 하고 모공을 개선하려면 드래그하세요.
• <b>잡티 제거:</b> 여드름, 여드름, 주름, 다크서클 제거
• <b>윤곽 및 하이라이트:</b> 광대뼈와 코를 실시간으로 성형
• <b>치아 미백:</b> 치아 미백으로 완벽한 미소를 보여주세요.
• <b>바디 모양 변경:</b> 팔, 가슴, 허리, 엉덩이를 이상적인 모양으로 조정합니다.

👑 <b>실시간 뷰티 효과, 예쁜 메이크업, 스티커</b>
- <b>메이크업 카메라:</b> 인기 있는 립스틱, 블러셔, 눈썹 및 윤곽의 다양한 선택
- <b>셀카 스티커:</b> 매일 업데이트되는 수천 개의 스티커를 사용할 수 있습니다. 특별한 모션 스티커는 사진을 더 귀엽고 멋지게 만듭니다.
- <b>독점 필터 및 효과:</b> AR 효과와 계절별 유행 필터로 완벽하게 보이게 합니다.
- <b>다양한 액세서리:</b> 선글라스, 모자, 안경, 헤어밴드, 안경, 귀걸이, 목걸이
- <b>AR 뷰티 제품:</b> 최고의 뷰티 브랜드의 화장품을 시도하고 고급 메이크업 제품을 시도합니다. 다양한 헤어 컬러 스타일은 완전히 새로운 면모를 보여줍니다.
스마트 인식 기술이 적용된 뷰티 카메라 & 달콤한 셀카는 정확하고 자연스러운 메이크업을 도와줍니다.

🎨 <b>사진 편집자 및 메이크업 편집기 및 뮤직 비디오 메이커</b>
- <b>뷰티 셀카 편집기:</b> 사진을 편집하고 멋진 뷰티 효과로 사진을 수정하세요.
- <b>강력한 사진 편집기:</b> 탭하여 사진 크기 조정, 자르기, 흐림, 회전, 잘라내기 등을 할 수 있습니다. 사진을 향상하고 모든 세부 사항을 유지
- <b>뮤직 비디오 및 달콤한 스냅:</b> 음악과 함께 짧은 비디오를 촬영하고 GIF 이모티콘으로 변환
- <b>듀엣 동영상:</b> 듀엣 동영상 촬영 - 틱톡 또는 인스타그램에서 나란히 반응 또는 리액션 동영상
- <b>텍스트, AR 스티커, 필터:</b> 텍스트를 추가하고 사진에 그림을 그리거나 페인트하여 사진을 설명합니다. 인기 있는 스티커와 매직 필터로 사진을 구별하세요.

🌈 <b>콜라주 메이커 및 사진 그리드 및 뷰티 카메라</b>
- <b>콜라주 메이커:</b> 몇 장의 사진을 선택하여 멋진 콜라주나 프레임을 만드세요.
- <b>동영상 편집기:</b> 뷰티 플러스 카메라의 그리기 도구를 사용하여 동영상에 음악을 쉽게 추가하고 동영상을 편집 및 자르기
- <b>템플릿 및 레이아웃:</b> 수많은 사전 설정 템플릿 및 필터, 배경, 스티커, 텍스트 등으로 콜라주 편집

뷰티 카메라 및 셀카 카메라 및 메이크업 카메라를 다운로드하여 완벽한 셀카를 찍고 콜라주 및 뮤직 비디오를 만들고 강력한 사진 편집기, 트렌디한 필터, 메이크업 효과 및 재미있는 셀카 스티커를 발견하세요! 🎥📸",뷰티,https://play.google.com/store/apps/details?id=cam.sweet.selfie.effect.camera&hl=ko&gl=kr,,,,,,
android,kr,com.cyworld.camera,Cymera: 사진 편집 콜라주,"<h3>Cymera: 사진 편집 콜라주 - 셀피, 콜라주, 뷰티 편집을 만드세요!</h3>Cymera: 사진 편집 콜라주는 한곳에서 셀피를 촬영하고, 인물 사진을 편집하고, 콜라주를 만들고, 창의적인 도구로 사진을 꾸미는 데 도움을 줍니다.

사진 리셰이프: 얼굴 필터 셀피 카메라는 더 부드러운 인물 사진을 위해 실시간 셀피 효과와 뷰티 카메라 도구가 제공됩니다. 뷰티 카메라 및 사진 콜라주 메이커도 여러 사진을 결합하고, 포스터 스타일 디자인을 만들고, 깔끔한 편집을 빠르게 준비하는 데 도움이 됩니다.

<b>창의적인 사진 편집 기능:</b>
📸몸매 보정: 사진 필터 - 몸매 조정, 허리 슬림, 다리 길이, 힙 리프트 도구 사용;
✨사진 콜라주 및 셀피 편집기 - 갤러리 이미지로 콜라주, 포스터, 포토카드 만들기;
💄얼굴 보정: 사진 편집기 - 여드름, 주름, 다크서클, 적목 제거;
🖼️사진 콜라주 편집 - 다양한 그리드 스타일로 최대 9장 결합;
🤳셀피 필터: 사진 편집기 - 실시간 필터, 메이크업 효과, 즐겨찾기 필터 사용;
🎨Cymera: 사진 편집 콜라주 - 자르기, 회전, 모자이크, 밝기 조정, 대비 변경;
🌈사진 리셰이프: 얼굴 필터 셀피 카메라 - 눈 확대, 미소 조정, 얼굴 슬림, 인물 보정;
💎뷰티 카메라 및 사진 콜라주 메이커 - 깨끗하고 선명한 사진을 위한 고해상도 출력 사용;

<h3>셀피 촬영, 얼굴 보정, 사진 리셰이프, 콜라주 제작!</h3>몸매 보정: 사진 필터는 간단한 편집기에서 몸매를 조정하고 싶을 때 유용합니다.

사진 콜라주 및 셀피 편집기는 갤러리에서 사진을 선택해 즉시 레이아웃에 넣을 수 있어 콜라주 제작을 쉽게 만듭니다. 게시물, 인사말, 커버, 기타 소셜 디자인을 위해 텍스트, 텍스처, 포토카드 디테일도 추가할 수 있습니다.

<b>간단한 편집 흐름:</b>
📲얼굴 보정: 사진 편집기를 열고 셀피 또는 갤러리 사진 선택;
🤳셀피 필터: 사진 편집기로 실시간 뷰티 룩 사용;
🖼️그리드나 포스터가 필요할 때 사진 콜라주 편집 시작;
🎨소셜, 정사각형, 커버, 썸네일 스타일에 맞게 이미지 자르기;
💄피부 광채, 메이크업, 주름 제거, 다크서클 정리 적용;
📸다른 인물 사진 느낌을 원할 때 몸매 리셰이프 도구 사용;
✅편집이 준비되면 사진을 고품질로 저장;

<b>📸뷰티 카메라와 셀피 도구:</b>
사진 리셰이프: 얼굴 필터 셀피 카메라에는 피부 메이크업, 얼굴 리셰이프, 슬림 효과, 주름 정리, 여드름 제거, 다크서클 보정이 포함됩니다. 자동 얼굴 인식은 눈 확대, 미소 조정, 얼굴 슬림을 도와 셀피 편집을 더 빠르게 만듭니다. 앱에는 저장 전 모습을 미리 볼 수 있는 실시간 뷰티 카메라 효과도 포함됩니다.

<b>🌈필터, 렌즈, 카메라 옵션:</b>
셀피 필터: 사진 편집기에는 빈티지, 내추럴, 네온, 로모, 필름, 스케치, 어안, 파스텔, 흑백, 국기, 렌즈 플레어, 라이트 리크 효과 등 다양한 필터가 포함됩니다. 카메라에는 7개 렌즈, 흔들림 방지, 타이머, 터치 촬영, 아웃포커싱 옵션, 조용한 촬영을 위한 무음 모드도 있습니다.

<b>🖼️콜라주, 포스터, 쉬운 편집:</b>
사진 콜라주 편집은 갤러리 사진으로 빠른 레이아웃을 지원하며, 그리드 옵션으로 최대 9장의 이미지를 결합할 수 있습니다. 뷰티 카메라 및 사진 콜라주 메이커에는 소셜 비율 자르기, 블러 배경, 텍스트, 스티커, 포스터 스타일 디자인도 포함됩니다.

<h3>모든 셀피와 사진 편집을 더 완성도 있게 만드세요!</h3>Cymera: 사진 편집 콜라주는 뷰티 도구, 카메라 효과, 콜라주 레이아웃, 몸매 편집, 얼굴 보정, 사진 조정을 하나의 앱에서 제공합니다. 얼굴 보정: 사진 편집기는 인물 정리를 쉽게 유지하고, 사진 콜라주 및 셀피 편집기는 일상 사진을 공유하거나 저장하기 좋은 세련된 디자인으로 바꿉니다.",사진,https://play.google.com/store/apps/details?id=com.cyworld.camera&hl=ko&gl=kr,,,,,,
android,kr,jp.naver.linecamera.android,"LINE Camera - 사진 편집, 애니메이션 스티커","전세계 2억 이상 유저들이 선택한 사진편집·카메라앱 『LINE Camera』

● 3만 개 이상의 스티커&프레임
사진 꾸미기, 원치 않는 부분 가리기 등 사용하는 방법은 다양합니다.
새로운 컨텐츠가 매주 업데이트되고 있어요!

● 세련되고 귀여운 필터! 
아주 디테일한 부분까지 조정할 수 있는 필터로
여러분만의 매력적인 사진을 만들어보세요. 

● 나만의 스티커! 
내가 그린 그림이나 자주 쓰는 메시지를 스티커로 만들 수 있어요. 

● 인물 사진을 업그레이드해줄 뷰티 기능
자동 보정 및 간단한 조작으로 여러분의 사진을 자연스럽게 꾸며 보세요. 

● 여러 장의 사진을 한 장에! 콜라주 
지정된 레이아웃에 여러 장의 사진을 넣거나, 
커다란 도화지에 자유롭게 사진을 배치하는 방법으로 여러분만의 콜라주를 만들 수 있습니다. 
틀의 두께와 선 및 배경의 색상까지도 자유롭게 꾸며보세요. 

● 본격 촬영 서포트!
타이머 촬영 및 터치 촬영은 물론, 
수평 수직을 정확하게 맞춰서 찍을 수 있도록 지원하는 그리드 표시 및 수평계 등 
여러분의 사진 촬영을 도와줄 수 있는 다양한 기능을 제공하고 있습니다. 

● 간단한 사진 공유! 
라인은 물론, 인스타그램 및 X 등 
다양한 SNS에 사진을 공유할 수 있어요. 

● 비디오 촬영
귀엽고 예쁜 스티커와 함께 동영상을 찍어보세요.

● LINE Camera Premium
Premium을 구독하면 스탬프와 프레임이 무제한으로 사용가능합니다 (일부상품제외)
Premium을 구입시, 현재의 구독기간이 종료되기 24시간전 자동으로 갱신되며 각 스토어에서 청구됩니다. 자동갱신은 구입후 각 스토어의 설정에서 언제든지 해지가능합니다.
※ Premium를 구독하지않아도 어플의 기본적인 기능은 무료로 사용가능합니다.

=====================================

[필수 접근권한]
○ 카메라 : 사진 및 동영상 촬영을 위해 사용합니다.
○ 사진 : 촬영한 사진 및 동영상의 저장 또는 보기 용도로 사용합니다.
○ 마이크 : 동영상 촬영 시 음성을 저장할 때 사용합니다.

[선택 접근권한]
○ 알림 : 앱 프로모션, 컨텐츠 정보 제공을 위해 사용합니다.
○ 위치정보 : 위치 정보를 활용한 스티커를 사용합니다. 그리고 촬영 결과물에 위치 정보를 함께 기록합니다.

※ 선택 접근권한의 허용에 대하여 동의하지 않아도 앱을 사용하실 수 있습니다.
그러나 해당 접근권한이 필요한 기능의 정상적인 이용이 어려울 수 있습니다.
----
개발자 연락처 :
스노우 주식회사 분당구 불정로 6, 15층 (정자동,그린팩토리)
성남시, 경기도 13561
South Korea 7868700371 2018-성남분당B-0023 경기도 성남시",사진,https://play.google.com/store/apps/details?id=jp.naver.linecamera.android&hl=ko&gl=kr,,,,,,
android,kr,in.maccaron,Maccaron Beauty Shopping App,"마카론은 인도에서 한국 스킨케어 제품을 비롯한 전 세계 여성 및 남성 뷰티 제품을 언제 어디서든 편리하게 구매할 수 있는 원스톱 뷰티 쇼핑 앱입니다. 수상 경력에 빛나는 한국 브랜드에서 직접 공급받은 100% 정품 제품들을 다양하게 만나보세요.
유튜브: https://www.youtube.com/c/Maccaron
인스타그램: @maccaron_beauty

마카론 뷰티 쇼핑 앱을 선택해야 하는 이유?

다른 앱에서는 찾아볼 수 없는 한국 뷰티 제품들을 만나보세요. 숨겨진 추가 요금이나 관세는 없습니다. 인도 전역 배송 가능. 지금 바로 마카론 앱을 다운로드하거나 Maccaron.in을 방문하세요! 간편한 온라인 쇼핑을 경험해 보세요. 첫 주문 시 10% 할인 혜택을 드립니다.

화장품: 인도 최고의 뷰티 쇼핑 앱에서 최고의 가격과 할인 혜택으로 화장품을 온라인으로 구매하세요. 다양한 한국 유명 화장품 브랜드를 지금 바로 만나보세요.

스킨케어: 마카롱 온라인 스토어에서 크림, 세럼, 토너, 에센스, 로션, 모이스처라이저, 마스크팩, 클렌징 크림, 립밤, 선크림 등 다양한 스킨케어 제품을 만나보세요. 비건 및 동물실험을 하지 않은 브랜드 제품도 준비되어 있습니다. 자외선 차단, 미백, 색소침착 개선 제품으로 유해한 자외선으로부터 피부를 보호하세요. COSRX, 디어클레어스, 구달, 벤톤, 이스나트리, 뷰티 오브 조선, 액시스-Y, 에뛰드 등 다양한 브랜드를 만나보실 수 있습니다.

메이크업 제품: 다양한 메이크업 브랜드를 둘러보고 좋아하는 립스틱, 립틴트, 마스카라, 립글로스, 아이라이너, 파운데이션 등을 구매하세요. 클리오, 미샤, 에뛰드하우스, 페리페라, 아피외 등 다양한 브랜드의 메이크업 도구와 키트도 구매 가능합니다. 메이크업 브러시, 어플리케이터, 스펀지, 화장품 기기, 스킨케어 도구, 액세서리 등을 찾아보세요!

헤어케어: 다양한 헤어케어 제품을 쇼핑하세요. 다양한 샴푸, 컨디셔너, 헤어 오일, 크림으로 갈라진 모발, 탈모, 비듬, 푸석푸석하고 건조한 모발 고민을 해결하세요. 팜스테이, 편강율, 아로마티카, 닥터포헤어, 미신씬, CP-1 등 최고의 헤어 케어 브랜드를 만나보세요.

맘앤베이비: 아토팔름을 비롯한 다양한 임산부 용품 브랜드를 온라인으로 쇼핑하세요.
바디 & 배쓰: 아토팔름, 바이오티크, 마마어스 등 매일 사용하기 좋은 바디 제품을 찾아보세요.

남성용품: 면도 크림, 수염 트리머, 헤어 케어, 웰빙 제품, 선물용품 등 남성을 위한 다양한 제품을 더 맨 컴퍼니를 비롯한 브랜드에서 만나보세요.

비건 및 동물실험 미실시: 저희 내추럴 메이크업 & 스킨케어 스토어에서 최고의 유기농 뷰티 제품을 온라인으로 확인하세요. 디어, 클레어스, 가이, 벤튼, 코스알엑스, 이스나트리, 뷰티 오브 조선 등 다양한 비건 및 동물실험 미실시 브랜드를 만나보실 수 있습니다.

향수: 아즈말 앤 선즈(Ajmal & Sons) 등 최고 브랜드의 남녀 프리미엄 향수와 코롱을 만나보세요.

스킨케어 커뮤니티: 스킨케어 루틴, 피부 타입, 피부 고민, 팁, 비타민 C, 히알루론산, AHA, BHA, PHA 등 다양한 성분에 대한 정보를 공유하고 소통할 수 있는 특별한 커뮤니티입니다.

K팝 스토어: 인도 최초의 K팝 온라인 스토어에서 BTS 앨범을 비롯해 칫솔, 팝소켓, 키체인, 손가락 스트랩 등 다양한 BTS 굿즈를 만나보세요.

인도 최고의 가격으로 최신 상품과 신상품을 만나보세요. 헤어 케어, 스킨케어, 메이크업, 퍼스널 케어 등 남녀를 위한 다양한 제품 카테고리를 탐색해 보세요.

매일매일 특별 할인, 사은품, 특가 상품을 제공합니다. 안전하고 간편하게 쇼핑하고 건강하고 빛나는 피부를 가꿔보세요.

빠른 배송과 원클릭 결제로 주문 상품을 집 앞까지 받아보세요.

인도 최고의 K-뷰티 앱을 다운로드하고 최고의 스킨케어 제품, 뷰티 팁, 놀라운 할인 혜택으로 더욱 풍성한 온라인 쇼핑 경험을 만끽하세요.

결제 방법: UPI, 신용/체크카드, 인터넷 뱅킹, 현금 결제, 모바일 지갑, 포인트 적립 등 안전하고 간편한 다양한 결제 옵션을 제공합니다.",쇼핑,https://play.google.com/store/apps/details?id=in.maccaron&hl=ko&gl=kr,,,,,,
android,kr,com.phonegap.whichderm,Model Dermatol – Skin Disease,"이 앱은 피부과 진료가 어려운 미국/유럽의 유저를 대상으로 개발되었습니다. 독일의 Stiftung Warentest 에서 원격진료와 대등한 소비자만족도를 보였습니다. 그러나, 한국에서는 피부과 대면진료가 훨씬 더 정확하므로 가까운 피부과에서 진료받기 바랍니다. 일반인이 찍은 사진의 경우 품질이 떨어지는 문제가 있고, 사진만으로 모든 정보를 전달하기에 어려움이 있기 때문에, 피부과에서 진료를 보는 것이 가장 정확한 정확한 진단을 얻을 수 있습니다. Model Dermatol 은 피부암을 진단하는  앱이 아닙니다.

인공지능 알고리즘은 사진을 분석해서, 검색엔진보다 훨씬 더 정확한 맞춤형 의학 정보 (피부암, 피부질환) 를 제공합니다. 알고리즘의 성능은 해외 피부과 최상위 학술지 (인용수 기준 상위 5%) 에 여러차례 게재되었습니다. 다수의 임상연구가 한국, 미국, 칠레, 그리스, 이탈리아, 독일, 오스트리아 등의 의료기관에서 이루어졌습니다. 서울대, 울산대, 연세대, 한림대, 인제대, Stanford, MSKCC, Ospedale San Bortolo 등 국내외 병원에서 아래와 같은 다수의 공동연구가 이루어졌습니다.
 
* 연구 논문 리스트 *
- Assessment of Deep Neural Networks for the Diagnosis of Benign and Malignant Skin Neoplasms in Comparison with Dermatologists: A Retrospective Validation Study. PLOS Medicine, 2020
- Performance of a deep neural network in teledermatology: a single‐center prospective diagnostic study. J Eur Acad Dermatol Venereol. 2020
- Keratinocytic Skin Cancer Detection on the Face using Region-based Convolutional Neural Network. JAMA Dermatol. 2019
- Seems to be low, but is it really poor? : Need for Cohort and Comparative studies to Clarify Performance of Deep Neural Networks. J Invest Dermatol. 2020
- Multiclass Artificial Intelligence in Dermatology: Progress but Still Room for Improvement. J Invest Dermatol. 2020
- Augment Intelligence Dermatology : Deep Neural Networks Empower Medical Professionals in Diagnosing Skin Cancer and Predicting Treatment Options for 134 Skin Disorders. J Invest Dermatol. 2020
- Interpretation of the Outputs of Deep Learning Model trained with Skin Cancer Dataset. J Invest Dermatol. 2018
- Automated Dermatological Diagnosis: Hype or Reality? J Invest Dermatol. 2018
- Classification of the Clinical Images for Benign and Malignant Cutaneous Tumors Using a Deep Learning Algorithm. J Invest Dermatol. 2018
- Augmenting the Accuracy of Trainee Doctors in Diagnosing Skin Lesions Suspected of Skin Neoplasms in a Real-World Setting: A Prospective Controlled Before and After Study. PLOS One, 2022
- Evaluation of Artificial Intelligence-assisted Diagnosis of Skin Neoplasms – a single-center, paralleled, unmasked, randomized controlled trial. J Invest Dermatol. 2022
----
개발자 연락처 :
주식회사 아이피부과 대한민국 서울특별시 양천구
양천구 목동동로 63(신정동, 대영프라자303호)
08093 1178186625 2025-서울양천-0030 양천구청장",의료,https://play.google.com/store/apps/details?id=com.phonegap.whichderm&hl=ko&gl=kr,,,,,,
android,kr,com.mcanswer.aiDermatologis,Skin Scanner app,"AI 스킨케어: 피부 분석으로 당신의 피부에 숨겨진 비밀을 밝혀보세요.

내 피부 타입을 더 잘 이해하고 싶으신가요? AI 스킨케어는 당신의 스마트한 스킨케어 파트너입니다. 인공지능(AI) 기반의 이 앱은 피부의 시각적 특징을 분석하여 유익한 정보와 맞춤형 스킨케어 팁을 제공합니다.

🌟 주요 기능:

📸 즉각적인 AI 피부 분석. 피부 사진을 찍기만 하면 됩니다. AI 엔진이 이미지를 스캔하여 피부 질감과 유분, 건조함, 모공 등 일반적인 피부 고민을 분석합니다.

🔎 상세 분석. 피부 상태를 설명하는 보고서를 받아보세요. 다양한 피부 타입과 시각적 특징을 이해하여 더욱 효과적인 피부 관리를 할 수 있도록 도와드립니다.

🧴 맞춤형 스킨케어 루틴. 모든 피부 타입은 고유합니다. 분석 결과를 바탕으로 앱이 당신의 피부 고민에 맞는 맞춤형 데일리 스킨케어 루틴과 제품을 추천하여 건강하고 윤기 있는 피부를 가꿀 수 있도록 도와줍니다.

📅 변화 추적하기: 스캔 데이터를 저장하여 시간이 지남에 따라 피부 외관 변화를 모니터링하세요. 개선 과정을 시각적으로 확인하면 동기 부여에 도움이 됩니다.

🚀 왜 이 앱을 선택해야 할까요?

빠르고 간편함: 집에서 몇 초 만에 분석 결과를 확인하세요.

개인 정보 보호 최우선: 사진과 데이터는 안전하게 처리됩니다.

사용자 친화적: 누구나 쉽게 사용할 수 있도록 설계되었습니다.

⚠️ 면책 조항: 이 앱은 정보 제공 및 교육 목적으로만 사용됩니다. 의료 기기가 아니며 의학적 조언, 진단 또는 치료를 제공하지 않습니다. 전문적인 상담을 대체할 수 없습니다. 건강 상태에 관한 질문이 있는 경우 항상 의사 또는 기타 자격을 갖춘 의료 전문가의 조언을 구하십시오.",건강/운동,https://play.google.com/store/apps/details?id=com.mcanswer.aiDermatologis&hl=ko&gl=kr,,,,,,
android,kr,com.oksparx.dermascanai,DermaScanAI: AI 피부 분석,"DermaScanAI는 피부 상태를 더 쉽게 이해하고, 일상적인 피부 변화를 꾸준히 기록할 수 있도록 돕는 AI 기반 스킨케어 앱입니다.

피부 사진을 업로드하거나 카메라로 촬영하면 AI가 사진과 입력 정보를 바탕으로 관찰 가능한 특징, 관리 팁, 주의가 필요한 상황을 정리해 줍니다. 또한 화장품 제품 라벨이나 성분표를 촬영해 제품의 장단점, 피부 타입별 참고 사항, 사용 팁을 확인할 수 있습니다.

주요 기능:

AI 기반 피부 사진 분석
피부 타입, 포토타입, 부위별 맞춤 분석 흐름
화장품 성분 및 제품 분석
피부와 제품에 대해 질문할 수 있는 AI 채팅
사진을 첨부한 이미지 기반 채팅
이전 분석을 다시 볼 수 있는 기록 화면
30일 피부 변화 기록을 위한 Progress Photos
Before/After 비교
매일 사진 촬영을 돕는 리마인더
이전 사진과 맞춰 촬영할 수 있는 ghost overlay
스트릭, 마일스톤, AI reflection
Premium으로 더 많은 사용량과 광고 없는 경험
DermaScanAI는 피부 변화를 체계적으로 추적하고, 스킨케어 루틴을 더 잘 이해하고 싶은 사용자를 위해 설계되었습니다. 분석 결과를 바탕으로 AI에게 후속 질문을 하고, 관리 방법이나 병원 상담이 필요한 상황에 대한 일반적인 정보를 확인할 수 있습니다.

중요 안내: DermaScanAI의 결과는 AI 기반의 참고용 정보이며, 의학적 진단이나 치료를 대체하지 않습니다. 피부 질환이 의심되거나 증상이 지속되는 경우 반드시 의료 전문가와 상담하세요.",뷰티,https://play.google.com/store/apps/details?id=com.oksparx.dermascanai&hl=ko&gl=kr,,,,,,
android,kr,com.rubytribe.skinvision.ac,SkinVision - Find Skin Cancer,"스마트폰으로 사진을 찍고 즉시 위험도를 확인해 보세요.

그 피부 반점은 정상일까요, 아니면 암일까요?

600만 건 이상의 피부 검진, 5만 건 이상의 피부암 조기 발견

SkinVision은 즉각적인 위험도 평가를 제공하는 의료 서비스입니다.
임상적으로 검증된 기술을 사용한 피부 검진은 합리적인 가격으로 제공되며, 건강 보험 적용 대상일 수도 있습니다. 1회성 위험도 평가 또는 3개월이나 12개월 동안 무제한 검진을 통해 효과적으로 점을 모니터링할 수 있습니다(구독료 없음).

SkinVision의 일부 기능은 무료로 이용할 수 있습니다. 위험 프로필 및 피부 유형 퀴즈, 점 이미지 저장, 지역 자외선 정보 확인 등이 포함됩니다.

피부암은 전 세계적으로 증가하고 있는 심각한 문제입니다. 평생 동안 5명 중 1명꼴로 피부암에 걸릴 것으로 추정되며, 매년 진단받는 피부암 환자 수는 다른 모든 암 환자 수를 합친 것보다 많습니다.

조기 발견은 예방과 시기적절한 치료의 핵심입니다. 실제로 피부암의 95% 이상은 조기에 발견하면 성공적으로 치료할 수 있습니다. 피부과 전문의들이 3~6개월마다 피부 검진을 권장하는 이유가 바로 이것입니다. 이제 스마트폰의 SkinVision 앱으로 간편하게 피부 검진을 할 수 있습니다.

SkinVision은 알고리즘을 사용하여 점이나 피부 반점을 암 징후가 있는지 평가합니다. 저희 서비스는 피부과 전문가 팀의 품질 보증을 거쳤으며, 600만 건 이상의 위험 평가를 받았습니다.

SkinVision 앱은 유럽 CE 마크(EU MDR Class IIa)를 획득한 규제 의료기기입니다. 저희는 사용자의 개인정보 보호를 최우선으로 생각하며, 정보 보안 및 의료기기 관리 분야에서 ISO 인증을 받았습니다. SkinVision은 전 세계 보험사에서 피부암 조기 발견을 위해 신뢰받고 있습니다. SkinVision은 영국, 호주, 독일, 네덜란드, 뉴질랜드의 주요 건강 보험사, 암 클리닉, 연구 대학과 파트너십을 맺고 있습니다.

SkinVision을 선택해야 하는 이유

피부 반점을 꾸준히 모니터링하면 치료 성공률이 높은 초기 단계에서 피부암을 발견할 수 있습니다. SkinVision을 사용하면 다음과 같은 이점을 누릴 수 있습니다.
언제 어디서든 피부암 징후를 확인할 수 있습니다. 피부과 전문의는 최소 3개월마다 피부 반점을 검진할 것을 권장합니다.
반점이나 피부 병변에 대한 위험도를 즉시 확인하세요.
사진을 저장하여 시간 경과에 따른 변화를 모니터링하고 의사와 쉽게 공유할 수 있습니다.

스킨비전 연결하기

웹사이트 – https://www.skinvision.com
페이스북 – https://www.facebook.com/skinvisionhealth/
트위터 – https://twitter.com/sknvsn
인스타그램 – https://www.instagram.com/skinvisionhealth/
서비스 관련 문의 사항은 info@skinvision.com으로 연락주세요.

이용 약관 – https://skinvision.com/terms
개인정보 보호정책 – https://skinvision.com/privacy

주의사항:

스킨비전 서비스는 기존의 피부암 위험도 평가 방법을 대체하는 것이 아니며, 진단을 내리거나 의료 전문가의 진료를 대신할 수 없습니다. SkinVision 서비스는 만 18세 미만 사용자를 대상으로 하지 않습니다.

본 피부암 조기 발견 앱을 사용함으로써 귀하는 네덜란드 법률에 따라 적용되는 이용 약관에 동의하는 것으로 간주됩니다. 본 약관의 준거법은 네덜란드 법원의 전속적 관할에 따르며, 관련 국가의 강행 법규가 본 준거법 및 관할권을 배제하는 경우는 예외로 합니다.

본 앱은 미국과 캐나다에서 사용하도록 제작되지 않았습니다. 당사는 해당 지역에서의 앱의 적합성 또는 이용 가능성에 대해 어떠한 진술이나 보증도 하지 않습니다.

본 앱을 사용하는 것은 앱을 통해 수집된 모든 개인 정보가 당사의 개인정보 처리방침에 따라 처리 및 저장될 수 있음을 인지하고 동의하는 것을 의미합니다. 당사는 귀하의 개인정보 보호를 최우선으로 생각하며, 유럽 경제 지역(EEA)에 거주하는 경우 일반 데이터 보호 규정(GDPR)을 포함한 관련 데이터 보호법을 준수합니다.

본 관할권 관련 문의 사항은 support@skinvision.com으로 연락주시기 바랍니다.",의료,https://play.google.com/store/apps/details?id=com.rubytribe.skinvision.ac&hl=ko&gl=kr,,,,,,
android,kr,com.ai.skin.scanner.dermatology.rash.identifier.glowup.acne.detector,스킨케어 - 피부 스캔 및 점 확인,"스킨케어 및 AI 피부 스캐너 (점 확인 기능 포함)

AI 피부 스캐너, 발진 식별, 점 확인 및 여드름 감지 도구를 통해 사진 속 피부 상태를 확인해 보세요. AI 피부 분석과 스킨케어 관련 정보를 얻을 수 있습니다.

AI 피부 스캐너
AI 피부 스캐너를 사용하여 사진 속 피부 상태를 확인하세요. 명확한 결과를 통해 피부 상태를 파악할 수 있습니다. 정기적인 스킨케어 루틴에 AI 피부 스캐너를 활용해 보세요. 이 도구는 피부 상태를 확인하고 파악하는 용도로 설계되었습니다.

스킨케어 및 AI 피부 분석
사진 기반의 정보를 활용해 더 체계적으로 피부를 관리하세요. 다양한 스킨케어 정보를 확인하고, AI 피부 스캐너로 눈에 띄는 피부 변화를 관찰해 보세요.

점 확인 (Mole Checker)
카메라를 이용해 눈에 띄는 점이나 반점을 확인하고 변화를 관찰할 수 있습니다. 시각적인 확인을 통해 점의 변화를 추적하는 데 도움이 됩니다. 새로 생기거나 모양이 변하는 점, 통증이나 출혈이 있는 점은 피부과 전문의와 상담해야 합니다.

발진 식별 (Rash Identifier)
붉은기, 자극, 기타 피부 문제를 확인하는 데 활용하세요. 교육 및 정보 제공을 목적으로 하며, 의학적 진단을 대신하지 않습니다. 피부 변화를 관찰하는 스킨케어 루틴의 일부로 활용할 수 있습니다.

여드름 감지 (Acne Detector)
사진 속 여드름이나 트러블을 확인하는 데 도움을 줍니다. 피부 상태를 파악하고 일상적인 스킨케어를 보조하는 용도로 사용하세요. 여드름을 진단하거나 의학적 치료를 권장하지 않으며, 교육용으로만 사용됩니다.

주요 기능
• 사진 기반 피부 확인을 위한 AI 피부 스캐너
• 피부 상태 분석 기능
• 점 및 반점 관찰 기능
• 발진 식별 및 피부 관련 정보 제공
• 여드름 및 트러블 확인 기능
• 일상 스킨케어를 위한 정보 제공
• 피부과 관련 정보

스킨케어 시 AI 피부 스캐너와 점 확인 도구를 상태 파악용으로 활용하세요. 사진을 통해 피부 상태를 확인하는 데 도움을 줍니다. 필요시 전문의의 진료와 병행하여 사용하시기 바랍니다. AI 피부 스캐너의 결과는 조명이나 이미지 품질에 따라 부정확할 수 있습니다. 건강 관련 주의사항
본 앱은 의료 기기가 아니며, 어떠한 의학적 상태도 진단, 치료, 치유 또는 예방하지 않습니다. 본 앱은 교육적 정보와 시각적 참고 자료만을 제공합니다. AI 피부 스캐너, 발진 식별, 점 분석 또는 여드름 감지 기능을 통해 얻은 결과를 질환의 진단이나 치료 목적으로 사용하지 마십시오. 우려스럽거나 지속적인 증상, 또는 변화하는 피부 증상이 있는 경우에는 의료 전문가나 피부과 전문의와 상담하십시오.",뷰티,https://play.google.com/store/apps/details?id=com.ai.skin.scanner.dermatology.rash.identifier.glowup.acne.detector&hl=ko&gl=kr,,,,,,
android,kr,tr.amatis.dermai,DermoScan: Skin Scanner,"DermoScan은 인공지능(AI) 기반의 피부 스캐너로, 피부 건강을 추적하고 눈에 띄는 점의 변화를 지속적으로 모니터링하여 피부 변화를 조기에 발견하고 전문 피부과 의사와 간편하게 상담할 수 있도록 도와줍니다.

AI로 피부 상태 확인하기
점, 잡티, 또는 눈에 띄는 피부 변화를 사진으로 촬영하세요. DermoScan의 고급 AI 알고리즘은 공인된 피부과 기준인 ABCD를 기반으로 보이는 특징을 평가하고 직관적인 위험도(낮음, 중간, 높음)를 제공합니다. 이는 평가 도구이며 의학적 진단이 아닙니다.

시간 경과에 따른 변화 추적
사진 한 장은 단 한 순간의 변화만을 보여줍니다. DermoScan은 일관되고 반복 가능한 사진 기록을 생성하여 피부 병변을 나란히 비교하고 크기, 색상, 경계 또는 모양의 변화를 시간 경과에 따라 확인할 수 있도록 합니다.

더 나은 사진 촬영
스마트 카메라의 초점 확대/축소 슬라이더, 정렬 오버레이 및 신체 부위 찾기 기능을 통해 일관된 이미지를 촬영할 수 있습니다. 더 나은 사진을 반복적으로 촬영하면 후속 모니터링이 더욱 쉬워집니다.

피부과 전문의 검토 받기
전문가의 의견을 원하시면 스캔 데이터를 제출하여 인증된 피부과 전문의의 검토를 받으세요. 앱에서 제출 상태를 확인하고, 임상 피드백을 읽고, 담당 의사의 프로필을 볼 수 있습니다. 검토 결과는 일반적으로 24시간 이내에 제공됩니다.

더욱 완벽한 피부 프로필 구축
더모스캔은 피츠패트릭 피부 유형, 자외선 노출, 가족력, 복용 중인 약물 등 관련 건강 정보를 활용할 수 있습니다. Apple Health 및 Health Connect 연동을 통해 정보를 체계적으로 관리할 수 있습니다.

더모스캔을 선택해야 하는 이유

• AI 기반 점 및 피부 병변 평가
• ABCD 기반 임상 위험도 표시
• 변화 동시 모니터링
• 반복 촬영을 위한 가이드 카메라
• 자격을 갖춘 피부과 전문의 평가 (일반적으로 24시간 이내)
• 후속 검사 알림 및 검사 주기 설정
• Apple Health 및 Health Connect 완벽 동기화

사용 방법: 스캔 → AI 기반 분석 → 추적 → 피부과 전문의 검토 받기

중요: DermoScan은 일반적인 피부 평가 및 모니터링을 위한 앱입니다. 정식 의학적 진단을 제공하지 않으며, 의사 또는 자격을 갖춘 의료 전문가의 진찰, 조언 또는 치료를 대체할 수 없습니다. 건강 관련 문의는 반드시 의사와 상담하십시오.

앱 스토어 및 구글 플레이 필수 패널 URL:
웹사이트: https://dermoscan.app
고객 지원: support@dermoscan.app
개인정보 보호정책: https://dermoscan.app/privacy
이용약관: https://dermoscan.app/terms",의료,https://play.google.com/store/apps/details?id=tr.amatis.dermai&hl=ko&gl=kr,,,,,,
android,kr,com.codeaxolot.lume,Lumé: Skin Scanner,"AI 기반 피부 스캐너가 얼굴 부위를 분석하고 피부 유형, 라이프스타일, 목표에 따라 맞춤형 인사이트와 실행 가능한 추천을 제공합니다.

주요 기능

AI 피부 분석: 이마, 볼, 코, 턱 등 주요 피부 부위에 대한 즉각적인 평가와 건조함, 트러블, 자극 등을 분석합니다.
트러블 및 부위 추적: 특정 얼굴 부위의 여드름이나 자극을 기록하고 시간 경과에 따른 피부 변화를 모니터링합니다.
맞춤형 피부 프로토콜: 여드름, 건조함, 민감성, 또는 장기적인 윤기 등 피부 목표에 따라 맞춤형 스킨케어 루틴을 제공합니다.
식사 및 알레르겐 분석: 유제품, 콩, 글루텐, 조개류 등 일반적인 알레르겐을 식별하기 위해 식사를 스캔합니다. 잠재적인 피부 반응과 관련된 식단 피드백을 제공합니다.
사진 기반 식사 스캐너: 음식 사진을 찍기만 하면 Lumé가 재료와 알레르겐을 감지합니다. 직접 항목을 기록할 필요가 없습니다.
피부-라이프스타일 상관관계: 스트레스, 수분, 영양이 피부 상태에 미치는 영향을 파악하고, 피부 속부터 개선하는 방법을 안내해 드립니다.
목표 지향적 루틴: 민감한 피부 진정, 트러블 감소, 전반적인 피부 건강 유지 등 어떤 목표를 원하시든, 루메는 과학 기반의 맞춤형 솔루션을 제공합니다.

피부 변화를 조기에 발견하면 만성 질환으로 발전하기 전에 조치를 취할 수 있습니다. 조기 발견은 건강한 피부를 유지하고 장기적인 문제를 예방하는 데 매우 중요합니다. 루메는 스마트 추적, 루틴 가이드, AI 기반 분석을 통해 체계적이고 지속 가능한 방식으로 스킨케어를 관리할 수 있는 도구를 제공합니다.

참고*: 당사는 의학적 조언을 제공하지 않습니다. 모든 권장 사항은 정보 제공 목적으로만 제공됩니다. 의학적 결정을 내리기 전에 의료 전문가와 상담하십시오.

참고**: 분석 기능 및 맞춤형 플랜은 구독이 필요합니다.",건강/운동,https://play.google.com/store/apps/details?id=com.codeaxolot.lume&hl=ko&gl=kr,,,,,,
android,kr,io.pixelbin.glamar,Glamora: AI 피부 스캐너,"Glamora: AI 피부 스캐너 및 루틴 앱

Glamora는 AI 기반 얼굴 피부 스캐너로, 피부를 더 잘 이해하고 스마트한 방식으로 관리할 수 있도록 도와줍니다. Glamora는 휴대폰 전면 카메라를 사용하여 몇 초간의 빠른 스캔만으로 14개 이상의 피부 측정 항목을 감지하고 점수를 매겨 얼굴 피부 전체 분석을 제공하고, 고유한 요구 사항에 따라 개인화된 스킨케어 루틴을 제안합니다. 여드름, 건조한 피부, 고르지 못한 피부 질감에 문제가 있거나 단순히 시간 경과에 따른 피부 변화를 추적하고 싶은 경우 Glamora가 집에서 편안하게 명확성과 지침을 제공합니다.

🌟글라모라가 하는 일

✅ AI 얼굴 스캔 10초 이내에 전체 피부 분석을 받으세요. 다음을 포함한 14개 이상의 문제를 감지합니다.

* 여드름 * 주름 및 미세선 * 질감 문제 * 발적 및 자극 * 검은 반점 및 색소 침착 * 확대된 모공 * 피부 유형 (지성, 건성, 민감성, 복합성, 일반) * 피부 톤 및 연령 추정

✅ 개인 맞춤형 스킨케어 루틴 Glamora는 검사 결과를 기반으로 완벽한 아침 및 저녁 스킨케어 루틴이나 일반적인 스킨케어 성분을 제안합니다. 피부 고민에 도움이 되는 제품을 추천해주고, 앱 자체에서 변화를 추적할 수도 있습니다.

✅ 내장 스킨 챗봇 피부 유형, 제품 사용 방법, 무엇을 언제 발라야 하는지에 대한 질문이 있으신가요? Glamora의 챗봇은 언제든지 간단하고 유용한 방식으로 피부 관리 관련 질문에 답변해드립니다. 스킨케어 사용법, 주문, 이점, 성분 등에 대한 질문을 챗봇에 직접 문의하면 즉시 답변을 받으실 수 있습니다.

✅ 피부 진행 상황 추적 Glamora는 사용자의 피부 보고서를 로컬로 저장하여 과거 검사 결과를 비교하고, 개선 사항을 추적하고, 피부 관리 과정에서 패턴을 발견할 수 있도록 도와줍니다. 마치 과학적으로 뒷받침되고 시각적으로 표현된 피부 일기를 쓰는 것과 같습니다.

💡 사용자들이 Glamora를 좋아하는 이유

* 10초 이내에 빠른 스캔 * 100% 무료로 시작 가능 * 이해하기 쉬운 보고서 * 모든 피부 톤 및 유형에 맞게 제작 * 광고나 필터 없음 - 실제 피부 통찰력만 제공 * 최대의 개인 정보 보호를 위한 로컬 스캔 저장 * 초보자에게는 충분히 간단하고 전문가에게는 충분히 강력 * 매일 사용 및 장기 추적에 적합

자신의 피부에 실제로 무엇이 필요한지 알고 싶어하는 사람이라면 Glamora가 당신에게 꼭 맞는 제품입니다. 여러 제품을 사용해보고 눈에 띄는 결과 없이 돈만 낭비하는 데 지치셨나요? Glamora가 당신에게 꼭 맞는 앱입니다. 자신을 스킨케어 전문가로 생각하든 초보자로 생각하든, Glamora는 매우 간단하고 명확하며 심층적인 분석을 제공하는 데 도움이 되는 앱입니다. 스킨케어 제품의 넘쳐나는 세상에서 혼란스러워하는 사람이라면, Glamora 앱이 도움이 될 것입니다. 이 앱은 당신에게 맞춤형 오전/오후 루틴을 추천하고 시간 경과에 따른 진행 상황을 추적해 줍니다.

🧠 기술과 실제 데이터로 구동되는 Glamora는 수천 개의 다양한 얼굴과 피부 상태를 학습한 딥 러닝과 컴퓨터 비전 모델을 사용하여 구축되었습니다. 뷰티 필터 앱이 아닙니다. AI를 활용하여 피부 문제를 진단하고 더 나은 스킨케어 결정을 내릴 수 있도록 설계된 진짜 피부 건강 스캐너입니다.

🔐 개인정보 보호 우선 보고서를 저장하고 진행 상황을 추적하는 데 도움이 되도록 로그인만 필요합니다. 귀하의 데이터는 귀하의 기기에 안전하게 보관되므로 비공개입니다.

오늘 Glamora를 사용해 보세요. 스킨케어 초보자든 애호가든, Glamora는 여러분의 여정을 간편하고, 스마트하고, 개인화할 수 있도록 도와드립니다.

지금 Glamora를 다운로드하고 과학적으로 뒷받침되는 스킨케어 여정을 오늘 시작하세요

이용 약관 - https://www.glamar.io/terms-of-use",뷰티,https://play.google.com/store/apps/details?id=io.pixelbin.glamar&hl=ko&gl=kr,,,,,,
android,kr,com.clinicevo.app,ClinicEVO: AI 얼굴 분석,"ClinicEVO는 가이드 얼굴 스캔을 evoReport로 바꿉니다. 당신의 이목구비를 알기 쉽게 읽어 주고, 모든 점수 옆에 그 근거를 함께 보여 줍니다.

무엇을 받게 되나요

가이드 스캔. 다섯 방향을 손을 쓰지 않고 촬영합니다. 어느 쪽으로 돌리면 되는지 앱이 알려 주고, 멈춰 있으면 스스로 셔터를 누르기 때문에 팔을 뻗은 채 버튼과 씨름할 일이 없습니다.

evoReport. 비율, 대칭, 피부, 컬러를 각각 다루면서 그 수치가 무엇을 뜻하는지, 공개된 기준과 비교해 어디쯤인지 쉬운 말로 설명합니다. 판정이 아니라 선택지와 맥락을 드립니다.

기록할 수 있는 피부 점수. 원할 때마다 다시 스캔해 여섯 가지 피부 지표가 시간에 따라 어떻게 변하는지 확인하세요. 연속 기록과 히스토리도 저장됩니다.

Studio. 새로운 헤어스타일, 헤어 컬러, 눈썹, 수염, 메이크업을 본인 사진에 적용해 보고, 무언가를 결정하기 전에 결과부터 확인하세요.

우리의 관점

ClinicEVO는 미용 및 교육용 도구입니다. 의학적 조언이 아니며 진단하지 않습니다. 당신의 얼굴에 문제가 있다고 말하지도 않습니다. 안내는 원할 수도 있는 선택지로 제시되며, 근거가 함께 있으므로 동의하지 않아도 됩니다.

사진과 분석 결과는 비공개입니다. 리포트를 만드는 데에만 사용됩니다.

멤버십

ClinicEVO 멤버십은 Google Play를 통해 매월 청구되는 자동 갱신 구독입니다. evoReport, 피부 추적, 기간당 25개의 Studio 크레딧이 포함되며 이는 Studio 이미지 다섯 장에 해당합니다. 결제는 구매 확인 시 청구됩니다. 기간 종료 최소 24시간 전에 자동 갱신을 끄지 않으면 자동으로 갱신되며, Google Play 구독에서 언제든지 관리하거나 해지할 수 있습니다.

추가 Studio 크레딧은 단건 구매로 제공됩니다.

이용약관: https://clinicevo.com/ko/legal/terms
개인정보: https://clinicevo.com/ko/legal/privacy-policy",뷰티,https://play.google.com/store/apps/details?id=com.clinicevo.app&hl=ko&gl=kr,,,,,,
android,kr,color.analysis.face.beauty.scanner.hair.stylist.fashion.style.best.app.free.ai.slsolutions.colors,AI 색상 및 얼굴 분석,"궁극의 AI 색상 분석 및 개인 스타일리스트 앱으로 진정한 아름다움 잠재력을 잠금 해제하세요. 완벽한 팔레트를 발견하고, 적합한 머리 색상을 찾거나, 얼굴 모양을 이해하고 싶든 상관없이, 우리의 고급 아름다움 스캐너는 고유한 스타일 DNA를 드러내는 데 도움을 줍니다.
주요 기능:
- 계절별 색상 분석
어떤 색상이 당신에게 어울리는지 추측을 멈추세요. 우리의 AI는 피부 톤, 눈, 머리카락을 분석하여 색상 계절(겨울, 가을, 여름, 봄)을 결정합니다. 입기에 가장 좋은 색상을 발견하고 당신을 흐리게 만드는 색조를 피하세요. 즉시 옷장을 위한 색상 이론을 마스터하세요.
- 얼굴 분석 및 황금 비율
정밀한 얼굴 분석 도구로 얼굴 구조를 이해하세요.
• 얼굴 모양을 결정하세요(타원형, 둥근, 사각형 등).
• 황금 비율과 미학 법칙을 기반으로 특징을 분석하세요.
• 메이크업 컨투어링 및 액세서리에 대한 개인화된 권장 사항을 받으세요.
- AI 패션 스타일리스트 및 채팅
패션 비상 상황이 있나요? 개인 AI 스타일리스트와 채팅하세요.
• ""결혼식에 무엇을 입어야 할까요?"" 또는 ""베이지 코트를 어떻게 스타일링할까요?""와 같은 질문을 하세요.
• 체형과 색상 프로필에 맞춘 즉석 의상 아이디어를 얻으세요.
• 전문 스타일링 규칙을 사용하여 옷을 결합하는 방법을 배우세요.
- 머리 색상 및 메이크업 팁
변신을 계획하고 있나요? 완벽한 모습을 시각화하세요.
• 피부 톤과 조화를 이루는 머리 색상 권장 사항.
• 계절 유형에 완벽하게 맞는 메이크업 색조(립스틱, 블러셔, 아이섀도).
왜 우리를 선택해야 할까요?
기본 퀴즈와 달리, 우리는 컴퓨터 비전을 사용하여 실제 아름다움 스캐너로 작동합니다. 패션 스타일리스트 조언부터 깊이 있는 색상 분석까지, 우리는 당신의 외모를 향상시키기 위한 포괄적인 가이드를 제공합니다.
지금 다운로드하고 더 자신감 있는 자신으로의 여정을 시작하세요!",뷰티,https://play.google.com/store/apps/details?id=color.analysis.face.beauty.scanner.hair.stylist.fashion.style.best.app.free.ai.slsolutions.colors&hl=ko&gl=kr,,,,,,
android,kr,com.eolbit.ai_face_analysis,"얼빛 -AI 얼굴 분석, 퍼스널 컬러, 메이크업","AI 얼굴 분석 - 개인 맞춤형 뷰티 가이드

주요 기능:
사진 한 장으로 AI가 얼굴형, 얼굴 비율, 이목구비를 분석합니다.
퍼스널 컬러, 헤어스타일, 메이크업 가이드를 맞춤 추천해드립니다.
25가지 이상의 얼굴 특징을 분석한 상세 리포트를 제공합니다.
분석 결과를 저장하고 언제든 다시 확인할 수 있습니다.
나만의 매력을 데이터로 확인해보세요.
- 전문적인 뷰티 조언
----
개발자 연락처 :
권광훈 난계로17길 16
705호
중구, 서울특별시 04573
South Korea 2232901563 2023-서울중구-1213호 ",뷰티,https://play.google.com/store/apps/details?id=com.eolbit.ai_face_analysis&hl=ko&gl=kr,,,,,,
android,kr,com.fc.p.gp.skincare.star.asmr.onlinegames,Skincare Star: Makeover Story,"스킨케어 스타: 메이크오버 스토리에 발을 들여놓으세요. 모든 터치가 부드럽고, 모든 소리가 마음을 달래주며, 매 순간이 당신을 더 깊이 숨 쉬게 합니다.

특징:
- 편안한 미니 게임: ASMR 스킨케어, 메이크업, 메이크오버부터 정리, 데코레이션, 셀럽 케어까지, 모든 게임은 스트레스를 해소하고 기쁨을 선사하도록 설계되었습니다.
- 편안한 ASMR: 부드러운 브러시, 부드러운 두드림, 그리고 편안한 음향 효과가 편안하고 감각적인 경험을 선사합니다.
- 쉽고 간편함: 간단하고 직관적인 게임플레이로 부담 없이 순간에 온전히 몰입할 수 있습니다.
- 아름다운 비주얼: 아름다운 색감과 매력적인 디테일이 돋보이는 아늑하고 아름다운 장면들.
- 매주 새로운 콘텐츠: 새로운 미니 게임과 편안한 액티비티가 정기적으로 추가되어 휴식 시간을 새롭고 즐겁게 만들어 줍니다.

멋진 비주얼, 편안한 분위기, 마음을 달래주는 사운드 디자인으로 가득한 스킨케어 스타는 당신에게 평화로운 휴식처를 선사합니다. 속도를 늦추고, 긴장을 풀고, 따뜻한 감정을 느낄 수 있는 곳입니다.

고요함을 느껴보세요. 빛나는 피부를 만끽하세요. 그리고 지금껏 경험하지 못한 가장 달콤한 스킨케어 여정을 즐겨보세요.",시뮬레이션,https://play.google.com/store/apps/details?id=com.fc.p.gp.skincare.star.asmr.onlinegames&hl=ko&gl=kr,,,,,,
android,kr,com.gontechventures.lumiskin,Lumi Skin-Skincare Ingredients,"루미: 더욱 스마트한 스킨케어를 위한 나만의 맞춤 가이드
모든 스킨케어 제품이 내 피부에 맞는 것은 아닙니다.

루미는 당신에게 진정으로 맞는 제품을 찾도록 도와줍니다.
피부 타입과 목표에 따라 개인 맞춤형 스킨케어 추천을 받아보세요.
제품이 내 피부에 어떻게 맞는지 이해하고, 잘못된 선택을 피하고, 믿을 수 있는 스킨케어 루틴을 만들어보세요.

루미를 선택해야 하는 이유?

- 최적의 제품 찾기
단순히 인기 제품이나 트렌드 제품이 아닌, 내 피부 타입과 고민에 정말 맞는 제품인지 확인하세요.

- 맞춤 추천
내 피부에 맞는 제품을 추천받아, 실제로 어떤 제품이 효과적인지 알 수 있습니다.

- 스마트한 대안 추천
맞지 않나요? 루미는 내 피부 타입과 목표에 맞는 더 나은 대안을 제안합니다.

- 중요한 성분 분석
성분이 피부에 어떤 영향을 미치는지, 왜 어떤 제품이 나에게 맞지 않는지 이해하세요.

- 제품 검색 및 저장
필터를 사용하여 검색하고, 마음에 드는 제품을 저장하고, 나에게 꼭 맞는 제품을 꾸준히 관리하세요.

나만을 위한 스킨케어
브랜드 편견 없이. 혼란스러운 마케팅 문구는 없습니다.

오직 명확하고 연구 기반의 정보를 통해 자신 있게 스킨케어 제품을 선택할 수 있도록 도와드립니다.
스킨케어 초보자부터 숙련자까지, Lumi는 내 피부에 맞는 제품과 그 이유를 쉽게 이해할 수 있도록 도와줍니다.

더욱 현명한 스킨케어 선택을 하세요
더 이상 추측하지 마세요. 효과 없는 제품에 돈을 낭비하지 마세요.
매일 내 피부에 맞는 편안한 스킨케어 루틴을 만들어보세요.

중요 공지
Lumi는 의학적 조언, 진단 또는 치료를 대체할 수 없습니다.
의학적 문제가 있는 경우 반드시 자격을 갖춘 의료 전문가 또는 피부과 전문의와 상담하십시오.

이용약관: https://app.termly.io/policy-viewer/policy.html?policyUUID=eba1b6ea-579a-4f46-934a-0e0de47cb30f
개인정보보호정책: https://app.termly.io/policy-viewer/policy.html?policyUUID=0bf7f68e-11d1-4eba-b59f-c21c152e9df3",라이프스타일,https://play.google.com/store/apps/details?id=com.gontechventures.lumiskin&hl=ko&gl=kr,,,,,,
android,kr,health.medicalscanner.app,Medic Scanner - skin analyze,"피부병변은 정상인가요 아니면 암인가요? 메딕 스캐너를 다운로드하고 두더지를 분석해 보세요.

Medic Scanner는 피부 상태를 모니터링하는 데 도움이 되는 피부과 전문의의 새로운 임상 테스트 도구입니다. 이 앱은 흑색종을 포함하여 가장 일반적인 유형의 피부암에 대해 피부의 점을 분석하는 데 도움이 됩니다. 임상적으로 입증된 기술을 사용하여 스마트폰으로 점이나 점의 사진을 찍으면 20초 이내에 위험 수준이 표시됩니다.

피부암은 점점 더 문제가 되고 있습니다. 5명 중 1명이 피부암에 걸리는 것으로 추정됩니다. 그렇기 때문에 피부 상태를 정기적으로 모니터링하고 피부 변화를 기록하는 것이 매우 중요합니다. Medic Scanner를 사용하면 간단하고 편리한 방법으로 이를 수행할 수 있습니다. 최신 인공 지능 기술과 피부과의 풍부한 지식을 사용하여 Medic Scanner는 반점과 모반에서 여드름, 점과 사마귀에 이르기까지 피부 변화의 위험을 평가하는 데 도움을 줍니다. 이미지 히스토리 기능을 통해 시간에 따른 피부 변화를 모니터링할 수 있어 더욱 효과적으로 피부 상태를 관리할 수 있습니다. Medic Scanner는 치료 가능성이 가장 높은 초기 단계에서 피부암을 발견하는 데 도움이 되는 빠르고 저렴하며 비침습적인 솔루션입니다.
우리 앱을 사용하면 언제 어디서나 피부 상태를 모니터링할 수 있습니다.

메딕 스캐너에 대한 추가 정보
https://medicscanner.com/en/

성명
메딕 스캐너 서비스는 건강 검진을 대신할 수 없으며 의심스러운 모반이 있는 경우 반드시 전문의와 상담해야 합니다. 메딕 스캐너 서비스는 피부암 위험 수준을 평가하는 전통적인 방법을 대체하기 위한 것이 아니며, 진단도 아니고, 의사 방문을 대체할 수도 없습니다. 메딕 스캐너 서비스는 어린이에게 사용하기 위한 것이 아닙니다.",의료,https://play.google.com/store/apps/details?id=health.medicalscanner.app&hl=ko&gl=kr,,,,,,
android,kr,com.skinive.SkiniveApplication,Skinive MD: 의사용,"주의! 의료 또는 미용 전문가가 아니라면 환자용 무료 Skinive 앱을 다운로드하세요: https://skinive.com/get-skinive/

SkiniveMD 앱은 인공 지능 기술을 사용하여 피부 건강 상태를 평가하고 피부 변화를 추적하기 위한 혁신적인 피부과 사전 진단 앱입니다.
 
Skinive 앱은 피부과 의사를 위한 앱인가요?
물론 Skinive MD는 피부과 진료에서 AI를 사용하여 환자를 관리하고 피부 상태 사진을 저장하고 질병 위험을 평가하기 위한 간단하고 스마트하고 실행 가능한 모바일 솔루션입니다. 또한 이러한 전문가는 피부 질환 보조사가 필요합니다: 미용사, 미용사, 치료사, 간호사 및 피부 건강 및 피부 관리에 관련된 기타 건강 관리 전문가. 피부 상태나 의심되는 질병에 대한 조언이 필요할 때마다 SkiniveMD는 항상 감별 건강 진단에 도움을 제공할 것입니다. Dermatological atlas는 질병 설명 및 사진 예를 제공합니다.
 
 
신뢰할 수 있는 의료 앱:
SkiniveMD 앱은 의료 기기로 규제됩니다(CE MDD Class I 및 ISO 13485 준수). 우리의 서비스는 피부과 전문가 팀이 보장하는 품질입니다. 당사 사용자는 500,000건 이상의 위험 평가를 받았으며 50,000건 이상의 피부 질환 및 피부암 사례를 발견했습니다. 알고리즘의 성능은 과학 의학 저널에 발표되었습니다.
 
진단 정확도 및 환자 치료 개선 시작
어떤 피부 상태라도 사진을 찍기만 하면 인공 지능이 자동으로 피부 상태를 평가하고 완전히 맞춤화된 권장 사항을 제공합니다. 인공 지능은 기존의 인터넷 검색보다 더 정확하게 결과를 제공합니다.
 
 
SkiniveMD를 식별할 수 있는 피부 질환은 무엇입니까?
Skinive 검사는 고유한 AI 알고리즘을 사용하여 50개 이상의 피부 상태 유형을 분석하고 평가합니다. 두더지 또는 암성(흑색종, BCC, SCC) 및 전암성 상태(보웬, 청색 모반, 흑색점, 광선각화증, 이형성 모반)에 대한 피부 반점, 또는 여드름, 주사비, 밀륨, 습진, 건선, 피부염, 수두, 사마귀, 유두종, 헤르페스, 이끼, 피부, 모발 및 손발톱 진균증과 같은 피부과 징후.
 
SkiniveMD 앱이 더모스코피 이미지와 호환되나요?
Skinive MD는 피부경 검사 이미지를 저장, 확인 및 비교하는 데 사용할 수 있습니다. dermotoscope를 사용하여 이러한 이미지를 찍을 수 있습니다. 경고: 인공 지능은 암 위험에 대한 신생물의 피부경 검사만 분석할 수 있습니다. 다른 종류의 질병에 대한 위험 평가를 위해 표준 스마트폰 카메라로 촬영한 매크로 이미지를 사용하고,
 
환자 관리
SkiniveMD 앱을 사용하면 클라이언트에 대한 환자 데이터베이스를 검색할 수 있습니다. 데이터베이스에 새 환자를 추가하고 기존 환자 인구 통계를 편집할 수 있습니다.

SkiniveMD 앱은 무료입니까?
SkiniveMD 앱 무료. 예, 기본 기능에 대해 비용을 지불할 필요는 없지만 다음과 같이 애플리케이션의 모든 프리미엄 기능에 액세스하려면 유료 구독을 받는 것이 좋습니다.
 
- AI 기반 카메라
- 무제한 AI 검사
- 무제한 저장
 
유료 구독을 통해 Skinive 팀이 피부과 분야에서 연구를 계속하고 제품 및 서비스를 개선하는 데 도움이 됩니다.
 
이 구독에 가입하면 사용 약관 및 개인 정보 보호 정책에 동의하는 것입니다.
https://skinive.com/support/terms/
 
 
서비스에 대한 질문이나 의견이 있으면 support@skinive.com으로 문의하십시오.",건강/운동,https://play.google.com/store/apps/details?id=com.skinive.SkiniveApplication&hl=ko&gl=kr,,,,,,
android,kr,yoga.face.fitness,페이스 요가-집에서 젊고 건강한 피부를위한 피트니스,"피부 노화를 늦추십시오. 요가 페이스 앱은 젊은 피부를 위한 뷰티 피트니스입니다. 안티에이징 셀프 마사지 프로그램으로 얼굴 톤을 쉽게 유지하세요! 가벼운 얼굴 운동에 하루 20분만 투자하는 페이스 리프팅 프로그램의 도움으로 반년 후에 거울에 비친 당신의 모습을 보고 놀랄 것입니다. 빛나고 젊은 아름다움이 당신의 얼굴을 바라볼 것입니다. 주름의 흔적이 없습니다!

상큼한 외모, 탄력 있는 피부, 잘려진 턱, 헐리우드 광대뼈, 매끄러운 피부톤, 매끄럽고 주름 없고 처진 피부, 젊음과 건강으로 빛나는 - 이 모든 것은 집을 떠나지 않고도 많은 비용을 들이지 않고도 달성할 수 있습니다. 얼굴 주사에 돈, 주사 기술이 전혀 필요하지 않으며 얼굴과 자체 마사지를 위한 매일 체조만 수행하면 됩니다. 절대적으로 자연스러운 얼굴 회춘입니다.

페이셜 요가 프로그램에는 다음이 포함됩니다.
✔ 안면 운동을 위한 올바른 기술 배우기
✔ 각 운동을 설명하는 비디오 가이드
✔ 매일 새로운 비디오 수업, 알림
✔ 회춘 훈련 과정 전후에 셀카 찍기 - 얼굴 리프팅

얼굴 만들기를 기본으로 하면 젊음과 아름다움을 희생할 필요가 없습니다. 예, 시간을 들여 습관을 개발해야 하지만 확실히 가치가 있습니다. ⠀

우리의 안티에이징 프로그램은 더 매력적이고 아름다워지는 데 도움이 될 것입니다. 우리는 제공한다:
얼굴 전체를 위한 슈퍼 페이스 리프팅 또는 페이스 요가 프로그램(풀페이스)
얼굴 피부와 목의 근긴장을 지원하고 주름, 근육 및 피부 처짐을 예방합니다.
이마 & 크라운 아이즈
깊은 주름을 제거하고 이마 근육의 과도한 긴장을 완화하는 데 도움이 됩니다.
눈가를 위한 셀프 리프팅
눈 바깥 쪽 모서리의 작은 주름을 제거하고 붓기, 안검 하수를 완화하는 데 도움이됩니다.
립 & 스마일 라인(콧볼 라인)
그것은 팔자 라인을 부드럽게하고 입술의 아래쪽 모서리를 들어 올리는 데 도움이됩니다.
궁둥이
뺨의 비대칭, 부기, 안검하수를 제거하는 데 도움이 됩니다.
목 & 턱선
얼굴, 목, 데콜테의 아래쪽 윤곽을 타이트하게 하기 위해

페이스 트레이닝(페이스 피트니스, 페이스 빌딩)은 근긴장도, 얼굴과 목 피부를 유지하고, 근육과 피부의 처짐을 방지합니다. 혈액순환과 림프순환이 좋아져 얼굴의 피부톤이 균일해집니다.

이 운동은 얼굴 라인, 두 번째 턱, 눈 아래의 가방, 눈 아래의 타박상, 처진 입술 모서리, 처진 피부, 붓기를 제거하는 데 도움이 됩니다. 얼굴을 위한 안면 피트니스 마사지와 요가는 눈꺼풀 문제, 칙칙한 안색, 확대된 모공과 피부 주름, 안면 근육 긴장을 제거하는 데 도움이 됩니다.

당신의 피부 상태를 개선하고 젊음과 아름다움을 유지하도록 도와드리겠습니다!
노화 방지 페이셜 에어로빅 프로그램은 자연스러운 얼굴 회춘을 촉진합니다. 피부 라인과 처진 피부에 대해 피부의 광채와 광채를 되찾아줍니다. 그것은 피부를 더 탄력있게 만들고 광대뼈를 더 조각하고 피부 탄력을 개선하며 얼굴의 투명한 타원형을 촉진합니다.
얼굴 피트니스의 교정 노화 방지 프로그램은 다음에 기여합니다.
✔ 깊고 잔주름을 매끄럽게
✔ 근육 훈련 및 토닝
✔ 처짐과 붓기 제거
✔ 혈액 공급 및 림프 흐름 개선

우리의 프로그램은 다양한 연령대의 피부에 적합합니다. 25+, 35+, 45+, 55+ 건조, 처짐 등과 같은 노화 관련 문제 및 주름과의 싸움에 탁월합니다.
피부의 건강한 상태를 빨리 유지하기 시작할수록 미래의 젊음과의 싸움에서 승리하기가 더 쉽다는 것을 기억하십시오. 안티 에이징 콤플렉스는 얼굴의 전반적인 톤을 높이고 피부를 강화하며 피부 노화를 제거하는 것을 목표로합니다.",라이프스타일,https://play.google.com/store/apps/details?id=yoga.face.fitness&hl=ko&gl=kr,,,,,,
android,kr,com.vastflow.aiskin,피부진단 스캐너 - AiSkin,"AiSkin은 셀피로 즉시 피부진단을 제공하는 AI 스킨케어 앱입니다. 피부타입별 맞춤 추천과 제품 성분 분석으로 당신만의 뷰티 루틴을 완성하세요. 여드름 관리부터 보습, 레티놀 사용법까지 전문 AI 상담사가 도와드립니다.

즉석 피부진단
셀피 촬영만으로 피부 상태를 정확히 분석해 여드름, 건조함, 트러블 등 문제점을 빠르게 파악합니다. 매일 피부 변화를 기록하며 점수와 트렌드로 관리할 수 있습니다.

성분 스캐너
제품 라벨을 스캔해 유해 성분과 피부에 좋은 성분을 한눈에 확인하세요. 민감성 피부도 안심하고 사용할 수 있는 맞춤 제품을 추천합니다.

맞춤 스킨케어 추천
피부타입과 고민에 맞춘 보습제, 레티놀, 여드름 케어 제품을 AI가 제안합니다. 개인별 뷰티 루틴을 구성해 효과적인 피부 관리를 돕습니다.

AI 상담사 채팅
궁금한 피부 고민을 언제든 AI 전문가와 상담하세요. 실시간 답변과 맞춤 조언으로 피부 고민을 해결해 드립니다.

지속적인 피부 관리
일일 여드름 체크인 기능으로 피부 변화를 추적하고, 개인별 계획에 따라 꾸준히 관리할 수 있습니다. 스캔 기능도 더욱 부드럽고 정확해졌습니다.

지금 AiSkin으로 피부 상태를 체계적으로 관리하고, 건강하고 빛나는 피부를 경험하세요.",의료,https://play.google.com/store/apps/details?id=com.vastflow.aiskin&hl=ko&gl=kr,,,,,,
android,kr,com.makeshop.powerapp.iaso100,피부 개선 화장품: 이아소,"이아소 화장품은 3단계 피부개선 프로그램으로 피부 결 , 피부 톤을 곱고 환하게 개선 해주는고기능 피부 개선 화장품입니다.
이제 앱 사이트에서 다양한 혜택으로 더욱 편리하게 이용해 보세요!

■ 앱 접근 권한에 대한 안내

「정보통신망 이용촉진 및 정보보호 등에 관한 법률」제22조의2에 따라 아래와 같은 목적으로 ‘앱 접근 권한’에 대한 동의를 이용자에게 받고 있습니다.
서비스에 반드시 필요한 항목만을 필수적으로 접근하고 있습니다.
선택적 접근의 항목은 허용하지 않더라도 서비스의 이용이 가능하며 그 내용은 아래와 같습니다.

[필수접근에 대한 내용]

1. 안드로이드 6.0 이상

● 전화 : 최초 실행시, 디바이스 식별을 위하여 이 기능에 접근합니다.
● 저장 : 게시글 작성시 파일 업로드, 하단버튼 및 푸시 이미지 표현을 하고자 할 경우에 이 기능에 접근합니다.

[선택접근에 대한 내용]

- 매장 근처 푸시 기능이 있는 경우 아래 위치 권한을 포함하고 있습니다.

● 위치 : 고객위치를 확인하여 상점의 유효한 정보를 전달하기 위해 접근합니다.

[철회 방법]
설정 > 앱 또는 어플리케이션 > 해당 앱 선택 > 권한 선택 > 접근권한 동의 또는 철회 선택

※ 단 필수접근의 대한 내용을 철회 한 후 다시 앱을 실행을 할 경우 접근권한을 요청하는 화면이 다시 나오게 됩니다.

2. 안드로이드 6.0 미만

● 기기 ID 및 통화 정보 : 최초 실행시, 디바이스 식별을 위하여 이 기능에 접근합니다.
● 사진/미디어/파일 : 게시글 작성시 파일 업로드, 하단버튼 및 푸시 이미지 표현을 하고자 할 경우에 이 기능에 접근합니다.
● 기기 및 앱기록 : 앱 서비스 사용 최적화를 위하여 이 기능에 접근합니다.

- 매장 근처 푸시 기능이 있는 경우 아래 위치 권한을 포함하고 있습니다.
● 위치 : 고객위치를 확인하여 상점의 유효한 정보를 전달하기 위해 접근합니다.

※ 버전에 따라 동일한 접근 내용임에도 불구하고, 그 표현을 다르게 하고 있음을 알려드립니다.
※ 안드로이드 6.0 미만 버전의 경우, 항목에 대한 개별동의가 불가능하므로, 모든 항목에 대하여 필수 접근 동의를 받고 있습니다.
그러므로 사용하고 있는 단말기의 운영체제를 안드로이드 6.0 이상으로 업그레이드 할 수 있는지 확인 하시고 업그레이드를 권장하여 드립니다.
다만, 운영체제가 업그레이드되더라도 기존 앱에서 동의한 접근 권한이 바뀌지 않기 때문에 접근 권한을 다시 설정하기 위해서는 이미 설치한 앱을 삭제한 후에 재설치하셔야 합니다.",쇼핑,https://play.google.com/store/apps/details?id=com.makeshop.powerapp.iaso100&hl=ko&gl=kr,,,,,,
android,kr,dnaapp.farm_zone.mobile,유전체개량,"한우, 젖소 등 유전체기반의 가축개량에 필요한 정보들을 조회할 수 있는 서비스를 제공합니다.
개체별로 유전능력에 대한 결과를 실시간을 조회할 수 있으며,
특히 강교배, 보완교배 등 계획교배 결과를 다양하게 확인할 수 있는 서비스를 제공합니다.",라이프스타일,https://play.google.com/store/apps/details?id=dnaapp.farm_zone.mobile&hl=ko&gl=kr,,,,,,
android,kr,com.rfdevelopments.genomapp,Genomapp: Raw DNA Analysis,"<b>DNA 검사</b> 데이터를 분석하고 유전자가 당신에게 무엇을 말해줄 수 있는지 알아보세요. Genomapp은 사용자의 정보를 과학 연구의 공개 데이터베이스와 상호 참조하여 시각적이고 직관적인 방식으로 결과를 보여주는 전문 <b>유전자 참조 도구</b>입니다.

<b>DNA 검사</b>를 받으셨나요? 당신의 유전자가 많은 것을 말해준다는 사실을 알고 계셨나요? 당신의 DNA에 대해 더 자세히 알고 싶으신가요? 생각보다 간단합니다.

<b>*** Ancestry.com 및 23andMe와 호환</b>

23andMe, AncestryDNA, FTDNA 또는 MyHeritage와 같은 서비스에서 <b>원시 DNA 데이터 파일</b>을 이미 가지고 있다면 안전하게 사용할 수 있습니다. Genomapp은 <b>Ancestry.com</b> 또는 <b>23andMe</b> 결과를 ​​기반으로 개인 맞춤형 <b>유전자 탐색</b>을 제공합니다. 이 도구는 수천 개의 유전적 마커(SNP)를 신속하게 식별하고 과학적 증거에 기반한 건강 관련성을 보여줍니다.

<b>*** 개인정보 보호 및 보안 (100% 기기 내 저장)</b>

고객님의 개인정보 보호는 저희의 최우선 과제입니다.

• 고객님의 데이터는 기기에 안전하게 보관됩니다.

• 유전자 파일은 저희 서버에 저장되거나 업로드되지 않습니다.

• 저희는 유전자 데이터를 제3자와 공유하지 않습니다.

<b>*** 시작해 볼까요?</b>

Genomapp은 <b>데모 모드</b>를 제공합니다. 앱을 사용해 보거나 사용법을 배우고 싶으시다면, 모든 기능을 무료로 이용할 수 있는 버전을 사용해 보세요.

<b>*** Genomapp은 무엇을 제공하나요?</b>

Genomapp은 3가지 무료 보고서와 3가지 프리미엄 보고서를 제공합니다.
• <b>복합 질환:</b> 유전적 요인과 환경적 요인이 복합적으로 작용하는 질환과 관련된 마커에 대한 문헌 정보

• <b>유전성 질환:</b> 단일 유전자의 <b>돌연변이</b>로 인해 발생하는 질환과 관련된 마커에 대한 과학적 기록

• <b>약리학적 화합물:</b> 동료 평가를 거친 과학 연구에서 발견된 약물-표지자 연관성.

<b>유전적 특성:</b> 유전자에 의해 발현되는 특성 또는 속성.

<b>관찰 가능한 징후:</b> 신체적 징후와 관련된 표지자 이해.

<b>혈액형:</b> 수혈 또는 임신과 관련된 문헌상의 표지자.

<b>*** 전문적인 유전적 분석</b>

• <b>메틸화 및 MTHFR:</b> 대사 건강 연구, 엽산, 그리고 <b>MTHFR</b> 유전자에 중점.

<b>노화 및 장수:</b> <b>노화</b> 메커니즘에 대한 연구에서 언급된 유전적 표지자 탐색.

<b>*** 인증</b>

본 앱은 mHealth.cat 사무국(TIC Salut 사회재단)의 검토를 거쳤습니다. 이는 콘텐츠의 품질과 기능의 유용성이 평가되어 건강 관련 교육 콘텐츠의 신뢰성 요건을 충족함을 의미합니다.

<b>*** 진단용이 아닙니다</b>

Genomapp은 <b>의학 참고 및 교육 도구</b>입니다. 진단 목적으로 사용하거나 의학적 조언 또는 임상적 의사결정 지원을 제공하지 않습니다. 모든 건강 관련 문제는 반드시 의료 전문가와 상담하십시오.

<b>*** 데이터베이스</b>

9,500개 이상의 질환, 12,400개 이상의 유전자, 180,000개 이상의 <b>유전적 마커</b>로 구성된 데이터베이스를 검색하세요. 본 도구는 <b>유방암</b>, 알츠하이머병, 파킨슨병을 포함한 다양한 질환에 대한 과학적 연구 자료에 쉽게 접근할 수 있도록 지원합니다. 또한 <b>BRCA</b>, PTEN, P53과 같은 종양 억제 유전자에 대한 문헌 정보도 제공합니다.

<b>*** 이해하기 쉬움</b>

Genomapp은 DNA 마커를 보기 쉽게 표시합니다. 개인 맞춤형 <b>유전 보고서</b>를 PDF 파일로 내보내어 개인적인 연구 및 기록 보관에 활용하고 언제 어디서든 확인할 수 있습니다.

<b>*** 지원되는 DNA 제공업체</b>

Genomapp은 지속적으로 새로운 제공업체를 추가하고 있습니다. 현재 <b>23andMe, Ancestry.com, Family Tree DNA (FTDNA), MyHeritage</b>, Genes for Good, LivingDNA, Genographics (Geno 2.0), Tellmegen 및 기타 DTC <b>유전자 검사</b> 회사의 파일을 사용할 수 있습니다. Genomapp은 VCF 형식 파일 및 특정 스키마도 지원합니다. (참고: WES/WGS의 VCF 파일은 현재 호환되지 않습니다.)

지금 Genomapp을 사용해 보고 <b>DNA 분석</b>을 시작해 보세요!",건강/운동,https://play.google.com/store/apps/details?id=com.rfdevelopments.genomapp&hl=ko&gl=kr,,,,,,
android,kr,app.macrogen.gentok,젠톡(GenTok),"가장 나다운 건강 관리의 시작, 젠톡(GenTok)

유전자 기반 건강 관리의 새로운 패러다임, 젠톡을 만나보세요!
젠톡은 당신이 태어날 때부터 지닌 고유한 유전정보와 현재 몸속 장내 미생물 상태를 분석해,
가장 나다운 건강과 라이프스타일을 설계하도록 돕는 헬스케어 앱입니다. 

[사람마다 몸의 반응이 다른 이유]
그 출발점에는 타고난 유전정보와 식·생활 습관에 따라 변하는 장내 미생물 정보가 있습니다. 
젠톡은 내 몸을 이해하기 위한 하나의 참고 기준으로,
- 태어날 때부터 지닌 유전정보로 나의 취약성을 미리 확인!
- 주기적으로 장내 미생물 분석을 통해 현재 몸속 환경의 변화를 확인!
이렇게 젠톡이 제시하는 데이터가 모여 ‘내 몸 사용 설명서’가 완성됩니다.
일상을 더 건강하게, 나답게 가꾸는 시작점이 되어 드립니다.

[나의 본질을 알려주는 유전자 검사]
매일 변하는 컨디션이나 주관적 설문만으로는 부족하지 않았나요?
젠톡은 변하지 않는 유전정보로 당신의 본질을 알려줍니다. 
전문적인 유전자 검사와 쉽고 친근한 콘텐츠를 결합해 당신에 대한 깊은 이해를 돕습니다. 
- 건강 예측 및 웰니스 검사
비만, 혈당, 콜레스테롤과 같이 질병 예방을 돕는 항목부터 영양, 피부/모발, 운동 특성까지 국내 최다 수준의 다양한 항목을 분석하여 나만의 특성과 위험 요인을 예측합니다. 
- 유전적 뿌리와 혈통 분석
민족 구성 비율부터 모계·부계 혈통, 고대 인류 DNA 보유 비율까지 탐색하며 내 뿌리를 찾아가는 흥미로운 여정을 경험할 수 있습니다.

[장이 건강해야 온몸이 건강하다, 장내 미생물 검사]
젠톡 더바이옴 골드는 내 장에 살고 있는 다양한 미생물군을 분석해,
소화 건강 상태부터 영양소 대사, 면역. 행복 지수까지
장 건강 지표 전반을 객관적으로 분석해 드립니다.
검사 결과는 친근한 캐릭터와 함께 쉽게 이해할 수 있도록 제공되어
내 몸 속 변화를 더욱 깊이 있게 이해하는 데 도움을 드립니다.

[젠톡만의 특별함]	
- 간편한 검사, 빠른 결과 확인
집에서 간편하게 검사하고, 결과는 앱에서 빠르고 편리하게 확인할 수 있습니다.
- 믿음직한 기술력
결과 분석은 국내 유전체 분석 1위를 넘어 글로벌 유전체 시장을 선도하는 마크로젠의 기술력과 분석 노하우를 기반으로 합니다. 
- 철저한 보안 시스템 인증
개인·민감 정보는 국내외 최고 수준 보안 시스템으로 안전하게 보호됩니다.
(ISMS-P, ISO/IEC 27001:2022, ISO/IEC 27701:2019 인증 완료)

[젠톡 유전자 검사의 의미]	
- 본 검사는 통계 기반의 예측 검사로 현재 또는 미래의 건강 상태 및 개인 특성과 일치하지 않을 수 있습니다. 
- 검사 항목에 영향을 주는 모든 유전자를 분석한 것이 아니며, 최신 연구 결과에 근거하여 업데이트될 수 있고, 이외 분석 알고리즘, 레퍼런스 데이터 등의 변동으로 인해 향후 재분석 시 결과 해석이 달라질 수 있습니다. 
- 본 검사는 질병의 진단 및 치료의 목적으로 사용될 수 없으며, 의학적 소견이 필요한 경우 의사와 상담하시기 바랍니다. 

[선택 접근 권한 안내]
- 카메라: 프로필 변경, 문의, 리뷰 작성을 위해 사용
- 저장공간: 검사 결과 제공을 위해 사용
- 선택 접근 권한은 동의하지 않아도 앱 사용이 가능하지만, 일부 기능 제약이 있을 수 있습니다.

젠톡과 함께 나를 더 잘 알고, 더 건강한 삶을 시작해 보세요.
당신만의 ‘내 몸 사용 설명서’ 지금 젠톡에서 완성하세요!",건강/운동,https://play.google.com/store/apps/details?id=app.macrogen.gentok&hl=ko&gl=kr,,,,,,
android,kr,com.geneus.geneusdna,Geneus DNA,"귀하의 고유 한 요구에 맞는 DNA 기반 솔루션으로 스스로를 관리하십시오.

Geneus는 DNA의 유전자 마커를 해독하여 라이프 스타일 수정의 결과를 극대화하기위한 고유 한 요구에 맞는 맞춤형 DNA 기반 솔루션을 만듭니다.

개인별 건강 보고서는 또한 DNA가 신체 기능, 특정 건강 상태에 대한 유전 적 소인 등에 미치는 영향에 대한 통찰력을 제공합니다.

DNA : 삶의“청사진”:
DNA는 종종 ""생명의 청사진""으로 불립니다
청사진이 주택 건설을 지시하지만
DNA는 DNA가 삶에 필요한 모든 단백질을 만드는 데 필요한 지시 사항을 포함하고 있기 때문에 신체가 어떻게 기능하는지에 대한 청사진입니다.


재택 DNA 테스트. 바늘이 없습니다!
타액 수집 키트를 문으로 직접 보냄
집에서 침 샘플을 쉽게 수집 할 수 있습니다

우리의 수집 키트는 미국 FDA 승인을 받았습니다.
우리 실험실은 CAP, CLIA 및 ISO 9001 인증을 받았습니다.


유전자 보고서.
과학에 의해 지원됩니다.

✓ 몸이 어떻게 작용하는지 이해하도록 도와주십시오.
✓ 정확하고 개인화 된.
✓ 유전 위험을 알도록 도와줍니다.
✓ 몸 안에서 비밀을 깨 뜨리십시오.
✓ 일회성 테스트, 수명 지속.",건강/운동,https://play.google.com/store/apps/details?id=com.geneus.geneusdna&hl=ko&gl=kr,,,,,,
android,kr,com.qatarfoundation.genomeheroes,Genome Heroes,"카타르 게놈 프로그램은 유전자에 대한 지식을 활용하여 정밀 의학 구현에서 카타르를 선구적인 국가 중 하나로 포지셔닝하는 것을 목표로 하는 야심찬 인간 게놈 프로젝트입니다.

아픈 애완 동물을 구하시겠습니까? 생물을 발견하고 치료법을 찾으십시오! 세포, DNA, 유전자, 돌연변이 등에 대해 알아보세요!
1. 아랍어와 영어로 제공되는 12개의 독특한 스토리 미션 플레이
2. 글로컬화된 다채로운 아트 스타일
3. 다양한 맞춤형 선택이 가능한 나만의 특별한 아바타를 만드세요.
4. 두뇌를 자극하면서 유전학을 배울 수 있는 독특하고 도전적인 미니 게임.
5. 게놈 세계에서 여행을 진행하면서 64마리의 귀여운 애완동물을 모으세요.
6. 특별한 날 이벤트에 대한 서프라이즈 미션과 보상도 있으니 많은 관심 부탁드립니다!",학습,https://play.google.com/store/apps/details?id=com.qatarfoundation.genomeheroes&hl=ko&gl=kr,,,,,,
android,kr,com.dna.analysis,DNA Analysis,"DNA 분석은 DNA 검사 및 유전자 검증 과정을 간소화하도록 설계된 최첨단 의료 기술 애플리케이션입니다. 앱을 통해 사용자는 간편하게 계정을 생성하고, 개인 의료 데이터를 안전하게 업로드하며, 원하는 검사소 또는 집에서 편안하게 DNA 샘플 채취를 요청할 수 있습니다.

핵심 기능 및 특징:

안전한 등록 및 로그인: 계정을 생성하고 이메일을 인증하여 플랫폼에 접속하세요.

의료 프로필 관리: 혈액형, 유전자형, 병력, 복용 약물 등 개인 건강 정보를 입력하세요.

유전자형 업로드 및 검증: 인증된 분석가의 전문가 검증을 위해 유전자형 결과를 업로드하세요.

샘플 채취 요청: 주소지 또는 근처 검사소 중 DNA 샘플 채취 장소를 선택하세요.

실시간 상태 업데이트: 샘플 채취, 검사, 결과 전달 등 모든 정보를 앱에서 바로 받아보세요.

데이터 개인정보 보호 및 보안: 당사는 업계 표준 암호화 및 개인정보 보호 프로토콜을 사용하여 귀하의 의료 데이터를 안전하게 보호합니다.

정기적인 유전자 검사를 받거나 고급 DNA 분석이 필요한 경우, 이 앱은 귀하의 필요에 맞춰 완벽하고 안전한 맞춤형 솔루션을 제공합니다.

지금 바로 DNA 분석 앱을 다운로드하고 유전 건강을 간편하게 관리하세요.",건강/운동,https://play.google.com/store/apps/details?id=com.dna.analysis&hl=ko&gl=kr,,,,,,
android,kr,com.dnagenics.com,DNAGENICS,"DNA Genics는 뛰어난 세부 사항을 달성하기 위해 최신 및 업데이트된 알고리즘을 사용하여 +20 조상, 특성, 건강 보고서를 제공합니다.",도구,https://play.google.com/store/apps/details?id=com.dnagenics.com&hl=ko&gl=kr,,,,,,
android,kr,bii.seqdatreader,DNA 도구의  서열 분석,DNA 도구의  서열 분석,도구,https://play.google.com/store/apps/details?id=bii.seqdatreader&hl=ko&gl=kr,,,,,,
android,kr,com.ineptlyawesome.facedna,Face DNA: AI 민족 테스트,"<b>Face DNA: AI 민족 테스트로 얼굴에 숨겨진 비밀을 찾아보세요!</b>

내 뿌리가 궁금하신가요? 내 얼굴 특징이 어디에서 왔는지 알고 싶나요? Face DNA는 고급 인공지능(AI)으로 사진을 분석해, 유산/혈통, 민족(에스니시티), 특징, 그리고 고대 문명과의 잠재적 연결까지 흥미로운 <i>추정</i> 결과를 제공합니다. DNA 키트를 몇 주씩 기다릴 필요 없이, 휴대폰에서 몇 분 만
에 조상 리포트를 받아보세요.

<b>즉시 나의 기원을 탐색</b>
셀카 또는 얼굴이 선명한 사진을 업로드하기만 하면 됩니다. 최첨단 AI 얼굴 스캐너가 작업을 시작합니다. 전 세계 다양한 인구 집단의 수백만 장 얼굴 데이터를 포함한 방대한 데이터베이스와 비교하여, 특별한 자기 발견의 여정을 안내합니다.

<b>왜 Face DNA를 선택해야 할까요?</b>

•   <b>고급 AI 얼굴 분석:</b> 얼굴 특징을 세밀하게 분석해, 서로 다른 집단과 잠재적 기원과 연결될 수 있는 미세한 단서를 찾아냅니다. AI 기반 민족 분석기입니다.
•   <b>종합 유산 리포트:</b> 단순한 퍼센트 이상을 제공합니다. 다음 내용을 담은 맞춤 리포트를 받으세요:
     •   현대 인구 집단 추정 매칭(전 세계 잠재적 연결 탐색)
     •   핵심 얼굴 특징 인사이트(특정 특징이 어떻게 기여하는지)
     •   고유 특성 분석(얼굴 구조와 유산의 연관성 탐색)
     •   <b>외삽 기반 고대 문명 매칭:</b> (대표 기능! 외삽 데이터를 바탕으로 고대 집단과의 흥미로운 가능성을 탐색합니다. 당신의 깊은 뿌리는 어디일까요?)
•   <b>즉시 결과, DNA 키트 불필요:</b> 사진 한 장이면 됩니다. 면봉도, 실험실도, 대기도 없습니다.
•   <b>쉽고 재미있게:</b> 직관적인 UI로 유산 탐색이 간단하고 흥미롭습니다. 유명인 샘플 리포트를 보고, 내 얼굴도 스캔해 보세요.
•   <b>탐색하고 공유:</b> 놀라운 연결을 발견하고 친구/가족과 결과를 공유하세요. 유산과 다양성에 대한 대화를 시작해 보세요.

<b>Face DNA 작동 방식</b>

1.  <b>사진 업로드:</b> 정면으로 선명한 사진을 갤러리에서 고르거나 새로 촬영합니다.
2.  <b>AI 스캔 및 분석:</b> AI가 수십 개 얼굴 포인트를 분석하고 방대한 데이터베이스와 비교합니다.
3.  <b>리포트 받기:</b> 현대 집단, 특성, 고대 문명과의 고유한 연결(추정)을 포함한 상세 리포트를 앱에서 확인합니다.

<b>당신의 얼굴은 이야기를 들려줍니다. 무엇을 보여줄까요?</b>

지중해의 영향부터 고대 제국의 흔적까지, Face DNA는 AI 기반의 독특한 관점으로 당신의 가능성 있는 계보를 비춰줍니다. 내 특징에 담긴 인류사의 풍부한 결을 재미있게 탐색해 보세요.

<b>AI 조상 탐색 여정을 시작할 준비가 되셨나요?</b>

문의 또는 피드백: info@facedna.app

<b>지금 Face DNA를 다운로드하고 얼굴에 암시된 흥미로운 기원을 확인하세요!</b>

---
<b>면책 조항:</b>

Face DNA는 고급 인공지능(AI)과 머신러닝 알고리즘을 사용하여 얼굴 특징 분석을 기반으로 조상/유산에 대한 <i>추정</i>을 제공합니다. AI는 큰 데이터셋에서 학습한 패턴과 업로드된 사진을 비교합니다. 결과는 오락, 개인적 탐색 및 정보 제공 목적에 한합니다. <b>이는 과학적 DNA 검사(유전자 검사)가
아닙니다</b> 따라서 유전적 조상, 민족성, 국적에 대한 최종적이거나 생물학적으로 정확한 판정으로 간주해서는 안 됩니다. 결과는 유전자 DNA 검사와 동일한 수준의 정밀도나 과학적 검증을 제공하지 않습니다. Face DNA를 얼굴 특징이 시사하는 잠재적 유산 연결을 탐색하는 재미있는 도구로 즐겨주세요.",라이프스타일,https://play.google.com/store/apps/details?id=com.ineptlyawesome.facedna&hl=ko&gl=kr,,,,,,
android,kr,com.koshina.eatmepastryattack,DNA 테스트 - 지문 스캐너,"DNA 테스트와 지문 스캐너 시뮬레이터로 친구와 친척일 가능성이 얼마나 되는지 확인해 보세요.

테스트를 시작하려면 두 분이 각각 스캐너에 손가락 하나씩 올리고 테스트가 끝날 때까지 그대로 두어야 합니다. 앱은 분석을 시뮬레이션하고 두 분이 친척일 확률을 표시합니다.

이 앱은 오직 재미, 농담, 장난을 위한 것임을 기억해 주세요. 기본적으로 모든 테스트 결과는 무작위로 생성됩니다.

원하는 결과가 있나요? 테스트를 시작하기 전에 열쇠 모양 버튼을 탭하세요. 그러면 어떤 비밀 버튼이 결과를 최댓값인 99.9%로 설정하고, 어떤 버튼이 최솟값인 0.001%로 설정하는지 알 수 있습니다.",시뮬레이션,https://play.google.com/store/apps/details?id=com.koshina.eatmepastryattack&hl=ko&gl=kr,,,,,,
android,kr,com.dnalyzer,DNAlyzer DNA Ancestry Gradient,"DNAlyzer에 오신 것을 환영합니다! 인종, DNA 및 유전자 분석, 닮은꼴, 나이 추정을 배우는 가장 재미있고 현실적인 방법!
DNAlyzer: DNA Ancestry Gradient AI 앱은 지금까지 개발된 가장 현실적인 DNA 검사 분석 결과를 제공합니다. Dnalyzer 앱은 Gradient AI를 사용하여 인종 및 국적을 분석합니다. 이 응용 프로그램은 인종을 테스트합니다. DNAlyzer는 귀하의 혈통과 가족의 기원이 어느 인종인지 예측하려고 합니다. 인공적인 민족적 얼굴형, 피부색, 머리색, 눈 구조를 통한 그라데이션 지능 기술은 턱과 얼굴의 물리적 특성을 고려하여 결과에 최적의 정확도를 제공합니다. 그 결과를 바탕으로 인생의 새로운 전환점을 잡을 수 있습니다. 경사진 경사 지능 덕분에 유전적 유산을 배울 수 있는 경사 인공 지능 DNA 분석기가 특징입니다. 족보 인종 DNA 분석. 당신의 유전자의 어떤 민족적 기원이 오는지 알 수 있습니다.
DNAlyzer(Gradient) 덕분에 유전자 너머의 진실을 알 수 있습니다. DNA 분석 및 유전자 예측을 기반으로 하는 DNAlyzer로 당신의 민족성을 빠르게 알아보세요.

DNAlyzer에서 어떤 기능을 사용할 수 있습니까?
-민족 AI
-닮음
- 매직 미러 (나이 추정, 매력, 미남/미인)
-스토리 기능이 포함된 유명인 인종 테스트(Kim Kardashian, Kanye West, Bella Hadid, Gigi Hadid, Rihanna, Kendall Jenner, Dua Lipa, Ariana Grande 및 기타 200명 이상의 유명인)

DNA 분석 지원 덕분에 당신과 닮았다고 생각되는 사람의 사진을 추가하여 당신 사이의 유사성을 확인할 수 있습니다. 유사 기능 덕분에 유사도가 몇 퍼센트인지 확인할 수 있습니다. 우리의 DNA 분석 기능은 얼굴 모양, 피부색, 턱 구조, 눈 색깔 및 모양의 유사성을 검사하고 가장 정확한 방법으로 AI의 도움을 받아 서로의 유사성을 계산합니다. 닮은꼴 기능 덕분에 내가 좋아하는 연예인과 얼마나 닮은지, 유사도도 알 수 있다.
또한, DNAlyzer에는 Magic Mirror 기능이 있습니다. 매직 미러에 사진을 업로드하면 AI의 도움을 받아 얼굴이 얼마나 늙어 보이는지 알 수 있습니다. 나이보다 젊어 보이거나 더 늙어 보이는지 확인하는 가장 확실한 방법은 매직 미러를 사용하는 것입니다. Magic Mirror는 당신의 나이를 추정할 뿐만 아니라 유전자 분석으로 당신이 얼마나 매력적인지 검사합니다. 또한 외부 친구의 눈을 통해 사진을 분석하여 자신이 얼마나 아름답고 잘 생겼는지에 대한 비율을 알려줍니다. 당사의 고급 DNA 분석 및 유전자 분석 기능을 사용하면 먼저 당사의 국적 감지기를 사용한 다음 동일한 국적의 다른 사람의 사진을 추가하여 서로 얼마나 유사한지 측정할 수 있습니다.
스토리 기능 덕분에 홈페이지에서 유명인의 민족적 특성을 빠르게 확인할 수 있습니다. DNAlyzer는 200명 이상의 유명인에 대한 인종 분석을 가지고 있습니다. 이러한 유명인은 Bella Hadid, Travis Scott, Taylor Swift, Demi Lavato 등입니다. 궁금하신 분들은 다 찾으실 수 있고, 못찾는 연예인들도 알려주세요. 예를 들어, DNAlyzer 덕분에 Rihanna가 가지고 있는 DNA 기능과 그녀가 유전자를 가지고 있는 국가를 찾을 수 있습니다.
DNAlyzer 덕분에 할 수 있는 일은 이것으로 제한되지 않습니다. 당신은 당신이 당신의 연인과 얼마나 유사한지 측정할 수 있습니다. 또는 당신의 아이가 엄마 또는 아빠와 더 닮았는지 결정할 수 있습니다. DNAlyzer 덕분에 당신의 조상을 배우고 당신의 혈통의 민족적 기원이 기반이 되는 질문을 할 수 있습니다.-

--DNAlyzer는 안전한가요?
DNAlyzer는 데이터를 훔치지 않습니다. 그것은 당신의 안전을 많이 걱정합니다. 편안하게 사용하실 수 있습니다.

지리적 지역 1600++를 포함하는 대규모 데이터베이스 지리적 지역 및 대륙간 가계 DNA 및 민족성이 가장 상세한 지리적 지역을 분석합니다.
개인 정보 보호 정책을 참조하십시오. http://dnalyzer.fun/PrivacyPolicy-DNAlyzer.pdf 지원
우리를 지원하기 위해 support@dnalyzer.fun에 의견과 제안을 보낼 수 있습니다",라이프스타일,https://play.google.com/store/apps/details?id=com.dnalyzer&hl=ko&gl=kr,,,,,,
android,kr,com.hazstudio.dnaa,DNA:끔찍한 혼종의 탄생,"DNA: 끔찍한 혼종의 탄생


☆게임 설명☆
모든건 단 하나의 세포에서 시작 합니다.
세상을 탐험하며 수많은 종족을 만나게 되고
그들의 DNA를 자신에게 합성하여 성장해 나갑니다.


☆☆게임특징☆☆

▶몬스터 사냥
다양한 특색과 속성을 가진 몬스터를 사냥하여 DNA를 획득해 보세요.

▶무한조합
믿기지 않겠지만 
무한에 가까운 184,320,000,000,000,000,000 가지 DNA조합.
원하는 DNA파츠를 합성하여 자신만의 몬스터로 진화해 보세요.

▶강화
획득한 자원으로 기본적인 공격력부터 회복까지 다양한 방식으로
강화시켜 보세요.

▶유전자 연구
유전자 연구를 통해 몬스터에 대한 연구가 깊어지면
더욱 많은 보상을 획득하고 강해질 수 있습니다.

▶자동진행
게임은 시작 후 자동으로 진행 됩니다.
이동, 전투, 스테이지 클리어, 스테이지 도전실패 시 재도전까지 자동으로 진행됩니다.
수집한 DNA합성과 강화에 더 집중 하실 수 있습니다.

▶탭탭 파워
화면을 터치하면 순간적으로 빠르고 강해 집니다.
더욱 빠른 플레이를 원하거나 
강한 보스를 만났을떄 유용합니다.

▶환생
이번생은 글렀다고 느껴진다면
다시 시작해 보세요.
다음 생은 더 멋있게 디자인해 보세요.
보라색 소울스톤으로 성장시킨 부분은 그대로 유지됩니다.

▶살아움직이는 배경
생동감있게 피어나는 꽃과 나무를 감상해 보세요.
꽃길만 걸으세요.

▶SNS공유
친구들에게 자신만의 몬스터를 자랑하세요.


문의/제휴 : ilikegameapp@gmail.com
페이스북: https://www.facebook.com/creator.dna

====================================


☆☆권한요청안내☆☆


▶ 권한요청
1. 통화상태를관리하거나 전화를 할수있도록 허용하시겠습니까?
   - 플레이 시 전화가 왔을 때 플레이를 자동으로 멈춤 상태로 유지 합니다.
 
2. 기기사진, 미디어,파일에 접근을 할 수 있도록 허용하시겠습니까?
   - 스크린샷을 찍고 친구와 공유하기 기능에 필요한 권한입니다.

▶ 접근권한 철회 방법
- 안드로이드 6.0 이상 : 휴대폰 설정 > 애플리케이션 > 앱 선택 > 권한 > 접근권한 동의 또는 철회 선택
- 안드로이드 6.0 미만 : 운영체제 특성상 철회가 불가능하므로, 앱 삭제로 철회 가능
----
개발자 연락처 :
하즈스튜디오 대한민국 서울특별시 영등포구
영등포구 국회대로54길 41-6, 607호 (영등포동2가, 오스본오피스텔)
07249 3062992108 2015-서울서초-1635 서울특별시 서초구",시뮬레이션,https://play.google.com/store/apps/details?id=com.hazstudio.dnaa&hl=ko&gl=kr,,,,,,
android,kr,com.ancestry.android.apps.ancestry,Ancestry: Family History & DNA,"사진, 이야기, 역사적 기록 등을 통해 개인적으로 누구와 어디에서 왔는지 알아보십시오. AncestryDNA® 테스트를 받은 경우 인종 및 가족 공동체도 살펴보세요. 그리고 최고의 계보 앱*인 Ancestry®를 사용하면 친척 이름 하나만으로 언제 어디서나 가족 역사를 검색할 수 있습니다.

Ancestry® 앱을 사용하여 가족 이야기를 발견하고 싶은 이유:
 • 탭 몇 번만으로 가계도 보기, 새 가족 구성원 검색 및 추가, 사진 업로드, 이야기 공유 등의 모든 작업이 가능합니다.
 • 무료 평가판이나 유료 구독을 통해 300억 개가 넘는 기록, 사진 등에 쉽게 액세스할 수 있습니다.
 • 동적 Discover 피드를 사용하면 나중에 발견한 내용과 힌트를 검토하고 닫고 저장할 수 있습니다.
 • AncestryDNA® 키트를 활성화하고 인종 결과를 확인하세요.
 • 일치하는 DNA를 확인하고 결과를 비교하세요.
 • 가계도와 DNA 결과를 결합하여 가족 이야기에 대해 더 자세히 알아보세요.
 • 나만의 맞춤 가계도로 역사를 보존하세요.
 • 친구 및 가족과 공동작업 - 이보다 더 쉬울 수는 없습니다
 • 현대적인 레이아웃 디자인을 통해 더욱 쉽게 탐색할 수 있습니다.
 • Ancestry Hints®를 통해 조상에 관한 이야기, 사진, 기록을 찾아보세요.
 • 개인적 특성. DNA 결과에 특성을 추가하여 유전자가 35가지 이상의 피트니스, 영양, 감각 및 외모 특성에 어떻게 영향을 미칠 수 있는지 확인하세요.

무료 기능:
 • 가계도 만들기
 • 인구 조사 기록을 검색하고 11억 개가 넘는 무료 기록에 액세스하세요.
 • 나무에 따라 힌트를 받습니다.
 • 자신의 가족 사진을 스캔하거나 업로드하세요.
 • Ancestry 회원으로부터 메시지 수신
 • 지도에서 조상의 인생 이야기를 확인하세요.

선택적 무료 평가판 또는 구독으로 사용 가능:
 • 300억 개가 넘는 기록을 봅니다.
 • Ancestry Hints®를 사용하여 조상에 대해 알아보세요.
 • 가족 사진 찾기
 • 새로운 친척 찾기
 • 무제한 메시징

휴대폰 및 태블릿 기능:
 • 당신의 가계도가 궁금하십니까? 친척의 이름을 검색하고, 그들의 이야기를 알아낸 다음, 사랑하는 사람들과 공유하세요.
 • 단 한 번의 탭으로 졸업 앨범 사진을 찾아 가까운 가족 및 친구들과 공유하여 고등학교 시절을 기억하세요.
 • 맞춤 힌트를 검토하세요.
 • 사진, 힌트 또는 조상 이야기를 추가하고 나만의 가계도가 성장하는 모습을 지켜보세요.
 • 계보 연구를 시작하는 데 도움이 되는 Ancestry Academy 비디오를 시청하세요.
 • 쉽게 사진을 업로드하거나 스캔하고 가계도에 사실이나 이야기를 추가하세요.
 • 조상의 삶에 영향을 미친 역사적 사건에 대해 알아보세요.

지금 Ancestry Family History & DNA 앱을 다운로드하여 귀하의 유산 등을 탐색해 보세요!

https://www.ancestry.com/cs/legal/termsandconditions에서 이용 약관을 확인하세요.
https://www.ancestry.com/cs/legal/privacystatement에서 개인정보 보호정책을 확인하세요.
수집 시 CCPA 공지 https://www.ancestry.com/cs/legal/privacystatement#personal-info-categories
소비자 건강 개인정보 보호 https://www.ancestry.com/c/legal/wa-health-privacy

*Google Play 스토어 도서 및 참고자료 카테고리의 무료 앱 내",도서/참고자료,https://play.google.com/store/apps/details?id=com.ancestry.android.apps.ancestry&hl=ko&gl=kr,,,,,,
android,kr,choice.dna.com,Choice DNA & Drug Testing,"저희는 DNA, 약물, 얼굴 대조 검사 서비스를 필요로 하는 모든 분들께 합리적인 가격으로 제공하기 위해 최선을 다하고 있습니다. 어떤 DNA 검사 서비스가 여러분에게 가장 적합한지 고민하는 분들을 위해 명확하고 간편하게 선택하실 수 있도록 도와드립니다. Choice DNA Laboratory는 다양한 법의학 검사 서비스를 소개하고 각 검사 옵션의 장점을 자세히 설명해 드립니다.

Choice DNA는 전국에 6,100개 이상의 지점을 보유하고 있다는 사실을 알고 계셨나요? 가까운 곳에 지점이 있을 가능성이 매우 높으며, 만약 없다면 자택, 사무실, 병원 등 어디든 방문 서비스를 제공해 드립니다. 또한, 집에서 편안하게 사용하실 수 있도록 DNA 키트를 우편으로 보내드리는 서비스도 제공합니다.

무료 전화 상담을 통해 전체 검사 과정을 자세히 설명해 드리고 궁금한 점에 모두 답변해 드립니다.

Choice DNA는 모든 사례를 최대한 존중하고, 기밀을 유지하며, 세심하게 처리합니다. 지금 바로 전화하셔서 검사를 시작해 보세요!

800-219-4362

• 사망자 혈액 카드 (사회 보장 혜택, 개명 등)
• 산전 비침습적 NIPP (아기 출생 전)
• 친자 확인 검사
• 조부모 DNA 검사
• 형제자매 DNA 검사
• 이모/삼촌 DNA 검사
• 가정용 DNA 키트
• 병원 방문 친자 확인 검사
• 쌍둥이 접합성 검사
• 법적 및 비법적 DNA 검사
• 이민 DNA 검사
• 불륜 검사 (배우자 부정행위 확인)
• 얼굴 DNA 대조

DNA 검사 과정...

DNA 검사는 많은 사람들이 생각하는 것보다 훨씬 간단합니다. 볼 안쪽을 면봉으로 살짝 문질러 DNA를 채취한 후, 저희 연구소로 보내 분석합니다. 저희는 고객님의 전화를 받은 후 24시간 이내에 DNA 채취를 예약해 드리는 것을 자랑스럽게 생각합니다. 고객님의 편의를 위해 미국 50개 주 전역에 채취 장소를 운영하고 있습니다. 친자 관계 DNA 검사에 대해 더 자세히 알아보고 싶으시다면 지금 바로 저희 사무실로 연락 주세요. 저희가 도와드리겠습니다!

저희는 약물 검사도 제공합니다...

소변 검사는 정확하고 간편하며 신뢰할 수 있기 때문에 약물 검사의 표준적인 방법입니다. 하지만 약물 검사에는 다른 방법도 있습니다. 예를 들어 모발 검사를 통해 장기간의 약물 사용 여부를 확인할 수 있습니다. 모발 1.5인치(약 3.8cm)당 지난 7일에서 90일 동안의 약물 사용 여부를 확인할 수 있습니다.

타액과 같은 구강액을 이용한 검사도 가능합니다.

약물 검사는 다음 4단계로 간편하게 받으실 수 있습니다.

1. Choice 앱에서 검사 예약을 하세요.

2. 신용카드 또는 체크카드로 결제하세요.

3. 예약 시간에 맞춰 병원 환자 서비스 센터를 방문하세요.

4. 이메일과 Choice 앱에서 검사 결과를 확인하세요!

DNA 얼굴 매칭 서비스를 제공합니다...

✔ 저희는 Face IT DNA Technology LLC의 공식 판매점입니다.

저희 웹사이트 또는 앱 스토어에 접속하여 비교하고 싶은 두 사람의 사진을 업로드하고 결제하시면 당일 결과를 받아보실 수 있습니다. 결과는 앱과 이메일을 통해 제공됩니다. 얼굴 인식 서비스는 실제 구강 면봉 검사나 혈액 DNA 검사를 대체할 수 없습니다.

DNA 얼굴 매칭은 사람의 얼굴을 스캔하여 관련 얼굴 특징을 다른 사람의 얼굴 특징과 비교합니다. 얼굴 매칭 과정을 통해 전문가들은 가족 구성원으로 추정되는 사람에게 유전된 특정 얼굴 특징을 판별할 수 있습니다.

DNA 얼굴 매칭 알고리즘은 다음 영역을 수동으로 스캔하는 데 도움을 줍니다.

✔ 얼굴 패턴
✔ 눈썹 패턴
✔ 눈 패턴
✔ 코 패턴
✔ 귀 패턴
✔ 입술 패턴
✔ 입 패턴
✔ 뺨 패턴
✔ 머리 패턴
✔ 턱 패턴
✔ 피부톤

VALUE 패키지 가격은 $21.99입니다. 기본 패키지 가격은 31.99달러, 프로 패키지 가격은 51.99달러입니다. Ancestry 얼굴 매칭 서비스는 모두 99달러입니다. Ancestry 얼굴 DNA 검사는 형제자매, 사촌, 조부모, 또는 삼촌과 이모, 조카의 얼굴을 비교하여 친자 관계를 확인합니다.

✔ 지금 앱을 다운로드하고 사용하시면 기본 패키지를 25% 할인된 가격에 이용하실 수 있습니다!

집에서 간편하게 DNA 얼굴 매칭을 해보세요:
• 사진 업로드
• 페이스북 및 기타 소셜 미디어 플랫폼에서 찾은 가족 사진 추가",도서/참고자료,https://play.google.com/store/apps/details?id=choice.dna.com&hl=ko&gl=kr,,,,,,
android,kr,com.dnalifestyletraining.app,DNA - Lifestyle Training,"건강을 개선할 준비가 되셨나요? DNA 라이프스타일 트레이닝을 통해 더욱 빠르고 효율적으로 목표를 달성할 수 있는 모든 도구를 활용할 수 있습니다.

앱으로 무엇을 할 수 있나요?
영양 섭취량 추적: 일일 섭취량을 명확하게 파악하고 건강한 라이프스타일을 위한 의식적인 선택을 하세요.

훈련 일정 확인: 운동량을 추적하고, 훈련 기록을 확인하고, 자세한 일정으로 동기를 부여하세요.

좋아하는 수업 예약: 명확한 일정표를 사용하여 좋아하는 모든 수업을 확인하고 바로 예약하세요.

진행 상황 추적: 정기적인 검진, 진행 상황 사진, 그리고 측정을 통해 진행 상황을 측정하세요. 얼마나 발전했는지 확인해 보세요!

코치와 소통: 질문이나 의견이 있으신가요? 채팅 기능을 통해 간편하게 질문하고 코치의 즉각적인 답변을 받아보세요.

이 앱을 사용하면 언제 어디서나 필요한 가이드를 이용할 수 있습니다. 지금 바로 다운로드하고 오늘 바로 피트니스 목표 달성을 시작하세요!",건강/운동,https://play.google.com/store/apps/details?id=com.dnalifestyletraining.app&hl=ko&gl=kr,,,,,,
android,kr,com.ai.heritage,True Heritage & Ancestry: EDNA,"당신의 얼굴은 EDNA와 함께하는 타임머신입니다. 저희의 첨단 기술은 조상의 놀라운 사진을 생성하고 당신의 진정한 기원 이야기를 드러냅니다. 단 한 장의 셀카로 당신의 진정한 모습을 확인하세요.

이름으로 끝나는 지루한 가계도는 잊으세요. 저희는 확실한 연결고리를 제공합니다. 저희 기술은 당신이 한 번도 만난 적 없는 조상들의 생생하고 시대를 반영하는 초상화를 만들어냅니다. 낯설지만 친숙한 얼굴과 그럴듯한 유사성을 포착합니다. 다른 시간에서 당신을 바라보는 당신의 눈과 미소를 마주하는 것은 경이롭고 공유할 만한 연결의 순간입니다. 이 가족사진은 결코 찍히지 않은 가족사진입니다.

하지만 이 초상화는 시작에 불과합니다. 당신의 유산을 정의하는 요소들을 심층적으로 탐구하는 완벽한 조상 보고서로 들어가는 입구입니다.

먼저, 국적을 백분율로 나타낸 상세 분석을 통해 당신의 진정한 기원을 발견하세요. 대륙을 넘어 당신의 고유한 정체성을 구성하는 다양한 문화의 조합을 살펴보고, 당신이 미처 알지 못했던 연결고리를 밝혀보세요. 그런 다음, 그들의 이야기를 공개합니다. 조상들이 고향으로 삼았을 특정 도시, 그들이 평생을 바쳤던 진정한 공예, 그리고 그들의 세상을 지탱했던 역사적인 음식에 대해 알아보세요.

당신의 기원 이야기는 단순히 과거에 그치지 않고 현재에도 울려 퍼집니다. 개척자의 회복력, 장인의 정밀함, 이야기꾼의 창의성. 이러한 것들은 단순한 역사적 사실을 넘어, 당신 안에 잠재된 특성입니다. 저희는 당신의 유산을 오늘날의 삶과 연결하여 조상의 강점과 부합하는 현대적 직업과 라이프스타일에 대한 특별한 통찰력을 제공합니다. 이는 당신의 열정과 잠재력을 이해하는 강력하고 새로운 방법입니다.

완전히 새로운 방식으로 자신을 발견하는 사람들의 성장하는 커뮤니티에 참여하세요. EDNA가 만들어내는 이야기와 초상은 대화를 촉발하고, 가족을 연결하며, 사람들이 자신의 정체성을 더욱 풍부하고 깊이 있게 바라보도록 돕습니다. 모두가 이야기하는 특별한 경험입니다.

이것은 추측이 아닙니다. 저희의 분석은 실제 역사 기록, 문화적 동향, 그리고 지리적 데이터로 구성된 방대한 데이터베이스를 기반으로 합니다. 이 견고한 프레임워크를 통해 마법 같으면서도 매우 그럴듯한 이야기를 만들어낼 수 있습니다. 저희는 고객님의 개인정보 보호를 최우선으로 생각하며, 고객님의 사진과 개인 정보는 항상 안전하게 보호되며 절대 공유되지 않습니다.

구독:
모든 프리미엄 콘텐츠를 이용하실 수 있도록 구독 패키지가 마련되어 있습니다. 구독 기간은 1주와 1년입니다. 구독은 매주 또는 매년 갱신됩니다.
1주 구독료는 $5.99, 1년 구독료는 $29.99입니다.

현재 구독 기간 종료 24시간 이내에 갱신일 최소 하루 전에 취소하지 않으면 구독은 자동으로 갱신됩니다. 구매 확인 시 Google 계정으로 결제 금액이 청구됩니다. Google 계정 설정에서 구독을 관리하고 취소할 수 있습니다.

지금 바로 True True Heritage & Ancestry: EDNA를 다운로드하고 당신의 조상을 만나보세요.
--

개인정보처리방침: https://www.mobiversite.com/privacypolicy
이용약관: https://www.mobiversite.com/terms
EULA: https://www.mobiversite.com/eula",라이프스타일,https://play.google.com/store/apps/details?id=com.ai.heritage&hl=ko&gl=kr,,,,,,
android,kr,com.dnaconfidenceapp,THE DNA Confidence,"이 앱은 의사소통 능력을 키우고 싶은 학생들을 위한 앱입니다. Dr.의 팟캐스트, 비디오, 블로그 강좌 등을 제공하는 이 앱입니다. Sandeep Patil이 영어 의사소통 능력을 향상하는 데 도움을 드립니다.",교육,https://play.google.com/store/apps/details?id=com.dnaconfidenceapp&hl=ko&gl=kr,,,,,,
android,kr,com.selfdecode.app,SelfDecode: DNA & Health Tests,"건강을 관리하고 싶으신가요? 우리는 당신을 얻었다. SelfDecode로 개인화된 유전자 통찰력을 잠금 해제하십시오. 우리의 앱을 사용하여 귀하의 신체에 가장 적합한 식단, 보충제 및 라이프스타일 선택을 찾으십시오. 이미 DNA 검사를 받았습니까? 지금 무료로 시작하여 인생을 최적화하십시오!

- 비공개 및 보안: SelfDecode는 HIPAA 등급 보안 및 GDPR 모범 사례를 통해 자신의 데이터를 완전히 제어할 수 있도록 합니다.
- 유전적 경향: 불안이나 고혈당과 같은 건강 문제를 경험할 유전적 가능성을 알아봅니다.
- 맞춤형 권장 사항: 유전적 경향을 해결하기 위한 맞춤형 식단, 보충제 및 라이프스타일 권장 사항을 찾아보십시오.
- 맞춤형 비타민 포뮬라: 집으로 바로 배달될 수 있는 맞춤형 올인원 보충제 포뮬러를 잠금 해제하십시오.
- 특성: DNA가 성격에 어떤 영향을 미칠 수 있는지 탐색하고 영양 요구 사항이나 식이 민감도에 대해 알아봅니다.
- 정확한 통찰력: SelfDecode는 고급 AI 기반 과학 알고리즘을 사용하여 수백만 개의 유전자 변이를 분석하고 정확한 결과를 제공합니다.
- 전체론적 건강 도구: 또한 실험실 분석 및 생활 습관 분석 도구에 대한 액세스를 잠금 해제하여 건강에 대한 완전한 그림을 얻을 수 있습니다.

SelfDecode에는 모든 영역에서 최적의 건강을 달성하는 데 도움이 되는 150개 이상의 건강 보고서 및 특성이 있습니다! DNA 검사를 받은 적이 없다면 SelfDecode에서 DNA 검사 키트를 주문할 수 있습니다.

지금 SelfDecode로 이미 건강을 최적화하고 있는 100,000명 이상의 개인과 함께하십시오.",의료,https://play.google.com/store/apps/details?id=com.selfdecode.app&hl=ko&gl=kr,,,,,,
android,kr,com.soldocapp,솔닥 - 비대면진료 소비자만족지수 1위,"[비대면진료 소비자만족지수 1위, 솔닥]

※ 2024 한경비지니스 비대면진료 소비자만족지수 1위
※ 2023 보건복지부 장관상 수상, 4차 산업혁명 파워코리아

🏥 모든 진료의 시작, 솔닥
- 비대면진료부터 비대면약처방까지 한 번에!
- 근처 병원찾기, 병원접수는 물론, 처방전, 진료확인서 등 각종 서류 자동 발급까지 올인원 디지털 의료 솔루션

📞 병원 대기 없는 원격진료
- 원하는 병원, 시간대 선택해 병원 방문 없이 비대면진료 받고, 가까운 약국에서 약 받으세요!
- 병원, 약국에서 기다리는 시간이 줄어듭니다.

💳 진료비 자동 결제
- 딱 한번, 자주 사용하는 결제수단을 등록하면 진료 완료 후 진료비를 앱에서 결제할 수 있어요!
- 진료 완료 후 처방전과 진료확인서, 진료비 영수증 등 서류를 모바일로 받아보세요!

💊 원하는 진료 과목 처방/진료 가능
- 피부과, 소아과, 내과, 가정의학과, 이비인후과, 안과, 산부인과 등 비대면진료 가능
- 탈모, 여드름, 안구건조증, 비만치료 등 직관적인 증상별 병원예약 가능

서비스 이용 중 불편 사항은 문의주세요.
이메일 : info@soldoc.co.kr
고객센터 : 02-6954-7676
솔닥(주)
서울시 강남구 학동로33길 17 3층
----
개발자 연락처 :
솔닥 주식회사 학동로33길 17
강남구, 서울특별시 06025
South Korea 284-87-00967 2021-서울강남-06329호 서울특별시 강남구",의료,https://play.google.com/store/apps/details?id=com.soldocapp&hl=ko&gl=kr,,,,,,
android,kr,com.lukekorea.hello100,"헬로100 - 병원접수,진료예약,비대면진료,실손보험청구","헬로100 _내 손안에 병원 필수 앱!

◎ 비대면 진료: 병원 방문이 어려울 땐 언제 어디서나 앱으로 간편하게 비대면 진료받을 수 있어요.
◎ 오늘접수: 집에서 접수하고 순서에 맞춰 병원 방문하여 원내대기시간을 최소화할 수 있어요.
◎ QR접수: 병원 고유 QR코드 스캔으로 데스크를 거칠 필요 없이 앱으로 간편하게 진료접수 할 수 있어요.
◎ 진료예약: 병원진료를 원하는 날짜와 시간을 선택하여 진료예약이 가능해요.
◎ 진료수첩: 검사결과와 처방전, 진료비 영수증을 기록하고 편하게 관리해 보세요. 국가검진 문진표를 사전 작성하고, 앱에서 병원으로 전송할 수 있어요
◎ 실손보험청구: 번거로운 서류를 첨부하지 않고 앱에서 즉시 실손보험청구가 가능해요.
◎ 병원찾기: 내 근처 또는 내 증상에 맞는 병원을 쉽게 검색할 수 있어요.

*비대면진료는 보건의료기본법 제44조에 근거한 보건복지부 시범사업에 맞춰 운영되고 있습니다.


[헬로100 서비스 이용 및 제휴 문의]
- E-mail : hello100@eghishc.co.kr


※ 앱 접근 권한 안내
헬로100 APP은 서비스 제공을 위해 아래의 접근 권한을 필요로 합니다.

◎ 선택적 접근권한 (선택적 접근권한에 동의하지 않아도 서비스 이용이 가능합니다)
- 알림: 진료접수 안내, 순번 안내 등 서비스 이용 안내 알림을 제공하기 위해 필요합니다.
- 위치정보: 맞춤형 의료/병원정보 제공과 주변 병원과 약국을 찾기 위해서 위치정보가 필요합니다.
- 카메라:  QR코드를 스캔하여 진료접수, 비대면 화상통화 진료를 위해 필요한 권한입니다. 
- 사진: 프로필 작성, 비대면진료 접수 시 업로드할 사진 첨부를 위해 필요한 권한입니다.
- 전화: 병원/약국/고객센터 전화 걸기 기능 사용을 위해 필요한 권한입니다.
- 저장 : 서비스 이용을 위한 필요한 사진 및 파일 저장을 위해 필요한 권한입니다. 
※ 휴대폰의 설정 > 앱 정보 > 헬로100 > 앱 권한 에서 설정 변경이 가능합니다.

[고객센터]
- 주소 : 서울 강서구 마곡중앙5로 22, 8층 이지스헬스케어
- 전화번호 : 1566-9474
- E-mail : hello100@eghishc.co.kr",의료,https://play.google.com/store/apps/details?id=com.lukekorea.hello100&hl=ko&gl=kr,,,,,,
android,kr,com.gachon.healthsync,정밀영양 라이프로그,"본 앱은 정밀영양연구의 일환으로 개발된 라이프로그 데이터 전송 앱입니다. 삼성 헬스에 기록된 일상 기록을 연구 시스템으로 간편하게 전송할 수 있습니다.

[주요 기능]
· 건강 데이터 연동: Health Connect(헬스 커넥트)를 통해 삼성 헬스 데이터를 안전하게 불러옵니다.
· 7일 단위 데이터 동기화: 사용자 지정한 날짜로부터 일주일 간의 기록을 한눈에 확인하고 제출할 수 있습니다.
· 간편한 데이터 업로드: 복잡한 절차 없이 ‘서버 업로드’ 버튼 하나로 데이터 전송합니다.
· 데이터 보안 및 개인정보 보호: 사전에 등록된 연구 참여자 정보를 통해서만 운영됩니다. 모든 데이터는 암호화되어 전송되며, 정밀영양 연구 목적으로만 활용됩니다.

[데이터 공유 항목] 연구를 위해 아래의 라이프로그 항목을 활용합니다.
· 신체 정보: 키, 몸무게, 최대/최저 심박수
· 활동 및 수면: 걸음 수, 운동 시간, 이동 거리, 소모 칼로리, 수면 시간

[필수 접근 권한]
· Health Connect(헬스 커넥트) 접근: 체중, 운동, 수면, 심박수 데이터를 가져오기 위해서 사용합니다",건강/운동,https://play.google.com/store/apps/details?id=com.gachon.healthsync&hl=ko&gl=kr,,,,,,
android,kr,com.cliniconline,KafoMed: 의원용 EMR 전자차트,"안드로이드 건강기록 애플리케이션은 의료기록, 환자 병력 및 건강정보를 손쉽게 기록할 수 있습니다.

특징:

* 필요에 따라 의료 데이터를 기기 메모리 또는 데이터 동기화가 사용 설정된 안전한 클라우드 저장소에 저장하도록 선택하세요.

-아이디, 비밀번호 인증

-메모리장치에 데이터베이스 및 파일을 백업

-모든 형식 (PDF, Word 등)의 문서를 첨부하거나 카메라 또는 비디오 녹화를 사용하여 캡쳐할 수 있습니다.

-환자 주소 저장 가능 여부: 지도를 사용한 위도, 경도

-현재 위치에서 저장된 환자 주소지까지의 운전을 위한 구글 지도 내비게이션 사용 가능성

-병력

-임상 검사 모듈

-영상 진단 모듈

-환자의 진찰 예약을 추적하는 예약 모듈

-이름 또는 ID로 스마트 검색을 하거나, 귀하의 프로필 사진을 캡처할 수 있습니다.

-의료행위의 기록을 위한 비디오 녹화 또는 이미지 캡처를 텍스트 입력과 동반하거나 혹은 텍스트 입력 대신으로도 사용

-이름 또는 ID로 스마트 검색을 하거나, 귀하의 프로필 사진을 캡처할 수 있습니다.

-전체화면 이미지 슬라이더를 사용하여 사용자가 캡처 한 보고서를 탐색합니다.


-녹화된 비디오를 전체 화면으로 재생하는 비디오 뷰어


-이미지 갤러리에서 사진 또는 비디오형식으로 저장된 의료 문서를 가져옵니다.

-장치 연락처 목록을 통해 환자 정보를 추가할 수 있는 기능; 환자 정보가 장치 연락처 목록에 존재하는 경우

-의사는 본 안드로이드 애플리케이션을 클리닉 정보시스템  또는 클리닉 관리시스템, 의사의 환자 의료로 사용할 수 있습니다.

- 혈압 조절
- 혈압에 대한 PDF 보고서
- 혈압 측정을 비교하기위한 차트
- 수축기, 이완기, 맥박수
- PDF 또는 그래프로 혈압 보고서 내보내기
- 혈압 보고서를 의사에게 보냅니다.

- 혈당에 대한 PDF 보고서
- 혈당 보고서를 PDF 또는 그래프로 내보내기
- 혈당 보고서를 의사에게 보냅니다.

-기록, 안드로이드 건강관리 모바일 애플리케이션, 안드로이드 환자병력기록을 통하여 환자의 병력, 안드로이드 전자 의료 기록 (EMR), 안드로이드 전자 건강 기록 (EHR)을 추적합니다.


-가족 구성원의 병력을 저장하는 데 유용하므로 의사가 귀하의 병력 정보를 쉽게 추적할 수 있습니다.",의료,https://play.google.com/store/apps/details?id=com.cliniconline&hl=ko&gl=kr,,,,,,
android,kr,com.ksncho.hospitalinfo,"굿닥 - 병원 접수, 병원 예약, 비대면 진료 필수 앱","병원 간편 접수/예약, 비대면 진료 서비스를 단 하나의 앱에서!
누적 다운로드 1000만 헬스케어 앱 굿닥입니다. 

■ 병원 가기 전, 바로 접수

앱으로 접수하고 진료 순서가 가까워질 때 방문해요.

가족 추가 기능으로 우리 가족 건강도 함께 챙길 수 있어요.

실시간 병원 대기 현황도 확인하세요. 

■ 24시간 언제 어디서나, 비대면 진료

누구나 시간, 지역 상관없이 비대면 진료가 가능해요.

간편 결제로 진료비와 조제비 결제도 쉽게 하세요. 

■ 가까운 병원 찾을 때, 병원/약국 찾기

내 주변 실시간 문 연 병원/약국을 한 번에 찾을 수 있어요.

7만 개의 병・의원 데이터베이스로 정확도 높은 병원/약국 정보를 제공해요.

60만 건 이상의 방문자 리뷰로 신뢰도 높은 병원 정보를 확인할 수 있어요.

[서비스 이용 불편 및 제휴 문의]

이메일 : gdcs@goodoc.co.kr

전화 : +8225016245

주소 : 서울특별시 강남구 역삼로2길 16, 에스타워 8~9층

[선택적 접근권한]

알림 : 서비스 이용안내 알림 제공

위치 : 가까운 병원/약국 정보 제공

사진 : 리뷰, 비대면 진료 신청서 증상 첨부

카메라 : 비대면 화상 진료

마이크 : 비대면 진료 화상/음성 진료

전화 : 비대면 진료 담당의 연결에 필요

근처기기 : 비대면 화상진료 연결에 필요

저장 : 서비스 이용을 위한 이미지 등록

선택적 접근 권한에 동의하지 않아도 서비스 이용이 가능합니다.
----
개발자 연락처 :
(주)굿닥 대한민국 서울특별시 강남구
강남구 역삼로3길 13, 3층(역삼동, 케어랩스타워)
06252 4318801818 2020-서울강남-00257 본인 신고",의료,https://play.google.com/store/apps/details?id=com.ksncho.hospitalinfo&hl=ko&gl=kr,,,,,,
android,kr,health.doctor.pill.my_medicine.pro,내 약 Pro,"프리미엄 지원. 

모든 약물 세부 사항을 기억하는 데 어려움이 있습니다. 이 앱을 사용하여 모든 의약품 정보를 저장할 수 있습니다. 약물 사진, 증상, 복용량, 복용 지침, 정제 또는 강장제 이름, 의사 추천서의 예. 약물 세부 정보뿐만 아니라. 이 응용 프로그램에는 정책 번호, 보험료 금액, 만기일, 보험 회사, 플랜 이름과 같은 모든 보험 세부 정보를 저장하는 모듈도 있습니다. 일단 보관하십시오. 모든 정보가 편리하고 쉽게 액세스할 수 있습니다.

추적
1. 보험
2. 병력
3. 긴급 전화번호
4. 혈압
5. 월경
6. 주의사항

사용 가능한 옵션.
- whatsApp, 이메일 등에서 의약품 이미지 및 세부 정보를 공유합니다.
- whatsApp, 이메일 등에서 보험 세부 정보를 공유합니다.
- 사진을 찍거나 기존 이미지를 앱에 업로드합니다.
- 여러 테마 및 디스플레이 보기
- 백업 및 복원 옵션. 백업은 여러 위치에 저장할 수 있습니다. Google 드라이브, 전화 및 이메일 등과 같은.",의료,https://play.google.com/store/apps/details?id=health.doctor.pill.my_medicine.pro&hl=ko&gl=kr,,,,,,
android,kr,com.healmate.prod,"힐메이트 - 좋은 암요양병원 찾기, 암환우 커뮤니티","건강 회복의 여정, 힐메이트가 함께 하겠습니다.

■ 상급병원 주변
· 삼성서울병원, 서울아산병원, 서울대학교병원, 연세세브란스병원, 서울성모병원, 국립암센터 등 상급병원과 가까운 암요양병원을 찾아볼 수 있어요

■ 지역별 병원
· 서울, 경기, 부산, 대구, 인천, 광주, 대전, 울산 등 전국에 위치한 암요양병원을 지역별로 찾아볼 수 있어요

■ 내 주변 병원
· 위치 기반 검색을 통해 현재 위치 주변에 있는 가까운 암요양병원을 볼 수 있어요

■ 병원 둘러보기
· 병원 기본 정보, 내부 사진, 병실, 식사 메뉴, 의료진, 치료 장비, 보조치료 등 병원 상세 정보를 한 화면에서 모두 볼 수 있어요
· 보호자 상주 가능, 여성 전용 병동과 같은 병원 특징부터 고농도 비타민C 주사, 미슬토주사, 영양수액, 고주파 온열암치료, 고압 산소치료, 케모포트 관리, 도수치료, 침 치료 등과 같은 세부 조건, 거리 범위 설정까지, 다양한 맞춤 필터로 조건에 맞는 암요양병원을 찾아볼 수 있어요
· 여러 병원들을 비교하며 꼼꼼하게 살펴보세요

■ 병원 평점 및 후기
· 병원 상세 화면에서 회원들이 직접 작성한 평점과 후기를 볼 수 있어요
· 힐메이트는 후기를 절대 조작하지 않습니다!

■ 1:1 무료 상담 신청, 전화걸기
· 힐메이트 협력병원에 1:1 무료 상담 신청하거나 전화걸기로 바로 상담해 보세요
· 빠른 시간 안에 병원으로부터 답변을 받으실 수 있습니다

■ 암환우 커뮤니티
· 다른 환우분들 및 보호자분들과 다양한 경험과 정보들을 공유해 보세요 

■ 암지식관
·  암 관련 뉴스와 정보를 얻을 수 있어요

▶ 이런 분들께 추천드려요! ◀
· 암 수술 후 퇴원을 앞두고 암 전문 요양병원을 찾고 계신 분들
· 온열 치료나 주사 치료 등 보조 치료가 필요신 암환우분들
· 가족이나 소중한 분을 위해 좋은 암요양병원을 알아보고 계신 분들
· 암 치료 후 전문적인 관리와 케어, 힐링미 필요하신 분들

지금 바로 힐메이트를 다운로드해 보세요!

[선택 접근 권한 안내]
· 위치 : 현재 사용자 위치 주변에 있는 암요양병원을 검색하기 위해 사용합니다.
· 카메라 : 후기 작성 시 사진 촬영을 위해 사용합니다.
· 사진 : 후기 작성 시 사진 첨부를 위해 사용합니다.
· 알림 : 상담 답변 알림, 후기 답변 알림 및 주요 공지 알림 수신을 위해 사용합니다.

* 선택 접근 권한은 동의하지 않아도 서비스 이용이 가능합니다.",의료,https://play.google.com/store/apps/details?id=com.healmate.prod&hl=ko&gl=kr,,,,,,
android,kr,com.persly.app,퍼슬리: 내 병원 기록 연동되는 AI 닥터 건강 상담,"<font color=""#0000FF"">▶ 내 병원 기록 연동되는 AI 주치의, 퍼슬리 (AI 닥터 건강 상담)
▶ OpenAI의 HealthBench Hard 기준 65점 달성, GPT-5(45점)보다 44% 정확한 성능을 보여요.</font>

■ 주요 기능 및 지원 질환

<font color=""#2BC298""><b>1️⃣ 클릭 한 번으로 당신의 모든 병원 의무기록을 불러올 수 있어요.</b></font>
클릭 한 번에 당신의 80년치 병원 의무기록을 불러오세요. 의사 진료노트, 검사결과 수치, 상세 처방내역 등 모든 기록을 무료로 가져올 수 있어요! (전국 대학/종합병원 지원)

<font color=""#2BC298""><b>2️⃣ AI 주치의는 당신의 건강상태를 기억해요</b></font>
당신의 질문과 장기적인 건강 상태 및 추이를 기억해, 내 상태에 정확히 필요한 답변을 제공해요.

<font color=""#2BC298""><b>3️⃣ 전 세계 의료기관/대학 병원의 검증된 답변</b></font>
AI의 거짓말에 지치셨나요? 퍼슬리는 의료 답변에 최적화된 에이전트 방식을 통해 1억개가 넘는 전 세계 의료기관/병원의 데이터에서만 정답을 찾아드려요. 

<font color=""#2BC298""><b>4️⃣ 문장별 출처 표기로 팩트체크 필요 X</b></font>
AI 답변, 다시 검증하느라 번거로우셨죠? 퍼슬리는 문장별로 공식 출처를 제공해 팩트체크가 전혀 필요 없어요.

<font color=""#f00""><b>5️⃣쉽고 정확한 검사결과 해석을 도와드려요.</b></font>
병원에서 받은 검사결과지를 사진으로 찍어 올려보세요. 복잡한 내용을 쉽게 이해하도록 정확한 해석을 제공하는 것은 물론, 비교 추이도 분석해주고 추가적인 질문에도 답변해드려요. OCR 전용 AI모델을 활용해 챗GPT보다 더 정확한 검사결과 해석을 제공해요.

<font color=""#f00""><b>6️⃣ 민감한 건강정보, 철저한 3중 보안</b></font>
퍼슬리는 접근 통제, 안전 저장, 강력한 사용자 통제 권한이라는 철저한 3중 보안 원칙으로 운영됩니다. 
[1st] 접근 통제: ​사용자의 대화·업로드 정보는 개인 식별 정보와 철저히 분리되어 저장되며, 권한 있는 최소한의 인원만이 서비스 운영에 필수적인 경우에만 확인 가능하도록 통제됩니다.
[2nd] 안전 저장: ​퍼슬리는 모든 전송·저장 과정을 철저한 보안 조치를 통해 관리합니다. 모든 개인정보는 외부에 무단 공개되지 않습니다.
[3rd] 강력한 사용자 통제: ​사용자는 언제든 대화·업로드 기록 삭제를 요청할 수 있습니다. 개인정보 활용 동의 및 범위도 언제든 변경하거나 철회 할 수 있습니다.​

<font color=""#2BC298""><b>📌 증상부터 복약까지, 투병 과정에 진짜 도움을 드려요.</b></font>
병원 진료 전후, 궁금한 점이 생기셨나요?
복약 관리, 의료 상담, 검사 및 치료 정보, 약 부작용, 건강 관리 정보 등에 도움이 필요하신가요?
당신의 그 어떤 질문에도 답변해드려요.

--
주요 질환 별 추가 관리 정보까지 제공해요!

1. 암 케어 및 종양 관리
암환자 여러분, 진단 후 막막하신가요? 퍼슬리는 다양한 암 종류에 대한 정보와 체계적인 건강 관리 방법을 제공합니다.
- 유방암 수술 후 관리 및 항암 부작용 기록
- 흑색종 등 피부암 증상 및 조기 발견 정보
- 췌장암, 간암, 담낭암 등 소화기 계통 암 정보 제공
- 고환암 및 각종 육종, 골육종 등 희귀 암 정보 제공
- 체내 종양 발견 시 대처법 및 아만자 맞춤형 답변
- 증상 및 부작용, 약, 식단 가이드 및 의료 상담

2. 뇌질환 및 신경계 건강
장기적인 관리가 필요한 뇌 질환, 퍼슬리가 함께 기록하고 지켜봅니다. 뇌졸중 및 치매 예방을 위한 파트너입니다.
- 치매 및 알츠하이머 환자 보호자를 위한 증상 기록 및 진행 단계 체크
- 파킨슨 병의 진행 단계별 관리 정보 및 운동 가이드
- 뇌졸중 전조증상 파악 및 발병 후 재활 가이드
- 만성적인 편두통 패턴 분석 및 이명 증상 관리
- 간질 발작 대처법 및 루게릭 병, 수두증 등 난치성 신경 질환 정보 제공
- 증상 및 부작용, 약, 식단 가이드 및 의료 상담

3. 심장 및 혈관 건강
생명과 직결되는 심장과 혈관, 꼼꼼하게 체크하세요. 심장질환은 꾸준한 수치 관리가 필수입니다.
- 심혈관 질환 위험도 분석 및 심장 건강 수치 관리
- 고혈압 및 저혈압 환자의 혈압 수첩 및 식단 가이드
- 고지혈증 관리를 통한 혈관 건강 개선 및 합병증 예방
- 부정맥 및 심방세동 증상 모니터링과 응급 상황 대처법
- 심부전 환자의 일상 생활 수칙 및 심장질환 관리 정보
- 증상 및 부작용, 약, 식단 가이드 및 의료 상담

4. 정신건강 및 마음 챙김
말 못 할 마음의 병, AI에게 털어놓고 위로받으세요. 당신의 정신건강을 최우선으로 생각합니다.
- 우울증 자가 진단 및 기분 일기 작성을 통한 마음 관리
- 불면증 개선을 위한 수면 패턴 분석 및 숙면 가이드
- 성인 ADHD 증상 체크 및 자폐 스펙트럼 정보 제공
- PTSD (외상 후 스트레스 장애) 및 트라우마 극복 지원
- 거식증 및 폭식증 등 섭식 장애 고민 상담과 스트레스 관리
- 증상 및 부작용, 약, 식단 가이드 및 의료 상담

5. 비뇨기, 희귀질환 및 시크릿 존
남에게 묻기 부끄러운 성병 고민도 익명으로 편하게 질문하세요. 희귀 질환 정보도 정확하게 알려드립니다.
- 헤르페스, 매독, 에이즈 등 각종 성병 증상 체크 및 예방 가이드
- 크론 병 등 만성 염증성 질환 및 희귀 질환 정보 제공
- 증상 및 부작용, 약, 식단 가이드 및 의료 상담

6. 의료 기록 연동 지원 가능한 병원
- 국내 ""모든 병원""의 의료기록을 연동 가능해요.
- 모든 대학 병원: 아산병원, 서울대학교병원, 세브란스병원, 삼성서울병원, 분당서울대병원, 고대 안암병원, 강북삼성병원, 성모병원, 가톨릭병원, 부산대병원, 아주대학교병원, 차병원, 서울대병원 등 모든 상급 종합 병원과의 연동 지원
- 전국 지방 병원: 건양대병원, 부산대병원, 전북대병원, 충북대병원, 충남대병원, 인하대병원, 아주대병원, 전남대병원 등 모든 지방 병원과의 연동 지원
- 전국 동네 병원: 전국 9만 7천개의 모든 병원과의 연동 지원

자가진단, 챗봇, 건강검진 후 질문, 의약품, 의학 용어 해석, 약 정보, 건강데이터, 치과, 혈당, 당뇨 관리, 의료기록 분석, 환자, 건강기록, 병원정보, 처방 내역, 병원상담, 전화진료, 주치의, 비대면진료, 병원 최저가, 최저가 병원 찾기, 다이어트, 처방약, 성형수술, 성형, 우울증, 백신, 주사, 약국 찾기, 마음 건강,

*본 서비스는 질병의 진단·예방·치료를 목적으로 하지 않으며, 의료진의 전문적 판단을 대체하지 않습니다. 공신력 있는 기관의 자료를 검색/요약해 사용자에게 맞춤형 건강정보를 제공하는 것을 목적으로 합니다. 개별 의료 상담은 반드시 전문 의료인과 상의해 주세요.

----
서울 AI 허브 (강남데이터센터) B동 406호 주식회사 퍼슬리 (서울시 서초구 양재동 224)
South Korea 241-81-03586 제2025-용인기흥-01304호 본인 직접 신고
개발자 연락처 : contact@perslyai.com

이용약관 : https://www.perslyai.com/agreements/terms
개인정보처리방침 : https://www.perslyai.com/agreements/privacy
----
개발자 연락처 :
주식회사 퍼슬리 중구 퇴계로36길 2, 905호 (필동2가, 동국대학교 충무로 영상센터)(필동2가, 본관)
중구, 서울특별시 04626
South Korea 241-81-03586 제2025-용인기흥-01304호 본인 직접 신고",의료,https://play.google.com/store/apps/details?id=com.persly.app&hl=ko&gl=kr,,,,,,
android,kr,com.medscape.android,Medscape,"즉각적인 임상 답변을 얻을 수 있는 의료 자원. Medscape를 사용하면 최신 뉴스, 전문가 논평, 임상 도구, 약물 및 질병 정보, 의료 팟캐스트, CME/CE 활동 등에 무료로 액세스할 수 있습니다.

* 더 빠르고 쉽게 사용할 수 있도록 전문 분야별로 그룹화된 450개 이상의 의료용 계산기에 액세스하세요!
* Drug Interaction Checker, Pill Identifier 및 단계별 절차 비디오와 같은 유용한 리소스를 확인하십시오.
* 9,200개 이상의 처방 및 OTC 의약품, 약초 및 보조제에 대한 최신 처방 및 안전 정보를 찾아보십시오.
* 30개 이상의 전문 분야에 대한 최신 의료 뉴스 및 전문가 논평을 읽으십시오.
* 최신 FDA 승인, 컨퍼런스 뉴스, 최신 임상 시험 데이터 등을 최신 상태로 유지하십시오.
* This Week in Cardiology와 같은 Medscape 오리지널 팟캐스트 또는 Becker's Healthcare와 같은 업계 전문가의 기타 인기 프로그램을 검색하고 구독하고 들어보세요.
* 이동 중에도 무료 CME/CE 크레딧과 ABIM MOC 포인트를 적립하고 내장된 활동 추적기로 진행 상황을 모니터링하세요.
* Medscape Consult를 통해 의사 및 의대생을 위한 최대 네트워크에 액세스하십시오.
* MedscapeLIVE에서 다른 의료 전문가와 함께하세요! 이벤트.

Medscape는 전 세계 의사 및 의료 전문가를 위한 최고의 온라인 사이트입니다.

Medscape 팀에 대한 피드백이 있습니까? medscapemobile@webmd.net으로 이메일을 보내주세요.",의료,https://play.google.com/store/apps/details?id=com.medscape.android&hl=ko&gl=kr,,,,,,
android,kr,kr.onedoc.onedoc,"원닥 - 비대면진료 앱, 약 처방, 처방전","💙 비대면진료, 원닥이 답이에요!
진료/병원예약부터 약 배송까지 모두 비대면으로!
주치의 선생님과 진료를 모바일로 계속 이어가세요.

🏠 원닥이 여러분의 건강을 집에서도 챙겨드립니다!

병원에 가지 못하더라도 언제 어디서나 원닥!
방문 없이 진료 받고 가까운 약국에서 처방 받으세요.

➡️ 만성질환 관리, 다음 진료는? 원닥으로!
간편한 비대면진료 예약과 약 배송까지 한번에!
나의 건강을 위한 신속하고 편리한 솔루션, 
이제 손 끝으로 나의 건강을 챙기세요.


[🩺 진짜 의료진이 운영하는 디지털 헬스케어 앱!]
- 신뢰할 수 있는 주치의를 만나는 가장 빠른 효율적인 방법
- 건강관리의 새로운 패러다임, 원닥을 경험해 보세요.

[🥼 언제, 어디서나 비대면진료로 간편하게!]
- 병원 방문 없이 진료 받고 가까운 약국에서 처방전으로 약 받으세요.
- 늦은 밤, 주말, 공휴일에도 진료 가능해요.

[💸 진료비 결제도 쉽고 빠르게!]
- 앉은 자리에서 진료비, 조제비까지 손쉽게 결제하세요.
- 전국 지역화폐도 사용 가능해요.

[❤️‍🩹 혈압, 혈당관리도 똑똑하게!]
- 원닥만의 건강노트를 활용하여 혈압, 혈당을 기록하세요!
- 건강정보를 주치의와 공유할 수 있어요.

- 비대면진료는 보건의료기본법 제44조에 근거한 보건복지부 시범사업에 맞춰 운영되고 있습니다.

(주)원닥
서울특별시 구로구 시흥대로 535, 9층

[선택적 접근 권한]
- 사진/파일 저장 : 진료 요청 시 사진 첨부/서비스 이용을 위한 필요한 사진, 파일 저장
- 카메라 : QR코드 인식, 화상 진료 전화 기능 제공
- 전화 : 병원/약국 전화번호를 통한 통화 기능 제공
- 마이크 : 화상 전화를 통한 비대면진료 서비스 제공
- 알림 : 마케팅 정보 푸시 알림 전송

※ 휴대폰 설정 > 애플리케이션(앱) > 원닥 > 앱 권한 메뉴에서 설정 변경 가능",의료,https://play.google.com/store/apps/details?id=kr.onedoc.onedoc&hl=ko&gl=kr,,,,,,
android,kr,com.herings.healiary,힐리어리 - 암 환자 1:1 맞춤형 식단,"영양 관리, 증상 등 생활 속 어려움이 있는 암환자분들께 또 다른 희망이 되어드릴게요!

✓ 나의 건강정보를 입력하고 영양분석을 받아보세요.
✓ 오늘 드신 식사를 기록하면 영양코치의 평가를 받을 수 있어요.
✓ 나만을 위한 맞춤형 추천식단을 받아보세요.
✓ 건강 다이어리에 일상과 증상을 기록해보세요.

힐리어리는 암환자들이 암 진단 또는 수술 후 치료 과정에서 도움이 필요한 다양한 문제들을 해결할 수 있는 플랫폼입니다. 

암환자분들은 치료 중 또는 수술 및 퇴원 후 건강 관리에 어려움이 많습니다. 퇴원 후에는 영양 관리나 증상 관리, 운동 및 활동량 관리에 대한 전문가의 조언을 받을 수 없게 되며 병원에서 교육받더라도 실제 일상생활에 적용하기가 쉽지 않습니다.

저희 플랫폼을 통해 환자분들은 맞춤형 영양 식단 서비스를 받을 수 있으며, 커뮤니티를 통해 환자들끼리 서로 소통할 수 있습니다. 또한 전문가들에게 건강 관리에 대한 피드백을 받고 궁금증을 해결할 수 있고, 암 환자가 받는 서비스 내용을 보호자가 공유하거나 환자 상태를 모니터링할 수 있습니다.

* 힐리어리 블로그: https://blog.naver.com/healiary 
* 힐리어리 인스타그램: https://www.instagram.com/healiary_official
* 힐리어리 카카오채널: https://pf.kakao.com/_xlPYExj",건강/운동,https://play.google.com/store/apps/details?id=com.herings.healiary&hl=ko&gl=kr,,,,,,
android,kr,com.arkinfosoft.mediplus,Doctor Diary,"당신의 환자의 의료 및 건강 기록을 관리하고 노트에게 쉬운 방법을 확인할 수있다. 닥터 일기는 개인 정보, 의료 기록, 약물 치료, 임상 노트, 환자 기록, 환자의 지불의 다른 notes.Keep 기록 등의 모든 환자 기록을 관리하고 치료 처방을 추가 할 수 있습니다 사용.
이 응용 프로그램은 모든 이제 다음 환자를 방문하여 의료 기록을 추적 할 수있는 방법을 필요로 의료 및 건강 전문가를위한 유용합니다. 그것은 당신이 당신의 의료 행위를 할 때마다 함께 가져올 수있는 편리한 응용 프로그램입니다.

모든 단계를 순서대로 제공하고 또한 당신의 병력 청취와 검사하는 동안 일을 놓칠하지 쉽게된다.

무엇보다도, 당신은 보안 데이터베이스에 모든 임상 데이터를 저장할 수 있습니다. 장치가 파손되거나 분실 된 경우, 처음부터 시작할 필요가 없습니다. 모든 임상 데이터는 경우에만 응용 프로그램에 로그인 한 후 액세스 할 수있는 보안 데이터베이스에 저장 될 수 있습니다.


주요 특징들

간단하고 직관적이며 사용하기 쉬운.
환자 정보를 사용자 정의합니다.
보기 환자 방문 / 의료 기록
내장 재사용 메모를 관리 할 수 ​​있도록하는 강력한 도구
백업 및 데이터를 복원
분류 환자 치료 수준
유료 및 무료 환자에 대한 다른 계수
월간 및 일일 보고서
모든 안드로이드 장치에서 액세스 모든 임상 데이터


의사, 치과 의사, 간호사, 외과, 소아과, 피부과, 안과 병원, 응급, 의사, 작은 진료소, 의료 학생, 등

우리는 당신이 응용 프로그램이 유용하게 희망 우리는 당신의 제안을 환영합니다. 우리가 진행하면서 우리는 더 많은 멋진 기능을 추가합니다. 그래서 계속 지켜봐 주시기 바랍니다!",의료,https://play.google.com/store/apps/details?id=com.arkinfosoft.mediplus&hl=ko&gl=kr,,,,,,
android,kr,com.msd.professional,MSD Manual Professional,"다운로드에 대한 특별 참고 사항

다운로드하기 전에 읽어주십시오 :이 앱은 기본 앱이며 의료 주제와 관련 이미지, 그림 및 주문형 다운로드 비디오를 장치의 내부 저장소에 저장합니다. 따라서이 저장소를 사용하려면 DEFAULT Android OS (버전 6.0 이상)에서 ""앱이 기기의 사진, 미디어 및 파일에 액세스 할 수 있도록 허용 하시겠습니까?"" 설치하기 전에.

***이 앱 다운로드는 2 단계 프로세스입니다. 첫 번째 단계는 앱 템플릿의 다운로드이고 두 번째 단계는 앱 콘텐츠의 전체 다운로드입니다. 64 비트 기기의 Wi-Fi에서 5 ~ 10 분이 소요될 수 있습니다. 32 비트 장치는 더 오래 걸릴 수 있습니다. 두 단계가 완료 될 때까지 앱에서 벗어나지 마십시오. ***

앱 권한 설치 설정 참고 :
• 개인 정보를 수집하거나 사용하지 않습니다. 그러나 앱이 제대로 작동하는 데 필요한 일부 권한이 있습니다.
1. 사진 / 미디어 / 파일 – 앱이 업데이트 될 때 사용자가 모든 대형 콘텐츠를 다시로드하지 않고도 앱에서 의료용 컨텐츠 및 멀티미디어를 오프라인 용으로 저장할 수 있습니다.
2. 장치 및 앱 기록 – 앱 및 콘텐츠를 최신 상태로 유지하는 데만 사용됩니다.

임상 정보의 양은 현재 18 개월마다 두 배가되고 속도는 점점 빨라지고 있습니다. MSD Manual Professional 앱을 최신 상태로 유지하십시오.

MSD Manual Professional 앱은 의료 전문가와 학생들에게 모든 주요 의료 및 외과 전문 분야의 수천 가지 상태에 대한 명확하고 실용적인 설명을 제공합니다. 병인학, 병리 생리학, 평가 및 치료 옵션에 대해 다룹니다.



신뢰할 수있는 MSD Manual Professional 의료 앱은 다음을 제공합니다.

• 350 명 이상의 학계 의사가 정기적으로 작성하고 업데이트하는 수천 개의 주제
• 수천 가지 장애 및 질병에 관한 사진 및 삽화
•“방법”수많은 외래 환자 절차 및 신체 검사에 관한 비디오. 다음 주요 주제에 대한 의료 전문가의 간결한 교육용 비디오 :
     -주조 및 부목 기술
     -정형 외과 검사
     -신경 학적 검사
     -산과 절차
     -외래 환자 절차 (IV 라인, 튜브, 카테터, 탈구 감소 등)
• 퀴즈 * 의학적 장애, 증상 및 치료에 대한 지식 확인
• 가장 최신의 중요한 의학 주제를 다루는 의학 뉴스 및 논평 *
• 최고의 의료 전문가가 작성한 사설 *

* 인터넷 접속이 필요합니다.

MSD 매뉴얼 정보
우리의 임무는 간단합니다 :
우리는 건강 정보가 보편적 인 권리이며 모든 사람이 정확하고 접근 가능하며 유용한 의료 정보를받을 권리가 있다고 생각합니다. 우리는 가장 현명한 의료 정보를 보호, 보존 및 공유하여보다 현명한 결정을 내리고 환자와 전문가 간의 관계를 향상 시키며 전 세계 건강 관리 결과를 개선 할 책임이 있습니다.
그렇기 때문에 전 세계 전문가 및 환자에게 MSD 매뉴얼을 디지털 형식으로 무료로 제공하고 있습니다. 등록이나 가입이 필요 없으며 광고도 없습니다.

NOND-1179303-0001 04/16
이 모바일 응용 프로그램은 의료 전문가를 대상으로합니다.
자세한 내용은 최종 사용자 사용권 계약을 참조하십시오.
https://www.msd.com/policy/terms-of-use/home.html.

개인 정보 보호 관행에 대한 자세한 내용은 http://www.msdprivacy.com에서 개인 정보 보호 정책을 참조하십시오.

이상 반응보고 : 특정 MSD 제품에 대한 이상 반응을보고하려면 1-800-672-6372로 National Service Center에 연락하십시오. 미국 이외의 국가에서는 유해 사례보고를 처리하기위한 특정 절차가있을 수 있습니다. 자세한 내용은 지역 MSD 사무소 또는 지역 보건 당국에 문의하십시오.

질문이나 응용 프로그램에 대한 도움이 필요하면 msdmanualsinfo@msd.com에 문의하십시오",의료,https://play.google.com/store/apps/details?id=com.msd.professional&hl=ko&gl=kr,,,,,,
android,kr,com.onlinemed.modoc.userapp,OnlineMed - 온라인메드 건강검진 예약 플랫폼,"온라인메드는 개인 고객, 기업 고객, 그리고 가족 구성원까지
모두가 하나의 앱에서 건강검진을 쉽고 체계적으로 관리할 수 있도록 만든
통합 헬스케어 서비스입니다.
회원가입부터 가족 관리, 병원 검색 및 선택까지
복잡하고 번거로웠던 검진 과정을 모바일 환경에 최적화된 사용자 흐름으로 제공하며,
특히 기업 검진과 가족 검진 혜택을 함께 관리할 수 있는 기능이 강점입니다.
일반 고객은 가족 신청을 통해 기업 검진 혜택을 적용받을 수 있고,
기업 고객은 본인과 가족의 검진 현황을 한눈에 관리할 수 있어
누구나 쉽고 명확하게 서비스를 이용할 수 있습니다
________________________________________
주요 기능
👤 간편 회원가입 & 인증
•	본인 인증 기반 회원가입
•	인증 완료 시 이름, 연락처, 생년월일 자동 입력
•	일반 고객 / 기업 고객 구분 가입 지원
________________________________________
👨‍👩‍👧‍👦 검진 가족 관리 기능
•	가족 신청 및 승인 기능 제공
•	기업 고객 가족 승인 시 기업 검진 혜택 적용
•	가족 정보 조회, 수정, 삭제 가능
•	가족 미가입 시 가입 안내 문자 자동 발송
________________________________________
🏢 기업 고객 맞춤 서비스
•	기업 소속 고객 및 가족 관리
•	가족 신청 승인/거절 기능
•	기업 기준 검진 서비스 이용 가능
________________________________________
🏥 병원 조회 & 선택
•	지역별 병원 검색
•	이름순 / 거리순 정렬
•	위치 기반 거리 표시
•	관심 병원(북마크) 등록 기능
•	병원 상세 정보 확인 가능
________________________________________
⭐ 관심 병원 관리
•	자주 이용하는 병원을 관심 병원으로 등록
•	병원 조회 시 상단 우선 노출
________________________________________
✅ 이런 분들께 추천합니다
•	기업 건강검진을 모바일로 간편하게 관리하고 싶은 분
•	가족의 건강검진 현황을 함께 관리하고 싶은 분
•	병원 비교·선택을 쉽게 하고 싶은 분
•	검진 예약부터 관리까지 한 번에 해결하고 싶은 분
________________________________________
🔒 개인정보 보호 & 보안
온라인매드는 서비스 제공에 필요한 최소한의 정보만을 수집하며,
관련 법규를 준수하여 사용자 개인정보 보호를 최우선으로 합니다.",의료,https://play.google.com/store/apps/details?id=com.onlinemed.modoc.userapp&hl=ko&gl=kr,,,,,,
android,kr,com.cocoredhan.medical,Medical Terminology Learning Q,"의료 용어 학습은 포괄적이고 사용하기 쉬운 의료 학습 앱입니다. 의학 용어 학습 앱은 당신, 의학의 학생들을 염두에두고 설계되었습니다. 학습 방법에는 슬라이드, 퀴즈, 매칭, 아나그램 등이 있습니다. 의료 앱은 해부학, 생리학, 병리학 및 진단 테스트 및 치료와 같은 주요 주제를 다룹니다.

의학적 질문 및 용어를 기억하는 데 어려움이 있습니까? 두뇌에 의학 지식을 쏟아 붓는 것이 항상 지루한 일입니까? 우리는 당신을 도울 수 있습니다.

의료 용어 퀴즈는 다양한 주제를 다루는 의료 과학의 엄선 된 질문을 포함하는 가장 포괄적 인 의료 응용 프로그램입니다. 학습 경험을 향상시키는 방법으로 질문이 제시됩니다.

아나토미는 그림 슬라이드와 최첨단 3D 아나토미 영역으로 구성되어 있으며 인체의 다른 장기를 탐색 할 수 있습니다.

지능형 학습 경험을 제공하기 위해 특별 학습 기능인“Teach me”가 앱에 내장되어 있습니다. (프리미엄 사용자 만 해당). 나에게 당신이 질문에 어떻게 대답하고 그에 따라 내용을 제시하는지 배우고, 학습을 더욱 발전시키고 즐겁게 만듭니다.

그것은 의학 용어 퀴즈, 의료 그림 퀴즈, 의료 게임 Anagram 및 의료 맞춤법 : 네 가지 게임 전략을 제공합니다! 이 놀라운 의료 퀴즈 게임에서 복잡한 의학 용어를 이해하고 배우는 데 도움이되는 모든 전략!

이와 같은 의료 퀴즈 게임은 발가락을 날카롭게 유지합니다! 표시된 그림을 임의로 추측하십시오. 암기 할 수없는 경우 힌트를 사용하여 정답을 찾으십시오. 이 교육용 의료 앱으로 재미는 끝이 없으며 학습이 쉬워집니다. 수많은 중독성 레벨에서 플레이하고 참여하십시오. 더 많은 대화식 레벨을 잠금 해제하고 의료 지식을 다음 레벨로 끌어 올리려면 높은 점수를 얻으십시오!

이 편리한 응용 프로그램은 뇌의 힘을 높이고 동시에 새로 고침을 제공하기 위해 정밀하고 이해하도록 설계되었습니다. 이 용어 응용 프로그램은 지식을 늘리 거나이 분야에서 알고있는 것을 새로 고치는 데 관심이있는 전문가, 학생 및 누구를위한 것입니다.

네 가지 게임 전략으로이 앱은 앞서 나가는 데 유리합니다. 일반적인 의학 용어, 약어 및 접두사에 대한 편리한 참조 및 학습 프로그램. 이 응용 프로그램을 통해 얻을 수있는 기본 의료 용어 목록 및 무료 의료 용어 교육은 영어로 의료 용어를 향상시키는 데 도움이 될 것입니다.

당신은 의대생 또는 과학 대단하다 경우,이 의학 퀴즈 게임은 당신을 위해 필수 해부학 퀴즈 응용 프로그램입니다! 직관적 인 그림으로 기본 지식을 수정하십시오. 객관식 질문 및 빈칸 채우기를 사용하여 놀라운 사실을 찾으십시오. 모든 재미있는 사실을 기록하고 동료들과 공유하십시오.

특징 :-
-타이머 켜기 또는 끄기
-그림 기반 학습
-4 가지 게임 전략
-4 MCQ에서 최고의 옵션을 선택하십시오
-번거 로움없이 쉽고 빠르게 질문을 읽고 답할 수 있습니다.
-정답을 맞추기 위해 문자를 정렬
-철자 도전
-경험과 즐거움을 만족시키는 풍부한 디자인
-10 대 과학 학생 및 의대생에게 적합

이 놀이 준비 의료 앱은 비행기, 안락 지대, 친구를 기다리는 중, 택시, 버스 또는 기차역, 자동차 뒷좌석 또는 직장에서도 철저히 즐길 수 있습니다.

더 이상 고민하지 않고이 재미있는 게임을 즐겨보세요. 의료 용어 퀴즈 게임을 지금 다운로드하십시오!

행복한 학습 친구들!",교육,https://play.google.com/store/apps/details?id=com.cocoredhan.medical&hl=ko&gl=kr,,,,,,
android,kr,com.medicaljoyworks.clinicalsense,Clinical Sense,"Clinical Sense를 사용하면 프레젠테이션, 입원, 퇴원 및 후속 조치에 이르기까지 시간이 지남에 따라 환자를 적절하게 관리하는 능력을 향상시킬 수 있습니다. 수많은 어려운 임상 상황을 탐색하는 의사의 역할을 가정하고 실시간으로 중요한 의학적 결정을 내립니다.

Clinical Sense는 의사, 의대생, 간호 전문가 및 배우는 동안 배우고 즐기기를 원하는 다른 의료 전문가를 위해 고안되었습니다. 결국, 연습은 완벽합니다. 연습은 재미있을 수 있습니다!

우리의 시나리오는 다양한 의료 전문 분야를 제공하며 몇 분 안에 재생할 수 있습니다. 또한 발생할 수있는 합병증의 이상적인 관리에 대한 통찰력을 포함하여 진단 추론에 대한 간결하면서도 포괄적 인 논의가 동반됩니다.

수상 경력에 빛나는이 앱의 시나리오는 전 세계 30 개 전문 분야에서 200 명 이상의 의사의 실제 사례 관리 경험을 기반으로합니다.

글로벌 시나리오와 전염병 트렌드에 맞춰 새로운 시나리오가 정기적으로 출시되므로 시간이 필요한 관리 기술을 익힐 수 있습니다!

업적:
• 40 개국 이상에서 1 위를 차지한 앱.
• 120 개국에서 최고 순위의 무료 의료 앱.
• 전 세계 1,000,000 회 이상 다운로드",의료,https://play.google.com/store/apps/details?id=com.medicaljoyworks.clinicalsense&hl=ko&gl=kr,,,,,,
android,kr,com.soft24hours.directorys.medical.diseasemulti.free,"질병 : 증상, 진단, 약물 치료","의사가 너를 진단했지만, 너의 병에 대해서 아무것도 모르는거야?

건강이 주요 가치입니다. 때로는 질병에 대한 설명이 의사의 언어로 명확해지는 경우도 있습니다. 우리의 질병 디렉토리 앱은 모든 질병을 설명하는 데 사용할 수 있습니다. 더 나아가! 이는 건강 지식 기반, 의료 기록 백과사전, 의사 보조원 및 온라인 건강 가이드입니다. 이제 이 모든 것이 영어, 독일어, 스페인어, 이탈리아어, 포르투갈어, 폴란드어, 프랑스어, 노르웨이어, 스웨덴어, 터키어, 인도네시아어, 러시아어로 제공되며 휴대전화에서도 가능합니다!

의사에서부터 질병에 이르기까지 사람들에게! 빈혈, 당뇨병? 부록 질병 안내서는 올바른 진단을 내리는 데 도움이됩니다!
이 질병이 어떻게 임신에 영향을 줄 수 있는지 알아보십시오. 우리의 신청서에는 질병, 증상, 치료 방법에 대한 상세한 설명이 있으며 명확하고 단순한 언어로되어 있습니다.

우리의 응용 프로그램의 장점 :
- 인터넷없이 작동합니다.
- 목소리의 도움을 포함하여 편리한 검색;
- 빠른 메모 추가;
- 옵션 ""즐겨 찾기"", ""공유""-이 모든 현대적인 디자인과 항상 손에;
- 디렉토리의 모든 항목은 포괄적 인 정보 (빈혈, 당뇨병, 기관지염, 임신, 고환, 인플루엔자 등)을 포함합니다.

질병에 관한 각 기사에는 다음과 같은 정보가 포함되어 있습니다.
- 원인;
- 증상;
- 질병의 진단;
- 치료;
- 위험;
- 위험 그룹;
- 예방.

이 신청서에는 질병과 함께 복용해야하는 약품에 대한 정보가 포함되어 있습니다.

이 신청서는 한 명 이상의 의사의지도하에 작성되었으며 전문적인 목적을 위해 학생과 의료 종사자뿐만 아니라 건강을 염려하는 사람들에게 유용 할 것입니다.

이 안내서에는자가 치료가 포함되지 않으며 의사의 조언을 대체 할 수있는 데이터가 포함되어 있지 않지만 의사가없는 경우 질병에 대한 가장 완벽한 정보를 얻는 데 도움이됩니다.",의료,https://play.google.com/store/apps/details?id=com.soft24hours.directorys.medical.diseasemulti.free&hl=ko&gl=kr,,,,,,
android,kr,kr.co.familicare.fmb,파밀리케어 - 나의 가족 건강 지킴이,"<>
FamilCare: 생활 속 질병 예방과 건강 관리를 지원하는 ‘나의 가족 건강 지킴이’
(※ AI 기반 24×365 Life Care Service Platform)

**파밀리케어(FaMiliCare)**는 사용자가 일상 속에서 직접 건강 정보를 진단·측정하고, 이를 기록·관리할 수 있도록 도와주는 AI 기반 힐링 케어 서비스 플랫폼입니다.
AI가 이 데이터를 분석하여 맞춤형 건강 가이드를 제공함으로써, 자기주도적인 건강 관리가 가능하도록 지원합니다.


주요 기능 및 서비스 구성

1. 의료 정보 통합 관리

   * 건강검진센터에서 받은 결과, 병원 진료 및 예방 정보, 약국의 처방 정보를 수집하여 통합 관리할 수 있습니다.

   * ‘나의건강기록(PHR)’ 정보를 보건복지부 인증을 통해 간편하게 연동할 수 있으며,
     개인의 건강검진 이력, 진료 정보, 처방 약물 정보, 예방 접종 등을 손쉽게 조회하고 관리할 수 있습니다.

   * 복용 중인 약물의 효능 및 부작용에 대한 정보도 확인할 수 있어, 더욱 정밀한 자기관리가 가능합니다.

2. 건강 정보 측정 및 기록

   * 갤럭시 워치에 파밀리케어(FMC) 앱을 설치하면 심박수, 산소포화도, 심전도, 혈압, 체성분 등을 언제든지 측정하고 기록할 수 있습니다.

   * 다양한 연동 가능한 가정용 의료기기( 혈압계, 혈당계, 체성분 측정기, 스마트 청진기 등)를 통해 아래의 바이탈 데이터를 수집합니다:
     - 심박수, 산소포화도, 혈압, 혈당, 체온
     - 체중, 체지방률, 골격근량, BMI, 체수분량, 기초대사량
     - 호흡음, 심장음, 심박 리듬 등
     - 총콜레스트롤, 중성지방, 고밀도, 저밀도

3. 일상 활동 정보 수집 및 분석
   * Wearable 기기(갤럭시 워치, 핏 링 등)에 설치한 Wear OS 기반 파밀리케어 앱을 통해 자동으로 다음 정보를 기록합니다:
     - 걸음 수, 이동 거리, 활동량, 칼로리 소모
     - 수면 시간, 수면 패턴(깊은 수면/얕은 수면 등)

   * 이러한 데이터를 기반으로 활동 목표를 설정하고, 건강 변화 상태를 추적할 수 있습니다.

4. 영양 및 체중 관리
   * 체성분 데이터(체중, 체지방률, 골격근량, BMI 등)를 분석하여 체중 변화 추이를 파악하고, 건강한 체중 관리를 지원합니다.

5. 수면 관리
   * 수면 시간 및 수면 단계 데이터를 자동으로 기록하여 수면 질을 분석합니다.

   * 사용자의 수면 패턴에 기반한 맞춤형 수면 개선 조언도 함께 제공합니다.

6. 질병 예방 및 컨디션 관리
   * 일상에서 수집한 건강 정보와 활동 데이터를 AI가 분석하여 질병의 초기 징후를 파악합니다.

   * 건강검진 결과와 비교하여 이상 징후 여부를 확인하고, 현재 건강 상태를 직관적으로 점검할 수 있도록 돕습니다.

헬스 커넥터 권한 안내 

활동 칼로리 소모량
 * 하루에 몇칼로리를 소모량를 측정 하여, 파밀리케어앱을 통해 사용자에게 보여줍니다. 수집된 데이터로 하루별 몇 칼로리를 소모하고 있는지 차트로 보여지며, 소모량을 비교하여 건강을 관리 할수 있는 목적으로 사용됩니다.
      운동을 할 때마다 활성 칼로리 소모량을 기록하여 하루의 운동 결과를 추적 및 관리 할 수 있습니다.

이동 거리
* 사용자의 하루 거리량을 측정하여 앱을 통해 사용자에게 건강 정보를 제공되며, 수집된 날짜 별로 차트로 표현하여, 전날과 비교하여 거리를 비교할 수 있으며, 사용자의 건강을 체크할 수 있습니다.

운동
* 하루 운동을 측정하여 앱을 통해 사용자에게 건강 정보를 제공되며, 수집된 날짜별로 차트로 표현하여 제공합니다. 이전 날과 비교하여 사용자의 건강을 체크할 수 있습니다.

단계
* 수집 된 걸음 수를  통해 하루에 걸음 수 확인할 수 있으며 그래프로 보여주어 사용자가 비만 예방에 활용할 수 있도록 하며 매일 측정 된 걸음 수를 상호 비교하여 사용자 건강을 관리할 수 있게 하는 것이 목적이며, 
사용자가 운동을 할 때마다 걸음 수를 기록하여 하루의 운동 결과를 스스로 추적 및 관리할 수 있으며 AI 분석을 통해 향후 사용자의 질병 예방에 활용됩니다.

속도 
* 수집된 걸음 속도, 보행 속도, 심박수 변화 속도 및 심박 상승률 등의 데이터를 바탕으로, 사용자의 하루 활동량을 분석하여 그래프로 시각화합니다. 이를 통해 사용자는 자신의 활동 수준을 직관적으로 확인하고, 비만 예방에 적극적으로 활용할 수 있습니다.
또한 매일 측정된 정보를 상호 비교함으로써 사용자의 건강 상태를 지속적으로 모니터링하고 관리할 수 있도록 돕습니다.
운동을 할 때마다 자동으로 정보가 기록되며, 사용자는 이를 기반으로 하루 운동 결과를 스스로 추적하고 관리할 수 있습니다.
궁극적으로는 AI 분석을 통해 이러한 데이터를 종합적으로 활용함으로써, 향후 질병을 예방하고 개인 맞춤형 건강 관리를 실현하는 것을 목표로 합니다.

총 칼로리 소모량
* 하루에 몇칼로리를 소모량를 측정 하여, 파밀리케어앱을 통해 사용자에게 보여줍니다. 수집된 데이터로 하루별 몇 칼로리를 소모하고 있는지 차트로 보여지며, 소모량을 비교하여 건강을 관리 할수 있는 목적으로 사용됩니다.
      운동을 할 때마다 총 칼로리 소모량을 기록하여 하루의 운동 결과를 추적 및 관리 할 수 있습니다.

수면
* 사용자가 워치를 착용하고, 수면에 취했을 때 수면의 데이터를 측정하여 적절한 수면인지 확인 할 수 있습니다. 앱내에 제공되고 있는 표준지표를 통해 적절한 수면인지 확인하여 사용자는 수면 건강을 관리 할 수 있습니다.

생체 신호 센서
* 심박수, 체온, 혈중 산소 농도를 측정하여 앱을 통해 사용자에게 건강 정보를 제공되며, 수집된 날짜 별로 차트로 표현하여, 이전날과 건강정보를 비교할 수 있으며, 사용자의 건강을 체크할 수 있습니다.

최대 산소 소비량
* 수집된 VO₂ Max(최대 산소 섭취량) 데이터를 기반으로 사용자의 심폐 지구력과 전반적인 건강 상태를 분석하고, 그 결과를 그래프로 시각화합니다. 이를 통해 사용자는 자신의 체력 수준을 직관적으로 파악할 수 있으며, 비만 예방을 포함한 체계적인 건강 관리에 활용할                    수 있습니다.
또한 매일 측정된 VO₂ Max 수치를 상호 비교함으로써, 사용자의 심폐 능력 변화와 신체 컨디션을 지속적으로 모니터링하고 관리할 수 있도록 지원합니다.
운동 시 자동으로 VO₂ Max 정보가 기록되며, 사용자는 이를 통해 자신의 운동 효과를 추적하고 일일 운동 결과를 효율적으로 관리할 수 있습니다.
궁극적으로는 AI 분석을 통해 이러한 데이터를 종합적으로 활용함으로써, 향후 질병을 예방하고 개인 맞춤형 건강 관리를 실현하는 것을 목표로 합니다.

혈압
* 사용자가 워치를 착용하고, 수면에 취했을 때 혈압 데이터를 측정하여 적절한 혈압인지 확인 할 수 있습니다. 앱내에 제공되고 있는 표준지표를 통해 적절한 혈압인지 확인이 가능하며, 사용자의 혈압 건강을 관리 할 수 있습니다.

산소 포화도
* 사용자가 산소포화도를 지원하는 워치를 통해 사용자가 직접 측정 하여 앱내에 제공되고 있는 표준지표를 통해 적절한 산소포화도 인지 확인이 가능하며, 사용자의 산소포화도에 대한 건강을 관리 할 수 있습니다.


  * WHO 등 국제 기관의 바이탈 기준을 바탕으로 현재 건강 상태를 객관적으로 진단할 수 있습니다.

  * 파밀리클라우드(www.familicare.co.kr)를 통해 주기적으로 생성형 AI 분석 결과를 확인하고, 건강 점수 및 체크 리포트를 받아볼 수 있습니다.


파밀리케어 사용 안내

이제 건강 상태를 ‘느낌’이 아닌, 데이터로 관리하세요.
내 건강 데이터를 클라우드에 기록하고, 주기적으로 변화 추이를 관찰하며 생활습관을 개선해 보세요.

※ 파밀리케어 앱은 의료용 진단기기가 아니며, 일반적인 피트니스 및 건강관리 목적으로만 사용해야 합니다.",건강/운동,https://play.google.com/store/apps/details?id=kr.co.familicare.fmb&hl=ko&gl=kr,,,,,,
android,kr,com.medm.app.health,건강 일기 by MedM,"전 세계에서 유일한 전체적인 건강 모니터링 일기 앱으로, 1000 개 이상의 블루투스 지원 센서에서 25가지 이상의 측정 유형을 수집할 수 있습니다. MedM Health는 혈압, 혈당, 체중, 체온, 심박수 및 산소 포화도와 같은 생명 징후 기록뿐만 아니라, 사용자가 건강을 관리하고: 웰빙 목표를 달성하며, 만성 질환을 관리하고, 삶의 질을 향상시킬 수 있도록 돕는 종합적인 건강 일기 앱입니다.

MedM Health는 30가지 이상의 생리적 및 웰빙 매개변수를 추적, 기록, 분석 및 공유(가족 또는 돌봄 제공자와)하는 단일 진입점입니다:
1. A1C
2. 활동
3. 알코올 농도
4. 청진
5. 혈중 콜레스테롤
6. 혈액 응고
7. 혈중 크레아티닌
8. 혈당
9. 혈중 케톤
10. 혈중 젖산
11. 혈압
12. 혈중 요산
13. 심전도
14. 운동
15. 태아 도플러
16. 심박수
17. 심박 변이도
18. 헤마토크릿
19. 헤모골빈
20. 약물 복용
21. 점안액 검사
22. 메모
23. 산소 포화도
24. 호흡수
25. 수면
26. 폐활량 측정
27. 스트레스 수준
28. 체온
29. 총 혈청 단백질
30. 중성지방
31. 소변 검사
32. 체중

데이터는 연결된 건강 및 피트니스 모니터에서 자동으로 수집되거나 Smart Entry 인터페이스를 통해 수동으로 입력될 수 있습니다. MedM Health는 등록을 요구하지 않지만, 등록하면 클라우드 서비스와의 동기화 및 백업을 제공합니다. 등록되지 않은 사용자는 오프라인 모드에서 건강 일기를 저장할 수 있습니다(데이터는 스마트폰에만 저장됨). 일부 기능은 등록된 사용자에게만 제공되는 구독이 필요합니다.

기본 기능:
- 무제한 연결된 건강 측정기에서 자동으로 데이터 수집
- 수동 데이터 입력
- 등록 여부에 관계없이 앱 사용
- 등록된 사용자의 온라인 데이터 백업
- 약물 복용 및 측정을 위한 알림
- 구성 가능한 대시보드
- 측정 기록, 트렌드 및 그래프
- CSV 형식으로 데이터 내보내기
- 2주 무료 MedM Health Premium 체험

프리미엄 기능:
- 가족(반려동물 포함)을 위한 여러 건강 프로필
- 연결된 건강 생태계(Apple, Garmin, Google, Samsung, Fitbit 등)와 데이터 동기화
- 건강 프로필 공유
- 원격 건강 모니터링(앱 또는 MedM Health Portal을 통해)
- 임계값, 알림 및 목표에 대한 알림
- PDF 및 XLSX 형식으로 데이터 내보내기
- MedM 파트너로부터 특별 제공 및 기타 혜택

데이터 안전성: MedM은 모든 적용 가능한 데이터 보호 모범 사례를 따릅니다 - HTTPS를 통한 클라우드 동기화, 데이터는 안전하게 호스팅된 서버에서 암호화되어 저장됩니다. 사용자는 자신의 기록에 대해 완전한 제어를 가지고 있으며 언제든지 기록을 내보내거나 삭제를 요청할 수 있습니다. 사용자 건강 데이터는 절대로 판매되거나 승인되지 않은 당사자와 공유되지 않습니다.

MedM은 스마트 의료 기기 연결의 절대적인 세계 선두주자입니다 - 우리는 다음 공급자의 Bluetooth, NFC, ANT+ 측정기를 지원합니다: A&D Medical, AndesFit, Andon Health, AOJ Medical, Berry, BETACHEK, Borsam, Beurer, ChoiceMMed, CMI Health, Conmo, Contec, CORE, Cosinuss, D-Heart, EZFAST, FindAir, Finicare, Fleming Medical, Fora Care Inc., iChoice, Indie Health, iProven, i-SENS, Jerry Medical, J-Style, Jumper Medical, Kinetik Wellbeing, Masimo, MicroLife, Mio, MIR, Nonin, Omron, Oxiline, PIC, Roche, Rossmax, Sinocare, SmartLAB, TaiDoc, Tanita, TECH-MED, Transtek, Tyson Bio, Viatom, Vitalograph, Yonker, Zewa Inc. 등.

참고! 기기 호환성은 여기에서 확인할 수 있습니다: https://medm.com/sensors

면책 조항: MedM Health는 비의료적이며 일반적인 피트니스 및 웰빙 목적에만 사용됩니다. 의료 결정을 내리기 전에 항상 의사와 상담하십시오.",의료,https://play.google.com/store/apps/details?id=com.medm.app.health&hl=ko&gl=kr,,,,,,
android,kr,com.unbound.android.cqhm,Harrison's Manual of Medicine,"간결하고 탐색하기 쉬운 플랫폼에서 제공되는 의료 콘텐츠에서 가장 신뢰할 수있는 브랜드입니다.

세계에서 가장 많이 팔리는 내과 참고 문헌 인 Harrison 's Principles of Internal Medicine에서 파생 된이 인기있는 참고 문헌은 일상적인 진료에서 볼 수있는 임상 문제에 대한 빠르고 정확한 지침을 제공합니다. 또한이 매뉴얼에는 신속한 의사 결정이 필요할 때 침상 정보에 신속하게 액세스 할 수 있도록 풍부한 빠른 참조 테이블과 간결한 텍스트가 포함되어 있습니다. 이 기능이 풍부한 요약 안내서는 입원 환자 일반 의학에서 일반적으로 볼 수있는 모든 질병 및 상태를 다루므로 워크 플로우 및 진료에 직접 귀중한 콘텐츠를 찾을 수 있습니다.

Harrison 's Manual of Medicine for Mobile + Web 기능 :
• 최신 20 판
• 빠른 참조 표 및 차트
• 모든 항목에서 강조 표시 및 메모 작성
• 자세한 진단 지침
• 최신 치료 권장 사항
• 장치에서보다 직관적 인 탐색을위한 향상된 색인
• 범용 색인 및 전체 텍스트 검색으로 주제를 빠르게 찾을 수 있습니다.
• 주목할만한 항목을 북마크하기위한 '즐겨 찾기'
• 컴패니언 웹 사이트의 전체 콘텐츠 및 기능에 대한 액세스 포함

편집자 : J. Larry Jameson, MD, PhD; Anthony S. Fauci, MD; Dennis L. Kasper, MD; Stephen L. Hauser, MD; Dan L. Longo, MD; Joseph Loscalzo, MD, PhD
배급사 : McGraw Hill Education / Medical
제공 : 언 바운드 의학",의료,https://play.google.com/store/apps/details?id=com.unbound.android.cqhm&hl=ko&gl=kr,,,,,,
android,kr,com.rexyrex.kakaoparser,카카오톡 정밀 분석기,"카카오톡 대화 속에 숨겨진 놀라운 통계와 패턴을 발견해보세요!
수백만 건의 대화도 빠르고 정확하게 분석하는 강력한 엔진으로 대화방의 비밀을 파헤쳐 보세요.

🔒 [철저한 개인정보 보호]
모든 대화 분석은 사용자의 '기기 내부'에서만 안전하게 처리됩니다. 사생활 유출 걱정 없이 안심하고 분석하세요!

━━━ 🚀 3.0 대규모 업데이트 ━━━

😂 감정 분석 기능
- 웃음왕/눈물요정/키보드 워리어 분석
- 샘플 메시지 클릭으로 실제 대화 맥락 확인

⚡ 응답 속도 분석
- 개인별 평균 응답 시간 및 랭킹 제공
- 3시간 이상 공백 제외 옵션으로 정확도 향상

🎰 분석 포인트 시스템
- 매일 출석 및 퀴즈 완료로 포인트 적립
- 포인트가 없어도 핵심 기능은 무료 사용 가능

━━━ 👥 참여자 심층 분석 ━━━

✔ 7가지 카테고리 순위: 대화량, 선톡, 단어, 미디어 등
✔ 개인별 상세 통계: 클릭 한 번으로 상세 데이터 확인
✔ 비교 분석: 대화방 평균 대비 점유율 및 10가지 랭킹
✔ 개인별 시간대 분석 및 즐겨 쓰는 단어 Top 10

━━━ 💬 대화 검색 및 단어 분석 ━━━

✔ 강력한 검색: 키워드 하이라이팅 및 인물별 필터링
✔ 대화 맥락 보기: 검색된 대화의 앞뒤 문맥 확인
✔ 단어 빈도: 가장 많이 사용된 단어 순위 및 상세 분석
✔ 무한 스크롤: 수백만 건의 대화도 끊김 없는 탐색

━━━ ⏰ 시간 및 요일 통계 ━━━

✔ 시간대 분석: 가장 활발한 시간 시각화 (레이더 차트)
✔ 요일별 분석: 어느 요일에 대화가 가장 많을까요?
✔ 추세 분석: 일/월/연별 대화량 변화 추적

━━━ 🎯 퀴즈 모드 ━━━

- 다음 대화 맞추기 등 5가지 랜덤 퀴즈 유형
- 온라인 랭킹: 전국 사용자들과 점수 경쟁
- 문제 공유 기능으로 친구들과 함께 즐기기

━━━ ⚡ 강력한 성능 ━━━

✔ 대용량 지원: 수백만 건의 대화도 빠르게 분석
✔ 메모리 최적화: 대용량 파일도 멈춤 없이 처리
✔ 자동 저장: 앱 종료 후에도 이전 결과 즉시 확인

━━━ 📋 사용 방법 ━━━

1. 카카오톡 대화방에서 '채팅 내보내기' 선택
2. '카톡 정밀 분석기'로 파일 열기
3. 놀라운 분석 결과 확인 및 공유하기!

━━━ 🔒 보안 및 권한 안내 ━━━

- 개인정보 보호: 대화 내용은 절대 수집하거나 외부로 전송하지 않습니다. 모든 분석은 기기 내에서만 이루어집니다.
- 네트워크 권한: 퀴즈 랭킹 및 앱 개선용 통계 수집에만 사용됩니다.

지금 바로 대화방을 분석해보세요! 🎉
----
개발자 연락처 :
김민형 디지털로 24
푸르지오 하늘채 아파트, 106동 2902호
광명시, 경기도 14241
South Korea   ",도구,https://play.google.com/store/apps/details?id=com.rexyrex.kakaoparser&hl=ko&gl=kr,,,,,,
android,kr,kr.go.mw,응급의료정보제공,"보건복지부는 응급의료 수요증가 및 급변하는 IT(정보기술) 환경에 부응하기 위하여 스마트폰을 이용한 응급의료 관련 정보제공을 시작합니다.

[응급의료정보제공 앱 주요 기능]
∙ 지도 중심으로 실시간 진료 가능한 병원 찾기
- 내 위치를 중심으로 주변 병의원 및 약국을 검색할 수 있습니다. 
∙ 즐겨찾기로 자주 가는 병의원 및 약국 모아 보기
- 자주 가는 병원을 즐겨찾기에 등록하고, 등록된 병원의 상세정보를 빠르게 찾을 수 있습니다.
∙ 응급실 상황 한눈에 보기
- 현재 위치를 기반으로 각 응급실의 세부 상황을 한눈에 파악할 수 있습니다. 
∙ 야간/주말 진료 가능한 병원 찾기
- 야간이나 주말에 현재 운영중인 병의원 및 약국을 빠르게 찾을 수 있도록 아이콘을 제공하고 있습니다. 
∙ 현 위치 중심으로 내 주변 AED 찾기
- 내 주변에 있는 AED를 빠르게 찾을 수 있고, 점검 상태를 알 수 있습니다. (60일 이내 점검 여부)
∙ 명절 응급의료기관(휴일지킴이약국)찾기
- 명절 시기에 운영하는 병의원 및 약국을 조회할 수 있습니다.
∙ 병의원 및 약국 관계자 의견 올리기
- 병의원, 약국 관계자 분들이 병원 운영시간, 태그, 병의원 이미지를 올리는 것에 직접 참여할수 있습니다. 
∙ 자유로운 의견올리기
- 병의원 및 약국 관련 기타 의견을 자유롭게 올릴 수 있습니다.

[응급의료정보제공 권한 수집 목적]
- GPS 및 네트워크 위치(선택) : 주변의 병의원이나 약국을 찾기 위해서 사용자의 GPS 및 네트워크를 통한 위치정보를 사용합니다.
- 전화번호 자동연결(선택) : 병의원 및 약국에 바로 전화를 걸 수 있도록 전화번호 자동연결 기능을 사용합니다.
- 사진 및 미디어(선택) : 사진 업로드 시 기기에 저장된 사진을 사용합니다.
- 각 사항에 대하여 접근권한에 동의하지 않더라도 서비스 이용이 가능합니다.",건강/운동,https://play.google.com/store/apps/details?id=kr.go.mw&hl=ko&gl=kr,,,,,,
android,kr,com.jeongyookgak.jyg_order8,정육각 - 언제나 초신선,"고기부터 수산물까지, 차원이 다른 신선함!
세상에서 가장 신선한 식재료와 미친 만족감을 맛볼 수 있는 곳.
정육각에서 꿈꾸던 식생활을 일상으로 누려보세요.

◆초신선한 감동이 더 커집니다◆
초신선 돼지고기를 시작으로 세상에 없던 수산물, 밀키트를 선보인 지 8년.
130만 고객님들의 식생활을 더 풍성하게 할 새로운 라인업이 추가되었습니다.

－초신선 식재료를 빛낼 곁들임: 쌈채소, 시즈닝 소스, 구워먹는 김치 등
－확실한 품질의 데일리 신선식품: 우유, 계란에 이어 과일까지
－정육각이 선보이는 육가공:  원재료만큼 리얼하고 풍부한 가공 상품들

◆고기부터 수산물까지, 차원이 다른 신선함◆
갓 잡은 돼지고기&닭고기, 오늘 아침에 낳은 달걀, 새벽에 건져 올린 수산물까지!
정육각은 언제나 초신선한 식재료를 선보입니다.

◆정육각은 이렇게 다릅니다◆
빠르고 편리합니다: 새벽배송·당일배송 / 주 7일 배송 / 도착희망일 지정가능
정직하고 합리적입니다: 생산된 무게만큼 결제 / 한 번 배송비로 매주 이용하는 무료배송 이용권

◇불편 사항이 있으신가요◇
아래 방법으로 문의 주시면 빠르고 친절하게 답변 드리겠습니다.
－정육각 고객센터(1800-0658)
－카카오톡 플러스 친구(ID: 정육각) 

◇앱 접근 권한 안내◇
정육각은 정보통신망법 준수 및 차별화된 서비스를 제공하기 위해 서비스에 꼭 필요한 기능에 접근하고 있습니다.

(필수)
- 기기 및 앱 기록 : 서비스 개선 및 오류 확인
- 전화 : 이동통신 단말장치 식별

(선택)
- 알림 : 앱 알림
- 사진 / 저장공간, 카메라 : 리뷰 작성 시 사진 첨부
- 기종별로 선택적 접근 권한 항목이 상이할 수 있습니다.
- 서비스 제공에 접근 권한이 필요한 경우에만 동의를 받고 있으며, 비허용 시에도 서비스 이용이 가능합니다.",식음료,https://play.google.com/store/apps/details?id=com.jeongyookgak.jyg_order8&hl=ko&gl=kr,,,,,,
android,kr,com.unbound.android.drugsandlactation,Drugs and Lactation (LactMed®),"약물과 수유(LactMed®)는 수유 중 약물 및 화학물질의 안전성에 대한 권위 있고 근거 기반의 정보를 제공합니다. 미국 국립보건원(NIH)에서 발행하는 이 귀중한 자료는 전 세계 의료 서비스 제공자와 모유 수유 중인 산모들이 신뢰하고 있습니다.

약물과 수유 특징:
* 수유 약리학 분야의 선도적인 전문가들이 개발한 동료 심사를 거친 콘텐츠
* 약물 및 화학물질, 요약, 수유 및 모유 수유 영아에 미치는 영향을 포함한 정보의 명확한 구성
* 상세한 화학 구조 및 작용 기전
* 잠재적으로 유해한 약물에 대한 치료 대안 제안
* 최신 연구 및 임상 근거를 반영한 ​​개정

무제한 의학 특징:
* 항목 내 강조 표시 및 메모 기능
* 중요한 항목을 북마크할 수 있는 즐겨찾기 기능
* 항목을 빠르게 찾을 수 있는 향상된 검색 기능

약물과 수유(LactMed®)에 대한 추가 정보:
새롭게 디자인된 사용자 친화적인 형식으로 신뢰할 수 있는 LactMed® 데이터베이스를 경험해 보세요. 이 동료 심사를 거친 자료는 수유부가 접할 수 있는 약물 및 화학물질에 대한 권위 있는 정보를 제공하며, 탐색 기능과 접근성이 더욱 강화되었습니다. 의료 서비스 제공자, 기관, 모유 수유 부모 모두를 위해 설계된 이 포괄적인 도구는 약물 안전에 대한 의문이 제기될 때 신뢰할 수 있는 답변을 제공합니다.

각 항목은 물질이 모유로 이행되는 방식, 영아 혈액 내 존재 여부, 그리고 수유 중인 아기에게 미치는 잠재적 영향에 대한 근거 기반 데이터를 제공합니다. 약물 항목에는 화학 구조, 수유 중 사용 요약, 산모와 영아의 약물 측정, 수유 및 모유에 미치는 영향, 그리고 가능한 경우 더 안전한 대체 약물에 대한 정보가 포함됩니다. 모든 권장 사항은 과학적 참고 문헌과 상세한 물질 정보를 바탕으로 모유 수유 약물 관리에 대한 정보에 기반한 의사 결정을 지원합니다.

출판사: 미국 국립보건원
제공: Unbound Medicine

의료 관련 면책 조항: 이 앱은 미국 국립보건원(NIH) 또는 어떠한 정부 기관과도 제휴, 보증 또는 후원을 받지 않습니다. 이 앱의 모든 정보는 NIH(https://www.nih.gov/)에서 제공하며 정보 제공 목적으로만 제공됩니다. 이 앱은 정부 기관을 대표하지 않습니다. 본 콘텐츠는 의학적 조언을 위한 것이 아니며, 전문적인 의료 상담을 대체하는 용도로 사용되어서는 안 됩니다.",의료,https://play.google.com/store/apps/details?id=com.unbound.android.drugsandlactation&hl=ko&gl=kr,,,,,,
android,kr,kr.mildang.student.android,밀당PT,"오직 밀당PT에서만 가능한, 일반 학원에서는 경험하지 못했던 대치동 수준의 1:1 온택트 PT 프로그램!

1. 20:1의 경쟁률을 뚫은 대치동급 1:1 전담 온택트 선생님 배정
2. 단순한 레벨테스트가 아닌 AI 기술에 기반한 초정밀 진단고사 진행
3. 획일적인 커리큘럼 NO! 오직 단 1명만을 위한 맞춤 커리큘럼 셋팅
4. 맞춤 수업 및 관리 진행

일반 학원은 따라올 수 없는 완벽한 내신/수능 대비 맞춤형 커리큘럼을 경험해보세요.


[내신 완벽대비]
1. 전국 학교별 교과서/부교재
2. 1지문당 40여개의 유형별 변형문제
3. 전국 교과서별 맞춤강의 제공
4. 시험기간 특별학습 및 스케쥴 관리

[수능 완벽대비]
1. 개인별 1:1 맞춤 커리큘럼
2. 수준별 400여개의 맞춤 강의 제공
3. 약점 분석 & 보완학습

'대치동에 안 살아도' 전국의 학생들이 대치동급 1:1 온택트 PT를 받고 있습니다.
----
개발자 연락처 :
박찬용 올림픽로4길 42
13동 101호
송파구, 서울특별시 05571
South Korea 101-86-69359 2022-서울영등포-1800 영등포구청",교육,https://play.google.com/store/apps/details?id=kr.mildang.student.android&hl=ko&gl=kr,,,,,,
android,kr,io.medisearch.twa,MediSearch,MediSearch에 건강에 관한 질문을 하면 과학 논문을 바탕으로 직접적인 답변을 얻을 수 있습니다.,건강/운동,https://play.google.com/store/apps/details?id=io.medisearch.twa&hl=ko&gl=kr,,,,,,
android,kr,com.lexi.android,Uptodate Lexidrug,"UpToDate® Lexidrug™는 안전하고 효과적인 약물 치료 및 치료 결정을 지원하는 업계 최고의 약물 정보와 도구를 제공하는 선호되는 약물 참조 앱입니다.

이용 가능한 최신 증거를 지속적으로 검토하는 독보적인 다학문 편집팀이 매일 업데이트하는 최신 임상 정보를 확인하세요. 약사, 의사, 간호사, 상급 실무 간호사, 치과의사, 학생이 귀중한 참고 자료로 사용하고 신뢰합니다.

장치에 데이터베이스를 다운로드할 필요 없이 앱에서 직접 Lexidrug 콘텐츠에 쉽게 액세스할 수 있습니다. 당사의 모바일 패키지는 다양한 역할을 지원하도록 설계되어 다음과 같은 전문가 콘텐츠 및 기능에 빠르게 액세스할 수 있습니다.
• 상세한 투약 지원이 포함된 심층 약물 데이터베이스
• 부작용 정보가 포함된 종합 논문
• 수백 개의 의료용 계산기
• 대화형 약물 상호작용 검사기
• 오프라인 사용을 위해 데이터베이스 콘텐츠를 저장하는 기능

신규 개인 사용자는 UpToDate Lexidrug Hospital Pharmacist 패키지에 대한 14일 무료 평가판을 받게 됩니다. 무료 평가판이 끝나면 사용자는 계속 액세스할 수 있도록 Google Play 계정을 통해 월 $29.99의 구독료가 자동으로 청구됩니다. 요금이 청구되지 않도록 하려면 사용자는 평가판 기간이 종료되기 최소 24시간 전에 무료 평가판을 취소해야 합니다. 사용자는 Google Play 구독 설정을 통해 구독 기간 동안 언제든지 설정을 관리하고 구독을 취소하거나 자동 갱신을 끌 수 있습니다. 

무료 평가판 기간 중 사용하지 않은 부분은 제공되는 경우 사용자가 해당 출판물에 대한 구독을 구매할 때 상실됩니다.",의료,https://play.google.com/store/apps/details?id=com.lexi.android&hl=ko&gl=kr,,,,,,
android,kr,ch.koboldgames.microbiomes,Microbiomes,"""Microbiomes""는 장난스럽고 상호 작용하는 방식으로 박테리아, 바이러스 및 환경에 대해 가르칩니다.
서로 다른 미생물과 서로의 특별한 상호 작용을 사용하여 독특하고 도전적인 퍼즐을 푸십시오.
다양한 미생물과 환경 간의 복잡한 관계를 단계별로 경험할 수 있습니다.
이 게임에는 36개의 레벨과 7개의 다른 미생물이 있습니다!

""마이크로바이옴""은 Koboldgames가 NCCR 마이크로바이옴(스위스 국립과학재단의 자금 지원)과 공동으로 개발했으며 Leenaards 재단과 Herbette 재단의 후원을 받았습니다.",학습,https://play.google.com/store/apps/details?id=ch.koboldgames.microbiomes&hl=ko&gl=kr,,,,,,
android,kr,com.healthmax.biogram,바이오그램 - 건강을 기록하는 습관,"건강을 기록하는 습관으로 건강관리에 도움을 주는 디지털 헬스케어 플랫폼 바이오그램(Biogram)을 시작해 보세요

체성분(인바디), 혈압, 혈당, 콜레스테롤, 키, 허리둘레, 스트레스를 측정할 수 있으며 전용 스마트밴드를 이용하면 활동량과 심박수, 수면상태를 분석하여 앱에서 결과를 즉시 확인할 수 있습니다
바이오그램은 측정된 데이터를 통하여 신체나이와 건강관리지수 그리고 각 항목에 따른 발병위험도(암, 당뇨, 고혈압, 심혈관질환등)를 분석해 건강리포트를 제공합니다

바이오그램 앱에서는 건강미션을 제공합니다
걷기, 물마시기등 건강한 생활 습관 형성을 위해 미션을 수행하면 포인트를 쌓을 수 있습니다. 
포인트를 모아 푸짐한 선물도 받아보세요

 1. 건강미션 및 포인트 시스템
 2. 신체측정 결과 및 건강레포트 제공
 3. 측정 데이터 기반 맞춤 건강가이드(운동 가이드영상, 주간 맞춤식단) 및 식단관리(푸드캠 준비중) 기능제공
 4. 블루투스기반 개인 건강관리 장비 지원(스마트밴드, 혈압계, 혈당계, 스마트줄자, 체온계, 체중계)",건강/운동,https://play.google.com/store/apps/details?id=com.healthmax.biogram&hl=ko&gl=kr,,,,,,
android,kr,com.cloudsatllc.mikrologin,Mikrologin,"Mikrologin – 비즈니스용 인터넷 접속 판매(시간 또는 데이터 단위)

MikroTik 핫스팟으로 제어되는 Wi-Fi에 대한 PIN, 티켓 또는 접속증을 생성할 수 있습니다. 호텔, 카페, 레스토랑, 약국, 인터넷 카페 등 인터넷 사용료를 수익화하려는 모든 비즈니스에 이상적입니다.

주요 기능:

• 원격 접속 – 어디서든 MikroTik 라우터를 관리할 수 있습니다.

• 맞춤형 요금제 – 시간(1시간, 1일 등) 또는 데이터(100MB, 500MB 등) 단위로 티켓을 생성할 수 있습니다.

• 유연한 사용 기간 설정 – 연속 또는 일시 중지하여 나중에 사용할 수 있습니다.

• 다양한 형식 지원 – 사용자 이름/비밀번호 또는 4~9자리 PIN을 사용할 수 있습니다.

• 직접 인쇄 – 모바일 기기에서 블루투스 열전사 또는 잉크젯 프린터로 티켓을 전송할 수 있습니다.

• PDF 내보내기 – 티켓을 PDF 파일로 간편하게 생성하고 공유할 수 있습니다. • 완벽한 관리 – 가격, 판매, 일반 통계를 관리하고 만료되거나 사용된 티켓을 자동으로 삭제할 수 있습니다.

• 간편한 설정 – 마법사를 통해 MikroTik 라우터에서 핫스팟을 쉽게 생성할 수 있습니다.

필요 조건: 핫스팟 기능을 지원하는 MikroTik 라우터

자세히 알아보기: http://www.mikrotik.com",도구,https://play.google.com/store/apps/details?id=com.cloudsatllc.mikrologin&hl=ko&gl=kr,,,,,,
android,kr,microlife.main.microlifeconnectedhealthplus,Microlife Connected Health+,"Microlife Connected Health+는 개인 건강 관리에 유용한 앱입니다. 
Microlife Bluetooth® 제품 포트폴리오의 혈압 모니터, 체온계, 체성분 측정기, 맥박 측정기의 측정값을 Microlife Connected Health+ 앱에 다운로드하고 언제 어디서나 쉽게 측정값을 추적하세요. 
개인 목표, 알림, 데이터 요약 보고서 등의 기능을 사용하면 건강 상태를 항상 파악하고 더욱 건강한 라이프스타일을 누릴 수 있습니다.

특징:
- 검토 및 백업을 위해 Bluetooth®를 통해 장치에서 스마트폰으로 측정 데이터를 전송합니다.
- 측정의 추세와 개별 항목을 검토합니다.
- 텍스트, 사진 또는 오디오 녹음을 통해 측정 값을 설명하고 메모합니다.
- 맞춤형 개인 목표(혈압, 체성분, 산소 포화도, PEF의 최고 값)
- 일상적인 건강 루틴에 대한 알림을 설정하세요
- 측정 판독값의 수동 추가 지원
- 체온 모드에서 여러 환자 로그 지원(예: 가족 구성원)
- 데이터를 내보내고 가족이나 의사와 공유하세요.

Microlife – 건강한 오늘과 더 나은 내일을 위해 사람들에게 힘을 실어주세요.",건강/운동,https://play.google.com/store/apps/details?id=microlife.main.microlifeconnectedhealthplus&hl=ko&gl=kr,,,,,,
android,kr,u2bio.mobile.jewellery.ruby,유투바이옴 - 장(腸) 보기 챌린지,"Your Better Tomorrow, 유투바이옴(U2Biome) & 유투바이옴 베베
내일 더 건강해지는 변화를 위해 
㈜유투바이오가 제공하는 맞춤형 건강 관리 모바일 서비스 입니다.
우리 아이 장 건강~ 검사하고 분석해서 맞춤까지!

*유투바이옴(U2Biome) & 유투바이옴 베베란? 
바이오 과학으로 분석한 장(腸) 맞춤 솔루션.
NGS 장내 미생물 검사로 나와 자녀의 당신의 장(腸) 속 환경을 분석하고,
장(腸)에 잘 맞는 유산균을 찾아주는 맞춤형 서비스 입니다.

유투바이옴& 유투바이옴 베베를 모바일 앱으로 만나보세요.

-- 기능 소개 --

[장(腸) 보기 / 리포트]
■ 장 건강, 집에서 간편하게 키트로 체크하고, 모바일 앱으로 관리하세요.
■ 데이터 리포트를 통해 점점 더 좋아지는 장 건강을 눈으로 확인하세요.
■ 자녀의 장내 미생물 검사 결과를 자세하게 보실 수 있습니다.

[챌린지]
■ 장 건강을 UP 시켜줄 챌린지에 도전하고 리워드를 획득하세요.
■ 장 건강을 위한 맞춤형 습관 관리가 가능합니다. 

[스토어]
■ 검사결과 맞춤형 제품들을 살펴보고 구매할 수 있습니다.

[건강소식/ 콘텐츠]
■ 장 건강을 위한 맞춤형 가이드를 확인할 수 있습니다.
■ 장내 미생물 결과를 이해하는데 도움이 되는 자료를 보실 수 있습니다.

[홈]
■ 키트 등록을 QR코드로 손쉽게 할 수 있습니다. 
■  유투바이옴 검사 접수 현황을 한 눈에 보실 수 있습니다.
■ 자주하는 질문 FAQ를 통해 궁금한 사항을 확인해 보세요.  


[접근권한 안내]
- 카메라 권한: QR코드 스캔하여 키트 등록 시 촬영을 위한 권한

[서비스 문의]
유투바이옴 대표번호: 1644-4779
앱 관련 메일 문의:
u2biome@u2xlab.com",의료,https://play.google.com/store/apps/details?id=u2bio.mobile.jewellery.ruby&hl=ko&gl=kr,,,,,,
android,kr,com.microlab,Microlab – 조직학 슬라이드 & AI,"🔬 AI와 게임으로 배우는 조직학 & 발생학

의과대학생, 병리학 전공의, 의료 전문가 및 교수들을 위한 최고의 가상 현미경 및 AI 기반 학습 앱입니다.

300개 이상의 고품질 조직학 슬라이드, 120개 이상의 인터랙티브 조직학 및 발생학 3D 모델, AI 도구, 퀴즈, 교육용 게임, 그리고 글로벌 학습 커뮤니티를 하나의 앱에서 만나보세요.

✨ 주요 기능

🔬 150개 이상의 조직학 슬라이드 라이브러리
고해상도 확대 기능, 상세한 주석, 설명 포인트, 조직과 기관에 대한 단계별 해설을 통해 실제 현미경 수준의 슬라이드를 학습하세요.

🧬 120개 이상의 인터랙티브 조직학 & 발생학 3D 모델
복잡한 생물학적 구조를 시각화하고, 조직·기관·발달 과정을 몰입형 3D 모델로 쉽게 이해하세요.

🔍 가상 현미경 경험
언제 어디서나 조직학 슬라이드를 탐색하고, 기기에서 직접 미세해부학을 학습하세요.

📝 퀴즈 및 시험 준비
조직학 슬라이드와 연계된 인터랙티브 퀴즈로 연습하고 의학 시험, 구술시험, USMLE 및 전문의 시험을 준비하세요.

🎮 조직학 학습 게임
슬라이드 기반 챌린지, 조직 매칭 게임, 퍼즐 및 다양한 학습 활동을 통해 재미있게 배우고 조직 인식 능력과 기억력을 향상시키세요.

🤖 AI 기반 조직학 도우미
질문을 하고, 조직을 분석하고, 이미지를 업로드하여 AI 기반 설명과 학습 인사이트를 통해 이해도를 높이세요.

🎤 AI 구술시험 시뮬레이터
AI 시험관과 함께 실제와 같은 조직학 구술시험을 연습하고, 슬라이드를 식별하고, 질문에 답하며, 자신의 성과에 대한 피드백을 받아보세요.

🌍 조직학 학습 커뮤니티
학생 및 전문가들과 연결하고, 지식을 공유하고, 증례를 논의하며 함께 학습하세요.

🚀 왜 Microlab을 선택해야 할까요?

• 고해상도 슬라이드와 상세한 설명으로 조직학과 발생학을 마스터하세요.
• AI, 게임, 인터랙티브 3D 시각화를 통해 미세 구조를 쉽게 이해하세요.
• 퀴즈, 챌린지, AI 기반 구술시험 연습으로 시험에 대한 자신감을 높이세요.
• 전 세계 의과대학생과 의료 전문가로 구성된 성장하는 학습 커뮤니티와 함께하세요.

지금 Microlab을 다운로드하세요 — 가상 현미경, 3D 모델, 인터랙티브 게임, 최신 의학교육 도구를 제공하는 AI 기반 종합 조직학 및 발생학 학습 플랫폼입니다.

EULA: [https://www.microlab.ink/eula](https://www.microlab.ink/eula)
개인정보 보호정책: [https://www.microlab.ink/policies](https://www.microlab.ink/policies)
이용 약관: [https://www.microlab.ink/terms](https://www.microlab.ink/terms)",교육,https://play.google.com/store/apps/details?id=com.microlab&hl=ko&gl=kr,,,,,,
android,kr,com.alexanderbyzov.microcosmum,Microcosmum: survival of cells,"Microcosmum은 편안한 분위기와 독창적인 게임 플레이를 제공하는 미생물 실시간 전략 게임입니다.

목표는 모든 상대를 캡처하는 것입니다. 미생물을 개선하여 더 강하게 만드십시오. 미생물의 항체로 상대를 공격하고 포획하십시오. 승리로 가는 길은 신중한 전략을 통해 이루어집니다.

• 광고 없는 게임.
• 오프라인 모드, 인터넷 없이 플레이.

• 72개 레벨
• 고품질 그래픽
• 게임 플레이의 독창성
• 오리지널 게임 설정
• 완전한 자유 제어
• 전략적 기동의 기회

놀랍고 놀라운 미생물의 세계에 참여하십시오. 소우주에서 자연 선택의 일부가 되십시오. 분위기 있는 음악과 아름다운 세상을 즐겨보세요. 편안한 게임 플레이와 전체 분위기로 인해 게임에 빠져들 수 있습니다. 제어의 자유로 인해 다양한 전략적 기동을 만들 수 있습니다. 생존을 위한 이 전투에서 유일한 승자가 되십시오.

이완을 위한 미생물에 대한 이완 전술 전략. 위치를 되찾기 위해 적을 캡처하십시오. 미생물 전쟁은 당신이 이겨야 합니다!

Microcosmum에서 존재의 진화는 중요한 역할을 합니다. 당신의 작은 생명체는 유전자의 도움으로 개선될 것입니다. 유전자는 갑옷, 속도, 포자의 공격 및 미생물의 기타 특성을 증가시켜 소우주에서 어떤 박테리아나 바이러스도 미생물을 이길 수 없도록 합니다. 유기체의 DNA에 유전자를 삽입하거나 유전자를 결합하여 수준을 높입니다.

Microcosmum은 생물의 전투, 영토 점령뿐만 아니라 논리 퍼즐이기도합니다. 미생물을 포자에서 대형 미생물로 레벨업하거나 해당 위치의 영역을 먼저 점령하십시오. 생물을 펌핑하거나 영토를 통제합니다. 선택은 당신의 전술입니다.

다양한 수준의 아름다운 명상 전략. 좋은 그래픽, 분위기 있는 음악, 일반적인 깊은 분위기, 추적된 미생물, 포자 - 이 모든 것이 높은 수준에서 이루어집니다.",전략,https://play.google.com/store/apps/details?id=com.alexanderbyzov.microcosmum&hl=ko&gl=kr,,,,,,
android,kr,com.denall.denjob,OSSTEM,"오스템임플란트가 제공하는 의료기관을 위한 13가지 서비스, 의료인을 위한 11가지 서비스, 일반인을 위한 7가지 서비스를 OSSTEM 앱에서 즉시 이용할 수 있습니다.

▶ Map - 진료시간•증상으로 의료기관 찾기
- 지도 기반으로 내 주변 의료기관을 쉽고 빠르게 확인
- 진료시간, 진료과목, 부위별 증상 등 다양한 맞춤 검색 지원
- 채용중인 의료기관 표시를 통해 주변 의료기관 채용정보를 손쉽게 확인 가능
- 의료기관의 진료시간, 위치, 연락처, 진료과목, 의료진 등 필요한 정보를 한눈에 확인
- POST 메신저를 통해 의료기관과 실시간 상담 및 문의 가능
- 방문 전 전자문진 작성으로 접수 시간을 줄이고 진료 준비를 간편하게
- 예약 안내, 변경, 취소 등 주요 일정을 약속카드로 쉽고 편리하게 확인

▶ Job - 의료 전문 구인•구직
- 다양한 예시 기반으로 채용 공고를 쉽고 간편하게 작성
- 인재정보 등록 및 검색 기능으로 원하는 조건의 인재 탐색 가능
- 간편한 이력서 등록부터 빠른 입사 지원까지 원스톱 서비스 제공
- 의료기관으로부터 직접 면접 제안을 받을 수 있는 매칭 서비스 제공
- 시간과 장소에 제약 없이 언제 어디서나 편리하게 구직활동 가능

▶ POST - 환자와 의료기관을 연결하는 메신저
- 의료기관과 환자가 실시간으로 소통할 수 있는 채팅 서비스 제공
- 예약 안내, 변경, 취소 등 주요 안내 메시지를 쉽고 빠르게 확인 가능
- 자주 사용하는 메시지와 이미지 등록으로 간편한 상담 지원
- 예약, 접수, 문의, 채용 등 상황에 맞는 맞춤형 상담 가능
- 약속카드 연동을 통해 예약 일정과 안내 메시지를 한눈에 확인

▶ Mall - 치과를 위한 All-in-One Mall
- 국내 치과 재료 최다 품목 보유 쇼핑몰
- 치과에서 사용하는 의약품, 교정, 기공, 장비의 특화된 전문관 운영
- 한 번 주문으로 1년 동안 치과재료 창고까지 안전하게! 정기배송서비스 DDS
- 치과에 필요한 IT, 가전, 사무용품, 생활용품까지 모두 구매 가능한 오스템라이프
- 완벽한 가성비 오스템 아울렛
- 치과 재료/장비 전문 홈쇼핑 오스템 라이브쇼
- 메디컬 병의원 대상 품목 운영

▶ TV - 치과 영상의 모든 것
- 임상부터 경영, 제품 구매까지!
- 다채로운 VOD, LIVE 방송을 매일!
- 치과인을 위한 모든 영상 오스템TV
- 일반인을 위한 치과 상식 콘텐츠 제공

▶ Education - 국내 최고 연수센터, OIC
- 치과의사 및 치과스탭 대상 연수회 운영
- 임플란트, 디지털, 교정, 재료 등 폭넓은 교육 기회 제공
- 스마트한 치과인의 선택, 치과의 모든 업무를 총괄 관리하는 실무형 자격증 병원사무관리사

▶ Software - 치과 업무에 필요한 모든 정보
- 세상에서 가장 쉬운 전자차트 OneClick / 하나로 / 두번에
- 통합 영상 관리 플랫폼 One2 / One3
- 국내 No.1 교정진단 프로그램 V-Ceph
- 다운로드부터 매뉴얼, 꿀팁과 FAQ까지 소프트웨어 지원을 한 곳에서!
- 공지사항 확인부터 Q&A, SW 제안까지 모든 서비스를 통합 제공

▶ Service - 치과 의료장비 A/S 신청부터 완료까지
- 치과 의료장비 서비스, 신청부터 완료까지 한 곳에서
- 모든 서비스 진행 현황과 내역을 한눈에 확인

※일부 서비스는 의료기관 유형 및 회원 권한에 따라 제공 서비스가 다릅니다.
----
개발자 연락처 :
오스템임플란트(주) 대한민국 서울특별시 강서구
강서구 마곡중앙12로 3 (마곡동,오스템임플란트중앙연구소)
07789 112-81-47103 2020-서울강서-2751 서울특별시 강서구  (02-2600-6613)",비즈니스,https://play.google.com/store/apps/details?id=com.denall.denjob&hl=ko&gl=kr,,,,,,
android,kr,kr.lifesemantics.kcd,질병분류기호 New : 내 손 안의 질병 정보,"2019년1월 24일, 더욱더 깔끔해진 디자인부터 질병분류기호 공유기능까지 ‘질병분류기호 New’를 보다 편하고 쉽게 이용할 수 있도록 개선하였습니다.
정확한 내 질병명이 무엇인지, 처방전에 쓰인 질병분류기호가 궁금하지 않으셨나요?
처방전, 진단서에 적힌 질병분류기호를 ‘질병분류기호 New’ 애플리케이션으로 확인해 볼 수 있습니다.
 
■자동완성 검색
질병분류기호를 자동완성 기능으로 빠르게 검색할 수 있습니다. 또한, 코드, 한글, 영문 키워드 등 원하는 형태로 검색할 수 있습니다.
 
■전체분류별
질병분류기호가 체계적으로 분류되어 있습니다. 영문 코드별로 분류되어 있어 원하는 정보를 쉽게 찾을 수 있습니다.
 
■신체분류별
질병분류기호가 신체 부위별로 분류되어 있습니다. 전신/머리, 얼굴/목, 가슴/복부/골반/팔, 다리/기타로 신체 부위가 세세하게 나누어져 있어 내가 원하는 부위의 질병분류기호를 확인할 수 있습니다.
 
■색인별
질병분류기호가 색인별로 분류되어 있습니다. 한글 자음, 영문 알파벳으로 분류되어 있어 상세한 검색이 가능합니다.
 
■공유
질병분류기호의 상세 정보를 공유할 수 있습니다. 이용자가 찾은 질병분류기호를 저장하거나 공유하고 싶을 때 공유기능을 이용할 수 있습니다.

 
자세한 내용은 질병분류기호 고객센터에 문의 바랍니다.
■전화 문의: 1899-4358
■메일 문의: help@efil.kr
 
더욱 정확하고 편리한 질병분류기호 검색 서비스를 제공하기 위해 노력하겠습니다.
많은 이용 부탁드립니다.
----
개발자 연락처 :
(주)스피어코퍼레이션 대한민국 서울특별시 강남구
강남구 삼성로95길 27 3층 (삼성동,영창빌딩)
06159 1208788602 2013-서울강남-01316 강남구청장",건강/운동,https://play.google.com/store/apps/details?id=kr.lifesemantics.kcd&hl=ko&gl=kr,,,,,,
android,kr,com.incrob.app.incrob,인크로비(IncroB) 건강 관리,"<p>오늘보다 더 건강한 내일을 위해!</p>
<p>마이크로바이옴을 통한 맞춤 솔루션 건강 관리 앱 '인크로비(IncroB)'입니다.</p>


<p>나와 반려동물이 함께 건강 관리를 할 수 있도록 인크로비 앱이 새로워졌어요!</p>
<p>이제 하나의 앱으로 '진짜' 우리 가족의 건강 관리를 시작해 보세요.</p>


<p><span>🩺 진단검사 서비스</span></p>
<p>집에서 검사키트로 간편하게 장내 미생물을 검사하고, 솔루션 정보까지 한 번에 건강을 관리하세요. NGS 기반의 고품질 연구데이터를 통해 나와 반려동물의 장내 미생물 상태를 파악할 수 있습니다. 정기적인 검사로 우리 가족의 건강한 변화를 시작하세요.</p>


<p><span>💑 휴먼 분석 및 솔루션 </span></p>
<p>전문 검사기관에서 나의 건강 상태를 면밀하게 분석한 리포트를 제공합니다. 장내 미생물의 다양성과 균형도, 미생물 유형 등 주요 지표와 함께 대표적인 11가지 생활 건강 지수의 위험도를 함께 확인할 수 있습니다. 나에게 필요한 유산균 영양 정보와 식단 정보 등 맞춤 솔루션을 통해 좋은 마이크로바이옴을 구축해보세요!</p>
 

<p><span>🐾 펫 분석 및 솔루션 </span></p>
<p>반려동물의 건강한 장 환경은 몸의 면역 체계를 튼튼하게 만듭니다. 강아지와 고양이에게 특화된 NGS 분석을 통한 전문 리포트를 확인하세요. 아이마다 장 속 환경이 다르기 때문에, 필요한 영양소도 달라집니다. 데이터 분석에 따라 제공되는 솔루션으로 다양하고 균형 있는 미생물 환경을 만들 수 있습니다.</p>


<p><span>💌 건강 피드 </span></p>
<p>매주 건강한 꿀 정보가 업로드됩니다. 작은 행동부터 하나씩 실천하면 건강한 좋은 습관을 만들 수 있어요.</p>


<p>[ 인크로비 정보 ]</p>
<p>- 주소 : 서울 금천구 가산디지털1로 168. 우림라이온스밸리 B동 706-1</p>
<p>- 사업자등록번호 : 222-86-02785</p>
<p>- 통신판매 신고번호 : 제2022-서울금천-0966호</p>


<p>[ 선택적 접근 권한 ]</p>
<p>인크로비에서는 서비스 제공을 위해 아래의 접근 권한을 필요로 합니다.</p>
<p>- 알림 : 검사 진행 상태, 피드 알림 등 건강 관리 서비스 제공을 위해 필요한 권한입니다.</p>
<p>- 카메라 : QR코드 및 바코드 스캔 또는 촬영을 위해 사용됩니다.</p>
<p>※ 위 접근 권한은 특정 기능을 사용할 때 허용이 필요하며, 허용에 동의하지 않으셔도 인크로비를 이용하실 수 있습니다.</p>
----
개발자 연락처 :
(주)인크로비 대한민국 서울특별시 금천구
금천구 가산디지털1로 168, B-7층, 706-1호(가산동,우림라이온스밸리)
08507 2228602785 2022-서울금천-0966 금천구청",건강/운동,https://play.google.com/store/apps/details?id=com.incrob.app.incrob&hl=ko&gl=kr,,,,,,
android,kr,kr.co.tesser.ontol,온톨 - 내 건강을 책임지는 똑똑한 AI,"내 건강을 책임지는 똑똑한 AI - 온톨당신의 건강을 위한 AI 온톨이와 함께 결과지 해석, 건강검진 해석, 커뮤니티, 상담 서비스를 만나보세요.

건강과 관련된 모든 고민, 온톨이 해결해 드릴게요!

[어려운 검사결과지, AI가 쉽고 빠르게]

- 결과지 사진을 올리면 AI 온톨이가 눈높이에 맞는 의료 용어로 설명해 드려요.
- 내 결과지의 프라이버시도 자체 필터링 보안으로 지켜드려요.
- 이제 병원 검사 후, 온톨을 통해 편리하게 궁금증을 해결해 보세요.


[자세한 세부 검사도 쉽게 설명해드려요]
- 혈액, 소변, 심장, 소화기 검사 등 세부 검사도 쉽게 설명해드려요.
- 검사 결과지 내용에 해당하는 검사가 있다면 알려드려요.

[의료나 건강 관련 궁금한 질문, 온톨이에게 질문하세요]
- 직접 검색하고 찾지 않아도, 온톨이에게 질문하면 한번에 OK!
- 내 건강에 대한 고민을 온톨이에게 마음껏 물어보고 빠른 답변을 얻을 수 있어요.
- 어떤 질문을 해야할지 고민하지 않아도 “추천 질문”이 다음 질문도 추천해드려요.

[건강고민, 혼자 대신 여럿이 함께]
- 커뮤니티에 건강 고민을 올리면 AI 온톨이의 답변과 사람들의 의견을 들을 수 있어요.
- 건강 고민부터 일상의 소소한 이야기까지 온톨이와 사람들과 함께 나눠 보세요!


** 참고 사항 [결과지 해석] **

자동해석 기능은 사진 촬영 상태에 따라 글자 인식 결과가 달라질 수 있습니다. 잘못된 해석이 포함되어 있을 수 있으니, 참고용으로만 사용해 주시기 바랍니다.

** 경고 **

온톨은 환자에게 필요한 진단 등의 의학적인 판단을 제공하는 서비스가 아니며, 전문 의료인의 임상 상담을 대체할 수 없습니다. 의학적인 판단과 치료의 선택은 반드시 전문 의료인과의 상담을 통해 결정해야 합니다.

----
메일문의 : contact@ontol.com
----
개발자 연락처 :
02-575-1593
----
개발자 연락처 :
(주)테서 4/F
관악구 남현3길 61
관악구, 서울특별시 08806
South Korea 4048146323 제 2024-서울강남-03692 호 강남구청",의료,https://play.google.com/store/apps/details?id=kr.co.tesser.ontol&hl=ko&gl=kr,,,,,,
android,kr,com.argusglobal.smarthome,imilab life,"이미랩 라이프는 카메라와 도어 센서, 스마트 게이트웨이 등 곧 출시될 다양한 스마트 기기를 결합했습니다. 이미랩 라이프 스마트 홈 기기를 가족들과 공유할 수도 있습니다. 도움이 필요하시면 help@imilab.com으로 문의해 주세요.",도구,https://play.google.com/store/apps/details?id=com.argusglobal.smarthome&hl=ko&gl=kr,,,,,,
android,kr,com.hintsolutions.donor,Служба Крови,"무료 헌혈 및 그 구성 요소 개발을위한 주정부 프로그램의 공식 적용.
사용자는 기부 계획 기능을 사용하여 의료 및 실험실 검사 결과에 대한 정보를 받고 혈액 서비스 전문가의 온라인 상담을받을 수 있습니다.
또한,이 응용 프로그램을 사용하면 기증자가 해당 지역의 프로젝트 파트너 회사의 여러 특권 및 지분을 활용할 수 있습니다.
응용 프로그램의 전체 기능에 액세스하려면 마지막 절차가 수행 된 혈액 서비스 기관의 레지스트리에 20 자리의 기증 코드를 받아야합니다.
주의! 현재, 모든 기관이 자동 수혈 정보 시스템과의 연결 부족으로 인해 그러한 기술적 능력을 가지고있는 것은 아닙니다.",의료,https://play.google.com/store/apps/details?id=com.hintsolutions.donor&hl=ko&gl=kr,,,,,,
