platform,country,app_id,app_name,description,genre,store_url,idea_desc,collected_data,category_id,function_type,is_boundary_case,note
android,kr,com.h2sync.android.h2syncapp,슈가지니 - 혈당·당뇨병·혈압 건강 관리 앱,"📊 혈당·혈압·체중·식단을 한 번에 관리
🤖 AI 음식 인식으로 음식 종류·양과 영양 정보 분석
📈 CGM 연동으로 식사·운동에 따른 혈당 변화 확인

슈가지니 - 혈당·당뇨·혈압 관리 앱

슈가지니는 혈당·혈압·체중부터 식단·운동·약물까지 다양한 건강 데이터를 한곳에서 기록하고 확인할 수 있는 통합 건강관리 앱입니다.

AI 음식 인식, 혈당 기록, CGM(연속혈당측정기) 및 건강 기기 연동을 통해 단순히 수치를 기록하는 것을 넘어 식사와 생활습관에 따른 혈당 변화를 이해할 수 있도록 도와드립니다.

제1형 당뇨, 제2형 당뇨, 당뇨 전단계, 임신성 당뇨, 고혈압 등 꾸준한 건강 기록과 관리가 필요한 분들이 이용할 수 있습니다.

✨ 주요 기능

✅ AI 음식 인식 및 영양 분석
음식 사진을 촬영하면 AI가 음식의 종류와 양을 인식하여 간편하게 식사를 기록할 수 있습니다.
탄수화물·단백질·지방·나트륨·혈당지수(GI)까지 자동으로 분석하여 식사 내용과 영양 정보를 한눈에 확인할 수 있습니다.

✅ AI 식사 평가 및 혈당 영향 확인
기록한 식사를 바탕으로 AI가 식사 점수와 상세한 피드백을 제공합니다.
식사 내용과 식후 혈당 변화를 함께 비교하며 어떤 음식과 식습관이 혈당 변화에 영향을 주었는지 확인하고, 더 나은 식사를 선택하는 데 도움을 받을 수 있습니다.

✅ 혈당·혈압·체중 통합 기록
혈당, 혈압, 체중, 식단, 운동, 약물 등 건강 데이터를 한곳에 기록하세요.
흩어진 건강 정보를 모아 혈당·혈압·체중의 변화와 생활습관에 따른 패턴을 더욱 편리하게 확인할 수 있습니다.

✅ CGM(연속혈당측정기) 연동
프리스타일 리브레, 바로잰Fit, 케어센스의 연속혈당 데이터를 슈가지니와 연동할 수 있습니다.
CGM 데이터와 식사·운동·약물 기록을 함께 살펴보며 식후 혈당 상승과 생활습관에 따른 혈당 패턴을 한눈에 확인하세요.

✅ 건강 기기 및 운동 앱 연동
애플 건강, 구글 헬스 커넥트, 핏빗을 비롯해 다양한 혈당계·혈압계·체중계·인슐린 펜과의 연동을 지원합니다.
연동된 데이터를 자동으로 불러와 수동 입력의 번거로움을 줄이고 건강 기록을 더욱 편리하게 관리할 수 있습니다.
※ 지원 기기와 연동 기능은 기기 및 이용 환경에 따라 다를 수 있습니다.

✅ 혈당 그래프와 PDF 보고서
기록한 식사와 식전·식후 혈당, 혈압, 체중 등의 변화를 그래프와 대시보드에서 한눈에 확인할 수 있습니다.
건강 데이터를 PDF 보고서로 저장하여 자신의 관리 진행 상황을 살펴보거나 진료 시 의료진과 공유할 수 있습니다.

✅ 가족·의료진과 데이터 공유 및 소통
파트너 기능을 통해 가족, 친구 또는 의료진과 혈당 데이터와 건강 기록을 실시간으로 공유할 수 있습니다.
앱 채팅을 이용해 건강 상태와 기록에 관해 소통하고, 격려 메시지를 주고받으며 꾸준한 건강 관리를 이어가 보세요.

✅ 예상 당화혈색소 확인
꾸준히 기록한 혈당 데이터를 바탕으로 예상 당화혈색소(HbA1c)를 확인할 수 있습니다.
예상 당화혈색소를 통해 장기적인 혈당 관리 상태를 이해하는 데 도움을 받을 수 있습니다.
※ 예상 당화혈색소는 참고용이며, 실제 수치는 의료기관의 검사를 통해 확인해야 합니다.

🎯 이런 분들께 추천합니다

✔ 제1형·제2형 당뇨 관리가 필요한 분
✔ 당뇨 전단계 또는 임신성 당뇨 관리가 필요한 분
✔ 혈압과 체중을 함께 기록하고 싶은 분
✔ 식사와 식후 혈당의 관계를 확인하고 싶은 분
✔ CGM과 혈당계 데이터를 한곳에서 관리하고 싶은 분
✔ 식단·운동·약물 등 생활습관을 함께 기록하고 싶은 분
✔ 가족 또는 의료진과 건강 데이터를 공유하고 싶은 분
✔ 종이 수첩 대신 앱으로 편리하게 건강을 기록하고 싶은 분

💡 슈가지니가 특별한 이유

AI 음식 인식과 영양 분석으로 식사를 더욱 간편하게 기록할 수 있습니다.

CGM과 건강 기기 연동을 통해 식사·운동·약물 기록과 혈당 변화를 함께 확인할 수 있습니다.

단순한 건강 기록을 넘어 자신의 혈당 패턴을 이해하고 꾸준한 건강관리 습관을 만들어 보세요.

🚀 지금 슈가지니를 다운로드하고
AI가 도와주는 스마트한 혈당·혈압 관리를 시작해 보세요!

👉 슈가지니 자세히 알아보기
https://www.health2sync.com/ko

개발자 연락처: +886 2-8797-6661",의료,https://play.google.com/store/apps/details?id=com.h2sync.android.h2syncapp&hl=ko&gl=kr,,,,,,
android,kr,com.dangdaepyo.dangdaepyo_user,당대표 - 당뇨관리 당뇨수첩 혈당기록 앱,"당대표 - 스마트 혈당 관리의 시작

당뇨 관리, 이제 더 쉽고 스마트하게!

당대표는 연속혈당측정기(CGM)와 연동하여 실시간으로 혈당을 모니터링하고, 개인 맞춤형 건강 관리 솔루션을 제공합니다.

[주요 기능]
📊 실시간 혈당 모니터링

연속혈당측정기와 연동
실시간 혈당 그래프 및 트렌드 확인
고혈당/저혈당 알림 설정


📝 통합 건강 기록

식사, 운동, 약물 복용 기록
일일/주간/월간 리포트


🎯 목표 관리

개인별 혈당 목표 설정
달성률 추적 및 동기부여
건강 습관 형성 지원


📈 상세 분석 리포트

혈당 패턴 분석
식사 및 활동과 혈당 변화 추적
맞춤형 관리 인사이트


당대표가 특별한 이유
✓ 의료기기와 안전한 연동
✓ 직관적이고 사용하기 쉬운 인터페이스
✓ 과학적 근거 기반의 건강 정보
✓ 개인정보 보호 최우선

당뇨 관리의 새로운 동반자, 당대표와 함께 건강한 일상을 만들어가세요!
※ 본 앱은 연속혈당측정기가 필요합니다.
※ 의료 전문가의 진단 및 치료를 대체하지 않습니다.",의료,https://play.google.com/store/apps/details?id=com.dangdaepyo.dangdaepyo_user&hl=ko&gl=kr,,,,,,
android,kr,com.jwantplan.bdsugar,"혈당 착착 - 혈당 기록, 당뇨 관리","수첩에 일일이 기록할 필요없이 혈당을 간편하게 기록하고 관리해보세요.
공복 부터 식전, 식후 기록을 쉽게 할 수 있어요.
매일 매일 기록한 정보로 분석 정보와 한눈에 볼 수 있는 통계를 제공합니다.

<b>주요기능</b>
- 세분화 된 공복/아침/점심/저녁 식전, 식후 혈당 기록
- 간편한 입력 방식
- 메모 기능 제공
- 한 눈에 보는 월간 추세 제공
- 혈당 분석을 통한 리포트 제공
----
개발자 연락처 :
정정원 금바위로 100
315동 1503호 (와동동, 가람마을3단지 동문아파트)
파주시, 경기도 10895
South Korea 331-41-00872 2022-경기파주-3147 본인 직접 신고",건강/운동,https://play.google.com/store/apps/details?id=com.jwantplan.bdsugar&hl=ko&gl=kr,,,,,,
android,kr,com.medm.medmbg.diary,당뇨병 혈당 일지,"MedM의 당뇨병용 혈당 일지 앱은 세계에서 가장 많이 연결된 혈당 모니터링 앱입니다. 이 앱은 혈당 관리를 단순화하고, 추세를 추적하며, 의사에게 제출할 보고서를 내보낼 수 있도록 설계되었습니다. 사용자는 수동으로 데이터를 입력하거나 Bluetooth를 통해 50개 이상의 연결된 혈당계에서 자동으로 데이터를 수집할 수 있습니다. 혈당 외에도 이 앱은 약물 섭취, 케톤, A1C, 혈압, 콜레스테롤, 중성지방, 헤모글로빈, 헤마토크릿, 혈액 응고, 요산, 그리고 다양한 체성분 지표와 함께 체중도 추적할 수 있습니다.

우리의 혈당 일지는 깔끔하고 직관적인 인터페이스를 가지고 있으며, 등록 여부와 관계없이 사용할 수 있습니다. 사용자는 건강 데이터를 스마트폰에만 저장할지, 아니면 MedM Health Cloud(https://health.medm.com)에 백업할지 결정할 수 있습니다.

당뇨병 혈당 일지는 다음 데이터 유형을 기록할 수 있습니다:  
• 혈당  
• 혈중 케톤  
• A1C  
• 혈중 콜레스테롤  
• 혈압  
• 트리글리세리드  
• 약물 복용  
• 메모  
• 체중  
• 헤모글로빈  
• 헤마토크릿  
• 혈액 응고  
• 혈중 요산

이 앱은 freemium 모델로 제공되며, 모든 기본 기능은 모든 사용자에게 제공됩니다. Premium 회원은 추가로 다른 생태계(예: Apple Health, Health Connect, Garmin, Fitbit)와 특정 데이터 유형을 동기화하고, 다른 신뢰할 수 있는 MedM 사용자(가족 구성원 또는 돌봄 제공자)와 건강 데이터에 대한 접근을 공유하며, 알림, 임계값 및 목표 설정을 할 수 있고, MedM 파트너로부터 독점적인 제안을 받을 수 있습니다.

우리는 데이터 안전에 대해 매우 진지하게 생각합니다. MedM은 데이터 보호를 위한 모든 최선의 방법을 따릅니다: HTTPS 프로토콜을 사용하여 클라우드 동기화를 수행하고, 모든 건강 데이터는 안전하게 호스팅된 서버에 암호화되어 저장됩니다. 사용자는 자신의 데이터에 대한 완전한 제어권을 가지고 있으며 언제든지 건강 기록을 내보내거나 삭제할 수 있습니다.

MedM Diabetes는 다음 브랜드의 혈당 측정기와 동기화됩니다: AndesFit, Betachek, Contec, Contour, Foracare, Genexo, i-SENS, Indie Health, Kinetik Wellbeing, Mio, Oxiline, Roche, Rossmax, Sinocare, TaiDoc, TECH-MED, Tyson Bio 등. 지원되는 기기의 전체 목록은 웹사이트에서 확인할 수 있습니다: https://www.medm.com/sensors.html

MedM은 스마트 의료 기기 연결 분야의 글로벌 리더입니다. 우리의 앱은 수백 가지의 건강 및 피트니스 기기, 센서 및 웨어러블 장치로부터 원활한 직접 데이터 수집을 제공합니다.

MedM – Enabling Connected Health®.

면책조항: 이 앱은 의료 목적이 아닌 일반 피트니스 및 웰빙 목적으로만 사용됩니다. 의료 결정을 내리기 전에 항상 의사와 상담하십시오.",의료,https://play.google.com/store/apps/details?id=com.medm.medmbg.diary&hl=ko&gl=kr,,,,,,
android,kr,health.mydiabetes,"MyDiabetes: Meal, Carb Tracker","당뇨병 관리에 어려움을 겪고 계신가요?

당뇨병을 앓고 계시거나 당뇨병 전단계를 관리하고 계시든, MyDiabetes 앱이 여러분의 건강 여정을 도와드립니다. 내장된 혈당 측정기를 통해 혈당, HbA1c(당화혈색소), 그리고 혈당 수치를 추적하세요. 여러분의 선호도와 혈당지수(GI)에 맞춘 맞춤형 식단 추천도 받아보세요.

체중, 혈당 추이, 그리고 전반적인 건강 상태를 간편하게 모니터링할 수 있습니다. MyDiabetes는 고혈당, 체중 문제, 그리고 기타 당뇨병 관련 문제로 고민하는 분들을 위해 설계되었으며, 효과적인 당뇨병 관리를 위한 믿을 수 있는 지침을 제공합니다.

MyDiabetes와 함께 더 나은 건강을 향한 첫걸음을 내딛으세요.

MyDiabetes의 다양한 도구를 활용하여 혈당, A1c, 수분 섭취량, 복용 약물, 탄수화물(탄수화물 추적기), 칼로리 섭취량 등을 추적하세요. 매일 칼로리를 기록하고 혈당 추적기를 사용하여 수치를 관리할 수도 있습니다.

더 많은 기능을 원하신다면…

프리미엄으로 업그레이드하여 맞춤형 당뇨 식단, 주간 장보기 목록, 장비 없이 할 수 있는 체중 감량 운동 등 당뇨병 관리에 도움이 되는 다양한 기능을 이용해 보세요.

건강 전문가와 영양사의 도움을 받아 개발된 MyDiabetes는 당뇨 관리를 위한 실용적인 전략과 함께, 여러분의 라이프스타일과 다이어트, 체중 감량 목표를 지원하는 맛있는 레시피를 제공합니다. 올인원 음식 및 탄수화물 추적기를 통해 건강 증진, 체중 관리 개선, 더욱 스마트한 식단 관리를 경험해 보세요.

저희는 당뇨 관리 중에도 맛있는 음식을 즐길 수 있어야 한다고 믿습니다. 그래서 프리미엄 플랜은 맞춤형 식단 옵션을 제공하여 좋아하는 음식을 포기하지 않고도 건강한 식단을 유지할 수 있도록 도와드립니다.

저희의 사명은 여러분의 건강 증진을 돕고, 모든 단계에서 든든한 지원을 제공하는 것입니다.

MyDiabetes 건강 추적 기능:
📉 건강 추적기
혈당, 혈당, A1c, 복용 약물, 탄수화물 섭취량을 간편하게 기록하세요. 혈당 변화 추이를 파악하여 병원 방문 시기를 예측하고, 건강 목표 달성을 위한 계획을 세우세요. 헬스 커넥트와 연동됩니다. 내장된 혈당 측정기로 매일 혈당 수치를 확인하세요.

📅 활동 개요
식사, 운동, 수분 섭취량을 기록하여 당뇨병 관리 기록을 체계적으로 유지하고 일상생활을 지원하세요.

MyDiabetes 프리미엄 혜택:
🍏 맞춤형 식단 플래너
칼로리, 탄수화물, 당, 혈당 지수(GI)에 맞춘 식단을 제공합니다. 건강한 당뇨병 환자용 레시피와 고급 탄수화물 추적 기능이 포함되어 있습니다.

🛒 스마트 장보기 목록
선택한 식단에 따라 자동으로 생성되는 장보기 목록으로 간편하게 주간 장보기를 계획하세요.

🏋️ 집에서 할 수 있는 운동
장비 없이 할 수 있는 다양한 운동을 통해 당뇨병 환자의 에너지 증진과 체중 감량 목표 달성을 지원합니다.

📉 고급 건강 추적기
혈당을 포함한 모든 주요 건강 지표를 혈당 추적기로 모니터링하세요. 정기 검진 및 헬스 커넥트 연동에 유용합니다.

📅 일일 활동 스냅샷
식사, 수분 섭취, 운동량을 한눈에 파악하여 건강 관리를 손쉽게 하세요. Health Connect와 완벽하게 통합되어 있습니다.

구독 정보
MyDiabetes는 모든 기능을 이용할 수 있는 구독 플랜을 제공합니다. 가격은 지역에 따라 다를 수 있으며, 해당 지역 통화로 청구됩니다. 구독은 사전 취소하지 않는 한 자동으로 갱신됩니다.

MyDiabetes를 다운로드하고 오늘부터 더 건강한 생활 습관을 만들어 보세요.
간편하고 영양가 있는 레시피를 찾아보고, 고급 식단 플래너, 탄수화물 추적 도구, 다이어트 계획 지원 기능을 통해 건강을 관리하세요.

면책 조항: 의료 관련 결정을 내리기 전에 항상 의사와 상담하십시오.

이용 약관: https://mydiabetes.health/general-conditions/
개인정보 보호정책: https://mydiabetes.health/data-protection-policy/",건강/운동,https://play.google.com/store/apps/details?id=health.mydiabetes&hl=ko&gl=kr,,,,,,
android,kr,melstudio.msugar,Glucose tracker－Diabetic sugar,"당뇨병 혈당 일기 앱은 임신성 당뇨병, 1형 당뇨병, 2형 당뇨병 환자에게 필수적인 혈당 관리 도구입니다. 이 혈당 모니터링 앱을 통해 헤모글로빈, 혈당 수치, 혈압, 인슐린 투여량을 추적할 수 있습니다. 인슐린 투여 알림 기능과 건강 데이터 태그 기능이 탑재되어 있으며, 효과적인 인슐린 주사 기록 관리 도구로도 활용할 수 있습니다.

또한, 당뇨병 식단 관리 기능을 통해 손가락 혈당 측정 결과를 간편하게 저장할 수 있습니다. 식사 및 영양 정보 추적 기능으로 식단 계획을 세우고 효율적인 식단 관리가 가능합니다.

일반적인 혈당 계산기 기능을 통해 혈당 수치 변화 추이를 확인할 수 있으며, 강력하고 스마트한 인슐린 추적 기능을 통해 일일 목표량을 설정하고 모든 인슐린 투여량을 기록할 수 있습니다. 손가락 혈당 측정과 같은 일상적인 기록도 저장 가능하여 더욱 효과적인 혈당 관리를 지원합니다.

★ 당뇨병 관리 앱은 각 사용자의 개별적인 요구 사항을 고려하여 혈당 일지를 자동으로 분석하고 변화를 측정하여 차트로 추세를 보여줍니다. 따라서 외부 기기를 사용하여 손가락 혈당을 측정한 결과를 기록하는 등 당뇨병 관리를 효과적으로 할 수 있습니다.

앱 기능:
✓ 원터치 혈당 측정, 헤모글로빈 수치, 체중, 복용 약물 추가

✓ 인슐린 계산기 데이터, 투여량, 기분, 건강 관련 메모, 의료용 혈당 및 혈압 측정기를 사용한 혈압 및 혈당 측정 결과 기록

✓ 각 기록에 태그를 추가하여 당뇨병 관리 앱을 통해 변화를 확인할 수 있습니다.

✓ 혈당 측정 단위를 mg/dl 또는 mmol/l로 설정 및 사용 가능

✓ 인슐린 지수 계산 및 확인

✓ 통합된 당뇨병 일지에서 식단 추적, 식사 기록, 영양 정보 기능을 통해 음식 섭취량과 혈당을 기록하세요.

✓ 저탄수화물 트래커와 식단 플래너를 사용하여 체중 및 혈당 변화를 추적하고 일일 영양 관리를 개선하세요.
✓ 스마트 알림 시스템을 통해 혈당 측정, 인슐린 투여, 약물 복용 기록을 꾸준히 관리할 수 있습니다. 혈당 측정 결과를 정기적으로 입력하여 혈당을 효과적으로 관리하세요.
✓ 차트, 추세 분석, 알림 기능, 그리고 제1형 당뇨병 앱의 최적화된 환경을 통해 당뇨병 일지를 관리하세요. 혈당, 헤모글로빈, 전반적인 건강 변화를 분석할 수 있습니다.

✓ 혈당 일지에 입력한 모든 기록을 이메일로 전송하거나, .TXT, .XLS, .PDF 파일로 내보낼 수 있습니다.

★ 이 앱은 당뇨병 환자를 위한 유용한 디지털 혈당 기록부로, 의료 기기를 사용하여 측정한 손가락 혈당 수치를 기록하고 분석하여 자신의 몸 상태를 쉽게 이해할 수 있도록 도와줍니다. 또한, 일상적인 영양 섭취를 위한 당뇨병 환자용 탄수화물 계산기 기능도 포함되어 있습니다.

TAG 시스템으로 혈당 수치를 모니터링하세요! 식사, 운동, 습관별로 혈당 수치를 기록하여 혈당에 영향을 미치는 요소를 쉽게 추적하세요. 영양 정보는 제1형 당뇨병을 비롯한 다양한 유형의 당뇨병 환자를 위한 식단 기록을 지원합니다.

💊 이 당뇨병 앱은 의료진에게 유용한 도구이며, 당뇨병 환자라면 당뇨병 도우미를 통해 전문가에게 상세한 건강 상태 보고서를 손쉽게 제공할 수 있습니다. 또한, 당뇨병 식단 추적기와 탄수화물 계산기를 통해 식단 관리에도 도움을 줍니다.

👍 제1형 또는 제2형 당뇨병 환자에게는 매일 혈당을 꼼꼼하게 기록하는 것이 매우 중요합니다. 혈당을 안정시키고, 건강을 증진하며, 더욱 풍요로운 삶을 누리는 데 도움이 됩니다. 기기로 매일 혈당을 측정하고, 인슐린 계산기를 활용하여 적절한 인슐린 용량을 확인하고, 모든 혈당 수치를 한곳에 기록하세요. 혈액형별 식단 선호도를 고려한 식단 계획 도구와 혈액형에 맞는 식단 가이드도 제공하여 더욱 체계적인 영양 관리를 지원합니다.",건강/운동,https://play.google.com/store/apps/details?id=melstudio.msugar&hl=ko&gl=kr,,,,,,
android,kr,com.tastylife.wishcareplus,위시케어+ 혈당 • 당뇨 • 임당 • 혈압 관리 앱,"""당뇨"" 힘들게 관리하지 말고 ""위시케어플러스""로 관리하세요.

No1. 당뇨관리어플 WISHCARE+(위시케어플러스) 은 임신성당뇨(임당), 1형 당뇨, 2형 당뇨 등 ""당뇨""로 힘들어 하시는 분들을 위한 건강관리 도우미 어플입니다.

# 건강관리를 위한 다양한 기능을 소개합니다.

1. 건강 정보 관리
- 혈당기록 : 하루 3번 식전, 식후, 취침전 구분하여 기록
- 투약정보, 혈압, 심박수, 몸무게, 당화혈색소, 메모 기록, 기상, 취침시간
- 목표혈당 입력 가능, 식단 정보
- 하루 물마시기

2. 혈당 정보 기록 한번에 보기
- 다양한 결과 레포팅

3. 혈당-식단 정보 쉽게 보기

4. 건강관리 도움이 되는 컨텐츠
- 당뇨스쿨 유튜브 동영상 컨텐즈 제공
- 건강 관리 컨텐츠

4. 로그인으로 다른 휴대폰에서도 데이터 확인 가능
- 하나의 휴대폰만 아니라 로그인만 하시면 다른 휴대폰에서도 사용됩니다.
- (구)위시케어 사용자님께서도 쉽게 데이터를 옮겨 바로 사용하실수 있습니다.

# 사용자님의 의견으로 계속 진화하고 있습니다.

개발자 연락처 :
the@tastylife.co.kr
----
개발자 연락처 :
김선욱 장안로 271
북수원자이렉스비아, 121동 2008호
장안구, 수원시, 경기도 16336
South Korea 2940802176 - -",라이프스타일,https://play.google.com/store/apps/details?id=com.tastylife.wishcareplus&hl=ko&gl=kr,,,,,,
android,kr,com.tenthapp,"혈당지킴이 - 당뇨관리, 혈당기록","혈당지킴이는 당뇨 환자와 보호자를 위해 만들어진 혈당 관리 앱입니다.
매일 반복되는 혈당 기록과 인슐린 투여 관리를 조금 더 쉽고 편하게 할 수 있도록, 꼭 필요한 기능에 집중해 개발되었습니다.

처음 이 앱을 만들게 된 계기는 가족 때문이었습니다.
개발자의 아버지가 당뇨를 관리하시면서 혈당 수치를 종이나 메모장에 적어두는 모습을 자주 보게 되었고, 시간이 지나면 기록을 잊어버리거나 이전 수치를 다시 찾기 어려운 상황도 많았습니다.

“방금 혈당 쟀는데 어디 적지?”
“아까 얼마였더라?”

생각보다 이런 순간들이 자주 반복됐고,
기록은 해야 하지만 복잡한 앱은 오히려 사용하기 어렵다는 점도 느끼게 되었습니다.

그래서 혈당지킴이는
누구나 쉽게 사용할 수 있는 직관적인 혈당 기록 앱을 목표로 개발되었습니다.

복잡한 설정이나 어려운 메뉴 없이,
혈당 수치와 인슐린 기록을 빠르게 입력하고
차트를 통해 변화 흐름을 한눈에 확인할 수 있도록 구성했습니다.

주요 기능

• 혈당 기록 관리
혈당 수치를 간단하게 입력하고 시간별로 저장할 수 있습니다.

• 인슐린 기록 관리
인슐린 투여 시간과 용량을 함께 기록하여 보다 체계적인 관리가 가능합니다.

• 일별 / 주별 / 월별 차트 제공
단순한 숫자 기록이 아니라 시간 흐름에 따른 변화를 직관적으로 확인할 수 있습니다.

• 하루 상세 혈당 흐름 확인
특정 날짜를 선택하여 하루 동안 시간대별 혈당 변화를 자세히 확인할 수 있습니다.

• 목표 혈당 범위 설정
사용자에게 맞는 목표 범위를 설정하고 정상 범위를 쉽게 비교할 수 있습니다.

• 건강 가이드 제공
혈당 관리에 도움이 되는 음식 정보와 생활 가이드를 간단하게 확인할 수 있습니다.

• PDF 건강 리포트 생성 기능
기록된 혈당 및 인슐린 데이터를 차트와 함께 깔끔한 PDF 리포트로 저장할 수 있습니다.

생성된 리포트에는 다음과 같은 정보가 포함됩니다.

* 평균 혈당
* 최고 / 최저 혈당
* 일별 / 주별 / 월별 차트
* 하루 상세 시간대 차트
* 기록 통계
* 건강 분석 요약

PDF 파일은 저장 후 바로 공유할 수 있어
병원 방문 시 의사에게 보여주거나 가족 및 보호자와 함께 건강 상태를 확인하는 데에도 용이합니다.

혈당 관리는 단기간으로 끝나는 것이 아니라
꾸준한 기록과 흐름 파악이 매우 중요합니다.

혈당지킴이는 복잡한 기능을 늘리기보다,
사용자가 부담 없이 기록을 이어갈 수 있는 환경을 만드는 데 집중했습니다.

작은 기록 하나가 쌓여 건강 패턴을 이해하는 데 도움이 되고,
꾸준한 관리 습관으로 이어질 수 있도록 계속 개선해나가고 있습니다.

앞으로도 더 편리하고 실질적으로 도움이 되는 기능들을 추가해,
당뇨 환자와 보호자 모두가 부담 없이 사용할 수 있는 건강 관리 앱이 되는 것을 목표로 하고 있습니다.
----
개발자 연락처 :
윤혜찬 서울특별시 노원구 광운로2나길 30
동신아파트, 4동 213호
노원구, 서울특별시 01900
South Korea 248-79-00495  ",도구,https://play.google.com/store/apps/details?id=com.tenthapp&hl=ko&gl=kr,,,,,,
android,kr,com.sugarlog.app,혈당 기록 - 당뇨 일지 수치관리,"재는 건 혈당계가, 남기는 건 이 앱이.

수치를 적어두기만 하면 태그에 맞는 범위로 판정하고, 추이와 리포트까지 정리해 줍니다.

📌 이런 분께
• 병원에서 혈당 수첩을 써오라고 하신 분
• 종이 수첩에 적다가 자꾸 빠뜨리는 분
• 식전·식후 수치를 구분해서 보고 싶은 분

🔑 주요 기능
• 태그별 기록 — 공복, 식전, 식후 1시간, 식후 2시간, 취침 전
• 즉시 판정 — 저장과 동시에 태그 기준 범위 안팎을 알려줍니다
• 7일·30일 그래프 — 평균, 최고, 최저를 한 화면에서
• 태그별 통계 — 어떤 시간대가 높은지 나눠서 확인
• 리포트 내보내기 — CSV, PDF로 진료 때 그대로 제출
• 기록 알림 — 원하는 시간과 요일에만 조용히

🔒 내 폰에만
모든 기록은 기기 안에만 저장됩니다. 서버로 보내지 않고, 회원가입도 필요 없습니다. 백업 파일은 직접 저장하고 직접 복원합니다.

❓ 자주 묻는 질문
Q. 혈당을 앱이 직접 측정하나요?
A. 아니요. 혈당계로 잰 수치를 기록하고 정리하는 앱입니다.

Q. 인터넷이 없어도 되나요?
A. 네. 기록, 그래프, 내보내기 모두 오프라인에서 동작합니다.

⚠️ 의료 면책
이 앱은 개인 기록을 돕는 도구이며 의료기기가 아닙니다. 진단, 치료, 처방을 대신할 수 없습니다. 치료 방침은 반드시 의료 전문가와 상의하세요.
----
개발자 연락처 :
김현우 김포한강2로 361
707동 2104호
김포시, 경기도 10081
South Korea 765-19-02261 2025-경기김포-0251 토스페이먼츠",건강/운동,https://play.google.com/store/apps/details?id=com.sugarlog.app&hl=ko&gl=kr,,,,,,
android,kr,com.siwooeo.glucosemeter,혈당 다이어리 - 당뇨 관리 기록,"매일의 혈당을 한 방울처럼 차곡차곡 — 혈당 다이어리는 당뇨 관리·예방을 위한 가장 단순하고 정확한 기록 도구입니다.

▶ 측정값을 측정 시점과 함께 기록
공복 · 식전 · 식후 2시간 · 취침 전 · 무작위 — 측정 시점에 따라 정상 기준이 달라지므로 매번 자동 분류해 표시합니다.

▶ 한눈에 보이는 추이 그래프
시간 흐름에 따른 혈당 변화를 부드러운 라인 차트로 시각화. 목표 범위(70-180 mg/dL) 가이드라인이 함께 표시되어 추세 파악이 쉽습니다.

▶ 14일 이상 누적 시 예상 당화혈색소 (eA1C)
미국당뇨병학회(ADA) 공식 평균-혈당 변환식 기반. 병원 검사 사이의 자가 모니터링 보조 지표로 사용하세요.

▶ 두 가지 분류 기준 선택
대한당뇨병학회(KDA) / 미국당뇨병학회(ADA) — 본인이나 담당 의사가 따르는 기준에 맞춰 라벨 표기를 변경할 수 있습니다. 측정값은 원본 그대로 저장되어 기준을 바꿔도 데이터가 달라지지 않습니다.

▶ 분류 카테고리 (시점별 자동 적용)
• 심한 저혈당 (< 54 mg/dL)
• 저혈당 (54-69)
• 정상 — 시점별 임계값 적용
• 전단계 (공복혈당장애 / 내당능장애)
• 당뇨
• 심한 고혈당 (≥ 300)

▶ 측정 시점 · 활동 · 컨디션 태그
운동 후 · 음주 후 · 여행 중 · 피곤함 · 스트레스 · 감기 · 인슐린 후 등 자주 쓰는 컨텍스트는 빌트인 태그로 한 번에 추가, 직접 만든 태그도 무제한으로 사용 가능합니다.

▶ 캘린더 뷰
월별 캘린더에서 측정한 날짜와 분류별 색상 도트로 한눈에 누락 없이 확인.

▶ 측정 알림
하루 최대 3회까지 원하는 시각·요일에 알림 설정. 인터넷 없이 기기 내에서만 처리됩니다.

▶ 데이터 내보내기 · 백업
의료진과 공유할 수 있는 CSV 내보내기, 기기 변경 시 안전하게 옮기는 JSON 전체 백업·복원 모두 지원합니다.

▶ 100% 로컬 저장 — 인터넷 불필요
모든 측정 기록은 기기 내 SQLite 에 저장됩니다. 클라우드로 전송하지 않으며 별도 회원가입도 필요 없습니다. 의료 정보는 사용자 본인의 기기에서만 다뤄집니다.

▶ 한국어 · 영어 지원
시스템 언어 자동 감지 또는 설정에서 직접 선택 가능. 다크 모드 지원.

═══

⚠️ 주의 — 이 앱은 자가 측정 보조용 다이어리입니다. 의료적 진단·치료 결정은 반드시 담당 의사와 상의하세요. 표시되는 분류 카테고리·추정값은 참고용 지표이며 의료적 판단을 대체하지 않습니다.

분류 기준 출처:
• 대한당뇨병학회 (KDA, 2023): https://www.diabetes.or.kr
• 미국당뇨병학회 (ADA Standards of Care in Diabetes, 2026)
----
개발자 연락처 :
안시우 선릉로86길 31
1024호 (대치동, 선릉역롯데골드로즈2)
강남구, 서울특별시 06193
South Korea 508-09-52757 제2024-서울성북-1218호 직접 발급",건강/운동,https://play.google.com/store/apps/details?id=com.siwooeo.glucosemeter&hl=ko&gl=kr,,,,,,
android,kr,maxcom.diabetes,당뇨 매니저 - 혈당 관리,"당뇨 매니저란?

우리 몸속에 흐르는 혈액내에 포함된 포도당의 농도를 조절하기 위한 호르몬인 인슐린의 분비를 관장하는 기관인 췌장의 기능장애로 인해 혈액내에 포도당의 농도가 비정상적으로 높아지는 질환인 당뇨는 그 자체로는 특별한 불편을 느낄 수 없지만 침묵의 살인자라 불리우리만큼 이에 따른 무서운 합병증을 동반하게 됩니다.

하지만 합병증에 걸리지 않도록 평소 일정한 생활 패턴, 식이요법, 운동등을 통하여 꾸준히 혈당을 관리한다면 평생 문제가 없을 수도 있습니다.

그러나 많은 환자들이 현재의 활동에 불편이 없다는 이유로 쉽사리 합병증의 무서움을 망각하고 관리에 소홀해지기도 합니다.

'당뇨 매니저'는 당뇨와 관련한 다양한 관리 포인트를 입력하면 그래프, 리스트 등을 이용하여 보다 체계적으로 관리하고 병원진료 시 적극적인 활용이 가능하도록 제작된 어플리케이션 입니다.

주요기능

- 각종 수치의 기록 : 혈당, 투약, 체중, 혈압, 섭취칼로리, 운동량등을 체계적으로 기록할 수 있습니다.

- 각종 수치의 편집 및 수정 : 달력을 이용하여 입력된 데이터의 종류를 쉽게 확인할 수 있으며, 달력의 일자를 클릭하면 해당일자 데이터의 편집 및 수정이 가능합니다.

- 그래프의 활용 : 기록된 수치를 그래프로 도식화하여 수치의 변화정도를 쉽게 확인할 수 있습니다.

- 리스트의 활용 : 기록된 수치를 정리하여 리스트(목록)으로 표시하므로 병원진료시 적극적인 활용이 가능합니다.

- 알림기능 : 지정된 식사시간, 혈당 측정시간, 투약시간을 자동으로 알려줍니다.

당뇨 매니저는 사용자에 대한 어떠한 정보도 서버로 전송하거나 저장하는것 없이 사용중인 단말기 내에 데이터가 저장되므로 개인정보 유출의 우려없이 안심하고 사용하실 수 있습니다.

본 버전은 광고가 포함된 무료버전입니다.
----
개발자 연락처 :
맥스컴 대한민국 서울특별시 금천구
금천구 가산디지털1로 181, 지1층 비116호(가산동, 가산 W CENTER)
08503 1132143824 2014-서울금천-0305 금천구청",건강/운동,https://play.google.com/store/apps/details?id=maxcom.diabetes&hl=ko&gl=kr,,,,,,
android,kr,com.asma.healthslme,당뇨관리 앱 - 당뇨병 혈당관리 당뇨약 혈당영양제,"혈당 관리, 잘 하고 계신가요?

당뇨를 예방하기 위해서는 혈당 관리를 잘해야 합니다.

당뇨관리 앱 - 당뇨병 혈당관리 당뇨약 혈당영양제 어플리케이션을 통해 혈당 관리 정보를 얻어보세요!

* 이런 분들께 추천드립니다.

- 혈당 케어에 어려움을 느끼시는 분
- 식후 혈당 조절이 필요하신 분
- 식사 때마다 혈당이 신경 쓰이시는 분
- 혈당 건강에 고민을 갖고 계신 어르신
- 미리미리 혈당을 케어하고 싶으신 분
- 균형 잡힌 식습관 관리가 필요하신 분
- 체내 대사 활동에 도움이 필요하신 분
- 간편하게 혈당관리를 하고 싶으신 분",생산성,https://play.google.com/store/apps/details?id=com.asma.healthslme&hl=ko&gl=kr,,,,,,
android,kr,co.wiserapps.glycemicindex,GI·GL 식품지수:저GI·혈당·당뇨,"혈당 지수 가이드: 당뇨병 앱으로 당뇨병과 영양 관리를 주도하세요! 혈당 지수(GI), 혈당 부하(GL), 혈당, 포도당, 탄수화물, 식사, 칼로리, 체중, 혈압 등을 한 번에 관리할 수 있는 올인원 앱입니다!
1형 당뇨병, 2형 당뇨병, 당뇨병 전단계, 인슐린 저항성으로 생활 중이거나 단순히 저탄수화물, 케토, 건강한 식단을 유지하고 싶다면 이 앱이 당신의 스마트한 동반자가 되어 드립니다.

✨ 주요 기능:
• 혈당 지수 & 부하 추적기 📊
• 혈당, 포도당 & 탄수화물 기록 🩸
• 당뇨병 레시피 & 식사 플래너 🍲
• AI 건강 어시스턴트 🤖
• 체중 및 칼로리 추적기 ⚖️
• 영양 정보 및 식품 데이터베이스 🍎
• 맞춤형 식품 기록 및 분석 📈
• 알림 및 리마인더 ⏰
• 저혈당지수(GI), 케토 및 저탄수화물 식단 지원 🥗
• 광고 없는 환경 🚫

🔹 손쉽게 건강을 관리하세요!
혈당, 포도당 수치, 탄수화물, 칼로리, 식사, 간식, 물 섭취량, 체중을 간편하게 기록하세요. 수천 가지 식품의 상세한 혈당 지수, 혈당 부하, 영양 정보, 주요 영양소 분포를 확인할 수 있는 식품 추적기를 활용하세요.
명확한 차트와 분석으로 진행 상황을 시각화하세요. 혈당 측정, 식사 기록, 체중 측정을 위한 알림으로 동기를 유지하세요!

🔹 당뇨병 레시피 & 식단 계획이 간편해집니다!
아침, 점심, 저녁, 간식을 위한 건강하고 맛있으며 쉬운 당뇨병 레시피 컬렉션을 탐색하세요! 저혈당지수, 저탄수화물, 글루텐 프리, 비건, 케토, 고섬유질 옵션으로 필터링하세요.
식사 계획을 세우고, 쇼핑 목록을 작성하며, 매일 균형 잡힌 영양을 즐기세요.

🔹 스마트 AI 기반 어시스턴트!
혈당 지수, 당뇨 관리, 인슐린, 탄수화물, 설탕, 포도당 또는 건강 식품에 대해 궁금한 점이 있으신가요? AI 어시스턴트에게 질문하면 24시간 내내 즉각적이고 맞춤형 답변, 영양 팁, 과학적 근거를 바탕으로 한 지침을 받을 수 있습니다.

🔹 포괄적인 기록 및 동기 부여!
혈당, 포도당, 탄수화물 섭취량을 모니터링하세요. 체중, 수분 섭취량, 신체 활동을 기록하여 건강 상태를 종합적으로 파악하세요.
A1c, 일일 탄수화물 제한량, 체중 감량 등 목표를 설정하고 달성하세요.

🔹 이 앱은 누구를 위한 것인가요?
• 당뇨병(1형, 2형), 당뇨병 전단계, 인슐린 저항성 환자
• 혈당 지수/부하, 혈당, 포도당, 탄수화물, 칼로리를 추적하는 모든 분
• 저탄수화물, 케토, 식물성, 글루텐 프리, 건강한 식습관을 가진 분
• 체중, 영양, 혈압 또는 대사 건강을 관리하는 다이어터 및 관리 대상자

지금 당장 '혈당 지수 가이드: 당뇨병'을 다운로드하고 건강을 주도하세요!
추적을 시작하고, 더 현명하게 식사하며, 당뇨병 환자에게 적합한 맛있는 레시피, 건강한 습관, 더 나은 혈당 조절의 세계를 발견하세요.

🔗 이용 약관: https://www.wiserapps.co/glycemicindex-terms-conditions
🔒 개인정보 처리방침: https://www.wiserapps.co/glycemicindex-privacy-policy",건강/운동,https://play.google.com/store/apps/details?id=co.wiserapps.glycemicindex&hl=ko&gl=kr,,,,,,
android,kr,com.axel_stein.glucose_tracker,Diabetes Tracker,"혈당과 영양을 모니터링하는 일기는 당뇨병 환자의 삶에서 중요한 것입니다. Diabetes Tracker 응용 프로그램은이 진단에 처음 직면 한 사람들과 오랫동안 아팠던 사람들 모두를 돕기 위해 만들어졌습니다.

응용 프로그램에서 찾을 수있는 항목 :
• 여러 측정 결과를 입력하기위한 열이있는 편리한 다이어리
• 기타 중요한 정보를 입력 할 수있는 참고 사항 : 텍스트 크기-140 자
• 필요한 경우 3 개월 이전에 저장된 오래된 정보를 얻는 데 도움이되는 아카이브
• 통계-포도당 조절 결과가 분석되고 해석되는 섹션
• 컬러 차트-다른 기간의 결과를 시각적으로 모니터링하기위한 ""혈당 그래프""(예 : 2 주, 1 개월, 3 개월. 사용자는 또한 1 년 동안 HbA1c 변화 그래프를 볼 수 있습니다.
• 포도당 모니터링의 모든 결과를 안전하고 기밀로 유지하기위한 Google 드라이브 통합
• 인터페이스 설정

누락 된 사항 : 광고, 유료 서비스, 올바른 섹션으로 이동하기위한 복잡한 ""다중 방법"", 산성 색상 및 기타 성가신 것.

<b> 일기 
모든 당뇨병 환자는 하루에 여러 번 혈당을 측정해야한다는 것을 알고 있습니다. 응용 프로그램에는 제어 결과를 입력 할 수있는 기능이 있습니다.
• 공복 및 아침 식사 후
• 점심 및 저녁 식사 전 / 후
예를 들어 건강이 악화되는 경우와 같이 특별한 측정 결과를 입력하는 것이 편리한 ""기타""열도 있습니다.

<b> 참고 
매번 측정 한 후에는 각 식사와 함께 무엇을 얼마나 먹고 마 셨는지 정확히 기록하는 것이 좋습니다. 혈압, 분석과 같은 다른 데이터를 입력 할 수 있습니다. 이러한 세부 사항은 그 자체로도 중요합니다. 그들의 도움으로 어떤 음식이 포도당 수준뿐만 아니라 혈압 또는 기타 지표에 어떤 영향을 미치는지 결정할 수 있습니다.

<b> 보관 
어떤 경우에는 질병의 역학을 추적하기 위해 이전 몇 달 또는 몇 년의 데이터가 필요합니다. Diabetes Tracker 앱은 3 개월 이전의 모든 측정 값과 메모를 아카이브에 저장합니다.
페이지 하단에있는 동일한 이름의 탭으로 전환하면 사용자는 예를 들어 의사에게 전송할 수있는 이전 데이터에 액세스 할 수 있습니다.

<b> 통계 
지난 2 주, 1 개월 및 3 개월의 최소, 평균 및 최대 혈당 측정 값이 저장되는 매우 중요한 섹션입니다.
이를 기반으로 평균 값이 표시됩니다. 계산 된 당화 헤모글로빈-HbA1c 값으로 자동 변환됩니다. 당화 헤모글로빈은 모든 유형의 당뇨병 과정을 성공적으로 제어하는 ​​데있어 가장 중요한 지표 중 하나입니다.
얻은 결과에 따라 당뇨병에 대한 좋은, 상대적 또는 열악한 제어 등급이 부여됩니다. 보다 편리하고 정보 제공 용 콘텐츠를 위해 평가는 녹색, 주황색 또는 빨간색으로 표시됩니다.

<b> 인터페이스 설정 
응용 프로그램은 사용자 요청에 따라 사용자 정의 할 수 있습니다. 다음 설정이 구현되었습니다.
• 주간 / 야간 모드 (저녁이나 야간에 포도당을 측정해야 할 때 매우 편리함)
• 포도당 측정 단위는 mmol / L 및 mg / dL입니다. 첫 번째는 소비에트 이후 국가에서 일반적으로 사용되며 두 번째는 미국과 서유럽에서 사용됩니다. 빠른 단위 교체는 특히 상담 및 치료를 위해 해외로 여행하는 사람들에게 적합합니다.

또한 사용자는 데이터를 백업하고 다른 파일에서 가져올 수 있습니다.

Diabetes Tracker 앱은 머티리얼 디자인 지침을 따릅니다. 게다가 의사가 만든 것이기 때문에 혈당 결과에 대한 해석은 환자의 확신을 가질 만하다.</b></b></b></b></b>",의료,https://play.google.com/store/apps/details?id=com.axel_stein.glucose_tracker&hl=ko&gl=kr,,,,,,
android,kr,com.mydiabetes,Diabetes:M - Blood Sugar Diary,"스마트폰과 태블릿 모두에서 사용할 수 있도록 설계된 이 애플리케이션은 당뇨병을 더 효과적으로 관리하고 조절하는 데 도움을 줍니다. 제1형 당뇨병, 제2형 당뇨병, 임신성 당뇨병 환자이든, 가족 구성원의 당뇨병 관리를 돕고 싶든, 이 앱은 여러분에게 꼭 필요한 당뇨병 관리 기록 앱입니다.

이 애플리케이션은 당뇨병 치료의 거의 모든 측면을 추적하고 상세한 보고서, 차트 및 통계를 제공합니다. 이러한 보고서는 담당 의사에게 이메일로 전송할 수 있습니다. Diabetes:M은 또한 다양한 도구를 제공하여 혈당 수치 추세를 파악하고, 매우 효과적인 볼러스 어드바이저를 통해 정상 및 장기간 인슐린 볼러스 투여량에 대한 정보를 얻을 수 있도록 도와줍니다.

또한 방대한 영양 데이터베이스를 통해 음식 섭취량 및 영양 정보, 운동 시간 등을 추적할 수 있습니다. 간편하면서도 강력한 알림 시스템으로 혈당 검사를 잊지 않도록 도와줍니다.

Diabetes:M은 다양한 혈당 측정기 및 인슐린 펌프의 당뇨병 관리 소프트웨어 시스템에서 내보낸 파일을 통해 가져온 데이터를 분석할 수 있습니다.

Diabetes:M 플랫폼은 CE 인증을 받은 1등급 의료기기입니다.

프리미엄 구독 기능
건강 관리에 진심이라면, 저희 구독 플랜에는 다음과 같은 기능이 포함되어 있습니다.

+ 광고 제거 – 구독하시면 앱에서 모든 광고가 제거되어 중요한 기능에만 집중할 수 있습니다.

+ 블루투스 연동 – 가장 인기 있는 블루투스 혈당 측정기와 연동됩니다.

+ 추가 프로필 2개 – 모든 기능을 갖춘 프로필을 최대 2개까지 추가로 설정할 수 있습니다. 가족 구성원(또는 반려동물)의 혈당을 관리할 수 있습니다.

+ 추가 검사 결과 기록 – 종합 대사 패널, 신장 기능 검사 등 다양한 검사 결과를 기록할 수 있습니다.
+ 확장된 음식 데이터베이스 – 서버 음식 데이터베이스에 더욱 쉽게 접근할 수 있으며, 선택한 음식을 '식사' 또는 '요리'로 저장할 수 있습니다.
+ 패턴 분석 – 혈당 기록 데이터를 고급 분석하여 가장 가능성이 높은 문제 원인을 설명해 드립니다.

+ 동기화 – 데이터 변경 시 여러 기기를 자동으로 동기화합니다. 모든 모바일 기기를 사용하여 간편하게 혈당을 관리할 수 있습니다.

+ 보고서 - PDF 또는 XLS 형식으로 보고서를 받아보세요",의료,https://play.google.com/store/apps/details?id=com.mydiabetes&hl=ko&gl=kr,,,,,,
android,kr,diabetes.tracker.log.blood.sugar.insulin,당뇨 트래커,"당뇨 트래커는 당뇨병과 함께 살아가는 현실을 위해 만들어진 혈당 및 인슐린 일기입니다. 모든 측정값, 모든 용량, 모든 식사를 기록하고, 수치를 움직이는 패턴이 명확해지는 것을 확인하세요.

1형, 2형, LADA, MODY, 임신성 당뇨병 및 전당뇨병을 관리하는 성인과 어린이, 그리고 인슐린을 사용하는 어린이의 부모와 사랑하는 사람을 위해 기록하는 간병인을 위해 제작되었습니다.

🩸 혈당 추적
중요한 맥락과 함께 몇 초 만에 측정값을 기록하세요:
- 공복, 식전, 식후, 취침 전, 새벽 3시 측정값
- 운동 전후
- 특정 음식에 대한 반응
- 스트레스, 질병 또는 수면 부족 태그
- 사용자 정의 가능한 임계값으로 저혈당 및 고혈당 알림
- 범위 내 시간 추정치
- 평균 혈당 및 예상 A1C
- Health Connect를 통한 CGM 데이터 동기화

💊 인슐린 및 약물
모든 용량을 완전한 맥락과 함께 추적하세요:
- 장기 작용 인슐린
- 속효성 인슐린
- 사전 혼합 인슐린 및 펌프 볼루스 계산
- sulfonylureas, DPP-4 inhibitors와 같은 경구 약물
- SGLT2 inhibitors
- GLP-1 agonists
- 주사 및 펌프 부위 교체 기록
- 리필 알림 및 용량 타이밍 알림

🍽️ 식사 및 탄수화물 기록
볼루스를 식사에 맞추세요:
- 선택적 사진과 함께 탄수화물 계산
- 지연된 스파이크를 위한 지방 및 단백질 메모
- 음식별 혈당 영향 태그 지정
- 느린 소화 대 빠른 소화 메모
- 식사 시간 및 간식 추적
- 수분 섭취 추적

⚠️ 증상 및 이벤트
몸이 당신에게 무엇을 말하는지 포착하세요:
- 저혈당 징후: 떨림, 발한, 혼란, 배고픔
- 고혈당 징후: 갈증, 피로, 시야 흐림, 잦은 배뇨
- 당뇨병성 케톤산증 경고 징후
- 발 검사 및 피부 상태 메모
- 아픈 날 추적
- 당신이 정의하는 사용자 정의 증상

📈 통찰력 및 보고서
수개월간의 데이터가 내분비 전문의와의 진정한 대화가 됩니다:
- 범위 내, 범위 위, 범위 아래 시간
- 평균 혈당 및 혈당 변동성
- 수개월간의 A1C 추정 추세
- 탄수화물-인슐린 비율 분석
- 식사 반응 패턴
- 운동이 혈당 수치에 미치는 영향
- 내분비학, 1차 진료 및 CDE 방문을 위한 PDF 및 CSV 내보내기

🩺 의사와 공유
- 내분비학 및 1차 진료 방문을 위한 원탭 보고서
- 저혈당 및 고혈당 에피소드 강조
- 간병인 또는 파트너와 읽기 전용 링크 공유
- 자녀의 당뇨병을 관리하는 부모를 위한 다중 프로필 지원

🏃 일상생활을 위해 설계
- 30초 빠른 기록
- 걸음 수, 심박수, 수면 및 체중을 위한 Health Connect 동기화
- 측정값, 약물 및 식사 알림
- 선택적 생체 인식 잠금
- 암호화된 클라우드 백업이 있는 오프라인 모드

📚 건강 경로
- 탄수화물 계산 튜토리얼
- 아픈 날 규칙 및 케톤 인식
- 운동 및 혈당 교육
- 발 관리 및 예방
- 1형 및 2형 관리 지침에 대한 쉬운 언어 가이드

🛡️ 개인 정보 보호 및 보안
- 선택적 암호 및 생체 인식 잠금
- 오프라인 우선, 데이터는 기기에 유지됩니다
- 당신이 제어하는 암호화된 클라우드 백업
- 광고 없음, 데이터 판매 없음, 영원히

면책 조항: Diabetes Tracker는 정보 제공 및 개인 추적 목적으로만 사용됩니다. 의료 기기가 아니며 의학적 조언, 진단 또는 치료를 제공하지 않습니다. 의료 관련 문제는 항상 자격을 갖춘 의료 전문가와 상담하십시오.",건강/운동,https://play.google.com/store/apps/details?id=diabetes.tracker.log.blood.sugar.insulin&hl=ko&gl=kr,,,,,,
android,kr,team.oreum.bsdiary,혈당일기 - 당뇨관리 혈당기록 혈당수첩,"혈당일기는 매일의 혈당을 간편하게 기록하고 관리하는 당뇨 혈당수첩 앱이에요.
공복혈당·식후혈당을 시점별로 기록하고, 식사·운동·투약에 따른 혈당 변화를 한눈에 정리하고, 진료 때 의료진에게 PDF로 바로 공유하는 것까지 — 혈당 관리에 필요한 모든 걸 혈당일기 하나로.

복잡한 설정 없이 큰 글씨로 누구나 쉽게 쓰는 무료 혈당 기록 앱입니다.

━━━━━━━━━━━━━━━━━━━━
어려운 건 앱이 다 해요
━━━━━━━━━━━━━━━━━━━━
공복 혈당, 식전·식후 혈당, 취침 전 혈당 등 측정 시점별로 빠르게 혈당 기록을 남길 수 있어요.
식사, 운동, 인슐린·약 복용까지 간단한 터치 몇 번이면 하루 혈당체크가 끝나요.
복잡한 조작 없이 누구나 부담 없이 매일 쓰는, 가장 간편한 당뇨 관리 앱이에요.

━━━━━━━━━━━━━━━━━━━━
내 혈당 패턴, 통계로 한눈에
━━━━━━━━━━━━━━━━━━━━
주간·월간 평균 혈당, 최고·최저 수치, 목표 범위 초과율을 자동으로 계산해 드려요.
식후 혈당 변화, 운동 후 혈당 변화를 깔끔한 표로 한눈에 비교할 수 있어요.
나만의 목표 혈당 범위를 설정하면 매일의 당뇨 관리가 훨씬 쉬워져요.

━━━━━━━━━━━━━━━━━━━━
의료진에게, 가족에게, 간편하게 공유
━━━━━━━━━━━━━━━━━━━━
기록한 혈당 데이터를 PDF 또는 이미지로 변환해 바로 공유할 수 있어요.
진료 전에 혈당을 따로 정리하거나 수첩에 옮겨 적을 필요가 없어요.
함께 사는 가족은 물론, 멀리 있는 가족에게도 혈당 상태를 간편하게 전달할 수 있어요.

━━━━━━━━━━━━━━━━━━━━
내 건강 기록은 안전하게
━━━━━━━━━━━━━━━━━━━━
모든 혈당 데이터는 암호화되어 저장돼요.
사용자 동의 없이 외부에 공유되지 않으며, 오직 본인만 접근할 수 있어요.

━━━━━━━━━━━━━━━━━━━━
이런 분들이 혈당일기를 쓰고 있어요
━━━━━━━━━━━━━━━━━━━━
- 매일 공복혈당·식후혈당을 측정하고 기록하시는 분
- 당뇨 전단계로 혈당 관리를 시작하신 분
- 식단과 운동에 따른 혈당 변화가 궁금하신 분
- 임신성 당뇨(임당)로 혈당 관리가 필요하신 분
- 부모님 혈당을 대신 기록해 드리는 가족
- 진료 시 정리된 혈당 데이터를 의료진에게 보여드리고 싶은 분
- 혈당수첩에 손으로 적는 게 번거로우신 분
- 공복·식후 혈당 변화를 체계적으로 관리하고 싶은 분

복잡한 당뇨 관리, 이제 혈당일기 하나로 간편하게.
지금 무료로 혈당 기록을 시작해 보세요.
----
개발자 연락처 :
주식회사 팀오름 서초중앙로18길 31
2층 287호(서초동, 용원빌딩)
서초구, 서울특별시 06541
South Korea 612-86-02668 2023-서울서초-2337 서울특별시 서초구",건강/운동,https://play.google.com/store/apps/details?id=team.oreum.bsdiary&hl=ko&gl=kr,,,,,,
android,kr,com.flolulu.glupress,글루펄스 – 혈당 혈압 당뇨 관리,"오늘 내 혈당과 혈압, 괜찮을까요?
글루펄스가 색상과 그래프로 바로 알려드립니다.
깔끔하고 단순한 디자인으로 누구나 쉽게 쓸 수 있는 건강 관리 앱입니다.

왜 글루펄스인가?
• 직관적인 화면으로 한눈에 상태 확인
• 불필요한 기능은 빼고 꼭 필요한 것만
• 빠른 입력과 색상 그래프로 쉽게 인식

주요 기능
• 혈당·혈압 빠른 기록
• 정상/주의/위험 색상 표시
• 일·주·월별 그래프 제공
• 알림으로 측정 시간 잊지 않기
• 진료 시 활용할 수 있는 PDF 리포트

개인정보 보호
• 모든 기록은 내 기기에만 저장
• 회원가입 없이 바로 사용 가능
• 인터넷 연결 없이도 작동
• 데이터 공유는 진료용 리포트 내보낼 때만

필요한 것만, 가장 쉽게.
지금 글루펄스와 함께 건강 관리 습관을 시작하세요.
----
개발자 연락처 :
Gxlab Inc. 대한민국 16509 경기도 수원시
영통구 도청로 65, 5410동 2402호(이의동, 자연앤힐스테이트) 340-88-03179 2023-수원영통-1347 본인 직접 신고",건강/운동,https://play.google.com/store/apps/details?id=com.flolulu.glupress&hl=ko&gl=kr,,,,,,
android,kr,com.healthchosun.mildang365,밀당365 - 당뇨병의 모든 정보,"소홀해지기 쉬운 혈당 관리, 이제는 밀당365가 여러분의 동반자입니다. 

●밀당365가 드리는 약속
-매일 한 줄씩 당뇨병 명의의 혈당 조언을 보내드릴게요.
-검증된 양질의 정보만 읽기 쉽게 정리해드릴게요.
-다이어리 따로 사지 않고도 혈당을 한 눈에 파악하도록 해드릴게요.
-다양한 이벤트를 마련할게요. 푸짐한 상품을 받아가세요.
-메일함 열어보지 않고도 뉴스레터 확인할 수 있게 해드려요.

●밀당365 부탁의 말씀
-매일 정오 아주 간략한 '한 줄 닥터' 보내드려요. 꼭 실생활에 적용해 보세요.
-월·수·금 발행하는 뉴스레터는 꼭 읽어주세요. 당뇨병 최신 동향이 담겼어요.
-혈당을 가급적 많이 기록하세요. 자신의 혈당 패턴이 한 눈에 확인됩니다.
-재미나고 상품이 다양한 이벤트에 여러분의 지인도 초대해주세요.

밀당365 앱만 잘 사용하셔도 당뇨병에 관한 지식은 부족하지 않을 겁니다.
여러분의 매일매일이 건강하기를 진심으로 기원합니다.",건강/운동,https://play.google.com/store/apps/details?id=com.healthchosun.mildang365&hl=ko&gl=kr,,,,,,
android,kr,ru.hintsolutions.diabets,Diabetes,"DIABETES®는 일상적인 당뇨병 자가 관리를 위한 당뇨병 앱, 당뇨병 기록부, 당뇨병 일기입니다. 제1형 및 제2형 당뇨병 환자를 위해 혈당, 포도당, 혈당 일지, 인슐린 투여량, 인슐린 투여량, 음식 일지, 혈압 등을 추적할 수 있습니다.

임상 의사들과 함께 개발하고 의대 교수 및 당뇨병 전문가들의 긍정적인 평가를 받은 DIABETES®는 전문적인 당뇨병 관리 도구와 일상생활에 최적화된 간편한 일일 일기 기능을 결합했습니다.

혈당, 포도당, 혈당, 식사, BTF(빵 단위), 탄수화물, 단백질, 지방, 칼로리, 인슐린 투여량, 복용 약물, 체중, 혈압 등 모든 당뇨병 데이터를 한 곳에서 관리하세요. 이 앱은 수동 계산을 줄이고, 의사 진료 보고서를 작성하며, 일일 혈당 조절 상태를 파악하는 데 도움을 줍니다.

무료 버전:
• 혈당 추적기, 혈당 일지, 당뇨병 관리 기록
• 일일 혈당 입력, 혈당 기록, 식후 혈당 기록
• 혈당 확인 및 혈당 확인 알림
• 1형 및 2형 당뇨병 환자를 위한 당뇨병 일기 및 건강 추적기
• 입력 데이터 및 개인 설정에 따른 빵 단위(BU), 단백질, 지방, 탄수화물, 칼로리 및 인슐린 용량 자동 계산
• 0.01, 0.1, 0.5 단위의 분할 인슐린 투여 지원 및 펌프 기록
• 인슐린 투여 기록, 인슐린 일지, 인슐린 교정 메모 및 인슐린 투여 알림
• 시간대별 개인 인슐린 민감도 설정
• 신체 활동을 고려한 유연한 인슐린 요법
• 저혈당, 고혈당, 일일 인슐린 투여량 제한 및 과다 투여 위험 관리 경고
• 간편한 색상표를 이용한 저혈당 및 고혈당 위험 관리
• 인슐린 데우기, 약 복용, 인슐린 투여 중단 종료 및 식후 혈당 확인 알림
• 빵 단위(BU) 계산기 탄수화물 추적 및 영양 일기
• 칼로리, 단백질, 지방, 탄수화물 및 다량 영양소 계산 기능이 있는 음식 일기
• 4,000개 이상의 식품 데이터베이스 및 사용자 지정 요리 추가
• 혈당 통계, 혈당 변동성, 차트 및 HbA1c 추정치 제공
• 빵 단위(BU), 칼로리, 다량 영양소, 인슐린, 혈압, 체중 및 위험 지표 통계 제공
• 의사를 위한 당뇨병 기록 보고서 PDF/XLS 파일 내보내기
• 이메일 또는 메신저로 보고서 공유
• 광고 없는 사용 환경
• 개발자 및 숙련된 사용자 커뮤니티 지원
• 당뇨병 교육 프로그램
• 혈당, 탄수화물, 인슐린을 빠르게 입력할 수 있는 Wear OS 전용 앱

PRO 버전:
• Open Food Facts, USDA 및 English FatSecret에서 제공하는 12,000개 이상의 추가 식품 정보
• 클라우드 동기화 및 클라우드 데이터베이스 내보내기
• 환자 및 관찰자 모드를 포함하여 여러 휴대폰에서 하나의 당뇨병 기록 관리
• 안드로이드 기기에서 인슐린 펌프 지원
• 호환되는 블루투스 기기를 통한 자동 판독 및 혈당 측정기 동기화
• 선택한 혈당 측정기, 혈당계 및 혈당 데이터 동기화 • 혈압계
• 호환 혈당 측정기: Contour Plus One, OneTouch Select Plus Flex, OneTouch Verio Reflect, Arkray GlucoCard Σ+Link, Satellite Online, Diacont Connect, Accu-Chek Instant
• 혈압계 지원: SberZdorovye 및 Omron
• ECG 기기 지원: CardioQvark
• xDrip, Nightscout, AndroidAPS, Ottai, Juggluco, LibreLinkUp, Dexcom Share, Syai App, Aidex, Diabox, Glimp, Glunovo, Intelligo, Poctech, WatchDrip+ 등과 연동

매일 혈당을 입력하는 무료 당뇨병 앱이 필요하든, 인슐린 추적, 혈당 차트, 혈당 통계, 의사 보고서, 혈당계 동기화, 혈당 및 혈압 추적 기능을 갖춘 고급 당뇨병 관리 앱이 필요하든, DIABETES®는 자가 모니터링을 서류 작업으로 만들지 않고도 당뇨병 관리를 체계적으로 할 수 있도록 도와줍니다.

중요: 이 앱은 자체적으로 혈당을 측정하지 않으며 지문 혈당 검사 앱이 아닙니다. 이 기기는 사용자가 입력한 값 또는 호환되는 외부 장치 및 통합 기능에서 수신한 값을 기록합니다. DIABETES®는 의료 기기가 아니며 어떠한 질병도 진단, 치료, 완치 또는 예방하지 않습니다. 의학적 조언 및 인슐린 투여량 결정은 자격을 갖춘 의료 전문가와 상담하십시오.",의료,https://play.google.com/store/apps/details?id=ru.hintsolutions.diabets&hl=ko&gl=kr,,,,,,
android,kr,karrel.glucocare.app,혈당 노트,"혈당 노트는 당뇨 환자와 혈당 관리가 필요한 분들을 위한 간편한 혈당 기록 앱입니다.
하루 동안의 혈당 수치, 식사 내용, 운동 기록을 한 곳에서 관리하고, 직관적인 차트와 달력으로 건강 상태를 한눈에 파악할 수 있습니다.
■ 혈당 기록
공복, 식전, 식후, 취침 전 등 시간대별로 혈당 수치를 기록할 수 있습니다. 정상, 저혈당, 고혈당 상태를 자동으로 판별하여 색상과 아이콘으로 표시해 줍니다. 인슐린 투여량도 함께 기록할 수 있습니다.
■ 식사 기록
아침, 점심, 저녁, 간식 등 식사 종류별로 내용을 기록하고, 음식 사진을 촬영하거나 갤러리에서 첨부할 수 있습니다. 탄수화물과 칼로리도 입력하여 식단 관리를 도와줍니다.
■ 운동 기록
걷기, 달리기, 자전거, 수영, 요가, 근력운동 등 다양한 운동 종류와 시간, 강도를 기록할 수 있습니다. 주간 운동 목표 달성률을 한눈에 확인할 수 있습니다.
■ 통계 & 차트
일별 평균 추이 그래프, 시간대별 평균 혈당 막대 차트, 식사 전후 혈당 변화 비교 차트를 제공합니다. 7일, 14일, 30일, 90일 단위로 기간을 설정하여 혈당 패턴을 분석할 수 있습니다. 평균, 최저, 최고, 표준편차, 추정 A1C 등 주요 통계도 확인할 수 있습니다.
■ 달력 뷰
월별 달력에서 날짜별 혈당 상태를 색상으로 확인하고, 날짜를 선택하면 해당 날의 모든 기록을 시간순 타임라인으로 볼 수 있습니다.
■ AI 분석
AI가 혈당 데이터를 분석하여 패턴과 개선점을 제안합니다.
■ 목표 설정
목표 혈당 범위, 측정 알림, 운동 목표 등을 개인 맞춤으로 설정할 수 있습니다.
※ 이 앱은 혈당 관리를 돕기 위한 도구이며, 의료 진단이나 치료를 대체하지 않습니다. 건강에 관한 결정은 반드시 의료 전문가와 상담하세요.
----
개발자 연락처 :
이주영 신봉2로 26
101동 1201호
수지구, 용인시, 경기도 16817
South Korea 289-11-03270 없음 없음",의료,https://play.google.com/store/apps/details?id=karrel.glucocare.app&hl=ko&gl=kr,,,,,,
android,kr,com.aadhk.bloodsugar,혈당 추적기 - 당뇨병,"<b>혈당 추적기</b>를 사용하면 쉽게 혈당을 기록하고 당뇨병을 모니터링하며 혈당 보고서를 의사와 공유할 수 있습니다.

<b>주요 기능</b>
★ 혈당 및 활동 기록
★ 캘린더는 데이터 조회 및 추가가 편리합니다.
★ 가족 및 의사와 혈당 보고서 공유
★ csv, Excel 및 pdf 형식의 보고서
★ 혈당 기록을 탭으로 관리하세요
★ 고혈당, 저혈당, 정상혈당 자동인식
★ 혈당 최대, 최소 및 평균 요약
★ 혈당 추세 모니터링
★ 당뇨병 모니터링 및 조절에 도움

<b>P.S.</b> 앱이 마음에 드셨다면 더 나은 앱을 계속 개발할 수 있도록 좋은 리뷰를 남겨주세요. 혈당 추적 앱을 선택해 주셔서 감사합니다!",의료,https://play.google.com/store/apps/details?id=com.aadhk.bloodsugar&hl=ko&gl=kr,,,,,,
android,kr,gr.tessera.fordiabetesapp,forDiabetes: Glucose Tracker,"forDiabetes - 당뇨병 관리 앱
forDiabetes는 1형, 2형, LADA, 임신성 당뇨병, 당뇨병 전단계 등 다양한 당뇨병 유형을 위한 종합적인 추적 및 지원 앱으로, 당뇨병을 더 잘 이해하고 관리할 수 있도록 도와줍니다. 완전히 새롭게 디자인된 버전 2는 더욱 깔끔한 사용자 경험, 더 다양한 데이터 유형, 확장된 계산기, 그리고 더욱 스마트해진 도구들을 한 곳에서 모두 제공합니다.

📋 모든 중요한 데이터 기록
혈당(mg/dL 또는 mmol/L), 혈압, 산소포화도, 신체 측정(체중, 체지방, 수분 비율, 근육량), 활동량, 복용 약물(알약, 주사, 흡입제, 점안액, 패치, 국소 도포제), 식사(칼로리, 탄수화물, 단백질, 지방), 그리고 검사 결과 등 의료진에게 필요한 모든 데이터를 기록하세요. 모든 측정값을 하나의 기록부에 저장할 수 있습니다.

🔗 기기 및 앱 연결
Google Health Connect를 통해 자동으로 동기화하거나 Bluetooth를 통해 혈당 측정기와 직접 연결할 수 있습니다. 지원되는 기기에는 Accu-Chek Instant, Accu-Chek Guide, Contour Next One, Contour Next, Contour Care가 있으며, 정기적으로 더 많은 기기가 추가될 예정입니다.

🧮 스마트 도구 및 계산기
새롭게 디자인된 도구 섹션에서 강력한 계산기를 손쉽게 사용할 수 있습니다. HbA1c 추정기, 정보 제공용 볼러스(인슐린 투여량) 추정 도구, HOMA-IR(인슐린 저항성), BMI, GFR(사구체 여과율), ASCVD(심혈관 질환 위험), BMR 등을 계산할 수 있습니다. 계산 결과는 추정치이며, 의료적 결정을 내리는 데 유일한 근거로 사용해서는 안 됩니다.

⏰ 혈당 검사, 약 복용, 병원 예약 또는 기타 건강 관련 사항에 대한 스마트 알림을 설정하세요. 한 번, 매일 또는 특정 요일에 알림을 받도록 설정하여 중요한 시간을 놓치지 않도록 할 수 있습니다.

🆘 긴급 SOS 기능으로 가장 중요한 순간에 안전을 확보하세요. 위급 상황 발생 시, 사용자의 위치 정보를 의료진 또는 보호자에게 즉시 메시지로 전송할 수 있습니다.

📈 진행 상황 추적
주간 및 월간 차트를 통해 추세를 분석하고, 혈당 목표 범위 내 시간(Time-in-Range)을 추적하며, 혈당, 활동량(걸음 수, 칼로리 소모량, 운동 시간), 영양(일일 탄수화물 섭취량) 목표를 달성하는 데 도움을 받으세요. 앱을 열 때마다 대시보드에서 실시간 현황을 확인할 수 있습니다.

🔒 의료진과 안전하게 데이터 공유
의료진 또는 보호자와 실시간으로 건강 데이터를 공유하여 더욱 효율적이고 정확한 진료를 받을 수 있습니다.

🎯 개인 목표 설정
식전 및 식후 혈당, 일일 걸음 수, 운동 시간, 칼로리 소모량, 탄수화물 섭취량 등 자신에게 맞는 목표를 설정하세요. 앱은 모든 목표 달성 과정을 자동으로 추적합니다.

📶 오프라인 사용 가능
인터넷 연결 없이도 데이터를 기록하고 확인할 수 있습니다. 인터넷에 다시 연결되면 모든 데이터가 자동으로 동기화됩니다.

⭐ 주요 기능
- 종합적인 기록부: 혈당, 혈압, SpO2, 신체 측정, 식사, 복용 약물, 활동, 검사 결과
- Google Health Connect 연동
- 블루투스 혈당 측정기 페어링 (Accu-Chek Instant, Accu-Chek Guide, Contour Care, Contour Next, Contour Next One)
- 의료 계산기: HbA1c, 볼러스, HOMA-IR, BMI, GFR, ASCVD, BMR
- 긴급 SOS 기능
- 맞춤형 알림 설정
- 혈당, 활동, 영양 목표 설정
- 동적 진행 상황 차트 (주간 및 월간)
- 의료진과의 안전한 실시간 데이터 공유
- 클라우드 동기화를 통한 오프라인 지원
- Google, Facebook 또는 이메일로 로그인
- 단위: mg/dL 또는 mmol/L, kg 또는 lbs, km 또는 miles
- 다국어 지원: 영어, 독일어, 스페인어, 프랑스어, 이탈리아어, 그리스어, 폴란드어 포르투갈어, 체코어, 슬로베니아어, 인도네시아어, 헝가리어, 덴마크어, 네덜란드어, 슈키프어, 불가리아어 등
- 광고 없음

면책 조항
forDiabetes는 당뇨병 추적 및 관리 도구입니다. 전문적인 의료 조언, 진단 또는 치료를 대체할 수 없습니다. 치료법을 변경하기 전에 항상 당뇨병 관리팀과 상담하십시오. 이 앱은 의학적 진단이나 치료 권장 사항을 제공하지 않습니다.

forDiabetes - 더 나은 삶을 향한 한 걸음.",건강/운동,https://play.google.com/store/apps/details?id=gr.tessera.fordiabetesapp&hl=ko&gl=kr,,,,,,
android,kr,bloodsugartracker.bloodsugartracking.diabetesapp,당뇨관리수첩 - 당뇨측정기 | 혈당측정기,"당뇨병과 함께 하는 삶은, 매순간 혈당치를 안정시키기 위해 노력해야 하는 것이죠. 너무 힘들지 않으세요? 이 스마트한 혈당치 기록기 겸 최고의 소스를 활용해서 실수 없이 기록 및 분석을 실시하고, 장기적으로 건강 문제 발생을 예방하고, 활력을 증진시키실 수 있습니다.

저희 앱의 유용한 기능들:
📝 간편하게 내 당뇨병 데이터를 기록
🍽 행동 유형(식전, 식후, 단식 중 등)에 따라서 혈당 측정치를 필터링
📖 자동으로 계산되는 혈당치 확인. 빠르고 편하게 본인이 정상인지, 당뇨병 전증인지, 당뇨병인지 확인하세요.
📈 상태에 따라서 본인의 혈당 범위를 편집
🔖 본인의 혈당 기록을 태그. 측정치를 특정하기 위해서 인슐린, 투약, 임신 등의 메모를 추가해 보세요.
📊 명료한 도표를 참조해서 모든 혈당치 변화를 확인
📆 일별, 주별, 월별 평균을 추적
🔣 선호하는 단위를 선택 (mg/dL 또는 mmol/L)
📚 광범위한 혈당 관련 지식 습득 (당뇨병의 종류, 증상, 치료 방법, 진단, 응급 처치 등)
🗄 데이터를 안전하게 백업. 본인의 데이터를 클라우드와 동기화하하면, 기기를 바꿀 때도 문제 없습니다.

- 혈당치를 언제 측정하면 좋을지 모르시겠나요?
- 종이와 펜을 사용하지 않고 편하게 혈당을 기록하고 싶으세요?
- 본인의 혈당 유형을 간단히 알고 싶으세요?
- 시간에 따른 본인의 혈당 변화를 확인할 수 있는 앱이 필요하세요?
- 생활 방식의 변화가 혈당 수준에 어떤 영향을 주는지 알고 싶으세요?
- 내 혈당 변화를 의사한테 어떻게 알리면 좋을지 모르시겠어요?

여러분의 혈당치 제어 여정을 쉽고 원활하게 진행하실 수 있도록, 저희 앱은 여러분께서 위에 언급한 모든 문제를 해결하는 데에 큰 도움을 드릴 수 있습니다.

우리 앱만의 환상적인 기능:
🌟측정치 저장 혹은 편집, 업데이트
측정치를 매우 쉽게 기록, 저장, 태그하세요. 자동 계산 혈당 범위를 위해 이벤트 유형에 따라 값을 입력하고 계속해서 라이프스타일 변경에 따른 반응을 추적하세요.

🌟혈당 범위 개인 맞춤 설정
당뇨가 있는 사람들은 보통 그 목표 범위가 다양합니다. 많은 앱들이 면역 가능한 당뇨병과 일반적 수치만을 제공하는 반면, 저희 앱은 다릅니다! 컨디션이 어떻든 자신에게 맞는 범위를 설정할 수 있습니다.

🌟추세와 내역을 명확하게 확인
일일, 주간, 월간 그래프를 빠르게 찾아 다양한 기간의 값을 비교해줍니다. 더 나아가 이벤트 유형에 따라 필터링 하여 당뇨 내역 보고서 그림을 완성할 수 있습니다.

🌟혈당 지식 찾기
유용하고 전문적인 기사를 통해 당뇨병과 관련하여 알고자 하는 것과 이를 관리하기 위한 방법 등을 찾아보세요.

지금 다운로드 하여 즉시 자신의 혈당 전문가가 되세요! 🎉",건강/운동,https://play.google.com/store/apps/details?id=bloodsugartracker.bloodsugartracking.diabetesapp&hl=ko&gl=kr,,,,,,
android,kr,com.jason.diabetesai,당뇨 케어 AI -혈당 관리 &  당뇨의 모든 AI챗봇,"당뇨병 관리 AI: 당신의 스마트 당뇨병 관리 파트너

당뇨병 관리에 어려움을 느끼시나요? 새로운 지능형 AI 도우미를 만나보세요. 고급 RAG(Retrieval-Augmented Generation) AI 시스템과 포괄적인 의료 데이터셋으로 학습된 당뇨병 관리 AI는 1형, 2형, 임신성 당뇨병, 노인성 당뇨병 등 모든 유형의 당뇨병에 대해 상세하고 정확한 답변을 제공합니다.

전 세계 160개 언어 지원 -
전 세계 160개 언어로 제공되며, 텍스트 채팅창에 원하는 언어로 질문하면 AI가 즉시 해당 언어로 답변해 드립니다. 혈당 및 식단 추적부터 복잡한 생활 습관 분석까지 모든 것을 간소화합니다. 최첨단 AI 기술을 활용하여 실시간 건강 데이터를 처리하고, 사용자에게 맞춤화된 필수적이고 실용적인 정보를 제공합니다.

✨ 주요 기능

AI의 정확한 답변 경험 -
지능형 AI 챗봇: 방대한 당뇨병 데이터 세트와 RAG 기술을 기반으로, 당뇨병 건강 상태에 대한 신뢰할 수 있고 상황에 맞는 답변을 받아보세요.

OCR-AI -
스마트 OCR-AI 분석: 스마트폰 카메라로 진단 보고서와 처방전에서 데이터를 즉시 스캔하고 추출하세요.

추출된 데이터는 AI가 상세하고 정확하게 설명해 줍니다.

혈당 추적 및 소변 검사지 -
혈당 추적: 매일 혈당 수치를 빠르게 기록하고, 상세한 검사지 데이터 분석을 통해 정확한 추세를 모니터링하세요.

소변 검사지를 사용하여 당뇨병 환자의 소변을 정확하게 분석할 수 있습니다.

AI 분석 보고서 -
AI 건강 인사이트: 추적한 데이터를 기반으로 맞춤형 일별, 주별, 월별 PDF 보고서를 받아보세요. 이러한 상세 관리 보고서를 의사와 간편하게 공유하고 내보낼 수 있습니다. 또한, HbA1c를 통해 과거 기록 데이터를 다시 확인할 수 있습니다.

실시간 AI 코칭 피드백
식단 및 탄수화물 추적: 섭취한 음식을 기록하여 혈당에 미치는 직접적인 영향을 즉시 파악하세요.

시각화된 보고서: 명확하고 읽기 쉬운 그래프를 통해 진행 상황을 한눈에 확인하고 목표 달성 여부를 점검하세요.

맞춤형 알림: 스마트 알림을 설정하여 약 복용 시간이나 혈당 측정 시간을 놓치지 마세요.

당뇨병 관리 AI를 선택해야 하는 이유?
번거로운 수동 기록은 이제 그만! 당사의 AI는 사용자의 고유한 데이터를 학습하여 신체 상태를 정확하게 파악하고 더 나은 건강을 유지할 수 있도록 지원합니다. 당뇨병 관리의 핵심은 꾸준함입니다. 지금 바로 당뇨병 관리 AI와 함께 더 건강한 습관을 만들어 보세요.
조슬린 당뇨병 센터는 환자 교육의 중요성을 강조하며, ""환자의 당뇨병 상태에 대한 교육은 치료의 일부가 아니라 치료 그 자체""라고 말합니다.

의료 면책 조항: 당뇨병 관리 AI는 건강 관리를 위한 보조 도구로 설계되었습니다. 본 정보는 전문적인 의학적 조언, 진단 또는 치료를 대신하여 사용해서는 안 됩니다. 어떠한 의학적 결정을 내리기 전에 반드시 담당 의사와 상담하십시오.
----
개발자 연락처 :
엔퍼니드스 대한민국 18404 경기도 화성시
병점구 병점로 55, 3동 204호(진안동) 167-77-00173 제 2017-화성동부-0496호 화성시청",건강/운동,https://play.google.com/store/apps/details?id=com.jason.diabetesai&hl=ko&gl=kr,,,,,,
android,kr,com.diabtrend,DiabTrend - Diabetes Diary App,"<b>가장 혁신적인 당뇨병 일기</b>
<b>매일 5분 미만으로 당뇨병을 관리하세요!</b>

음식 인식, 자동 섭취량 및 탄수화물 추정, 혈당 수치 예측으로 당신의 삶을 더 쉽게 만드십시오!

제1형, 제2형 또는 임신성 당뇨병이 있는 사람에게 적합하며 당뇨병 전단계인 사람에게도 매우 유용합니다!

“이 앱을 다운로드한 이후로 매일 사용하고 있습니다. 절대 예전 방식으로 돌아가지 않을 거에요... :)” - Jennifer

<b>기능</b>
🍔 식품 인식
🥗 부분 추정 및 자동 탄수화물 계산
🗣️ 음성 인식 기반 로깅
🔄 통합
├── 센서 → Accu-Chek, Betachek C50, Dcont Nemere
├── 소프트웨어 → Google Fit, Apple Health
├── 활동 추적기 → Amazfit Bip
└── 의료 전문가 견해
🩸 개인화 된 혈당 수치 예측
🔔 알림
❗ 하이포 및 하이퍼 경고
👨‍⚕️ 전문 보고서
📉 HbA1c 추정
🎓 의사와 영양사가 교정하는 교육 팁
👪 연장된 부모 감독


<b>🥗 자동 탄수화물 계산 </b>
가장 신뢰할 수 있는 USDA 인증 식품 데이터베이스를 사용하고 순식간에 영양가를 계산합니다.

<b>🍔 음식 인식 및 분량 추정 </b>
내장된 AI는 휴대전화의 카메라를 사용하여 1000가지 이상의 다양한 음식을 인식할 수 있습니다.
1. 음식 인식 기능을 엽니다.
2. 카메라로 식사를 하세요
3. AI가 식사, 접시 크기 및 영양가를 인식합니다.
승인만 하면 자동으로 다이어리에 추가됩니다.

<b>🗣️ 음성 인식 </b>
로깅 촉진자 - 더 빠르고 쉬운 로깅을 위해!
혈당 수치, 약물 섭취량, 날짜를 휴대전화 마이크에 대고 말하여 일기장에 추가하세요.
더 이상 수동 로깅이 필요하지 않습니다. 음성 인식 시스템으로 언제든지 값을 추가할 수 있습니다!

<b>🔄 통합</b>
센서 - Accu-Chek, Betachek C50, Abbott FreeStyle Libre 1, Dcont Nemere, MÉRYkék QKY Bluetooth 어댑터
소프트웨어 - Google 피트니스, Apple 건강
활동 추적기 - Amazfit Bip
헬스 케어 전문가

<b>🩸 맞춤형 혈당 수치 예측 </b>
4시간 전에 혈당 수치를 확인하세요.
Log 4 값 → BGL(혈당 수치), 약물 섭취, 음식 섭취 및 수면
2일의 로깅 후 AI 알고리즘은 곡선으로 혈당 수치를 표시합니다.
처음 2주 동안 알고리즘은 포도당 대사가 어떻게 행동하는지 학습하고 지속적으로 개선하며 개인화된 혈당 수준 예측을 제공합니다.

<b>🔔 알림 </b>
약물 섭취, 식사, 혈당 수치 측정, 약물 복용량 및 물 소비에 대한 지능형 알림을 설정하십시오.

<b>❗ 하이포 및 하이퍼 경고 </b>
예측된 값을 사용하여 예방할 수 있도록 의심되는 저혈당/고혈당 에피소드에 대한 경고를 받게 됩니다.

<b>👨‍⚕️ 전문 보고서 </b>
PDF로 데이터 내보내기 및 의료 보고서.

<b>📉 HbA1c 추정치 </b>
90회 측정 후 HbA1c 수치 추정.

<b>📚 교육 팁 </b>
정보, 조언, 당뇨병에 대한 조언 및 당뇨병과 그 치료에 대해 자세히 알아볼 수 있는 구체적인 지침.
10가지 주제로 구성된 구체적인 질문과 답변(개론, 생리, 섭식, 약물치료, 합병증, 응급상황, 생활습관, 혈당수치, 신체활동, 요령)
의사와 영양사가 만들고 교정했습니다.

<b>👪 연장된 부모 감독</b>
자녀 보호 기능을 사용하면 자녀에게 영향을 미치는 이벤트에 대해 부모가 알림을 받도록 개별 알림을 설정할 수 있습니다. 가족이나 친구를 초대하여 사랑하는 사람을 추적하세요.

<b>🩺 원격 진료 </b>
전문적인 관점에서 공인 의사는 온라인으로 연결된 당뇨병 환자를 추적할 수 있습니다.

<b>⭐️ 누구에게 추천하나요? </b>
당뇨병(제1형, 제2형, 임신성 당뇨병 또는 당뇨병 전증)을 앓고 있는 사람. 더 건강해지고 싶거나, 그녀의 삶을 더 쉽게 만들고 싶거나, 그녀의 식단을 추적하고 싶은 사람.

질문이 있으신가요? support@diabtrend.com으로 언제든지 문의하십시오.",건강/운동,https://play.google.com/store/apps/details?id=com.diabtrend&hl=ko&gl=kr,,,,,,
android,kr,kr.insystem.pnuh_village_app,당뇨프리,"- 식사기록 하기
: 식사를 하기 직전 사진과 하고 난 사진을 찍어 앱을 통해 올려줍니다.
: 이미 섭취한 식사 전후 사진도 올릴 수 있습니다.

- 식사기록 보기
: 이미 올린 식사기록 사진을 리뷰하거나 수정 및 삭제를 하실 수 있습니다.

- 걷기미션
: 걷기미션을 달성하여 포인트를 획득할 수 있습니다.
----
개발자 연락처 :
(주)인시스템 대한민국 부산광역시 동구
동구 조방로 22, 8-3호(범일동)
48741 536-86-00366 213 123",건강/운동,https://play.google.com/store/apps/details?id=kr.insystem.pnuh_village_app&hl=ko&gl=kr,,,,,,
android,kr,app.dailist.bloodcheck,"데일리 혈당 체크 - 임신성 당뇨, 임당, 혈당  관리","임신성 당뇨 관리, 매일 기록해야 할 것이 많습니다.

공복 혈당,
식후 1시간 혈당,
식후 2시간 혈당,
혈압,
체중,
식단,
복약 또는 인슐린 기록까지.

하루에도 여러 번 기록해야 하다 보니,
“아침 식후 혈당을 기록했나?”
“어떤 음식을 먹고 혈당이 높았지?”
“병원 갈 때 기록을 어떻게 보여주지?”
하고 헷갈릴 때가 많습니다.

[데일리 혈당체크]는 임신성 당뇨 사용자를 중심으로 만든 혈당 기록 관리 앱입니다.

혈당, 식단, 혈압, 체중, 복약/인슐린, 물 섭취, 운동 기록을 한곳에서 관리하고,
reciFit 서비스와 연동해 식단 기록과 혈당 반응을 함께 확인할 수 있습니다.

---

🤰 임신성 당뇨 중심 혈당 기록

데일리 혈당 체크는 임신성 당뇨 사용자가 매일 자주 기록하는 흐름을 기준으로 설계되었습니다.

• 공복 혈당 기록
• 식전 혈당 기록
• 식후 1시간 혈당 기록
• 식후 2시간 혈당 기록
• 취침 전 혈당 기록
• 새벽 또는 임의 혈당 기록
• 임신 주차 입력
• 출산 예정일 입력
• 병원 기준에 맞춘 목표 혈당 수정

기본 목표값을 제공하지만,
병원에서 안내받은 기준이 있다면 직접 수정할 수 있습니다.

앱은 의료 판단을 대신하지 않습니다.
기록과 생활 관리를 돕는 도구로 사용하세요.

---

🍽️ 식단과 혈당을 함께 기록

혈당 수치만 보면 원인을 알기 어렵습니다.

데일리 혈당 체크에서는 식단 기록과 혈당 기록을 연결할 수 있습니다.

예를 들어,
아침 식단을 기록하고,
식후 1시간 혈당을 입력하면,
어떤 식사 후 혈당이 높게 기록되었는지 함께 확인할 수 있습니다.

• 아침, 점심, 저녁, 간식, 야식 구분
• 음식명과 섭취량 기록
• 식단 사진 추가
• 식후 혈당과 식단 연결
• 식단별 혈당 반응 확인
• 식단 수정 가능

---

🍚 레시핏(reciFit) 서비스와 식단 기록 연동

데일리 혈당 체크는 DAiLIST 통합회원 생태계 안에서 레시핏(reciFit) 서비스와 연결될 수 있습니다.

레시핏(reciFit)과 연동하면,
한국인 필수 영양소 섭취기준(KDRIs)를 기준으로 섭취 영양 현황과
당류 함량이 낮은 레시피를 중심으로 식단을 제안해 드립니다.

예를 들어,
• 식단 기록
• 식단 사진
• 음식명
• 섭취량
• 식사 시간
• 식후 혈당 기록

이 데이터를 함께 보면,
단순한 혈당 기록을 넘어 식후 혈당 반응을 더 쉽게 이해할 수 있습니다.

---

📸 식단 사진 기록

식단을 글로만 남기기 어렵다면 사진으로 기록해보세요.

• 음식 사진 추가
• 식단 기록과 사진 연결
• 혈당 기록과 함께 확인
• 병원 제출용 리포트에 식단 사진 썸네일 포함

---

🩺 혈압과 체중도 함께 관리

임신성 당뇨 관리는 혈당뿐 아니라 혈압과 체중 기록도 중요할 수 있습니다.

데일리 혈당 체크에서는 혈압과 체중을 함께 기록할 수 있습니다.

• 수축기 혈압
• 이완기 혈압
• 심박수
• 현재 체중
• 임신 주차별 체중 기록
• 컨디션 메모

기록한 내용은 리포트와 진료 모드에서 함께 확인할 수 있습니다.

---

💊 복약/인슐린 기록

병원에서 안내받은 복약 또는 인슐린 내용을 기록할 수 있습니다.

• 복약 기록
• 인슐린 기록
• 복용 시간
• 인슐린 단위
• 메모
• 알림 설정

데일리 혈당 체크는 복약이나 인슐린 용량을 지시하지 않습니다.
병원에서 안내받은 내용을 사용자가 기록하는 용도입니다.

---

⏰ 식후 혈당 알림

식후 혈당 기록 시간을 자주 놓친다면 알림을 설정해보세요.

• 공복 혈당 알림
• 아침 식후 혈당 알림
• 점심 식후 혈당 알림
• 저녁 식후 혈당 알림
• 취침 전 혈당 알림
• 복약/인슐린 알림
• 물 마시기 알림

알림은 부담스럽게 재촉하지 않습니다.
기록할 시간을 부드럽게 알려줍니다.

---

📅 캘린더와 일별 타임라인

오늘 어떤 기록을 했는지,
어느 날 혈당이 높았는지,
식단과 혈당이 어떻게 연결되었는지 캘린더에서 확인할 수 있습니다.

• 날짜별 기록 상태 확인
• 혈당 기록 표시
• 식단 기록 표시
• 혈압/체중 기록 표시
• 목표 초과 기록 표시
• 일별 타임라인 확인
• 기록 수정/삭제 가능

---

📊 7일·14일·30일 리포트

기록은 모이면 패턴이 됩니다.

데일리 혈당 체크는 최근 기록을 바탕으로 혈당 관리 리포트를 제공합니다.

• 공복 혈당 평균
• 식후 혈당 평균
• 목표 초과 횟수
• 기록 완료율
• 혈압 요약
• 체중 변화
• 식단 반응 요약
• 자주 혈당이 높게 기록된 식사 확인

숫자만 보여주는 것이 아니라,
“최근 아침 식후 혈당이 목표보다 높게 기록되었어요.”
“식단과 함께 확인해볼까요?”
처럼 이해하기 쉬운 메시지로 안내합니다.

---

🏥 병원 제출용 PDF 리포트

병원 진료 때 기록을 보여줘야 할 때,
앱에서 병원 제출용 PDF 리포트를 만들 수 있습니다.

PDF에는 다음 내용을 포함할 수 있습니다.

• 사용자 정보
• 임신 주차
• 출산 예정일
• 리포트 기간
• 혈당 요약
• 일별 혈당표
• 혈압 요약
• 체중 변화
• 식단 반응 요약
• 식단 사진 썸네일
• 증상/컨디션 메모

PDF를 다운로드하거나 공유할 수 있어,
진료 전 기록 정리에 도움이 됩니다.

---

📱 앱 화면 진료 모드

PDF를 만들지 않아도,
앱 화면을 그대로 병원에서 보여줄 수 있습니다.

진료 모드는 기록을 보기 쉽게 정리해 보여주는 화면입니다.

• 큰 글씨
• 하단 탭 숨김
• 핵심 기록 중심 화면
• 개인정보 가리기 옵션
• 화면 밝게 유지 옵션
• PDF 만들기 버튼 제공

진료실에서 빠르게 기록을 보여줘야 할 때 사용할 수 있습니다.

---

🚶 식후 운동과 생활 기록

식후 산책이나 가벼운 운동 기록도 함께 남길 수 있습니다.

• 식후 산책 기록
• 운동 시간 기록
• 운동 강도 기록
• 식사와 운동 연결
• 혈당 반응 분석에 참고

식사 후 어떤 행동을 했는지 함께 보면,
나의 혈당 패턴을 더 입체적으로 이해할 수 있습니다.

---

🌿 실패감을 주지 않는 기록 앱

혈당이 목표보다 높게 기록된 날도 괜찮습니다.
기록이 부족한 날도 괜찮습니다.

데일리 혈당 체크는 사용자를 혼내지 않습니다.

대신 이렇게 안내합니다.

• “목표보다 조금 높게 기록되었어요. 식단과 함께 확인해볼까요?”
• “오늘 기록을 하나 더 남기면 패턴을 더 잘 볼 수 있어요.”
• “최근 아침 식후 혈당이 높게 기록되었어요. 다음 식사를 조정해볼까요?”

작은 기록이 쌓이면,
나의 몸에 맞는 식습관을 더 잘 이해할 수 있습니다.

---

✅ 핵심 기능 요약

1. 임신성 당뇨 중심 혈당 기록
2. 공복·식전·식후 1시간·식후 2시간 혈당 기록
3. 혈압, 체중, 복약/인슐린 기록
4. 식단 기록 및 식단 사진 추가
5. reciFit eatFoodHistory 자동 저장
6. 앱 안에서 식단 수정 후 reciFit API 반영
7. 혈당과 식단 연결 분석
8. 식후 혈당 알림
9. 캘린더와 일별 타임라인
10. 7일·14일·30일 리포트
11. 병원 제출용 PDF 다운로드
12. 앱 화면 진료 모드
13. PDF 식단 사진 썸네일 포함

---

🔎 이렇게 시작해보세요

1. 당뇨 유형에서 “임신성 당뇨”를 선택하세요.
2. 임신 주차와 출산 예정일을 입력하세요.
3. 병원에서 안내받은 목표 혈당 기준을 설정하세요.
4. 공복 혈당과 식후 혈당 알림을 설정하세요.
5. 식단을 기록하고 혈당과 연결해보세요.
6. reciFit과 연동해 식단 기록을 함께 관리하세요.
7. 진료 전 PDF 리포트 또는 진료 모드로 기록을 확인하세요.

---

[데일리 혈당 체크]는 거창한 의료 앱이 아니라,
임신성 당뇨 사용자가 매일의 혈당과 식단을 차분히 기록할 수 있도록 돕는 생활 관리 앱입니다.

오늘의 첫 기록,
공복 혈당부터 시작해보세요.
----
개발자 연락처 :
박봉균 중동 계남로 195
설악마을, 309동 409호
원미구, 부천시, 경기도 14535
South Korea 107-60-68547 제2025-부천원미-1434호 ",건강/운동,https://play.google.com/store/apps/details?id=app.dailist.bloodcheck&hl=ko&gl=kr,,,,,,
android,kr,com.bluefish.bloodpressure,혈압 기록계 & 고혈압 관리,"<b>이 앱은 혈압을 측정하지는 않습니다. FDA가 승인 한 혈압 모니터(혈압계)를 사용하여 혈압을 안정적으로 측정하십시오. </b>

<b> 건강관리의 첫걸음, 고혈압, 저혈압 지금부터 이 앱으로 쉽게 관리하세요 </b>

<b> 간단하고 사용하기 쉬운 혈압 기록 및 관리</b>
    1. 손가락만 움직여 수축기, 이완기 및 맥박을 쉽게 기록 할 수 있습니다.
    2. 태그를 쉽게 추가 할 수 있습니다 (예 : 불규칙 심장 박동, 왼쪽 / 오른쪽 팔과 같은 커프, 혈압계위치, 앉은상태 혹은 서있는 상태에서 측정)
    3. 데이터를 쉽게 검색 할 수 있습니다 (예 : 날짜, 태그 및 혈압 영역).

<b> 혈압 영역과 완벽하게 통합 </b>
    1. 자동으로 혈압 영역 계산
    2. 모든 혈압 구역 (즉, 1 단계 및 2 단계의 고혈압, 고혈압, 정상 혈압, 저혈압)
    3. 혈압과 건강을 관리하는 데 도움이됩니다.

<b> 모두 무료 </b>
    1. 제한적 기능 없음 (예 : 무제한 CSV 내보내기)

<b> 아름다운 UI </b>
    1. 그래프 및 차트가있는 통계 (예 : 평균, 최소, 최대)
    2. 혈압 구역을위한 UI
    3. 사용하기 쉬운 UI

<b> 자동 백업 지원 (> Android 6.0) 및 무료 csv 내보내기 </b>
    1. 의사에게 혈압 데이터를 쉽게 보냅니다.

* 혈압 (BP)과 심박수는 건강에 매우 중요합니다. 혈압관리 앱을 사용하여 혈압 관리 및 심장 박동을 시작할 수 있습니다. 특히 고혈압과 저혈압 관리에 용이합니다.
* American Heart Association (AHA)에 따르면 정상 혈압 범위는 수축기 91 ~ 120 mmHg 및 확장기 61 ~ 80 mmHg입니다. 꼭 인증된 혈압계를 사용해서 측정하세요.
* 귀중한 의견을 보내 주시면 감사하겠습니다. bugfish12390@gmail.com으로 버그를 신고하거나 기능을 요청하십시오.",의료,https://play.google.com/store/apps/details?id=com.bluefish.bloodpressure&hl=ko&gl=kr,,,,,,
android,kr,com.aadhk.lite.bptracker,혈압 추적기,"<b>혈압 트래커</b> – 지금 바로 심장 건강을 관리하세요 ❤️

혈압 수치를 꾸준히 기록하는 데 어려움을 겪고 계신가요?
<b>혈압 트래커</b>를 사용하면 수치를 쉽게 기록하고, 모니터링하며, 파악할 수 있어 자신감을 가지고 건강을 관리할 수 있습니다.

고혈압을 관리하거나, 매일 혈압 수치를 기록하거나, 사랑하는 사람을 돌보는 경우든, 이 앱은 여러분에게 <b>필요한 명확한 정보와 통찰력</b>을 제공합니다.

⚠️ <b>중요:</b> 이 앱은 <b>혈압을 측정하지 않습니다</b>. 이 앱은 기록, 추적 및 분석만을 목적으로 설계되었습니다.

<b>사용자들이 혈압 트래커를 사랑하는 이유</b>
✔ 모든 측정값을 한곳에 모아 체계적으로 관리하세요
✔ 혈압 범주를 즉시 파악하세요
✔ 추세를 조기에 파악하여 건강 위험을 예방하세요
✔ 정확한 보고서를 의사와 간편하게 공유하세요
✔ 더 나은 습관을 기르고 장기적인 건강을 개선하세요

<b>강력한 기능</b>
★ <b>올인원 건강 기록</b>
수축기 혈압, 이완기 혈압, 맥박, 혈당, 산소 포화도(SpO₂), 체중을 추적하세요

★ <b>스마트 인사이트 및 추세 분석</b>
혈압 추세를 시각화하고 시간 경과에 따른 패턴을 파악하세요

★ <b>즉시 분류</b>
측정값을 입력하는 즉시 혈압 범주를 자동으로 확인하세요

★ <b>상세한 통계</b>
최대값, 최소값, 평균값을 확인하여 건강 상태를 더 잘 이해하세요

★ <b>편리한 달력 보기</b>
일일 기록을 빠르게 확인하고 관리하세요

★ <b>전문 보고서</b>
보고서를 <b>CSV, Excel, HTML 및 PDF</b> 형식으로 내보내고 공유하세요

★ <b>사용자 지정 태그</b>
“식사 전”이나 “운동 후”와 같은 메모를 추가하여 더 깊이 있는 통찰력을 얻으세요

<b>임상 지침 준수</b>
정확한 추적을 위해 여러 국제 혈압 지침을 지원합니다:
• ACC/AHA 2017
• ESH/ESC 2018
• JNC7
• ISH 2020
• NICE 2019 (병원 및 가정)
• NHFA 2016
• JSH 2019
• TSOC 및 THS 2016

<b>실생활에 맞춰 설계됨</b>
하루에 한 번이든 여러 번이든, 간단하고 빠르며 사용하기 쉽습니다.
불필요한 기능은 없습니다. 혼란스럽지 않습니다. 혈압 관리를 위해 필요한 도구만 제공됩니다.

<b>유료 버전으로 업그레이드하기</b>
유료 버전 앱 설치
https://play.google.com/store/apps/details?id=com.aadhk.bptracker
무료 버전에서 데이터 백업하기
유료 버전에서 데이터 복원하기

<b>여러분의 피드백을 소중히 생각합니다</b>
아이디어나 기능 요청이 있으신가요?
https://bloodpressure.featurebase.app

이 앱이 도움이 되셨다면 ⭐⭐⭐⭐⭐ 별점을 남겨주세요.
여러분의 성원은 저희가 계속해서 개선하고 새로운 기능을 추가하는 데 큰 힘이 됩니다.",의료,https://play.google.com/store/apps/details?id=com.aadhk.lite.bptracker&hl=ko&gl=kr,,,,,,
android,kr,com.bloodpressure.log,혈압 기록 - 혈압 수첩 & 건강 관리 & 혈압 통계,"혈압 기록은 매일의 혈압 데이터를 간편하게 기록하고 관리할 수 있는 건강 관리 앱입니다.

  🩺 주요 기능
  • 수축기/이완기 혈압, 맥박을 빠르게 기록
  • 날짜별, 주간별, 월간별 혈압 변화 그래프
  • 정상/주의/고혈압 단계를 색상으로 구분
  • 측정 시간대 알림 설정, 관리

  📊 건강 분석
  • 평균 혈압, 최고/최저 혈압 통계
  • 혈압 추이를 한눈에 보는 차트
  • WHO 기준 혈압 분류 자동 표시

  🏥 병원 방문 시 유용
  • 기록 데이터를 의사에게 바로 보여주기
  • 장기간 혈압 변화 추적으로 정확한 진단 지원

  💡 이런 분께 추천합니다
  • 고혈압 진단을 받고 혈압을 관리해야 하는 분
  • 건강검진 후 혈압 관리가 필요한 분
  • 가족의 혈압을 함께 관리하고 싶은 분
  • 임신성 고혈압을 관리하는 임산부

  간편하게 기록하고, 건강하게 관리하세요.
  혈압 기록 앱으로 매일 건강한 습관을 시작하세요.
----
개발자 연락처 :
김미정 진산로 90
512동 901호
수지구, 용인시, 경기도 16923
South Korea   ",건강/운동,https://play.google.com/store/apps/details?id=com.bloodpressure.log&hl=ko&gl=kr,,,,,,
android,kr,com.life.myBpRecoder,똑딱 혈압 다이어리 - 혈압 기록,"건강 관리는 필수! 혈압을 관리하는 시대가 열렸습니다

내 혈압이 정상 수치인지? 고혈압 몇기인지? 아니면 저혈압인지?
똑딱 혈압 다이어리는 아래와 기능을 제공해드리고 있습니다

1. 수축기 혈압(Systolic)과 이완기 혈압(Diastolic)을 입력하고 날짜 시간 메모를 기록할 수 있습니다
2. 심박수 수치를 통해서 건강 지표를 추적하고 이를 통해 전반적인 건강 상태를 체크 할수 있습니다
3. 입력한 혈압 측정값을 그래프나 차트 형태로 시각화하여 이를 통해 혈압 추이를 쉽게 파악하고 변화를 분석할 수 있습니다
4. 연도 및 월별로 내 혈압수치 기록을 간편하게 조회할 수 있습니다
5. 동양인 / 서양인 선택 옵션에 따라 최적지침을 설정할 수 있습니다
6. CSV 파일 공유 / 복구 / 백업 기능을 제공합니다

이 모든 혈압의 관리를 이젠 똑딱 혈압 다이어리를 통해서 관리를 시작해보세요

기록된 혈압 데이터를 의료 전문가와 공유를 통해서 건강 상태를 평가하고 조언을 받을 수 있습니다

고혈압 여부를 판단하는 기준은 학회 자료를 참조하였습니다",도구,https://play.google.com/store/apps/details?id=com.life.myBpRecoder&hl=ko&gl=kr,,,,,,
android,kr,com.aura.bplog,혈압장부 - 혈압 기록 관리 다이어리,"혈압장부는 매일의 혈압과 맥박을 간편하게 기록하고 관리할 수 있는 혈압 기록 앱입니다.

가정용 혈압계로 측정한 수축기 혈압, 이완기 혈압, 맥박을 입력하면 날짜별 기록과 통계, 그래프로 혈압 추이를 확인할 수 있습니다. 병원 진료 전 기록을 정리하거나, 부모님 혈압을 대신 적어두거나, 꾸준한 혈압 관리 습관을 만들고 싶은 분께 적합합니다.

주요 기능

혈압 기록
수축기 혈압, 이완기 혈압, 맥박을 빠르게 입력할 수 있습니다. 측정한 팔, 측정 시간, 측정 상황도 함께 남길 수 있어 기록을 더 자세히 관리할 수 있습니다.

혈압 범위 표시
입력한 혈압을 일반적인 참고 기준에 따라 색상과 라벨로 구분해 보여줍니다. 매 기록마다 수치를 다시 계산하지 않아도 현재 기록이 어느 범위에 가까운지 쉽게 확인할 수 있습니다.

통계와 그래프
최근 7일, 30일, 90일, 전체 기간 기준으로 평균 혈압과 기록 횟수를 확인할 수 있습니다. 수축기·이완기 혈압의 변화 흐름을 그래프로 볼 수 있어 장기적인 혈압 관리에 도움이 됩니다.

캘린더 기록
달력에서 날짜별 혈압 기록 여부와 상태를 확인할 수 있습니다. 꾸준히 측정했는지, 특정 날짜에 어떤 기록이 있었는지 한눈에 볼 수 있습니다.

기록 목록과 수정
저장한 혈압 기록을 목록으로 확인하고 필요할 때 수정하거나 삭제할 수 있습니다.

PDF 및 Excel 내보내기
혈압 기록을 PDF 문서 또는 Excel 파일로 내보낼 수 있습니다. 진료 전 기록을 정리하거나 가족과 공유할 때 편리합니다.

측정 알림
원하는 요일과 시간에 혈압 측정 알림을 받을 수 있습니다. 아침, 저녁 등 정해진 시간에 꾸준히 기록하는 습관을 만드는 데 도움이 됩니다.

백업과 복원
기록을 백업하고 필요할 때 복원할 수 있습니다. 기기를 바꾸거나 앱을 다시 설치할 때도 기존 기록을 관리할 수 있습니다.

이런 분께 추천합니다

- 매일 혈압과 맥박을 기록하는 분
- 고혈압, 저혈압 등 혈압 변화를 꾸준히 살펴보고 싶은 분
- 부모님이나 가족의 혈압 기록을 함께 관리하는 분
- 병원 진료 때 혈압 기록을 정리해서 보여주고 싶은 분
- 복잡한 가입 없이 바로 사용할 수 있는 혈압 수첩이 필요한 분

안내

혈압장부는 혈압을 직접 측정하는 앱이 아닙니다. 반드시 가정용 혈압계 등 별도의 측정 기기로 측정한 값을 사용자가 직접 입력해야 합니다.

혈압장부는 의료기기가 아니며, 질병을 진단, 치료, 치유 또는 예방하지 않습니다. 앱에서 제공하는 혈압 범위와 통계는 참고용 정보이며, 의학적 판단이나 치료 결정을 대신하지 않습니다. 건강 관련 판단, 진단, 치료, 약 복용 변경은 반드시 의사 또는 의료 전문가와 상담하세요.

혈압 기록, 혈압 관리, 혈압 수첩, 혈압 일지가 필요하다면 혈압장부로 매일의 혈압 변화를 차분히 기록해 보세요.
----
개발자 연락처 :
(주)아우라포스트프로덕션 강남구 언주로107길 40, 지하1층 (역삼동)
강남구, 서울특별시 06135
South Korea 796-87-02852 2026-서울강남-02020 서울특별시 강남구",건강/운동,https://play.google.com/store/apps/details?id=com.aura.bplog&hl=ko&gl=kr,,,,,,
android,kr,com.medm.medmbp.diary,MedM의 혈압 일기,"MedM의 Blood Pressure Diary 앱은 세계에서 가장 많이 연결된 혈압 모니터링 앱으로, 집에서 혈압 관리를 간소화하고 추세를 추적하며 의사에게 보고서를 내보낼 수 있도록 설계되었습니다. 이 스마트 혈압 추적 도우미는 사용자가 수동으로 데이터를 기록하거나 Bluetooth를 통해 200개 이상의 지원되는 스마트 혈압계에서 자동으로 측정을 캡처할 수 있게 합니다. 혈압 외에도 이 앱은 약물 섭취, 심박수, 산소 포화도, 호흡 속도 및 체중을 10

앱은 깔끔하고 직관적인 인터페이스를 제공하며, 회원가입 여부에 상관없이 작동합니다. 사용자는 건강 데이터를 스마트폰에만 저장할지, 추가적으로 MedM Health Cloud(https://health.medm.com)에 백업할지를 스스로 결정할 수 있습니다.

MedM 혈압 일지 앱은 다음과 같은 데이터 유형을 기록할 수 있습니다:

- 혈압  
- 약물 복용  
- 메모  
- 심박수  
- 산소포화도  
- 호흡률  
- 체중(12가지 이상의 신체 구성 매개변수 포함)

앱의 데이터 분석 도구는 사용자가 혈압 변동 패턴을 파악하여 적시에 조치를 취하고 필요한 생활 방식 변화나 일상 조정을 할 수 있도록 돕습니다.

MedM 혈압 일지 앱은 기본 기능이 모든 사용자에게 무료로 제공되는 프리미엄 앱입니다. 프리미엄 회원은 Apple Health, Health Connect, Garmin, Fitbit 등의 다른 생태계와 특정 데이터 유형을 동기화할 수 있으며, 가족 구성원 또는 간병인과 같은 신뢰할 수 있는 MedM 사용자와 건강 데이터를 공유하거나 알림, 임계값 및 목표를 설정하고 MedM 파트너의 독점 제안을 받을 수 있습니다.

MedM은 데이터 보호를 위한 모든 관련 모범 사례를 준수합니다. 클라우드 동기화에는 HTTPS 프로토콜을 사용하며, 모든 건강 데이터는 안전하게 호스팅된 서버에 암호화된 상태로 저장됩니다. 사용자는 데이터에 대한 완전한 통제권을 행사하며, 언제든지 건강 기록을 내보내거나 삭제할 수 있습니다.

MedM 혈압 일지 앱은 다음 브랜드의 스마트 혈압계를 지원합니다:  
A&D Medical, Andesfit, Andon Health, AOJ Medical, Beurer, Bodimetrics, CliniCare, Contec, Dovant Health, Easy@Home, ETA, EZFAST, Famidoc, Finicare, FirstMed, Fleming Medical, ForaCare, Health&Life, HealthGear, Indie Health, iProven, Jumper Medical, Kinetik Wellbeing, LEICKE, Medisana, MicroLife, Multi, Omron, Oxiline, OxiPro Medical, PIC, Rossmax, SilverCrest, TaiDoc, TECH-MED, Transtek, TrueLife, Viatom, Welch Allyn, Yonker, Yuwell, Zewa 등.  
지원되는 기기 전체 목록은 다음 웹사이트를 참조하십시오: https://www.medm.com/sensors.html

관할권 성명: MedM 혈압 일지 앱은 7가지 유형의 건강 측정을 기록할 수 있습니다. 이러한 측정값은 사용자가 수동으로 입력하거나 Health Connect에서 가져오거나, 판매되는 국가의 규제 당국에서 승인한 건강 및 웰니스 기기로부터 얻을 수 있습니다.

면책 조항: MedM 혈압 일지 앱은 일반적인 피트니스 및 웰니스 목적으로만 설계되었으며, 의료용으로 사용하기 위한 것이 아닙니다. 의료 결정을 내리기 전에 항상 의사와 상담하십시오.

MedM은 스마트 의료 기기 연결성 분야의 세계적인 선두 주자입니다. 당사의 앱은 수백 개의 피트니스 및 의료 기기, 센서, 웨어러블 장치에서 데이터를 직접 원활하게 수집할 수 있도록 합니다.

**MedM – Enabling Connected Health®**  

개인정보 보호정책: https://health.medm.com/en/privacy",의료,https://play.google.com/store/apps/details?id=com.medm.medmbp.diary&hl=ko&gl=kr,,,,,,
android,kr,ai.mxlabs.heartmonitor,심장 모니터: 혈압 및 심박수 측정,"Heart Monitor는 고혈압 관리와 심장 상태 모니터링에 중점을 둔 혁신적인 방법으로 심장 건강을 관리할 수 있게 해줍니다. Shen.AI가 제공하는 혁신적인 얼굴 스캔 기술을 사용하여, 우리 앱은 스마트폰이나 태블릿에서 직접 비침습적으로 정확하게 생체 신호를 측정할 수 있는 방법을 제공합니다. 고혈압, 저혈압 또는 일반 심장 건강을 관리하는 사람들을 위해 설계된 Heart Monitor는 더 건강한 심장을 위한 당신의 전담 파트너입니다.

심장 건강 관리의 주요 기능:

- 정밀 측정: 카메라만 사용하여 혈압, 심박수 및 심박 변이성과 같은 중요한 심장 건강 지표를 빠르게 측정합니다.
- 고혈압 관리: 혈압과 그것이 심장 건강에 미치는 영향을 모니터링하고 이해하는 데 도움이 되는 특별히 설계된 기능.
- 통찰력 있는 건강 메트릭: 심장 스트레스, 심장 작업량을 자세히 이해하고 심장 관련 상태의 위험을 평가합니다.
- 실시간 피드백: 실시간 시각적 바이오 피드백이 당신이 심장 건강과 더 깊은 수준에서 연결되도록 도와줍니다.
- 건강 추세 분석: 직관적인 차트로 진행 상황을 모니터링하여 건강 관리 전략의 효과를 추적합니다.
- 교육 자료: 심장 건강, 고혈압 및 이를 효과적으로 관리하는 방법에 중점을 둔 풍부한 정보 라이브러리에 액세스합니다.
- 편리한 알림 및 보고서: 맞춤형 알림으로 측정을 놓치지 않고, PDF 형식의 종합 건강 보고서를 통해 건강 관리 제공자와 진행 상황을 공유합니다.

정확하게 모니터링:
수축기 및 이완기 혈압, 심박수, 심박 변이성, 호흡률 - 심장 건강과 고혈압에 관심이 있는 사람들에게 필수적인 메트릭입니다.

건강 위험 이해:
우리 앱은 기본 측정을 넘어서 심장 스트레스, 심혈관 질환 예후, 심부전, 뇌졸중 등 잠재적 건강 위험에 대한 통찰력을 제공하여, 행동을 취할 수 있는 지식을 제공합니다.

Heart Monitor는 심장 건강을 관리하기 위한 강력한 도구이지만 전문적인 의료 조언을 대체할 수 없습니다. 의료 문제에 대해 건강 관리 전문가와 상담하십시오. Heart Monitor에서 제공하는 모든 건강 관련 정보는 정보 제공 목적으로만 사용됩니다.

모든 생체 인식 데이터 및 생체 신호를 계산하기 위해 필요한 기타 정보는 귀하의 장치에서 실시간으로 직접 처리됩니다.

개인정보 보호정책: https://mxlabs.ai/privacy-policy
서비스 약관: https://mxlabs.ai/ToS",의료,https://play.google.com/store/apps/details?id=ai.mxlabs.heartmonitor&hl=ko&gl=kr,,,,,,
android,kr,com.cardilog.bloodpressure,High Blood Pressure: Cardilog,"<b>📈 카딜로그 - 혈압 관리 도우미</b>
카딜로그는 단순한 혈압 측정 앱이 아닙니다. 고혈압 관리 여정을 지원하는 전용 혈압 관리 앱이자 혈압 모니터, 혈압 추적기입니다. 간편한 혈압 기록 도구와 스마트한 가이드를 통해 카딜로그는 꾸준한 혈압 관리를 돕고, 혈압 수치에 실제로 영향을 미치는 요인을 파악할 수 있도록 지원합니다.

<b>🩺 혈압 모니터 및 불안 추적기</b>
이 혈압 추적기는 매일 혈압을 측정하고 불안을 추적하는 데에도 효과적입니다. 건강한 습관을 형성하는 데 도움을 주면서 일상생활을 원활하게 유지할 수 있도록 지원합니다. 매번 혈압을 기록하며, 카딜로그는 혈압 변화를 인지하고, 필요한 정보를 얻고, 동기를 부여하는 데 도움을 줍니다.

<b>🔁 진행 상황 추적 및 꾸준한 관리</b>
맞춤형 계획을 따르면 작은 선택들이 혈압, 에너지 수준, 고혈압 및 전반적인 건강에 어떻게 도움이 되는지 확인할 수 있습니다. 모든 기록, 알림 및 분석 정보는 혈압 추적을 통해 안정적인 수치를 유지하고 장기적인 건강 관리를 할 수 있도록 안내합니다. 가장 간편한 혈압 측정 방법

<b>📝 주요 기능:</b>
• 수축기, 이완기 혈압, 심박수, 체중, 스트레스(0~10) 기록
• 패턴 파악: 아침/오후, 평일/주말, 야간 혈압 저하, 혈압에 실제로 영향을 미치는 요인 분석
• AI 기반 인사이트와 맞춤형 일일 계획을 통해 건강한 혈압 유지를 위한 단계별 가이드 제공
• 수축기, 이완기 혈압, 심박수, 고혈압 목표 설정 및 명확한 목표 달성 팁 제공
• 태그 및 메모 추가(예: 운동 후, 커피 섭취 후, 약 복용 후)를 통해 혈압 상승 요인 및 습관 파악
• Apple Health와 연동하여 신뢰할 수 있는 혈압계의 측정값 가져오기/내보내기
• 차트와 인사이트가 포함된 의사에게 제출 가능한 PDF 건강 보고서 생성 및 공유
• 약 복용 알림 및 기록 기능으로 복용량 관리
• 다양한 혈압 단위 지원
• 오프라인 사용 가능
• 편안한 사용을 위한 다크 모드
• 기기 간 클라우드 백업(선택 사항)
• 광고 없는 100% 사용 환경 경험

<b>🏁 당신의 여정을 위해 설계되었습니다:</b>
• 추세를 파악하는 맞춤형 대화형 차트
• Apple Health에 연결되는 모든 혈압계(Omron, Withings, iHealth, Qardio, A&D; 호환성 확인 필요)와 호환
• Apple Watch 심박수 데이터와 동기화하여 종합적인 건강 상태 파악
• 심박수, 맥박, 심장 박동수, 맥박 추적기 기능으로 더욱 심층적인 분석 제공
• AI 코치(선택 사항)를 통해 꾸준한 건강 관리를 지원하는 올인원 건강 모니터

<b>주요 기능:</b>
• 매일 혈압을 간편하게 모니터링할 수 있는 앱
• 심박수 및 혈압계 측정값 지원
• 종합적인 혈압 건강 앱에서 맥박 및 혈압 추적
• 혈압약 복용 관리 및 기록 지원
• 간단한 심박수 및 혈압 추적 기능 제공
• 추세 시각화를 통해 더욱 효과적인 혈압 관리
• 병원 진료 및 혈액 검사 분석 기록 기능
• 심근경색 위험 감지 기능 제공 도구
• 정확한 혈압 측정기를 찾는 모든 분께 적합합니다.
• 혈압 기록 및 분석에 믿을 수 있는 앱입니다.
<b>⚠️ 면책 조항:</b>
Cardilog는 혈압 데이터를 기록하고 분석하는 앱이며, 혈압을 직접 측정하는 앱은 아닙니다. 별도의 혈압계를 사용하여 측정한 후 수동으로 입력하거나 Apple Health를 통해 동기화하십시오.

Cardilog는 의학적 진단이나 치료를 대체할 수 없습니다. 항상 담당 의사의 조언을 따르십시오.

개인정보 보호정책 및 이용약관: https://cardilog.app/privacy-policy/",건강/운동,https://play.google.com/store/apps/details?id=com.cardilog.bloodpressure&hl=ko&gl=kr,,,,,,
android,kr,com.mybp.app,MyBP - Blood Pressure App,"MyBP 앱으로 심혈관 건강을 관리하세요. 이 포괄적인 앱은 혈압을 관리하고 모니터링하는 데 도움이 되도록 설계되었습니다. 이 믿을 수 있는 동반자와 함께 혈압을 낮추고 건강한 수준을 유지하세요.

주요 특징들:

1. 간편한 혈압 모니터링: MyBP 앱을 사용하면 혈압 판독값을 쉽게 추적하고 기록할 수 있습니다. 앱을 사용하여 측정값을 기록하고 시간 경과에 따른 판독값의 자세한 기록을 확인하세요. 진행 상황을 주시하고 패턴을 식별하여 심혈관 건강을 더 잘 이해하십시오.

2. 개인화된 건강 통찰력: 앱의 지능형 분석을 통해 혈압 추세에 대한 귀중한 통찰력을 얻으십시오. MyBP 앱은 고급 알고리즘을 사용하여 패턴을 식별하고 최적의 혈압 수준을 달성하는 데 도움이 되는 맞춤형 권장 사항을 제공합니다. 고혈압에 영향을 미치는 요인을 이해하고 건강에 대해 정보에 입각한 결정을 내리십시오.

3. 약 복용 알림 및 관리: 앱의 약 복용 알림 기능을 사용하면 다시는 복용량을 놓치지 마세요. 투약 일정, 의사 예약 및 혈액 검사에 대한 알림을 설정하고 적시에 알림을 받아 치료 계획을 계속 유지할 수 있습니다.

4. 라이프스타일 추적 및 안내: MyBP의 포괄적인 추적 및 안내 시스템을 통해 더욱 건강한 라이프스타일을 달성하세요. 혈압 관리 계획을 보완하기 위해 혈액 검사, 건강 검진 및 전문 의료 지원에 대한 맞춤형 권장 사항을 받아보세요.

5. 안전한 데이터 저장 및 백업: 귀하의 건강 데이터는 소중하며 우리는 보안을 중요하게 생각합니다. MyBP 앱은 귀하의 개인 건강 정보에 대해 최대한의 개인 정보 보호 및 보호를 보장합니다. 데이터를 안전하게 저장 및 백업하고 진료 예약 중에 의료 서비스 제공자와 쉽게 공유하여 더 많은 정보를 얻을 수 있습니다.

6. 교육 자료 및 지원: 앱의 풍부한 교육 자료 라이브러리를 통해 고혈압, 치료 옵션 및 생활 방식 수정에 대한 최신 정보를 받아보세요. 기사, 비디오, 전문가 팁에 액세스하여 지식을 확장하고 더 건강한 선택을 할 수 있도록 힘을 실어주세요.

지금 MYBP 앱을 다운로드하고 심혈관 건강을 관리해보세요. 혈압을 효과적으로 관리하고, 생활방식을 긍정적으로 바꾸고, 더 건강한 미래를 위해 노력해 보세요. 모든 작은 발걸음이 더 건강한 심장을 향한 여정에 달려 있다는 것을 기억하십시오.

참고: MyBP 앱은 전문적인 의료 조언을 대체할 수 없습니다. 맞춤형 안내 및 치료 계획에 대해서는 항상 의료 서비스 제공자에게 문의하십시오.",건강/운동,https://play.google.com/store/apps/details?id=com.mybp.app&hl=ko&gl=kr,,,,,,
android,kr,com.eriwarx.bloodpressurediaryn,Blood pressure diary,"<h3>혈압 앱: 심박수 모니터 – 건강을 유지하는 쉬운 방법!</h3>혈압 앱: 심박수 모니터로 심장 건강을 관리하세요. 이 강력한 혈압 기록: BP 일기 앱 도구를 사용하면 판독값을 체계적으로 추적하고 기록할 수 있습니다. 건강을 관리하든, 시간 경과에 따른 추세를 분석하든 상관없이 필요할 때마다 모든 정보에 액세스할 수 있습니다.

측정값을 안전한 위치에 저장하고 혈압 기록: BP 일기 앱으로 진행 상황을 분석하세요. 이 혈압 추적기: BP 건강 앱은 필수 심장 모니터입니다. 참고: 간편한 추적이 가능하고 데이터 관리에 드는 노력이 최소화되므로 건강한 생활 방식을 추구하는 모든 사람을 위한 BP 추적기 도구입니다.

📊<b>Android용 무료 혈압 모니터 앱의 주요 특징:</b>📊
💖 사용자 친화적인 인터페이스를 통해 판독값을 손쉽게 모니터링하고 기록할 수 있습니다.
😋 귀하의 정보는 클라우드에 안전하게 저장됩니다.
😋 일정 기간 동안의 추세와 통계를 확인하세요.
😋 판독값을 무제한으로 추가하고 평균값을 저장하세요.
😋 활성화된 장치에 대한 음성 입력을 지원합니다.
😋 쉽게 공유할 수 있도록 기록을 PDF 형식이나 CSV 파일로 내보냅니다.
😋 심박수 추적기: BP 모니터 앱 지침을 만드세요.

<h3>혈압 추적기: BP 건강 앱을 사용하여 손쉽게 건강을 모니터링하세요!</h3>Android용 무료 혈압 모니터 앱은 추세를 추적하고 변동을 분석하므로 심장 건강을 더 잘 이해할 수 있습니다. 안전한 클라우드 스토리지와 과거 측정값에 대한 즉각적인 액세스를 통해 무료 혈압 앱: 심박수 모니터 관리가 그 어느 때보다 쉬워졌습니다. 혈압 기록: BP 일기 앱을 사용하면 손쉽게 추적하고 모니터링하여 건강을 관리할 수 있습니다.

<b>심장 모니터를 사용한 고급 로깅 ​​참고: BP 추적기:</b> 📝
심장 건강에 대한 정확한 기록을 유지하는 것은 필수적이며, 심장 모니터 참고사항: BP Tracker가 이를 처리합니다. 몇 번의 탭만으로 더 나은 건강 모니터링을 위해 기록, 점검, 추세 및 패턴을 추가하고 검토할 수 있습니다. 이 무료 혈압 앱: 심박수 모니터 앱은 간편한 추적을 위해 단기 및 장기 진행 상황에 대한 자세한 보고서를 제공합니다.

<b>심박수 추적기를 통한 원활한 모니터링: BP 모니터 앱:</b> ❤️
내 심박수 추적기: BP 모니터 앱은 심장 건강에 대한 통찰력을 제공하여 판독값을 추적하는 데 도움을 줍니다. 지속적으로 판독값을 기록하고 평가함으로써 귀하는 더 나은 생활 방식을 보장받을 수 있습니다.

무료 혈압 앱: 심박수 모니터 앱의 도움으로 사용자는 자신의 건강을 쉽게 추적하고, 간편한 내보내기를 통해 데이터 보고서를 얻고, 몸매를 유지하는 데 도움을 주는 신뢰할 수 있는 건강 보조원을 갖게 됩니다.

<h3>Android용 무료 혈압 모니터 앱을 다운로드하고 추적을 시작해 보세요!</h3>혈압 앱인 심박수 모니터 덕분에 건강을 추적하는 것이 그 어느 때보다 쉬워졌습니다. 이 앱은 필요에 따라 완전한 기능을 갖춘 혈압 추적기: BP 건강 앱 또는 간단한 혈압 기록: BP 일기 앱으로 작동할 수 있습니다. 이 혈압 추적기: BP 건강 앱 앱을 즉시 다운로드하세요!

- 면책조항:
이 앱은 개인 추적 및 정보 제공 목적으로만 설계되었으며 전문적인 의료 조언이나 치료를 대체할 수 없습니다. 이 앱의 사용과 해당 데이터를 기반으로 내린 결정은 전적으로 귀하의 책임입니다. 이 앱의 제작자는 제공된 정보의 사용으로 인해 발생하는 불리한 결과에 대해 어떠한 책임도 지지 않습니다. 이 앱의 데이터를 기반으로 치료 계획을 변경하기 전에 건강 문제에 대해 의료 전문가와 상담하는 것이 중요합니다. 이 앱을 계속 사용하면 본 약관을 인정하고 이에 동의하는 것으로 간주됩니다.",건강/운동,https://play.google.com/store/apps/details?id=com.eriwarx.bloodpressurediaryn&hl=ko&gl=kr,,,,,,
android,kr,bloodpressure.tracker.bp.monitor.log.systolic.diastolic.reminder,혈압 추적기,"혈압 추적기는 흩어진 혈압 측정값을 의사가 활용할 수 있는 명확한 추세선으로 바꿔줍니다. 수축기 및 이완기 혈압을 몇 초 만에 기록하고, 몇 주에 걸쳐 약물 효과를 추적하며, 종이에 휘갈겨 쓴 숫자 대신 보고서를 들고 다음 진료에 임하세요.

고혈압, 고혈압 전단계, 백의 고혈압, 가면 고혈압, 저항성 고혈압을 관리하는 분들과 혈압 조절이 매일의 우선순위가 되는 동반 질환인 당뇨병 및 신장 질환을 앓고 있는 분들을 위해 제작되었습니다.

📋 혈압 기록
모든 측정값을 맥락과 함께 기록하세요:
- 수축기 및 이완기 혈압 입력(정상, 주의, 1단계, 2단계, 위기 분류 포함)
- 맥박수 및 불규칙 심장 박동 플래그
- 측정 시간 및 사용한 팔
- 자세: 앉음, 서있음, 누움
- 약물 복용 전후
- 집, 사무실 또는 약국 위치
- 백의 고혈압 대 가면 고혈압 기록
- 24시간 활동 혈압 추적 지원
- 세션당 여러 측정값 평균화

💊 약물 관리
전체 항고혈압 요법을 추적하세요:
- ACE 억제제: lisinopril, 에날라프릴, 라미프릴
- ARB: losartan, 발사르탄, 올메사르탄
- 칼슘 채널 차단제: amlodipine, 니페디핀
- 이뇨제: HCTZ, 클로르탈리돈, spironolactone
- 베타 차단제: metoprolol, 카르베딜롤, 아테놀롤
- 복합제 및 다제 요법
- 용량 조절 및 적정 이력
- 부작용: 현기증, 기침, 피로, 부종
- 약물 재처방 및 복용 알림

🥗 생활 습관 및 식단
수치를 변화시키는 모든 것:
- 나트륨 섭취량 추적 및 일일 제한
- DASH 식단 음식 기록 및 준수
- 체중 및 BMI 시간 경과 추세
- 운동 시간, 종류 및 강도
- 카페인 및 알코올 영향 추적
- 스트레스 수준 및 수면의 질
- 금연 진행 상황
- 칼륨 및 마그네슘 섭취량

⚠️ 유발 요인
측정값을 급증시키는 요인 파악:
- 고나트륨 식사 및 약물 복용 누락
- 스트레스, 불안 및 수면 부족
- 카페인 및 알코올 섭취 시간
- 날씨 및 온도 변화
- 통증, 질병 및 사용자 지정 유발 요인

🔬 검사 및 활력 징후
더 큰 심혈관 건강 그림:
- 신장 기능: eGFR, 크레아티닌, 칼륨
- 콜레스테롤 지질 패널: LDL, HDL, 중성지방
- HbA1c 및 혈당
- 체중 및 허리둘레

📈 통찰력 및 보고서
수 주간의 측정값이 실행 가능한 데이터로 변환됩니다:
- 시간 경과에 따른 수축기 및 이완기 혈압 추세
- 아침 대 저녁 혈압 평균
- 혈압 분류 및 단계 설정
- 용량 변경 전후 약물 영향
- 주간, 월간 및 사용자 지정 날짜 범위 평균
- 심장 전문의 및 일차 진료를 위한 의사 준비용 PDF 및 CSV 내보내기

🩺 의사에게 공유
- 심장과 방문을 위한 원탭 보고서
- 표준 편차를 포함한 혈압 평균
- 고혈압 에피소드 및 위기 상황 강조
- 보호자와 읽기 전용 접근 권한 공유

📚 건강 경로
- DASH 식단 지침 및 식사 계획
- 스트레스 감소 및 호흡 운동
- 고혈압을 위한 운동 권장 사항
- 혈압 단계 및 위험에 대한 쉬운 언어 교육

🛡️ 개인 정보 보호 및 보안
- 선택적 비밀번호 및 생체 인식 잠금
- 오프라인 우선, 측정값은 기기에 저장
- 사용자가 제어하는 암호화된 클라우드 백업
- 광고 없음, 데이터 판매 없음

면책 조항: 혈압 추적기는 정보 제공 및 개인 추적 용도로만 사용됩니다. 의료 기기가 아니며 의학적 조언, 진단 또는 치료를 제공하지 않습니다. 의료 관련 문제에 대해서는 항상 자격을 갖춘 의료 전문가와 상담하십시오.",건강/운동,https://play.google.com/store/apps/details?id=bloodpressure.tracker.bp.monitor.log.systolic.diastolic.reminder&hl=ko&gl=kr,,,,,,
android,kr,com.jwantplan.bpchak,혈압 착착 - 혈압 기록 혈압 관리,"혈압 측정 후 기록을 관리하세요.
협압과 맥박을 수첩에 기록할 필요 없이 편하게 기록하고 보관하고 분석할 수 있습니다.
입력한 혈압 수축기/이완기/맥박 수치가 정상인지, 낮은지, 높은지 빠르게 분석하고 색상과 분류를 통해 시각화를 제공합니다.

<b>주요 기능</b>
- 간단하게 혈압의 수축기, 이완기, 맥박을 기록할 수 있습니다.
- 약 복용 여부와 메모를 남기고 측정 부위를 선택할 수 있습니다.
- 혈압과 맥박의 측정값 분류를 색상과 분류로 시각화 합니다. 
- 기간별 검색으로 지난달의 분포도와 이번달의 분포도를 비교할 수도 있습니다.
- 기록된 혈압의 평균과 분포도, 가장 높거나 낮은 수치 등 다양한 분석 정보를 제공합니다.
- 기록된 혈압/심박수를 이미지 보고서, CSV 보고서 다운로드를 제공합니다.

<b>해당 앱은 혈압 측정 기능은 제공하지 않습니다.</b>
FDA 승인 혈압계를 사용하고 해당 앱은 기록과 관리, 분석 용도로 사용하세요.
기록한 혈압 데이터를 전문가와 공유하고 건강 상태를 상의하고 조언을 받으세요.
----
개발자 연락처 :
정정원 금바위로 100
315동 1503호 (와동동, 가람마을3단지 동문아파트)
파주시, 경기도 10895
South Korea 331-41-00872 2022-경기파주-3147 본인 직접 신고",건강/운동,https://play.google.com/store/apps/details?id=com.jwantplan.bpchak&hl=ko&gl=kr,,,,,,
android,kr,com.celestialbrain.photobp,혈압기록 카메라,"<b>혈압기록 카메라</b>는 한 번의 탭으로 작동하는 <b>혈압 기록</b> 앱입니다—측정 후 혈압계를 <b>스캔</b>하기만 하면 됩니다.
앱이 즉시 수치를 읽어 <b>혈압 추적</b>과 그래프 작성을 대신하며, 손으로 입력할 필요가 없습니다.

종이 기록이나 다른 <b>혈압앱</b>이 오래가지 못했다면, 이 도구는 <b>혈압 관리</b>를 손쉬운 습관으로 만들어 줍니다.

헬스 커넥트를 지원합니다

🔍 <b>주요 기능</b>

<b>원터치 스캔</b>
혈압계 화면을 <b>스캔</b>하세요—수축기, 이완기, 맥박이 자동으로 기록됩니다.

<b>모든 디지털 혈압계와 호환</b>
오므론 등 브랜드 상관없이 상박식·손목식 디지털 혈압계에서 작동합니다.

<b>팔 위치, 자세 및 복용 상태 기록</b>
왼팔 또는 오른팔 중 어느 쪽을 사용했는지, 상완이나 손목에서 측정했는지, 측정 시 자세(예: 앉은 자세) 등 다양한 정보를 쉽게 기록할 수 있습니다. 또한 복용 여부를 한 번의 탭으로 기록할 수 있습니다.

<b>헬스 커넥트 를 통한 건강 데이터 동기화</b>
헬스 커넥트를 지원합니다. 이 앱에서 기록한 혈압 데이터를 Google Fit 및 기타 Health Connect 호환 앱에서 확인하거나, 체중, 체지방, 제지방량, 걸음 수, 체온, 거리, 총 소모 칼로리 등의 데이터를 헬스 커넥트 호환 앱에서 이 앱으로 가져올 수 있습니다.


<b>여러 번 측정 & 자동 평균</b>
예: 아침에 5회 측정해도 모두 기록되며, 아침·저녁·일일 평균을 자동 계산합니다.

<b>사진 & 메모 첨부</b>
식사 사진, 증상, 투약 메모 또는 일지 내용을 각 기록에 첨부할 수 있습니다.

<b>사용자 설정 데이터 필드</b>
체중, 걸음 수 등 혈압·맥박 외 원하는 항목을 추가로 기록할 수 있습니다.

<b>달력 & 리스트 보기</b>
일별 기록을 달력 또는 리스트 형식으로 확인하세요.

<b>명확한 그래프</b>
추세를 한 눈에 파악할 수 있으며, 투약 여부, 체중 등 사용자 항목과 목표선도 표시됩니다.

<b>PDF 내보내기</b>
기록과 그래프를 포함한 PDF를 공유용으로 생성할 수 있습니다.

<b>CSV 내보내기</b>
혈압 기록을 CSV 형식으로 내보낼 수 있습니다.

<b>백업 & 복원</b>
기기 내 또는 Google Drive에 자동 백업하고, 기기 변경 시 복원할 수 있습니다.

<b>고혈압 단계 색 구분 표시</b>
WHO 기준에 따른 색상으로 현재 혈압 상태를 즉시 확인할 수 있습니다.

<b>완전히 한국어 지원</b>

⚠️ <b>면책사항</b>
<b>이 앱은 직접 혈압을 측정하지 않습니다.</b>

이 앱은 의료기기가 아니며, 진단이나 치료 목적으로 사용되어서는 안 됩니다. 의료 전문가의 조언을 꼭 받으세요.",건강/운동,https://play.google.com/store/apps/details?id=com.celestialbrain.photobp&hl=ko&gl=kr,,,,,,
android,kr,com.one.bp_tracker,혈압·혈당 건강관리,"혈압·혈당 건강관리는 당신의 일상을 지켜주는 스마트 건강관리 앱입니다.
혈압 기록, 혈당 관리, 심박수 측정, 콜레스테롤 관리, BMI 계산까지 한 번에 관리하세요.
데이터 기반 분석과 맞춤 알림으로 건강 변화를 쉽고 명확하게 확인할 수 있습니다.

🌟 올인원 건강 관리 솔루션
🩸 혈압 관리 (혈압 기록기)
* 간편 기록: 수축기·이완기 혈압을 한 번에 입력하고 메모를 추가하세요.
* 스마트 분석: 저혈압·정상·고혈압으로 자동 분류하여 현재 상태를 바로 확인합니다.
* 혈압 추세 그래프: 일·주·월 단위로 변화를 한눈에 파악하세요.

🍬 혈당 관리 & 당뇨 관리
* 상세 기록: 공복 혈당, 식전/식후, 인슐린 등 태그 설정 가능
* 단위 변환 지원: mg/dL ↔ mmol/L 자유롭게 전환
* 혈당 추이 분석: 당뇨 관리에 필요한 장기 변화 확인

❤️ 심박수 & 심장 건강 모니터
* 심박수 기록: 일일 심박수 및 운동 후 회복 상태 체크
* 이상 수치 알림: 비정상 리듬 감지 시 알림 제공
* 심혈관 건강 분석으로 전반적인 컨디션 관리

🧪 콜레스테롤 & 지질 관리
* 검사 결과 기록: 총 콜레스테롤, HDL(좋은 콜레스테롤), LDL(나쁜 콜레스테롤), 중성지방 입력 가능
* 건강 가이드 제공: 콜레스테롤 수치 개선을 위한 맞춤형 건강 팁
* 심혈관 질환 예방을 위한 체계적인 모니터링

⚖️ 체중 관리 & BMI 계산기
* 체중·키 입력 시 BMI 자동 계산
* 체지방 관리 목표 설정 및 다이어트 가이드 제공
* 체중 변화 그래프로 진행 상황 확인

🌈 스마트 인사이트 & 건강 분석
📊 보기 쉬운 그래프와 리포트 제공
📈 장기 건강 추세 분석 및 데이터 공유 가능
💡 개인 맞춤 건강 점수 제공
🔔 정상 범위를 벗어나면 부드러운 알림 제공

🔒 안전한 데이터 보호
모든 건강 데이터는 안전하게 암호화되어 저장됩니다.
개인정보 및 건강 기록은 제3자에게 판매되지 않습니다.
사용자의 건강 데이터는 오직 본인에게만 소유권이 있습니다.

🌞 이런 분께 추천합니다
✔ 종이 수첩 대신 디지털 건강관리 앱을 찾는 분
✔ 고혈압, 당뇨, 심혈관 건강을 관리 중인 분
✔ 부모님을 위한 간편한 건강 모니터링이 필요한 분
✔ 운동 및 다이어트 진행 상황을 기록하고 싶은 분
✔ 병원 진료 시 명확한 건강 데이터를 공유하고 싶은 분

⚠️ 안내 사항
본 앱은 개인 건강 기록 및 참고용 정보 제공을 목적으로 합니다. 전문적인 의료 상담이 필요한 경우 반드시 의료 전문가와 상담하세요.
본 앱의 데이터는 법적·의학적 자문을 대체하지 않습니다.
앱의 정보는 참고용이며, 사용 시 이에 동의한 것으로 간주됩니다.

🎉 지금 혈압·혈당 건강관리를 다운로드하고, 스마트폰을 나만의 건강 관리 센터로 만들어 보세요!",건강/운동,https://play.google.com/store/apps/details?id=com.one.bp_tracker&hl=ko&gl=kr,,,,,,
android,kr,com.welltory.client.android,"웰토리: 심박수및스트레스측정, 헬스케어, 심박수 측정기","스마트 심박수 측정기로 여러분의 건강에 대해 더 깊이 알아보세요: 심박수 확인, 스트레스 측정, 에너지 및 생산성 분석이 가능합니다. 테크크런치, 프로덕트헌트, 라이프해커에 소개되었으며 1,600만 명의 이용자에게 사랑받는 앱입니다. 여러분의 건강 메이트, 웰토리를 만나보세요!

웰토리는 심박수의 변화를 분석합니다. – 펍매드(PubMed)에 25.000개 이상의 연구에서 뒷받침하는 건강 지표. 이 앱은 과학을 기반으로 합니다: 당사는 유니버시티 칼리지 런던(UCL), 텍사스 대학교(UT), 아리조나 주립대학교와 함께 작업해 왔으며 존스 홉킨스 대학, 하버드 의과 대학 그리고 다른 많은 대학들에 의해 인용되어 왔습니다.  

<h4>심박수 측정에서 건강에 대한 통찰을 얻었습니다</h4>

– 당사는 심박수 감지를 위해 광혈류 측정 또는 PPG를 사용합니다

– 심박수 변화를 개인화한 결과로 얻습니다

– 귀하의 심장 박동과 스트레스 수준을 추적합니다

<h4>혈압</h4>

– 혈압 데이터를 수동으로 추가하여 귀하의 심혈관 체계에 관한 더 자세한 정보를 얻습니다.

– 심박수 변화 측정에 사용하기 위해 8가지 과학적 매트릭스로 각각의 판독 후 통찰을 얻습니다.


<h4>건강 데이터를 제공해서 – 과학적 통찰을 얻습니다</h4>

– 일상적인 모니터링과 건강 상태 추적을 위해 1,000개 이상의 데이터 소스를 사용합니다. 당사는 고객님의 개인 정보 보호 및 안전을 위해 데이터를 클라우드에 안전하게 저장합니다.

– 핏비트(FitBit; 액티비티 트래커), 삼성(Samsung), 가민(Garmin; 피트니스 추적기), 미피트(MiFit), 폴라(Polar), 미 밴드(Mi Band), 오라(Oura), 위딩스(Withings) 및 기타 기기들과 호환이 됩니다.

– 당신의 건강을 추적합니다: 보다 나은 피트니스, 수면, 생산성, 명상 및 영양을 위한 앱. 예를 들어 구글 피트(Google Fit), 화웨이 헬스(Huawei Health), 스트라바(Strava), 런키퍼(Runkeeper), 레스큐 타임(RescueTime), 지오 사이(GeoSci), 슬립사이클(SleepCycle), 라이프 썸( Lifesum), 눔(Noom), 플로(Flo) 아이에프티티티, IFTTT

<h4>AI 운동 코치 및 스트레스 수준 관리</h4>

– 적응형 유산소 존(지방 연소, 심장 강화, 피크 및 라이트 존)에 적용됩니다

– 전 범위의 스포츠 활동을 분석합니다. – 운동, 수영, 달리기, 요가 세션, 사이클링 등

– 건강을 위한 여러 가지 운동의 영향을 비교합니다.


<h4>심박수를 측정하는 단 한 개의 앱으로 – 건강에 대한 많은 인사이트를 받습니다</h4>

– 수면, 피트니스 및 건강에 대한 이해

– 의사의 검진이 필요할 경우, 건강 알림 메시지가 표시됩니다

– 스트레스, 공황발작, 불면증에 대처하는 방법을 추천해 드립니다

– 개인 대시보드 및 증상 검색 프로그램 등의 트렌드 및 연관성을 보여 드립니다


<h4>당신만을 위한 과학</h4>

– 웰토리는 웨어러블에서 추적한 데이터로 당신의 건강 상태를 모니터링 하는데 도움을 드립니다 – 이 모든 주요한 건강 상태의 평가는 하나의 앱에서 확인이 가능합니다. 여러분의 건강 상태를 확실히 관리하기 위해서 혈압과 심박수를 기록하십시오!

– 스트레스와 정신적, 육체적 바이오 피드백 모두를 관찰하십시오. 트레이닝 계획을 잘 지키시고 싶다면 웰토리와 함께 집에서 HRV를 추적하시기 바랍니다. 여러분의 고혈압/저혈압에 대한 기록을 보관하십시오. 이 데이터로는 기분, 에너지 및 스트레스에 기반한 점수를 제공해 드리기 때문에 읽기가 쉽습니다. 웰토리는 대부분의 스마트워치 및 피트니스 밴드 모델과 호환이 됩니다

– 미국 심장 협회에서는 보행 심전도, EKG 또는 심전도 해석에 대해 HRV 평가를 권장하고 있습니다. 스트레스 관리 앱은 전반적인 건강 문제를 해결하고 심박수를 모니터링 하는 현대적인 방법입니다. 

EKG 심박 모니터로 심장 박동을 측정하여 얻을 수 있는 모든 것을 받아 보시기 바랍니다. 더 나은 생산성과 전반적 건강의 향상을 위해 스트레스, 수면 및 체력을 잘 이해해 두십시오.

WearOS 시계 앱
Welltory Wear OS 앱은 Samsung Galaxy Watch4, Galaxy Watch4 classic, Galaxy Watch5, Galaxy Watch5pro와 호환됩니다. WearOS 시계 앱은 Pixel Watch 및 기타 WearOS 기기와 호환되지 않지만 기본 앱은 계속 사용할 수 있습니다.

참고
Welltory는 심박수 변화를 측정하고 심장 박동만을 감지합니다. Welltory는 휴대폰 카메라를 통해 다른 바이털 사인을 측정할 수 없습니다.
그러나 당신이 이 바이탈 사인을 당신의 활동 추적기에 기록하면, Welltory는 ""내 데이터""에서 그것들을 활용합니다.

Welltory는 과학적 접근을 토대로 당신의 라이프스타일을 증진시키기 위한 권장 건강정보를 제공합니다. 그러나 건강이 좋지 못하다고 느끼는 경우, 의사의 진료를 받아보실 것을 추천드립니다.

당사의 앱은 의학적 기기 및 제품으로 사용되어서는 안되며, 오직 일반적인 피트니스 및 웰빙 목적으로 디자인되었습니다.",건강/운동,https://play.google.com/store/apps/details?id=com.welltory.client.android&hl=ko&gl=kr,,,,,,
android,kr,com.aadhk.bptracker,혈압 추적기 찬성,"혈압 추적기는 혈압을 기록하고 혈압 추세를 모니터링하며 의사와 공유할 수 있도록 도와줌

앱은 혈압을 측정하지는 않음

주요 특징
★ 수축기, 이완기, 맥박, 포도당 및 동맥혈산포화도를 기록함
★ 일정관리 보기에서 기록을 탐색하거나 기록함
★ 의사와 혈압 공유함
★ csv, html, Excel 및 pdf 보고서를 만듬
★ 태그별로 혈압 정리함
★ 혈압 범주를 자동으로 계산함
★ 혈압을 최대값, 최소값, 평균값으로 요약함
★ 선 도표로 혈압동향을 모니터링함
★ 혈압을 관찰하고 조절하는데 도움이됨

※ 앱이 마음에 드신다면 지속적인 개발의 원동력이 되도록 좋은 평가를 부탁드리며, 감사드립니다.
※ 마켓에서는 리뷰에 회신할 수 없으므로, 건의사항이나 문의사항이 있으시면 저희 우편함으로 직접 메일을 보내주십시오. 마켓에 관한 리뷰에 평가와 격려를 남겨주십시오, 다시 한번 감사드립니다.

[유료 버전으로 업그레이드]
1. 유료 버전을 구입 및 설치하십시오.
2. 백업기능별 라이트 버전의 데이터베이스를 백업하십시오.
3. 복원기능별 유료버전의 데이터베이스를 설치하십시오.",의료,https://play.google.com/store/apps/details?id=com.aadhk.bptracker&hl=ko&gl=kr,,,,,,
android,kr,com.bloodpressureboss.pro,BP Tracker: Blood Pressure Log,"BP Tracker Pro로 심장 및 신진대사 건강을 관리하세요. BP Tracker Pro는 광고 없는 프리미엄 혈압, 혈압 기록, 혈당(포도당) 추적, 체중 추적, BMI 계산기, 혈중 산소(SpO2) 추적 기능을 제공하며, 모든 건강 데이터는 100% 오프라인으로 안전하게 보관됩니다.

더 이상 종이 기록부나 비싼 구독료가 부과되는 앱에 의존하지 마세요. BP Tracker Pro는 혈압, 혈당, 체중, BMI, SpO2 측정값을 보기 좋은 차트, 고급 건강 분석 기능, 그리고 의료 전문가를 위한 전문 보고서로 체계적으로 관리할 수 있도록 도와줍니다. 구독료도, 클라우드 저장 공간도, 광고도 없습니다. 한 번 결제로 평생 이용하세요.

🩸 모든 건강 지표 추적

혈압 그 이상을 경험하세요. 설정에서 선택적 추적 모듈을 활성화하여 다음 항목을 기록하세요.

• 혈압 및 맥박
• 혈당
• 체중 및 BMI(체질량지수)
• 혈중 산소 포화도(SpO2)

모든 데이터는 미터법과 영국식 단위를 모두 지원하는 통합 대시보드에서 깔끔하게 정리되어 있습니다.

🧠 고급 건강 분석

BP Tracker Pro는 단순한 건강 일지를 넘어 장기적인 데이터 추세를 파악하는 데 도움을 줍니다.

• 복용 약물, 생활 습관, 기록된 혈압 수치 간의 상관관계를 분석합니다.

• 아침 혈압 급상승, 백의 고혈압, 혈압 변화와 SpO2 수치 변화를 자동으로 강조 표시하여 의료진과 상담할 수 있도록 합니다.

• 체중 변화와 혈압 추세 간의 상관관계를 시간 경과에 따라 확인합니다.

📊 강력한 차트 및 추세 분석

부드럽고 직관적인 차트로 진행 상황을 시각화하세요.

• 정상, 상승, 고혈압 수치를 보여주는 목표 혈압 유지 시간 도넛 차트

• 아침과 저녁 평균 비교

• 혈압, 혈당, 체중, BMI, SpO2의 장기 추세 분석

💊 500개 이상의 약물 사전

500개 이상의 일반적인 심혈관 및 대사 질환 관련 약물이 포함된 내장 자동 완성 데이터베이스를 사용하여 복용 약물을 빠르게 기록하세요. 검색하고 탭하여 복용량을 기록하기만 하면 됩니다.

🩺 미국심장협회(AHA) 및 유럽심장학회(ESC) 혈압 가이드라인

미국심장협회(AHA)와 유럽심장학회(ESC)의 혈압 분류 기준 중 하나를 선택하여 맞춤 설정하세요. 선택한 가이드라인에 따라 색상으로 구분된 수치가 자동으로 업데이트됩니다.

📄 의사에게 제출 가능한 PDF 보고서

다음과 같은 내용을 포함하는 전문적인 PDF 보고서를 생성하세요.

• 색상으로 구분된 혈압 기록
• 추세 차트
• 30일 요약
• 자동 생성되는 건강 요약
• 약물 복용 이력

의사 또는 의료 전문가와 공유하기에 적합합니다.

👨‍👩‍👧‍👦 다중 사용자 프로필

하나의 기기에서 최대 8개의 개별 프로필을 관리할 수 있습니다. 가족이나 보호자에게 이상적이며, 각 프로필별로 암호화된 기록, 차트 및 보고서를 제공합니다.

🔒 100% 오프라인 및 개인 정보 보호

귀하의 건강 데이터는 기기에서만 안전하게 보관됩니다.

• 클라우드 저장소 없음
• 계정 필요 없음
• 데이터 수집 없음
• 광고 없음
• 로컬 암호화 저장소
• 언제든지 CSV 파일로 데이터를 내보내 안전하게 백업할 수 있습니다.

🎨 프리미엄 경험

• 최신 글래스모피즘 인터페이스
• 트루 블랙 AMOLED 테마
• 측정 전 휴식 호흡 타이머 제공
• 부드러운 애니메이션 및 햅틱 피드백

중요 의료 고지 사항

BP Tracker Pro는 외부 측정 장치를 통해 측정한 혈압, 맥박, 혈당, 체중, BMI 및 혈중 산소 포화도(SpO2) 수치를 기록하고 정리하는 개인 건강 기록 애플리케이션입니다. 본 앱은 의료 기기가 아니며 어떠한 질병도 측정, 진단, 모니터링, 치료 또는 예방하지 않습니다. 측정 시에는 항상 검증된 의료 장비를 사용하고, 건강 또는 치료 관련 결정은 자격을 갖춘 의료 전문가와 상담하십시오.",건강/운동,https://play.google.com/store/apps/details?id=com.bloodpressureboss.pro&hl=ko&gl=kr,,,,,,
android,kr,melstudio.mpresssure,Blood Pressure & BP Tracker,"혈압 추적기: 심장 건강 및 고혈압 관리를 위한 필수 동반자

혈압 추적기 앱으로 심혈관 건강을 관리하세요. 이 종합적인 혈압 추적 앱은 고혈압, 저혈압 및 심장 관련 질환을 모니터링, 분석 및 관리하도록 설계되었습니다. 심장 건강을 최우선으로 생각하는 분들에게 이상적인 이 혈압 기록 도구는 혈압, 맥박, 약물 효과를 추적하고 중요한 추세를 파악하여 심장 전문의와의 상담에 도움을 줍니다.

심장 및 고혈압 관리를 위한 주요 기능
🔹 종합적인 혈압 기록
수축기, 이완기 혈압, 맥박(심박수 모니터 연동 가능), 체중을 간편하게 기록하세요. 증상이나 유발 요인을 메모하여 기록할 수 있으며, 높은 혈압 또는 낮은 혈압 수치를 효과적으로 관리할 수 있습니다.

🔹 스마트 태그 시스템 및 추세 분석
혈압 기록 항목에 ""운동 후"", ""식후""와 같은 맞춤 태그를 지정하세요. 11개 이상의 인터랙티브 차트를 통해 일별, 주별, 월별 평균 혈압 추이를 확인하고 추세를 분석하세요.

🔹 약물 복용 기록 및 알림
처방전을 기록하고 혈압 측정 데이터와 함께 효과를 평가하세요. 고혈압 환자의 치료 진행 상황 추적에 이상적입니다.

🔹 맞춤형 알림 및 백업
측정 알림을 설정하고 혈압 기록을 백업하여 의사와 공유하세요. 혈압 측정기에서 PDF/XLS 보고서를 간편하게 내보낼 수 있습니다.

🔹 임상적으로 검증된 정상 범위
혈압 측정 앱에서 수축기/이완기 혈압 기준치(미국심장협회 가이드라인에 부합)를 개인 설정하세요. 사용자의 건강 프로필에 맞춰 조정됩니다.

이 앱을 선택해야 하는 이유
심장 질환: 혈압 측정기 또는 심박수 모니터를 사용하는 고혈압/저혈압 환자에게 최적화되어 있습니다.

데이터 기반 인사이트: 추세 분석을 통해 이상 징후를 파악하고 혈압을 안정화하세요.

안전하고 접근성 높음: 자동 백업 기능으로 장기간의 혈압 기록을 안전하게 보호합니다.

⚠️ 주의: 데이터 입력을 위해서는 수동 혈압계(혈압 측정기)가 필요합니다. 이 앱은 혈압을 직접 측정하지 않습니다. 본 앱은 의료 조언을 제공하지 않으므로, 의사와 상담하십시오.

오늘부터 심장 건강을 최우선으로 생각하세요
이 혈압 추적 앱으로 고혈압을 관리하는 수천 명의 사용자들과 함께하세요. 지금 다운로드하여 데이터를 유용한 정보로 전환하세요!",건강/운동,https://play.google.com/store/apps/details?id=melstudio.mpresssure&hl=ko&gl=kr,,,,,,
android,kr,com.heartery.com.ai,Heartery: 혈압,"💙 Heartery: 고혈압을 추적하는 것이 아닌 실제로 치료할 수 있도록 지원하는 최초의 앱

기존 혈압 기록 앱과 달리, Heartery는 고혈압 관리를 돕고 건강을 실제 개선하도록 설계되었습니다. 200회 이상의 환자 인터뷰를 기반으로 합니다.

📊 빠른 심장 건강 체크: 모든 중요 지표를 한눈에 확인.
😱 부작용이 걱정되나요? 공식 등록된 약물의 부작용 정보를 검색합니다.
🍽️ 음식 스캔 – 소금 모니터: 식사를 스캔하여 소금, 콜레스테롤, 지방 함량을 추정하고 일지에 기록합니다.
🏋️‍♂️ 개인 맞춤 운동 계획 생성: Google Fit 데이터 기반, 덴마크 고혈압 전문가와 개발.
💊 약 복용이 어렵나요? Adherence Assessment로 문제를 분석하고 맞춤형 조언을 제공합니다.
🌍 음식이 혈압에 좋은가요? USDA, EFSA 가이드라인에 맞춰 Safe Food Alert가 평가합니다.
📊 진행 상황 시각화: 3/7일 및 1/3/6개월 그래프 제공. 평균, 최소, 최대값 확인.
🍳 심장 건강 요리: Heartwise Recipes Finder는 미국 및 EU 영양 기준 준수.
🕛 믿을 수 있는 약 복용 알림: 복약 리마인더 설정 및 캘린더 연동.
📊 측정값 이해하기: AHA, ESC, WHO 가이드라인과 비교하여 해설 표시.
📃 증상 일지: 증상을 빠르게 기록해 의사와 공유.
⚠️ 의료 면책 조항: Heartery는 보조 도구이며 의학적 조언을 대체하지 않습니다. 의사와 상의하세요.
📆 오늘부터 Heartery로 똑똑하게 혈압 관리 시작하세요!",건강/운동,https://play.google.com/store/apps/details?id=com.heartery.com.ai&hl=ko&gl=kr,,,,,,
android,kr,bloodpressure.monitor.tracker.bptracker,고혈압 혈압기록 수첩,"혈압, 맥박, 심박수를 하나의 앱에서 관리하세요. 수축기와 이완기 수치를 기록하고 추세를 분석하며 고혈압 일지를 체계적으로 보관할 수 있습니다.

• 빠른 BP 기록
• 심박수 기록 관리
• 추세 그래프와 분류
• 보고서 내보내기 및 공유
• 복약 알림

면책 조항: 이 앱은 혈압 수치를 기록하고 건강 정보를 제공하기 위한 용도입니다. 혈압을 직접 측정하지 않으며, 전문적인 의료 조언, 진단, 치료 또는 인증된 의료기기를 대체하지 않습니다.",의료,https://play.google.com/store/apps/details?id=bloodpressure.monitor.tracker.bptracker&hl=ko&gl=kr,,,,,,
android,kr,com.borysk.heartmonitor,혈압 모니터,"혈압을 모니터링하는 가장 스마트한 방법. 휴대폰 카메라로 혈압계를 스캔하고, 약물을 추적하고, 맞춤형 인사이트를 받고, 의사와 전문 보고서를 공유하세요 — 아름답게 디자인된 광고 없는 하나의 앱에서 모두 가능합니다.

혈압계 스캔하기
카메라를 혈압계 디스플레이에 향하면 수축기, 이완기, 맥박 수치를 즉시 캡처합니다. 수동 입력이 필요 없습니다 — 고급 인식이 몇 초 만에 값을 추출합니다.

모든 측정 기록하기
완전한 맥락과 함께 혈압 수치를 기록하세요: 측정 팔(왼쪽/오른쪽), 체위(앉기/서기/눕기), 맞춤 태그, 메모, 연결된 약물. 더 빠른 입력을 위해 기본값을 설정하세요. 언제든지 전체 기록을 검색, 필터링, 검토할 수 있습니다.

스마트 인사이트 및 트렌드
데이터를 기반으로 최대 5개의 맞춤형 인사이트를 받아보세요. 시간대별 패턴, 요일별 트렌드, 14일 개선 추적, 약물 상관관계를 발견하세요. 혈압에 영향을 미치는 요인을 이해하세요 — 단순히 수치만이 아닌.

상세 통계 및 차트
인터랙티브 라인 차트, 카테고리 분포 그래프, 측정 빈도 히트맵으로 건강을 시각화하세요. 지난 주, 월, 연 또는 원하는 기간의 통계를 확인하세요. 시간에 따른 수축기, 이완기, 맥박의 최솟값, 최댓값, 평균값을 추적하세요.

약물 추적
용량, 단위, 빈도, 활성 날짜와 함께 약물을 추가하세요. 약물을 개별 측정에 연결하고 혈압 트렌드와의 상관관계를 확인하세요. 체계적으로 관리하고 정확한 약물 이력을 의사와 공유하세요.

GOOGLE HEALTH CONNECT 동기화
Google Health Connect와 양방향 동기화. 혈압 및 심박수 데이터가 전체 건강 생태계에서 연결된 상태를 유지합니다.

내보내기 및 의사와 공유
전문 PDF 보고서를 생성하거나 데이터를 Excel로 내보내세요. 요약 통계, 측정 기록, 약물 세부 정보를 포함하세요 — 다음 진료에 바로 사용할 수 있습니다.

스마트 알림
측정을 놓치지 않도록 여러 일일 알림을 설정하세요. 귀하의 언어로 현지화된 메시지와 함께 완전히 맞춤 설정 가능한 알림 시간.

홈 화면 위젯
홈 화면 위젯으로 최근 측정을 한눈에 확인하세요. 앱을 열지 않고도 혈압 상태를 확인할 수 있습니다.

개인정보 보호를 위해 설계
• 계정 불필요 — 즉시 추적 시작
• 측정값, 복용약, 메모는 기기에 저장
• 광고, 데이터 판매 없음 — 절대로

혈압 카테고리
AHA/WHO/ESC 가이드라인에 따른 임상 분류:
• 저혈압 (90/60 미만)
• 정상 (120/80까지)
• 전고혈압 (140/90까지)
• 고혈압 1단계 (160/100까지)
• 고혈압 2단계 (160/100 초과)

13개 언어 지원
영어, 폴란드어, 중국어(간체 및 번체), 스페인어, 힌디어, 아랍어, 포르투갈어(브라질 및 포르투갈), 러시아어, 일본어, 독일어, 프랑스어.

프리미엄 기능
주간 또는 연간 구독으로 전체 경험을 잠금 해제하세요:
• 즉석 측정 캡처를 위한 카메라 스캔
• 스마트 인사이트 및 약물 상관관계
• 차트 및 히트맵이 포함된 전체 통계
• PDF 및 Excel 내보내기
• 데이터 가져오기
• 맞춤 태그

무료 기능에는 무제한 수동 측정, 기록, 알림, Health Connect 동기화, 홈 위젯, 13개 언어 전체가 포함됩니다.

지금 다운로드하고 심장 건강을 관리하세요.

이 앱은 의료 기기가 아닙니다. 의료 조언은 항상 의료 전문가와 상담하세요.",건강/운동,https://play.google.com/store/apps/details?id=com.borysk.heartmonitor&hl=ko&gl=kr,,,,,,
android,kr,com.bpfit.bloodpressure.health,혈압,"혈압은 혈압 데이터 기록을 위한 완벽한 동반자입니다. 이를 통해 혈압 데이터를 쉽게 기록하고 언제든지 혈압 데이터 추세를 볼 수 있습니다.

주요 기능:

주로 혈압 데이터를 기록하는 기능을 제공하고 있으며, 혈압 데이터를 쉽게 기록하여 혈압 데이터 추이 및 이력을 확인할 수 있습니다.

동시에 혈당 데이터 기록 기능도 제공하며, 필요한 경우 혈당 데이터를 앱에 쉽게 기록하여 과거 혈당 데이터를 관리하고 볼 수 있습니다.

건강 정보: 앱에서 혈압 관련 지식을 읽고 배울 수 있습니다.

부인 성명

1. 이 앱은 혈압이나 혈당을 측정하지 않으며 응급 상황에 적합하지 않습니다. 도움이 필요하면 의사와 상담하세요.

2. 본 애플리케이션을 사용하여 제공되는 정보는 대중에게 일반적인 요약 정보를 제공하기 위한 것일 뿐이며 서면 법률이나 규정을 대체할 의도는 없습니다. 이 앱은 건강 전문가 지침을 제공하지 않습니다. 건강 전문가의 지도가 필요한 경우 전문 의료 서비스 제공자나 의사에게 문의하세요.",건강/운동,https://play.google.com/store/apps/details?id=com.bpfit.bloodpressure.health&hl=ko&gl=kr,,,,,,
android,kr,com.zlamanit.blood.pressure,Blood Pressure Log - MyDiary,"쉽고 정확하게 혈압을 추적하려는 모든 사람에게 꼭 필요한 도구인 혈압 로그 앱으로 건강 관리를 극대화하세요.

<b>혈압 기록을 선택하는 이유는 무엇입니까?</b>

🎯 사용자 친화적: 깔끔한 인터페이스와 전용 키패드를 사용하면 판독값을 쉽게 기록할 수 있습니다.
📈 통찰력 있는 분석: 대화형 차트, 자세한 통계 및 요약을 통해 건강을 더 잘 이해하세요.
💌 즉시 공유: 종합 보고서를 의료 서비스 제공자에게 직접 이메일로 보내거나 다음 예약을 위해 인쇄할 수 있습니다.
<b>핵심 기능:</b>
• 📝 손쉬운 기록: 혈압 측정값, 커프 위치, 신체 자세를 몇 초 만에 추가하세요.
• 🔍 동적 보기: 표, 차트, 통계 중에서 선택하여 원하는 방식으로 데이터를 확인하세요.
• 💡 맞춤형 알림: 나만의 저혈압 및 고혈압 범위를 정의하여 맞춤형 알림을 받아보세요.
• 🏷️ 컨텍스트 추가: 맞춤 태그와 설명을 사용하여 각 측정에 더 많은 정보를 제공합니다.
• 🔄 데이터 가져오기: CSV 형식을 사용하여 다른 앱에서 데이터를 쉽게 가져올 수 있습니다.

<b>추가 건강 추적:</b>
• 🍏 체중을 모니터링하세요
• 🧪 혈당 수치 추적
• 💨 산소 포화도를 주시하세요

<b>데이터 내보내기:</b>
• 📥 로컬에 저장하거나 이메일로 보내기
• 📑 MS Word 보고서 생성
• 📊 Excel 스프레드시트 만들기
• 📄 CSV 및 XML 형식 지원

<b>저희와 소통하세요:</b>
아이디어나 질문이 있나요? 우리가 도와드리겠습니다! info@mydiary-bloodpression.com으로 문의하세요.

혈압 기록으로 건강을 관리하세요. 지금 다운로드하여 시작해 보세요!",의료,https://play.google.com/store/apps/details?id=com.zlamanit.blood.pressure&hl=ko&gl=kr,,,,,,
android,kr,com.shpavda.bpt.blood.pressure.tracker.monitor.heart.health,혈압 기록: 맥박·심박수 측정,"혈압 기록은 매일의 혈압, 맥박, 심박수를 간편하게 기록하고 관리할 수 있는 건강 관리 앱입니다. 고혈압이 걱정되는 분, 저혈압을 살펴야 하는 분, 그리고 더 건강한 생활 습관을 만들고 싶은 분까지, 모든 기록을 보기 쉬운 그래프와 추세로 바꿔 주치의와 공유하기에도 좋습니다.

고혈압과 심혈관 질환은 그 어느 때보다 흔해졌고, 예방은 '아는 것'에서 시작됩니다. 직관적인 기록과 강력한 분석으로 심혈관 건강을 든든하게 관리하세요. 모든 데이터는 기기 안에 안전하게 저장되며, 인터넷 없이 언제든 확인할 수 있고 계정도 필요 없습니다.

주요 기능

• 간편 기록: 수축기(최고), 이완기(최저) 혈압과 맥박(BPM)을 몇 초 만에 기록.
• 올인원 건강 관리: 체중, 체온, 혈당, 산소 포화도(SpO2)까지 함께 기록.
• 색상 표시: 측정값이 정상, 높음, 위험 중 어디에 속하는지 한눈에 확인.
• 그래프와 통계: 주·월·년 또는 사용자 지정 기간으로 혈압 추세를 시각화.
• 메모 기능: 그때의 컨디션, 복용 약, 상황을 기록에 함께 남기기.
• 알림: 알림으로 측정을 놓치지 않도록.
• 전체 기록 보관: 소중한 건강 기록을 데이터 손실 없이 보관.
• 자유로운 편집: 언제든 기록을 추가, 수정, 삭제.
• 오프라인 지원: 인터넷도, 계정도 필요 없음.
• 라이트·다크 테마: 눈이 편안한 심플한 디자인.
• 70개 이상 언어 지원: 전 세계 사용자를 위해.

기록할 수 있는 항목

혈압 범주: 저혈압, 정상, 높음, 고혈압 1기, 고혈압 2기, 고혈압 위기.
맥박 수준: 무수축, 서맥, 정상, 빈맥.
체중: 킬로그램(kg), 파운드(lb), 스톤(st).
체온: 섭씨(°C), 화씨(°F).
혈당: mmol/L, mg/dL.
산소 포화도: 퍼센트(%).

사용 방법

1. 버튼을 눌러 최고·최저 혈압과 맥박을 입력하세요.
2. 색상 결과로 현재 상태를 바로 확인하세요.
3. 그래프로 추세를 살피고 알림으로 습관을 만드세요.

이런 분께 추천

• 집에서 고혈압이나 저혈압을 관리하고 싶은 분.
• 매일 혈압과 맥박을 확인하는 어르신과 가족·간병인.
• 진료를 위해 혈압 기록을 남기고 싶은 분.
• 건강한 습관을 오래 이어가고 싶은 분.

당신의 건강 데이터는 당신의 것입니다. 모든 정보는 기기 안에 비공개로 저장되고 당신의 통제 아래 있습니다. 건강에 관해서는 아는 것이 곧 힘입니다. 기록은 물론, 앱은 측정값을 이해하고 고혈압을 관리하며 심장에 좋은 생활 습관을 들이는 데 도움이 되는 팁과 글도 제공합니다.

집에서 혈압을 재는 이유

심장 문제는 조용히 시작되는 경우가 많습니다. 집에서의 규칙적인 측정은 변화의 추세를 일찍 포착하고, 진료실에서의 한 번 측정보다 당신과 의사에게 더 정확한 정보를 줍니다. 매일의 숫자가 쌓이면 내 몸과 건강의 방향이 분명하게 보이기 시작합니다.

작은 측정이 모여 큰 통찰이 됩니다. 수치를 살피고, 추세를 일찍 알아차리고, 내 건강을 스스로 관리하세요. 혈압 기록을 내려받아 더 건강하고 행복한 심장을 향한 첫걸음을 내디뎌 보세요.

혈압 기록·혈압 다이어리: 심박수·맥박·BPM, 고혈압·저혈압, 수축기·이완기, 혈당·체중·체온·산소(SpO2)까지 당신의 건강 관리를 한 번에.

의료 면책 조항: 이 앱은 의학적 조언이나 진단, 치료를 제공하지 않습니다. 앱 사용과 병행하여, 그리고 어떤 의료적 결정을 내리기 전에는 항상 의사의 조언을 구하시기 바랍니다.",의료,https://play.google.com/store/apps/details?id=com.shpavda.bpt.blood.pressure.tracker.monitor.heart.health&hl=ko&gl=kr,,,,,,
android,kr,com.icardiac.heartratemonitor.healthapp,심장 건강 모니터 - iCardiac,"<b>iCardiac: 심박수 모니터</b>, 올인원 건강 앱 & 심박수 모니터. 스마트폰에서 바로 신체 신호를 파악하고, 혈압을 측정하고, 스트레스 수치를 추적하며, 전반적인 건강을 관리하세요.

<b>🌟 iCardiac: 건강 앱 & 심박수 모니터를 선택해야 하는 이유</b>
- 언제 어디서나 정확한 심박수(HR, BPM) 측정.
- 스트레스, 회복력, 회복탄력성을 파악하는 고급 HRV(심박수 변화) 측정.
- 혈압, SpO2, 체온 등을 기록.
- 개인 맞춤형 추천을 제공하는 AI 기반 건강 정보.
- 간편한 카메라 기반 측정 또는 웨어러블 기기와의 원활한 동기화.

<b>❤️ iCardiac의 기능으로 심장의 이야기를 들어보세요:</b>
심박수 및 변이도(HRV): iCardiac을 사용하면 심박수를 빠르고 쉽게 확인할 수 있습니다. 휴대폰 카메라에 손가락을 대고 분당 심박수(BPM)와 심박 변이도(HRV)를 측정하세요. iCardiac은 광 흡수 기술을 사용하여 몇 초 만에 정확한 결과를 제공합니다.

- 심장 건강 점수: 측정 후 연령 및 성별 기준에 따라 개인 맞춤형 심장 건강 점수를 받아보세요. iCardiac은 HRV와 심박수 데이터를 통합하여 현재 심혈관 상태를 명확하게 보여줍니다.
- HRV 추적 및 그래프: 간단하고 읽기 쉬운 그래프를 통해 시간 경과에 따른 심박 변이도의 변화를 시각화합니다. 이러한 통찰력은 스트레스, 회복 및 장기적인 심장 건강과 관련된 패턴을 보여줍니다.
- 혈압 모니터: 혈압을 정기적으로 기록하고 추적하세요. 시간 경과에 따른 이해하기 쉬운 차트와 추세를 확인하고 건강한 혈압을 유지하는 데 도움이 되는 유용한 팁을 받아보세요.
- 스트레스 및 에너지 통찰력: 일상 습관이 웰빙에 미치는 영향을 알아보세요. iCardiac은 HRV 분석을 통해 스트레스 수준을 추적하고, 회복 균형을 맞추고, 업무, 운동 및 일상생활에서 더 나은 성과를 위해 에너지를 최적화할 수 있도록 도와줍니다.
- 건강 기록: 혈압, 산소 포화도(SpO2), 체온 등을 간편하게 기록하세요. 체계적인 기록 관리를 통해 시간 경과에 따른 건강 변화를 파악하고 건강에 대한 현명한 결정을 내릴 수 있습니다.

AI 건강 가이드: iCardiac은 단순한 수치를 넘어, AI 기반 인사이트를 통해 개인 맞춤형 라이프스타일 제안, 운동 추천, 그리고 데이터에 기반한 웰빙 팁을 제공합니다.

<b>🌍 iCardiac은 모두를 위한 제품입니다.</b>
- 정확한 심박수 모니터링을 원하는 피트니스 애호가.
- HRV(심박수 변화) 모니터링을 통해 스트레스와 에너지 레벨을 관리하는 사람.
- 심장 건강과 전반적인 웰빙을 개선하는 더 스마트한 방법을 찾는 모든 사람.

<b>‼️ 면책 조항:</b>
iCardiac: 심박수 모니터 및 HRV 추적기는 의료 기기가 아닙니다. 피트니스 및 웰빙 목적으로만 사용되며, 질병 진단이나 치료 목적으로는 사용할 수 없습니다. 의학적 조언은 항상 의료 전문가와 상담하십시오.

📥 지금 바로 <b>iCardiac: 건강 앱 & 심박수 모니터</b>를 다운로드하고 심장이 보내는 소리에 귀 기울이세요. 휴대폰을 믿을 수 있는 심박수 및 혈압 모니터로 바꾸고, 단계적으로 더 건강한 라이프스타일을 만들어 보세요.

개인정보처리방침: https://begamob.com/cast-policy.html
이용약관: https://begamob.com/ofs-termofuse.html",건강/운동,https://play.google.com/store/apps/details?id=com.icardiac.heartratemonitor.healthapp&hl=ko&gl=kr,,,,,,
android,kr,com.bloodpressure.monitor.heart.rate.bptracker,Blood Pressure Log App,"혈압, 심박수, 그리고 일상적인 건강 습관에 대한 정보를 제공하는 웰니스 앱, 혈압 및 심박수 추적기로 웰빙을 관리하세요. 사용하기 쉬운 혈압 및 맥박 추적 앱으로 언제 어디서나 신체 데이터를 기록하고 확인할 수 있습니다.

이 앱은 필수적인 추적 도구를 하나의 간단한 대시보드에 통합했습니다. 혈압을 기록하고, 심박수를 확인하고, 알림을 설정하여 일관된 건강 습관을 유지할 수 있습니다. 저희의 목표는 누구나 매일 혈압을 기록하고, 맥박을 확인하고, 생활 습관을 추적하는 것을 간편하고 쉽게 이용할 수 있도록 하는 것입니다.

주요 기능:

🩸 혈압 기록: 시간 경과에 따른 혈압 수치를 기록하고 분석합니다.
❤️ 심박수 측정: 맥박을 확인하고 심박수 변화를 추적합니다.
💉 혈당 추적: 혈당 데이터를 기록합니다.
💧 수분 섭취 알림: 스마트 알림으로 수분을 충분히 섭취하세요.
🌙 수면 추적: 수면 패턴과 휴식의 질을 기록합니다.
⚖️ BMI & 칼로리 트래커: 신체 지표와 피트니스 진행 상황을 모니터링하세요.
🌸 생리 주기 트래커: 생리 주기를 쉽게 관리하고 추적하세요.

정기적인 추적은 신체를 이해하고 건강에 영향을 미치는 패턴을 감지하는 데 도움이 됩니다. 앱의 심박수 트래커와 맥박 측정기를 통해 일일 결과를 기록하고 시각적인 추세를 확인할 수 있습니다. 깔끔한 레이아웃과 읽기 쉬운 차트를 통해 복잡한 도구 없이도 심박수와 혈압 데이터를 확인할 수 있습니다.

친절한 알림과 자동 분석 기능을 통해 꾸준히 운동하고 동기를 부여하세요. 건강한 습관을 유지하거나 일일 측정값을 관리하고 싶을 때, 이 혈압 트래커 및 맥박 측정 앱이 여러분의 웰빙 여정을 도울 수 있습니다. 지금 바로 건강한 루틴을 만들어 보세요. 혈압 & 심박수 트래커를 다운로드하고 모든 필수 건강 데이터를 한 곳에 보관하세요. 일일 혈압 기록, 심박수 트래커, 혈당 트래커로 사용하여 진행 상황을 확인하고 웰빙을 위해 적극적으로 노력하세요.

⚠️ 면책 조항
- 이 앱은 의료용으로 제작되지 않았습니다.
- 이 앱은 일반적인 건강 관리 및 자가 모니터링 목적으로만 설계되었습니다.
- 혈압, 심박수, 혈당 기능은 참고용입니다.
- 정확한 측정이나 의학적 조언은 항상 의료 전문가와 상담하십시오.
- 손전등을 사용하면 기기가 과열될 수 있습니다.",건강/운동,https://play.google.com/store/apps/details?id=com.bloodpressure.monitor.heart.rate.bptracker&hl=ko&gl=kr,,,,,,
android,kr,com.facescan.health.monitor,FaceVital: 건강 모니터링 & 심박수 모니터,"휴대폰 카메라 스캔으로 건강을 간편하게 관리하세요. <b>FaceVital: 건강 모니터링 & 심박수 모니터</b>와 함께 심박수, 스트레스 수준, 혈압 추세를 확인하고 일일 건강 인사이트를 몇 초 만에 받아보세요.

FaceVital은 카메라 스캐너 기술을 활용하여 사용자의 건강과 웰니스를 더욱 쉽게 이해할 수 있도록 도와주는 건강 모니터 앱입니다. 스마트폰 하나로 심박수를 측정하고, 스트레스 수준을 확인하며, 건강 상태를 추적하고, 다양한 건강 인사이트를 빠르게 확인할 수 있습니다.

건강한 습관을 만들고 싶거나, 생활 습관을 개선하고 싶거나, 자신의 건강 상태를 꾸준히 확인하고 싶다면 FaceVital이 쉽고 편리한 건강 관리를 제공합니다.

<b>주요 기능</b>

🩺<b>카메라 건강 모니터</b>
휴대폰 카메라 스캔 기술을 이용해 건강 정보를 확인하고 중요한 건강 지표를 모니터링하세요. 간단한 스캔만으로 일상적인 건강 패턴과 전반적인 웰니스를 쉽게 파악할 수 있습니다.

❤️<b>심박수 측정</b>
언제 어디서나 심박수를 측정하고 시간에 따른 변화를 확인하세요. 심박수 기록을 검토하여 심장 건강을 더욱 효과적으로 관리할 수 있습니다.

😌<b>스트레스 모니터</b>
스트레스 수준을 확인하고 일상 활동이 건강에 미치는 영향을 이해해 보세요. 변화 추이를 확인하며 더욱 균형 잡힌 건강 습관을 만들어 보세요.

📈<b>혈압 모니터</b>
혈압 관련 추세와 건강 정보를 한곳에서 확인하세요. 기록을 관리하고 시간에 따른 변화를 확인하여 심혈관 건강을 더욱 효과적으로 관리할 수 있습니다.

📊<b>건강 추적기</b>
사용하기 쉬운 건강 추적기로 건강 정보를 체계적으로 관리하세요. 일일 기록과 과거 데이터를 확인하며 건강 목표를 꾸준히 관리할 수 있습니다.

🌿<b>일일 건강 인사이트</b>
맞춤형 건강 정보를 제공하여 자신의 건강 패턴을 이해하고 더 나은 생활 습관을 위한 현명한 선택을 할 수 있도록 도와드립니다.

<b>FaceVital을 선택해야 하는 이유</b>

✓ 빠르고 간편한 카메라 스캔 기술

✓ 심박수 측정 및 추적

✓ 스트레스 모니터링과 건강 인사이트

✓ 혈압 추세 확인

✓ 일일 건강 관리 도구

✓ 쉽고 직관적인 사용 환경

✓ 웰니스 중심의 건강 추적 기능

✓ 개인 맞춤형 건강 인사이트

FaceVital은 하나의 앱에서 다양한 건강 정보와 모니터링 기능을 제공하여 여러분의 건강 관리 여정을 지원합니다. 심박수를 확인하고, 스트레스를 관리하며, 혈압 추세를 추적하고, 더욱 건강한 생활 습관을 유지하는 데 필요한 도구를 제공합니다.

<b>면책 조항</b>

FaceVital은 일반적인 웰니스, 피트니스 및 정보 제공만을 목적으로 제작되었습니다. 이 앱은 의료기기가 아니며 질병이나 건강 상태를 진단, 치료, 치유, 모니터링 또는 예방하기 위한 용도가 아닙니다. 앱에서 제공되는 정보는 전문 의료인의 진료, 진단 또는 치료를 대체할 수 없습니다. 건강과 관련된 사항은 반드시 의료 전문가와 상담하시기 바랍니다.

지금 <b>FaceVital: 건강 모니터링 & 심박수 모니터</b>를 다운로드하고 첨단 카메라 스캔 기술을 통해 건강을 더욱 스마트하게 관리하고, 웰니스 추세를 확인하며, 유용한 건강 정보를 받아보세요.",건강/운동,https://play.google.com/store/apps/details?id=com.facescan.health.monitor&hl=ko&gl=kr,,,,,,
android,kr,com.blood.sugar.pressure.monitor.app,Blood Sugar & BP Tracker,"혈당 및 혈압 추적 앱으로 건강을 관리하세요. 이 올인원 앱 하나로 혈당(포도당)과 혈압(BP) 수치를 모니터링할 수 있습니다.

이 강력한 건강 추적 앱은 매일 측정값을 기록, 추적, 분석하여 당뇨병, 고혈압 및 전반적인 건강 관리를 더욱 쉽게 만들어 줍니다.

혈당 추적, 혈당 측정, 혈압 추적 등 필요한 모든 기능을 이 앱에서 제공합니다.

🔍 주요 기능

📊 혈당 추적 (포도당 측정)
매일 혈당 수치를 간편하게 기록하고 시간 경과에 따른 변화를 추적하세요.

공복, 식전, 식후 혈당 수치를 기록하고 관리하세요.

💓 혈압 추적 (혈압 측정)
혈압을 모니터링하여 심장 건강을 관리하세요.

수축기, 이완기 혈압 및 맥박 기록
완벽한 혈압 기록 유지
혈압 추세 추적

📈 스마트 차트 및 보고서
읽기 쉬운 그래프와 보고서로 데이터를 시각화하세요.

일별, 주별, 월별 보고서
혈당 및 혈압 추세 분석
더 나은 의사 결정을 위한 명확한 인사이트

⏰ 알림 및 알림 기능
스마트 알림으로 측정값을 놓치지 마세요.
혈당 및 혈압 추적 알림 설정
꾸준한 건강 관리 습관 유지

📒 건강 기록 및 메모
모든 건강 기록을 한 곳에 보관하세요.
메모, 복용 약물 및 증상 추가
일상적인 건강 습관 추적

👨‍⚕️ 이 앱은 누가 사용할 수 있나요?
당뇨병(1형 및 2형) 환자
고혈압 또는 저혈압(고혈압증) 환자
건강과 운동에 관심 있는 사람
간단한 건강 추적 앱을 원하는 모든 사람

💡 혈당 및 혈압 추적 앱을 선택해야 하는 이유?

간단하고 사용하기 쉬운 인터페이스
혈당 및 혈압 모니터링 및 추적
혈당 측정과 혈압 추적을 하나로!
오프라인에서도 작동 – 언제 어디서든 추적 가능

⚠️ 면책 조항

이 앱은 정보 제공 및 추적 목적으로만 사용되며 의료 조언을 제공하지 않습니다. 진단 및 치료는 반드시 의료 전문가와 상담하십시오.",건강/운동,https://play.google.com/store/apps/details?id=com.blood.sugar.pressure.monitor.app&hl=ko&gl=kr,,,,,,
android,kr,com.healthtracker.bloodsugarbloodpressure,혈당 혈압,"혈당 혈압 추적기는 사용하기 쉬운 건강 기록 앱으로, 매일의 혈당 및 혈압 수치를 한곳에 기록하고 관리할 수 있도록 돕습니다. 꾸준히 데이터를 기록하면 시간 경과에 따른 변화 추이를 파악하고 자신의 건강 상태를 더 잘 이해할 수 있습니다.

주요 기능

혈압 기록
수축기, 이완기, 맥박 값을 간편하게 기록하고 언제든지 이전 기록을 확인할 수 있습니다.

혈당 추적
필요에 따라 혈당 수치를 기록하여 시간 경과에 따른 혈당 변화를 모니터링하고 관리할 수 있습니다.

건강 정보
혈당 및 혈압 관련 정보를 통해 건강에 대한 이해를 높이고 건강한 습관을 기를 수 있습니다.

기록 및 추세
과거 기록과 간단한 추세 그래프를 통해 시간 경과에 따른 수치 변화를 한눈에 확인할 수 있습니다.

면책 조항

이 앱은 혈압이나 혈당을 직접 측정하지 않습니다. 모든 수치는 사용자가 직접 입력해야 합니다. 이 앱은 응급 상황에 사용하기 위한 것이 아닙니다. 의료 응급 상황 발생 시에는 즉시 의료 전문가에게 연락하십시오.",건강/운동,https://play.google.com/store/apps/details?id=com.healthtracker.bloodsugarbloodpressure&hl=ko&gl=kr,,,,,,
android,kr,com.ikoob.doctorvice.pro,닥터바이스,"닥터바이스와 함께 만성질환을 편리하고 효과적으로 관리하세요.

본 서비스는 정부의 일차의료 만성질환관리 시범사업을 
참여하는 환자를 대상으로 하는 서비스 입니다.

[제품 특징]

1. 편리하고 효과적인 만성질환 관리
-만성질환 관리 전용 App을 통한 손쉬운 당뇨병/고혈압 관리 & 합병증 예방 지원
-언제든지 확인 가능한 내 병원 질환 진료 기록

2. 주치의와 함께 지속 관리하는 당뇨/고혈압
-나의 질환을 가장 잘 아는 우리 동네 주치의와 진료 및 관리 연계
-주치의가 직접 전달하는 질환 관리  상태 피드백 및 질환 정보

3. 나의 질환에 맞는 맞춤형 케어 서비스
-문진/검사/생활습관기반 환자 맞춤 케어 플랜
-주치의와 닥터바이스 App의 질환 관리를 통한 만성질환 조절률 향상",의료,https://play.google.com/store/apps/details?id=com.ikoob.doctorvice.pro&hl=ko&gl=kr,,,,,,
android,kr,com.kb.ocare.app,KB오케어,"건강검진 예약, 검진 결과 조회 및 분석, 의료기록, 복약정보 관리, 걷기 챌린지 등 데이터 기반 건강관리 플랫폼 KB오케어

건강자산, KB오케어와 함께 관리하세요!

■ 편리하게 관리하는 건강검진
건강검진 예약부터 결과 조회까지 따로 관리할 필요 없이 앱으로 한 번에 이용할 수 있어요.

■ 나의 건강 상태를 분석한 만성질환관리 프로그램
건강검진 결과와 복약 정보를 기반으로 전문가가 설계한 맞춤형 건강관리 프로그램을 추천받아 매일 미션을 실천하며 건강한 생활 습관을 형성할 수 있어요.

■ 혜택이 되는 건강관리 챌린지
건강한 습관을 만드는 챌린지(팀/개인 걷기 챌린지 등)를 참여하면 리워드를 받을 수 있어요.

■ 건강한 일상을 돕는 스토어
리워드를 통해 다양한 건강 관련 제품과 건강관리 프로그램을 구매할 수 있어요.

(주)케이비헬스케어
서울특별시 강남구 테헤란로 334, 5층(교정공제회 역삼빌딩)

[선택적 접근 권한]
• 전화: 단말기 정보 및 네트워크 확인
• 연락처: 이벤트 혜택 공유, 선물하기 기능
• 파일 및 미디어: 만성질환관리 프로그램 이용(식단 기록, 운동 기록 등), 이달의 테마 챌린지(챌린지 인증), 이벤트 참여, 프로필 이미지 등록
• 블루투스(근처 기기): 건강 측정 기기 연동(줄넘기 등)
• 마이크: 제휴 서비스 이용(심리 상담)
• 위치: 병원 찾기, 약국 찾기
• 카메라: 만성질환관리 프로그램 이용(식단 기록, 운동 기록 등), 이달의 테마 챌린지(챌린지 인증), 이벤트 참여, 프로필 이미지 등록
• 신체활동: 챌린지 참여, 만성질환관리 프로그램 이용 (주간 활동 리포트), 제휴 프로그램 건강기록 (플랫폼 건강정보 연동)
• 알림: PUSH 알림 메시지 수신

선택적 접근 권한은 동의하지 않아도 앱을 이용할 수 있으나, 일부 기능 사용에 제한이 있을 수 있습니다.
----
개발자 연락처 :
(주)케이비헬스케어 대한민국 서울특별시 강남구
강남구 테헤란로 334, 5층 (역삼동,교정공제회관역삼빌딩)
06212 3568602394 2021-서울강남-06776 서울특별시 강남구 (02-34230-5382)",건강/운동,https://play.google.com/store/apps/details?id=com.kb.ocare.app&hl=ko&gl=kr,,,,,,
android,kr,com.inhandplus.vibecare,바이브케어 - 만성질환 기록 관리,"당뇨·고혈압처럼 매일 챙길 것이 많은 분들을 위한 기록 앱입니다.

바이브케어는 혈당·복약·식단·체중·혈압을 한 곳에 남기고, 그 흐름을 그래프로 되돌아볼 수 있게 도와줍니다. 병을 진단하거나 치료하지 않습니다. 대신 ""오늘 약 먹었나"", ""지난주보다 혈당이 어땠나"" 를 쉽게 확인하도록 만들었습니다.

• 혈당 기록을 가장 쉽게
공복·식후 혈당을 몇 초 만에 남기고, 일·주·월 추이를 그래프로 봅니다. 식단과 함께 보면 어떤 식사 뒤에 어떻게 기록됐는지 되돌아볼 수 있습니다.

• 말 한마디로 기록
""혈당 110이야"", ""아침 약 먹었어"", ""혈압 120에 80"" 처럼 말하면 해당 항목에 정리됩니다. 손으로 입력하는 것이 번거로운 분들을 위해 만든 기능입니다.

• 약 사진 한 장으로 복약 등록
약 봉투나 약통을 촬영하면 이름과 용량을 읽어 정리합니다. 등록해 두면 복용 시간에 알림을 보냅니다. 이번 주 복약률과 다음 알림도 한눈에 확인할 수 있습니다.

• 식단은 사진으로, 영양까지
음식 사진을 찍으면 이름과 칼로리·탄수화물·단백질·지방을 정리합니다. 탄수화물을 신경 쓰는 분들이 매 끼니를 따로 계산하지 않아도 되게 만들었습니다.

• 내가 관리할 항목만 골라서
혈당·복약·식단·혈압·체중·기분·증상·걸음 중에서 필요한 것만 홈에 둘 수 있습니다. 고르지 않은 항목은 홈과 인사이트에서 함께 사라집니다.

• 내 기록을 읽는 AI 서포터
기록을 바탕으로 대화할 수 있는 AI 서포터가 있습니다. 만성질환을 오래 관리해 온 선배, 임상영양사 등 말투가 다른 서포터 중에서 고를 수 있습니다. AI 는 진단이나 처방을 하지 않고, 판단이 필요한 이야기는 의료 전문가와 상담하도록 안내합니다.

• 스마트워치
Apple Watch·갤럭시 워치에서 바로 기록할 수 있습니다. 워치에 대고 말하거나 한 번 눌러 남기면 휴대폰으로 들어옵니다.

• 워치 타일(Tile)
앱을 열지 않아도 워치 화면을 옆으로 넘기면 심박수, 걸음 수, 다음 복약 시간을 타일에서 한눈에 확인할 수 있습니다. (Wear OS 3.0 이상)

• 건강보험공단 검진·처방 내역
본인인증을 하면 국민건강보험공단의 건강검진 결과와 처방 내역을 불러와 볼 수 있습니다. 불러온 처방은 복약 목록에 추가할 수 있습니다.

• 간편하게 시작
카카오톡·구글 계정으로 바로 시작할 수 있습니다. 로그인 없이 먼저 둘러보는 것도 가능합니다.

• VibeCare+ (구독)
- AI 서포터와 무제한 대화
- 스마트워치로 음성·터치 기록
- 앞으로 추가되는 프리미엄 기능
구독하지 않아도 기록·알림·그래프 등 기본 기능은 모두 사용할 수 있습니다. 구독은 자동 갱신되며, 기간 만료 24시간 전까지 해지하지 않으면 갱신됩니다. 해지는 기기의 구독 설정에서 언제든 할 수 있습니다. 가격은 Google Play 의 구독 화면에서 확인하실 수 있습니다.

• 내 데이터
건강 기록은 현재 이 기기에 저장됩니다. 앱을 삭제하면 기록이 사라질 수 있으니 주의해 주세요. 사진·음성을 AI 로 분석할 때는 그때마다 동의를 받고, 동의는 설정에서 철회할 수 있습니다.

[중요]
바이브케어는 일상적인 건강 기록을 돕는 보조 도구이며 의료기기·의료 서비스가 아닙니다. 앱이 보여주는 모든 정보는 참고용이고, 의학적 진단·치료·처방을 대체하지 않습니다. 혈당·혈압 수치의 해석, 약의 용량·복용 시간·중단 여부를 포함한 모든 건강 관련 결정은 의사·약사 등 면허를 가진 의료 전문가와 상담해 주세요. 위급한 증상이 있으면 앱에 기록하지 말고 즉시 거주 지역의 응급 의료 서비스를 이용해 주세요.

문의: support@inhandplus.com
----
개발자 연락처 :
인핸드플러스(주) 남구 청암로 87 543호 (지곡동,체인지업그라운드)
포항시, 경상북도 37673
South Korea 1948701251 2024-경북포항-1168 정부24",건강/운동,https://play.google.com/store/apps/details?id=com.inhandplus.vibecare&hl=ko&gl=kr,,,,,,
android,kr,symptom.tracker.track.symptoms.journal.diary.checker,증상 추적기,"증상 추적기로 만성 질환을 관리하세요.
재발, 유발 요인, 치료, 호르몬과 함께 사는 환자를 위해 설계되었습니다. 통증, 기분, 수면, 피로를 추적, 기록, 공유, 계획하세요. 자세히: careclinic.io
📋 증상을 추적하세요
실제 느낌 그대로 재발을 기록하세요:
- 1에서 10까지의 심각도 평가
- 신체 부위 매퍼로 통증 위치 표시
- 두통, 브레인 포그, 어지러움, 메스꺼움
- 피로, 운동 후 권태감, 수면 붕괴
- 관절 경직, 부종, 약화
- 발진, 가려움, 두드러기, 피부 재발
- 소화 문제, 복부 팽만, 배변 변화
- 기분, 불안, 짜증, 동기 저하
- 직접 만들고 추적하는 맞춤 증상

섬유근육통, 만성 피로 증후군, 기립성 빈맥 증후군(POTS), 엘러스-단로스 증후군(EDS), 비만 세포 활성화 증후군(MCAS), 편두통, 과민성 대장 증후군(IBS), 크론병, 궤양성 대장염, 자궁내막증, 다낭성 난소 증후군(PCOS), 월경 전 불쾌 장애(PMDD), 다발성 경화증, 루푸스, 류마티스 관절염, 쇠그렌 증후군, 양극성 장애, 외상 후 스트레스 장애(PTSD), 습진, 1형 및 2형 당뇨병, 만성 통증 증후군을 포함한 만성 질환을 관리하는 성인과 청소년을 위해 설계되었습니다. 100가지 이상의 상태를 추적하는 수천 명의 환자에 합류하세요.

💊 약물 및 용량
브레인 포그가 심한 날에도 전체 처방을 정리하세요:
- 처방약, 일반의약품, 보충제 기록
- 용량, 빈도, 적정 기록
- 재처방 알림 및 누락 알림
- 약물별 부작용 추적
- 생물학적 제제, DMARD, 호르몬 치료, 항히스타민제
- 흡입기, 스테로이드, 항우울제, 필요시 복용

⚠️ 유발 요인 및 요소
재발을 일으키는 것을 찾으세요:
- 음식, 성분, 식단 상관관계
- 수면 품질과 시간
- 생리 주기, 배란, 황체기
- 스트레스, 날씨, 기압
- 운동, 회복, 붕괴 시기
- 카페인, 알코올, 기타 물질
- 시간이 지나며 발견하는 맞춤 유발 요인

📈 인사이트 및 보고서
몇 달간의 기록이 의사가 읽을 수 있는 그림이 됩니다:
- 주간 및 월간 증상 강도
- 통계적 가중치가 있는 유발 요인 상관관계
- 약물 반응 곡선
- 검사 결과 추세 및 바이오마커 오버레이
- 전문의 방문용 PDF 및 CSV 내보내기
- 캘린더 보기 및 타임라인 차트

🩺 진료 팀과 공유
- 일차 진료, 류마티스, 소화기, 신경과를 위한 원터치 보고서
- 보호자, 파트너, 가족과 읽기 전용 공유
- 예약, 질문, 후속 조치 추적
- 영상, 검사, 예방 접종을 한 곳에 저장

📅 케어 플랜 및 루틴
- 매일 체크인 및 스마트 알림
- 당신의 상태에 맞춰 사용자 지정하는 케어 플랜
- 수분 보충, 운동, 수면, 마음챙김 목표
- Google Fit 및 Health Connect 동기화
- 글로벌 만성 질환 커뮤니티를 위해 50개 이상의 언어 지원

🛡️ 개인 정보 및 보안
- 선택적 비밀번호 및 생체 잠금
- 오프라인 우선, 일기는 기기에 보관
- 사용자가 제어하는 암호화된 클라우드 백업
- 광고 없음, 데이터는 절대 판매되지 않음

재발을 추적하고 회의적인 의료진에게 패턴을 입증하며 마침내 답을 얻기 위해 증상 추적기 커뮤니티에 참여하세요. 당신의 몸은 데이터입니다. 우리가 기록을 도와드립니다.

오늘 증상 추적기를 다운로드하고 만성 질환의 여정을 관리하세요.

면책 조항: Symptom Tracker는 정보 제공 및 개인 기록 용도로만 사용됩니다. 의료 기기가 아니며 어떠한 의학적 상태도 진단, 치료, 치유 또는 예방하지 않습니다. 의료 문제에 대해서는 반드시 자격을 갖춘 의료 전문가와 상담하세요.",건강/운동,https://play.google.com/store/apps/details?id=symptom.tracker.track.symptoms.journal.diary.checker&hl=ko&gl=kr,,,,,,
android,kr,com.orwellhealth.distancing,디스턴싱 - 비약물 심리치료,"약물만이 유일한 치료법이 아닙니다.

디스턴싱은 약물 의존 없이 스스로 마음을 치료하는
디지털 인지치료 프로그램입니다.

“우울감 34% ↓ · 불안감 40% ↓”

과학적으로 검증된 인지행동치료를 기반으로,
우울, 불안 등 정신질환의 근본 원인을 해결하도록 돕습니다.

—

왜 비약물 심리치료, 디스턴싱인가요?

1. 증명된 효과
프로그램 시작 50일 후, 사용자들은 평균 우울 34%,
불안 40%의 증상 호전을 경험했습니다.*

2. 높은 안전성
인지치료는 항우울제와 동등한 효과를 내면서도,
부작용은 80% 더 적습니다.**

3. 낮은 재발률
인지치료는 약물과 동등한 수준으로 재발을 방지하며,
일반 상담 치료에 비해서는 재발률이 30% 더 낮습니다.***

—

이런 분들께 권합니다

- 우울, 불안 등 마음 문제를 겪고 계시는 분
- 약물치료의 부작용이나 의존성이 걱정되시는 분
- 정신과 진료 기록이 남는 것이 걱정되시는 분
- 전문가의 지원을 받으며 치료 과정을 완주하고 싶으신 분
- 재발을 막을 마음의 면역력을 기르고 싶으신 분

—

전문 치료 프로그램

▶ 과학적인 심리치료
인지행동치료(CBT, CT-R), 수용전념치료(ACT) 등
세계적으로 효과가 입증된 최신 심리치료 이론을 바탕으로
증상별 맞춤형 프로그램을 제공합니다.

▶ 데이터 기반 치료
정기적인 정신건강 검사로 우울, 불안 수준을 추적하고
치료 효과를 데이터로 확인하며 효과를 극대화합니다.

▶ 전문가의 1:1 지원
공인된 정신건강 전문가가 치료 전 과정에 함께하며
포기 없이 치료 과정을 완수하도록 돕습니다.

▶ 실전 중심 치료
일상에서 직접 적용하는 실전 훈련을 통해
실질적인 행동 변화를 만들어냅니다.

▶ 완벽한 데이터 보안
100% 익명으로 진행되며,
모든 데이터는 암호화되어 안전하게 보호됩니다.

▶ 멀티 플랫폼 지원
모바일과 PC 어디서든
전문 심리치료를 이어갈 수 있습니다.

—

* Orwell Health, 2024 (자체 연구)
** Hoge et al., 2023 (JAMA Psychiatry) / Boschloo et al., 2019 (World Psychiatry)
*** McCartney et al., 2021 (Acta Psychiatr Scand)

—

본 앱에서 제공하는 서비스는 정신건강의학과 전문의의 진단이나 처방을 대체하지 않습니다. 정신과적 응급상황에서는 반드시 전문 의료기관을 방문하시기 바랍니다.
----
개발자 연락처 :
(주)오웰헬스 대한민국 서울특별시 강남구
강남구 봉은사로13길 11 , 1,2층 (논현동)
06118 3788602282 2025-서울강남-02793 본인 직접 신고",건강/운동,https://play.google.com/store/apps/details?id=com.orwellhealth.distancing&hl=ko&gl=kr,,,,,,
android,kr,com.medm.app.health,건강 일기 by MedM,"전 세계에서 유일한 전체적인 건강 모니터링 일기 앱으로, 900개 이상의 블루투스 지원 센서에서 25가지 이상의 측정 유형을 수집할 수 있습니다. MedM Health는 혈압, 혈당, 체중, 체온, 심박수 및 산소 포화도와 같은 생명 징후 기록뿐만 아니라, 사용자가 건강을 관리하고: 웰빙 목표를 달성하며, 만성 질환을 관리하고, 삶의 질을 향상시킬 수 있도록 돕는 종합적인 건강 일기 앱입니다.

MedM Health는 30가지 이상의 생리적 및 웰빙 매개변수를 추적, 기록, 분석 및 공유(가족 또는 돌봄 제공자와)하는 단일 진입점입니다:
1. A1C
2. 활동
3. 알코올 농도
4. 청진
5. 혈중 콜레스테롤
6. 혈액 응고
7. 혈중 크레아티닌
8. 혈당
9. 혈중 케톤
10. 혈중 젖산
11. 혈압
12. 혈중 요산
13. 심전도
14. 운동
15. 태아 도플러
16. 심박수
17. 심박 변이도
18. 헤마토크릿
19. 헤모골빈
20. 약물 복용
21. 점안액 검사
22. 메모
23. 산소 포화도
24. 호흡수
25. 수면
26. 폐활량 측정
27. 스트레스 수준
28. 체온
29. 총 혈청 단백질
30. 중성지방
31. 소변 검사
32. 체중

데이터는 연결된 건강 및 피트니스 모니터에서 자동으로 수집되거나 Smart Entry 인터페이스를 통해 수동으로 입력될 수 있습니다. MedM Health는 등록을 요구하지 않지만, 등록하면 클라우드 서비스와의 동기화 및 백업을 제공합니다. 등록되지 않은 사용자는 오프라인 모드에서 건강 일기를 저장할 수 있습니다(데이터는 스마트폰에만 저장됨). 일부 기능은 등록된 사용자에게만 제공되는 구독이 필요합니다.

기본 기능:
- 무제한 연결된 건강 측정기에서 자동으로 데이터 수집
- 수동 데이터 입력
- 등록 여부에 관계없이 앱 사용
- 등록된 사용자의 온라인 데이터 백업
- 약물 복용 및 측정을 위한 알림
- 구성 가능한 대시보드
- 측정 기록, 트렌드 및 그래프
- CSV 형식으로 데이터 내보내기
- 2주 무료 MedM Health Premium 체험

프리미엄 기능:
- 가족(반려동물 포함)을 위한 여러 건강 프로필
- 연결된 건강 생태계(Apple, Garmin, Google, Samsung, Fitbit 등)와 데이터 동기화
- 건강 프로필 공유
- 원격 건강 모니터링(앱 또는 MedM Health Portal을 통해)
- 임계값, 알림 및 목표에 대한 알림
- PDF 및 XLSX 형식으로 데이터 내보내기
- MedM 파트너로부터 특별 제공 및 기타 혜택

데이터 안전성: MedM은 모든 적용 가능한 데이터 보호 모범 사례를 따릅니다 - HTTPS를 통한 클라우드 동기화, 데이터는 안전하게 호스팅된 서버에서 암호화되어 저장됩니다. 사용자는 자신의 기록에 대해 완전한 제어를 가지고 있으며 언제든지 기록을 내보내거나 삭제를 요청할 수 있습니다. 사용자 건강 데이터는 절대로 판매되거나 승인되지 않은 당사자와 공유되지 않습니다.

MedM은 스마트 의료 기기 연결의 절대적인 세계 선두주자입니다 - 우리는 다음 공급자의 Bluetooth, NFC, ANT+ 측정기를 지원합니다: A&D Medical, AndesFit, Andon Health, AOJ Medical, Berry, BETACHEK, Borsam, Beurer, ChoiceMMed, CMI Health, Conmo, Contec, CORE, Cosinuss, D-Heart, EZFAST, FindAir, Finicare, Fleming Medical, Fora Care Inc., iChoice, Indie Health, iProven, i-SENS, Jerry Medical, J-Style, Jumper Medical, Kinetik Wellbeing, Masimo, MicroLife, Mio, MIR, Nonin, Omron, Oxiline, PIC, Roche, Rossmax, Sinocare, SmartLAB, TaiDoc, Tanita, TECH-MED, Transtek, Tyson Bio, Viatom, Vitalograph, Yonker, Zewa Inc. 등.

참고! 기기 호환성은 여기에서 확인할 수 있습니다: https://medm.com/sensors

면책 조항: MedM Health는 비의료적이며 일반적인 피트니스 및 웰빙 목적에만 사용됩니다. 의료 결정을 내리기 전에 항상 의사와 상담하십시오.",의료,https://play.google.com/store/apps/details?id=com.medm.app.health&hl=ko&gl=kr,,,,,,
android,kr,kr.co.tesser.ontol,온톨 - 내 건강을 책임지는 똑똑한 AI,"내 건강을 책임지는 똑똑한 AI - 온톨당신의 건강을 위한 AI 온톨이와 함께 결과지 해석, 건강검진 해석, 커뮤니티, 상담 서비스를 만나보세요.

건강과 관련된 모든 고민, 온톨이 해결해 드릴게요!

[어려운 검사결과지, AI가 쉽고 빠르게]

- 결과지 사진을 올리면 AI 온톨이가 눈높이에 맞는 의료 용어로 설명해 드려요.
- 내 결과지의 프라이버시도 자체 필터링 보안으로 지켜드려요.
- 이제 병원 검사 후, 온톨을 통해 편리하게 궁금증을 해결해 보세요.


[자세한 세부 검사도 쉽게 설명해드려요]
- 혈액, 소변, 심장, 소화기 검사 등 세부 검사도 쉽게 설명해드려요.
- 검사 결과지 내용에 해당하는 검사가 있다면 알려드려요.

[의료나 건강 관련 궁금한 질문, 온톨이에게 질문하세요]
- 직접 검색하고 찾지 않아도, 온톨이에게 질문하면 한번에 OK!
- 내 건강에 대한 고민을 온톨이에게 마음껏 물어보고 빠른 답변을 얻을 수 있어요.
- 어떤 질문을 해야할지 고민하지 않아도 “추천 질문”이 다음 질문도 추천해드려요.

[건강고민, 혼자 대신 여럿이 함께]
- 커뮤니티에 건강 고민을 올리면 AI 온톨이의 답변과 사람들의 의견을 들을 수 있어요.
- 건강 고민부터 일상의 소소한 이야기까지 온톨이와 사람들과 함께 나눠 보세요!


** 참고 사항 [결과지 해석] **

자동해석 기능은 사진 촬영 상태에 따라 글자 인식 결과가 달라질 수 있습니다. 잘못된 해석이 포함되어 있을 수 있으니, 참고용으로만 사용해 주시기 바랍니다.

** 경고 **

온톨은 환자에게 필요한 진단 등의 의학적인 판단을 제공하는 서비스가 아니며, 전문 의료인의 임상 상담을 대체할 수 없습니다. 의학적인 판단과 치료의 선택은 반드시 전문 의료인과의 상담을 통해 결정해야 합니다.

----
메일문의 : contact@ontol.com
----
개발자 연락처 :
02-575-1593
----
개발자 연락처 :
(주)테서 4/F
관악구 남현3길 61
관악구, 서울특별시 08806
South Korea 4048146323 제 2024-서울강남-03692 호 강남구청",의료,https://play.google.com/store/apps/details?id=kr.co.tesser.ontol&hl=ko&gl=kr,,,,,,
android,kr,com.merakiplace.mydoctor,"나만의닥터 - 1위 비대면진료, 최저가 병원 찾기 앱","[대한민국 1위 비대면 진료 앱 - 나만의닥터]
• 2026 대한민국 소비자 브랜드 대상 — 진료 부문 1위
• 2024 중앙일보 올해의 우수브랜드대상 — 비대면진료 부문 1위
• 2022 대한민국소비자브랜드 대상 — 서비스만족도 1위

안심 비대면 진료·약국 찾기, 마운자로·위고비·GLP-1 다이어트 주사 최저가, 탈모약·여드름약 처방, 가다실9가·대상포진·독감 예방접종 백신 최저가, 당뇨·고혈압·고지혈증 만성질환 처방, 산부인과·비뇨기과·정신과(인데놀·면접약) 비대면 진료, 소아과 비대면 진료, 응급실·문 연 병원·일요일 약국 최저가 지도까지 — 의사가 만든 비대면 진료 앱 나만의닥터.

[비대면 진료 및 약 배달 - AI 문진, 전화·화상 원격 진료]
음성·화상 통화로 전화 진료·원격 진료(비대면 진료)받고 약국에서 약을 배달 받을 수 있어요.
- AI 문진: 내 증상도 비대면 진료가 가능한지 헷갈릴 때는 AI 챗봇을 통해 비대면 진료가 가능한 증상인지 알려드려요.
- 방문수령: 전국민 누구나 인근 약국에 처방전 전송 후 약 수령
- 약 배송: 섬·벽지·등록 장애인·거동 불편자는 퀵·택배로 약 수령

[다이어트 주사 최저가 - 마운자로·위고비·삭센다·GLP-1]
- 마운자로·위고비·삭센다·GLP-1 다이어트 주사 처방 + 최저가 예약
- 다이어트 주사제·경구약 처방 병원/약국 최저가 지도
- 마운자로 기록·위고비 기록: 투약 일자·용량·체중 변화 기록, 체내 약물 잔여량 그래프

[탈모약·여드름약 처방]
- 먹는/바르는 탈모약, 먹는/바르는 여드름약, MD 보습제(제로이드·이지듀·에스트라·아토베리어) 처방
- 전국 탈모약·여드름약 최저가 약국 지도

[발기부전제·피임약 처방 - 비아그라·시알리스·사후피임약·사전피임약]
- 발기부전제: 비아그라·시알리스·레비트라·자이데나·엠빅스 처방·최저가 비교
- 피임약: 사후피임약(노레보·엘라원·포스티노원)·사전피임약(야스민·야즈·머시론·마이보라·트리퀼라) 최저가 비교

[수액 주사 - 마늘·백옥·신데렐라·태반·감초·마이어스 + 감기/장염/피로/숙취]
- 마늘주사 (푸르설티아민/비타민 B1): 만성 피로 회복·근육통 완화
- 백옥주사 (글루타치온): 피부 미백·간 해독·항산화
- 신데렐라주사 (치옥트산/알파리포산): 체지방 감소·피부 노화 방지·대사 촉진
- 태반주사 (자하거추출물/가수분해물): 갱년기 장애 개선·간 기능 회복·활력 증진
- 감초주사 (글리시리진): 항염증·간 기능 개선·알레르기 증상 완화
- 마이어스 칵테일 주사: 종합 비타민·미네랄 정맥주사 (만성 피로·면역력)
- 감기 수액·장염 수액·피로 회복 수액·숙취 수액: 증상별 영양 수액 (탈수·전해질·해독)

[백신 예방접종 - 가다실9가·대상포진·독감·TDap·B형간염]
- 독감: 스카이셀플루·플루아릭스·박씨그리프·가브에프·플루세이브
- 가다실9가 (HPV/자궁경부암): 가다실9가·가다실4가·서바릭스
- 대상포진: 싱그릭스·조스타박스
- 폐렴구균: 프리베나13·박스뉴반스·폴리코박스
- A형간염: 박타·헤바박스·하브릭스·트윈릭스
- B형간염: 헤파박스·유박스
- TDap (파상풍·디프테리아·백일해): 아다셀·부스트릭스
- RSV·수두·MMR·일본뇌염·수막구균·코로나19 가격 비교
- 소아 예방접종: BCG·B형간염·DTaP·폴리오·Hib·폐렴구균·로타바이러스·MMR·수두·A형간염·일본뇌염·HPV

[만성질환 비대면 진료 - 당뇨·고혈압·고지혈증·헤르페스]
- 당뇨약·고혈압약·고지혈증약 처방 - 만성질환 정기 처방 비대면 진료
- 헤르페스약·통풍약·전립선약·발톱무좀약 등 만성/반복 질환 처방
- 혈당·혈압·체중 기록 + 약 복용 알림으로 만성질환 관리

[정신과 비대면 진료 - 인데놀·면접약·수면제]
- 인데놀 처방 (긴장·면접·발표 떨림 완화), 면접약 처방
- 불면증약·우울증약·불안증약 처방 (향정신성의약품 제외)
- 정신건강의학과 비대면 진료, 정신과약 처방

[소아과 비대면 진료 + 아이닥터]
- 소아과 비대면 진료, 소아청소년과약 처방
- 아이닥터: 아이 진료 내역·약처방 기록·알러지 기록 연동
- 아이 열기록 & 해열제 교차복용 안내: 열 기록·다음 열 알림·교차복용 가능 시점 안내

[응급실·소아과 119 지도·문 연 병원·일요일 약국]
- 소아과 119 지도·소아 응급실·응급실 현황·달빛어린이병원
- 문 연 병원/약국 찾기, 일요일 병원/약국 찾기
- 24시간 약국·심야 약국·야간 약국·주말 약국·휴일지킴이 약국·365일 약국

[의료마이데이터 - 나의 건강기록을 한 곳에]
- 의료마이데이터 연동·의료기록 불러오기: 진료내역·검사내역·수술내역·건강검진 내역 통합 확인
- 내가 먹은 약 (의약품 복약이력): 처방받은 약 이력 자동 정리
- 알레르기 정보 등록: 비대면 진료 시 의사에게 자동 공유
- 병원 방문 정보·병원 결제 정보 통합 관리

[건강 기록 - 혈당 기록·혈압 기록·체중 기록·다이어트 기록]
- 혈당 기록: 일일 혈당 기록, 당뇨 관리 그래프
- 혈압 기록: 일일 혈압 기록, 고혈압 관리 그래프
- 체중 기록: 일일 체중 변화 기록, 다이어트 추이 그래프
- 다이어트 기록: 마운자로·위고비 다이어트 주사 투약 + 식단·체중 통합 기록

[비대면 진료 진료과]
- 가능 진료과: 피부과·산부인과·비뇨기과·이비인후과·소아과·내과·정형외과·안과·신경과·치과·가정의학과·정신건강의학과·통증의학과 비대면 진료
- 진료과별 약 처방: 산부인과·비뇨기과·정신과·내과·이비인후과·소아청소년과·피부과·안과·신경과·가정의학과·통증의학과·정신건강의학과·정형외과약 처방

[비대면 진료 가능 질환/증상]
- 급여: 감기약·독감약·비염약·천식약·질염약·방광염약·입덧약·인공눈물·결막염약·다래끼약·당뇨약·고혈압약·고지혈증약·위장약·장염약·식도염약·소화불량약·변비약·발톱무좀약·헤르페스약·두드러기약·아토피약·근육통약·통풍약·두통약·전립선약 처방
- 비급여: 먹는/바르는 탈모약, 먹는/바르는 여드름약, MD 보습제

[의료비 최저가 지도 - 라식·MRI·임플란트·모발이식·초음파]
- 시력교정술: 라식·라섹·스마일라식
- MRI 검사: 뇌·척추·어깨·무릎 MRI 부위별 비용
- 치과 비급여: 임플란트·크라운·라미네이트·치아교정
- 모발 이식술: 모발이식 병원 비용·후기
- 초음파: 갑상선·유방·복부·자궁 부위별 비용

[전국 최저가 지도 - 마운자로·위고비·가다실·독감·탈모약·여드름약·비아그라·시알리스·수액]
- 마운자로·위고비·삭센다·GLP-1 다이어트 주사 최저가 지도
- 가다실·독감 예방접종·대상포진·폐렴구균 백신 최저가 지도
- 탈모약·여드름약 최저가 지도
- 비아그라·시알리스·레비트라 발기부전제 최저가 지도
- 마늘·백옥·신데렐라·태반·감초·마이어스 칵테일 수액 최저가 지도
- 병원·약국 후기·리뷰 + 대기 없는 바로 예약 + 간편결제

[돈 버는 앱테크 - 닥터캐시·닥터포인트·만보기]
- 건강 퀴즈·만보기·건강기록 미션 → 닥터캐시·닥터포인트·포인트박스 적립
- 닥터캐시: 네이버페이·GS25·CU·세븐일레븐 상품권 / 닥터포인트: 비급여 진료비

[건강상식 - 당뇨·고혈압·탈모·소아과·다이어트]
- 건강꿀팁·건강테스트·질환백과·건강 FAQ: 당뇨·고혈압·탈모·다이어트·여드름·소아과·여성질환·독감·예방접종 정보

[나만의닥터 — 줄여서 부르셔도 같은 앱이에요]
나만의닥터를 줄여서 나닥·나만닥, 또는 나의닥터·마이닥터·모두의 닥터·오늘의 닥터로 검색하셔도 같은 앱이에요.

[앱 접근 권한]
「정보통신망 이용촉진 및 정보보호 등에 관한 법률」 제22조에 따라 아래와 같은 목적으로 '앱 접근 권한'에 대한 동의를 이용자에게 받고 있습니다. 나만의닥터 앱은 반드시 서비스에 필요한 항목만 선택적으로 접근하고 있습니다.

선택 접근 권한
- 위치: 약 배송용 현재 위치 자동 수신
- 마이크/전화: 비대면 진료 시 음성/화상 통화
- 연락처: 초대·공유 시 연락처 연동
- 카메라/사진: 증상 사진 업로드·배송리뷰·비대면 화상 진료
- 알림: 진료/조제·건강관리 알림 수신
- 신체활동: 목표걸음 걷기 기록 시 걸음 수 확인

선택 접근권한에 동의하지 않아도 해당 권한이 필요한 일부 기능을 제외하고 나만의닥터 서비스를 이용하실 수 있습니다.
----
개발자 연락처 :
주식회사 메라키플레이스 대한민국 서울특별시 강남구
강남구 테헤란로 242, 4층 (역삼동)
06221 554-86-02396 2026-서울강남-02884 Self",의료,https://play.google.com/store/apps/details?id=com.merakiplace.mydoctor&hl=ko&gl=kr,,,,,,
android,kr,io.vera.app,Vera Health: 임상의를 위한 AI,"의사를 위한 근거 중심 의료 AI입니다. 진료 현장에서 신뢰할 수 있는 빠르고 출처가 명시된 임상 답변을 받아보세요. 의료 전문가에게 무료이며 모든 언어를 지원합니다. 전 세계 250,000명 이상의 의료 전문가가 신뢰하고 있습니다.

몇 초 안에 임상 답변 제공
Vera Health는 필요한 순간에 명확하고 실용적인 임상 답변을 제공하여 질문에서 결정까지 몇 초 안에 이동할 수 있도록 합니다.
• 진단, 치료 관리 또는 추적 관찰에 관한 임상 질문을 하고 간결하고 체계적인 답변을 받으세요.
• 실제 환자 시나리오에 대한 감별 진단, 검사 및 치료 옵션에 대한 지원을 받으세요.
• 회진 중이나 진료 사이에 빠르게 확인할 수 있도록 핵심 내용이 강조 표시됩니다.

항상 근거에 기반하여
모든 답변은 신뢰할 수 있는 의학 문헌과 진료지침을 기반으로 하여 결정에 자신감을 가질 수 있습니다.
• 6,000만 편 이상의 동료 심사 논문과 임상 진료지침으로 뒷받침된 답변.
• 일차 출처를 빠르게 확인하기 위한 인라인 인용 및 참고문헌.
• 모바일, 태블릿 또는 데스크톱에서 쉽게 검토할 수 있도록 설계된 근거 요약.

실제 임상 환경을 위해 구축
Vera Health는 진료 현장에서 바쁜 의사를 위해 설계되었으며, 업무 흐름에 직접 맞는 도구를 제공합니다.
• 상호작용, 금기사항, 안전 경고를 한 곳에서 신속하게 약물과 용량을 확인하세요.
• 일반적인 점수, 위험 도구 및 용량 계산을 위한 900개 이상의 의료 계산기를 이용하세요.
• 모든 언어로 Vera Health를 사용하고, 가능한 경우 지역별 결과를 확인하세요.
• 임상 환경에서의 사용을 위해 특별히 설계되었습니다.

추가 탭 없이 최신 정보 유지
몇 시간씩 검색하지 않아도 최신 근거와 진료지침을 파악할 수 있습니다.
• 임상 전문 분야에 맞춘 진료지침 및 연구 업데이트를 받으세요.
• 문헌에서 변경된 내용과 그것이 임상 실습에 미칠 영향을 파악하세요.
• 여러 앱과 웹사이트를 오가지 않고 진료 사이, 당직 중 또는 여유 시간에 정보를 얻으세요.

의사들이 Vera Health를 선택하는 이유
• 몇 초 안에 확인할 수 있는 근거 중심 답변.
• 진료 현장에서의 속도와 명확성을 위해 설계.
• 외래에서 입원까지 실제 임상 업무 흐름을 위해 설계.
• 모든 의료 전문가에게 무료.

중요한 참고 사항
Vera Health는 의료 전문가를 위해 독점적으로 설계되었습니다. 임상적 의사 결정을 지원하지만 귀하 자신의 임상적 판단을 대체하지 않습니다. 필요에 따라 정보를 항상 확인하고 개별 환자를 위한 결정을 내릴 때 전문적인 지식과 경험을 적용하세요.",의료,https://play.google.com/store/apps/details?id=io.vera.app&hl=ko&gl=kr,,,,,,
android,kr,com.thewavetalk.wavetalk,수질측정 공공앱,"정수기 물, 더 이상 그냥 믿지 말고 직접 확인하세요! 
성동구, 은평구, 상하수도협회 등 전국 지자체에서 함께하는 가정용 수질 측정기입니다. 수질측정 앱으로 우리 가족의 소중한 물 건강을 시작해보세요!

보이지 않는 물 속 오염, 점점 더 커지고 있습니다.
매일 마시는 정수기 물, 이제는 믿지말고 직접 보고 마시세요.
	
■ 10초만에 자동 측정! 간편하고 깔끔하게 버튼 하나로 수질 검사
– 오늘 내가 마실 물을 직접 검사해 보세요. 보이지 않는 각종 미세물질로 더럽혀진 물을 나노, 마이크로 단위까지 잡아내요.
– 언제 어디서나 종류별로 측정 가능해요. 우리집 정수기 물과 수돗물을 측정하고 비교해드려요. 

■ 바로 확인하고 비교! 수질 측정 결과를 누구나 보기쉽게 알려줘요.
– 0.02 NTU부터 음용불가 수준인 0.5 NTU 이상까지도 측정하고 어떤 상태인지 쉽게 알려줘요.
– 검사 결과 뿐만 아니라 솔루션까지 제공해드려요. 어떻게 해야 깨끗한 물로 돌아올 수 있는지 알려드려요.

■ 우리집 수질 변화 파악! 측정 기록으로로 쉽게 관리하세요.
– 한달 전 우리집 물이 궁금하다면? 그래프를 통해 한 눈에 우리집 수질의 변화를 볼 수 있어요. 
– 수돌물이면 수돗물, 정수기면 정수기, 그리고 여러 장소까지 선택하여 기록 관리가 가능해요.

※ 해당 앱은 지자체에서 제공되는 수질측정기기와 함께 사용해야 합니다.",라이프스타일,https://play.google.com/store/apps/details?id=com.thewavetalk.wavetalk&hl=ko&gl=kr,,,,,,
android,kr,com.soft24hours.directorys.medical.diseasemulti.free,"질병 : 증상, 진단, 약물 치료","의사가 너를 진단했지만, 너의 병에 대해서 아무것도 모르는거야?

건강이 주요 가치입니다. 때로는 질병에 대한 설명이 의사의 언어로 명확해지는 경우도 있습니다. 우리의 질병 디렉토리 앱은 모든 질병을 설명하는 데 사용할 수 있습니다. 더 나아가! 이는 건강 지식 기반, 의료 기록 백과사전, 의사 보조원 및 온라인 건강 가이드입니다. 이제 이 모든 것이 영어, 독일어, 스페인어, 이탈리아어, 포르투갈어, 폴란드어, 프랑스어, 노르웨이어, 스웨덴어, 터키어, 인도네시아어, 러시아어로 제공되며 휴대전화에서도 가능합니다!

의사에서부터 질병에 이르기까지 사람들에게! 빈혈, 당뇨병? 부록 질병 안내서는 올바른 진단을 내리는 데 도움이됩니다!
이 질병이 어떻게 임신에 영향을 줄 수 있는지 알아보십시오. 우리의 신청서에는 질병, 증상, 치료 방법에 대한 상세한 설명이 있으며 명확하고 단순한 언어로되어 있습니다.

우리의 응용 프로그램의 장점 :
- 인터넷없이 작동합니다.
- 목소리의 도움을 포함하여 편리한 검색;
- 빠른 메모 추가;
- 옵션 ""즐겨 찾기"", ""공유""-이 모든 현대적인 디자인과 항상 손에;
- 디렉토리의 모든 항목은 포괄적 인 정보 (빈혈, 당뇨병, 기관지염, 임신, 고환, 인플루엔자 등)을 포함합니다.

질병에 관한 각 기사에는 다음과 같은 정보가 포함되어 있습니다.
- 원인;
- 증상;
- 질병의 진단;
- 치료;
- 위험;
- 위험 그룹;
- 예방.

이 신청서에는 질병과 함께 복용해야하는 약품에 대한 정보가 포함되어 있습니다.

이 신청서는 한 명 이상의 의사의지도하에 작성되었으며 전문적인 목적을 위해 학생과 의료 종사자뿐만 아니라 건강을 염려하는 사람들에게 유용 할 것입니다.

이 안내서에는자가 치료가 포함되지 않으며 의사의 조언을 대체 할 수있는 데이터가 포함되어 있지 않지만 의사가없는 경우 질병에 대한 가장 완벽한 정보를 얻는 데 도움이됩니다.",의료,https://play.google.com/store/apps/details?id=com.soft24hours.directorys.medical.diseasemulti.free&hl=ko&gl=kr,,,,,,
android,kr,com.blood.pressure.health.diary.bblsan,혈압－건강 일기,"혈압－건강 일기로 주요 건강 지표를 기록하세요. 혈압, 혈당, 심박수를 정기적으로 체크하여 심혈관 및 대사 건강을 관리할 수 있습니다.  

주요 기능:  
- 혈압(수축/이완), 맥박, 혈당 기록  
- 심박수 변화 추적  
- 직관적인 그래프와 통계  
- 건강에 영향을 주는 날씨 정보  
- 맞춤형 측정 알림  
- 데이터 내보내기 (개인용 또는 의료진 상담)  

면책 조항:  
본 앱은 의료 기기가 아니며 일반 건강 관리 목적으로만 사용됩니다. 진단/치료를 대체하지 않습니다.  

혈압－건강 일기로 스마트한 건강 관리를 시작하세요.",건강/운동,https://play.google.com/store/apps/details?id=com.blood.pressure.health.diary.bblsan&hl=ko&gl=kr,,,,,,
android,kr,com.hordev.doctor,의사: 주입 계산기,"Doctor 앱을 사용하면 다양한 약물 그룹의 복용량에 빠르게 접근할 수 있습니다. 항생제부터 항고혈압제, 혈관수축제 아민, 수축촉진제 등에 이르기까지 다양합니다. 준비하고 희석하는 방법에 대한 지침도 있습니다.

마찬가지로 심혈관 위험 평가, 체질량 지수, 체표면적, 유지액 등 의학 분야에서 사용되는 다양한 계산을 수행할 수 있습니다.

또한 유용한 계산기가 있어 다양한 약물의 주입 속도나 복용량을 빠르게 확인할 수 있습니다. 가장 간단한 방법으로 mcg/kg/시간 또는 mg/kg/분과 같은 다양한 단위를 계산하고 변환하세요.",의료,https://play.google.com/store/apps/details?id=com.hordev.doctor&hl=ko&gl=kr,,,,,,
android,kr,kr.co.openit.bpdiary,"혈압 다이어리 - 고혈압 관리, 혈압 수첩","혈압, 체중, 혈당 관리 “혈압 다이어리”로 한번에 관리하세요! 
앱 하나로 언제 어디서든 혈압, 체중, 혈당 관리와 분석된 레포트를 받아 보실수 있습니다.

“혈압 다이어리”는 꾸준한 혈압, 체중, 혈당 관리가 필요한 분들을 위해 만들었습니다.
앞으론 손 안에서 편리하게 당신의 건강을 모두 관리하세요. 

** 주요 기능 **

- 데이터 기록 : 혈압, 체중, 혈당 데이터를 기록하고 입력된 기록들을 그래프와 목록으로 조회할 수 있습니다.

- 레포트 : 입력한 데이터를 종합해 7일, 30일, 60일 단위로 데이터 변화량과 평균값을 분석해 알려드 립니다.

- 블루투스 연동 : 블루투스 혈압계, 체중계를 연결하면 측정한 혈압, 체중 데이터가 바로 전송 됩니다. 

- 목표 설정 : 당신만의 목표를 설정 할 수 있습니다.

- 그래프 : 측정한 데이터들을 전체, 년, 월, 주, 일 별로 나눠 데이터를 볼 수 있습니다.

- 리스트 : 측정한 데이터들을 목록으로 확인할 수 있습니다.

- 메모 입력 : 기록된 데이터에 특정 메모를 입력하여, 측정순간의 생각들을 기록 할 수 있습니다.

- 알림 : 약 먹는걸 자꾸 잊으시나요? 약 먹는 시간과 측정하는 시간 알람 기능을 제공합니다.

- 백업 : 측정한 데이터들을 백업하여 보관 할 수 있는 기능을 제공합니다.

[필수권한]
- 위치 : 블루투스를 통한 혈압계와 체중계를 찾기 위해 사용합니다.
- 블루투스 : 블루투스를 통한 혈압계와 체중계를 연결하기 위해 사용합니다.
[선택권한]
- 저장공간 : 사용자 혈압, 혈당, 체중, 레포트 정보의 파일 처리를 위해 저장소 접근이 필요

※ 사용하시면서 개선사항을 help@openit.co.kr 보내주시면 귀담아 듣고 검토하도록 하겠습니다.
※ 더욱 더 좋은 서비스 되도록 노력하겠습니다.

====================================================
이 앱은 개인의 건강관리를 돕기 위해 개발되었습니다. 
의료 목적의 진단이나 치료를 위해서는 반드시 의사와 상담하세요.
====================================================
----
개발자 연락처 :
(주)오픈잇 대한민국 26493 강원도 원주시
흥업면 북원로 1397 산학관 512호 (매지리,연세대학교미래캠퍼스) 2148811195 2010-서울성동-0505 성동구청",의료,https://play.google.com/store/apps/details?id=kr.co.openit.bpdiary&hl=ko&gl=kr,,,,,,
android,kr,co.elfie.app,Elfie - Health & Rewards,"건강을 모니터링하고 올바른 생활 습관을 선택하는 것은 반복적이고 혼란스러우며 심지어 스트레스가 될 수 있습니다.

건강한 성인, 만성 질환 환자, 영양사, 의사, 연구자, 그리고 생활 습관 코치들과 함께 개발된 Elfie는 생체 신호와 증상을 추적하고 올바른 생활 습관을 선택할 때 보상을 제공하는 세계 최초의 애플리케이션입니다.

주요 기능

Elfie 앱은 다음과 같은 기능을 갖춘 웰니스 애플리케이션입니다.

라이프스타일 모니터링:
1. 체중 관리
2. 금연
3. 걸음 수 추적
4. 칼로리 소모 및 신체 활동
5. 수면 관리
6. 여성 건강

디지털 약통:
1. 400만 개 이상의 약
2. 복용 및 리필 알림
3. 치료 영역별 복약 순응도 통계

생체 활동 모니터링, 추세 및 지침:
1. 혈압
2. 혈당 및 당화혈색소(HbA1c)
3. 콜레스테롤 수치(HDL-C, LDL-C, 중성지방)
4. 협심증(흉통)
5. 심부전
6. 증상

게임화

메커니즘:
1. 각 사용자는 자신의 라이프스타일 목표 및 질병(있는 경우)에 맞춰 조정된 개인화된 자가 모니터링 계획을 받습니다.
2. 생체 활동을 추가하거나, 계획을 따르거나, 기사를 읽거나, 퀴즈에 답할 때마다 포인트를 적립합니다. Elfie 코인.
3. 이 코인으로 놀라운 상품(최대 2,000달러 이상)을 받거나 자선 단체에 기부할 수 있습니다.

윤리:
1. 건강하든 아플 때든: 모든 사용자는 건강 여부와 관계없이 매달 계획을 완료하여 동일한 양의 코인을 획득할 수 있습니다.
2. 약물 복용 여부와 관계없이: 약물을 복용하는 사용자는 더 많은 코인을 획득하지 않으며, 당사는 어떤 종류의 약물에도 인센티브를 제공하지 않습니다. 약물을 복용하는 경우, 진실을 말할 때 동일한 보상을 제공합니다. 약물 복용 여부와 관계없이 동일한 양의 코인을 획득합니다.
3. 건강 상태: 좋은 건강 상태든 나쁜 건강 상태든 입력 시 동일한 양의 코인을 획득합니다. 중요한 것은 건강을 지속적으로 모니터링하는 것입니다.

데이터 보호 및 개인정보 보호

Elfie는 데이터 보호 및 개인정보 보호를 매우 중요하게 생각합니다. 따라서 귀하의 국가와 관계없이, 저희는 유럽 연합(GDPR), 미국(HIPAA), 싱가포르(PDPA), 브라질(LGPD), 터키(KVKK)의 가장 엄격한 정책을 시행하기로 결정했습니다. 저희는 독립적인 데이터 개인정보보호책임자(DPO)와 여러 데이터 담당자를 임명하여 저희의 활동을 모니터링하고 귀하의 권리를 보호합니다.

의학적 및 과학적 신뢰성

Elfie 콘텐츠는 의사, 영양사, 연구원의 검토를 거쳤으며 6개 의학 협회의 인증을 받았습니다.

마케팅 금지

저희는 어떠한 제품이나 서비스도 판매하지 않으며, 광고도 허용하지 않습니다. Elfie는 민간 및 공공 의료 시스템의 만성 질환 비용을 줄이기 위해 고용주, ​​보험사, 실험실, 병원의 재정 지원을 받고 있습니다.

면책 조항

Elfie는 사용자가 건강 관련 지표를 추적하고 건강한 생활 습관을 위한 일반적인 정보를 제공하도록 장려하는 웰빙 애플리케이션입니다. 본 제품은 의료 목적, 특히 질병의 예방, 진단, 관리 또는 모니터링을 위한 용도로 사용할 수 없습니다. 자세한 내용은 이용 약관을 참조하십시오.

몸이 좋지 않거나, 약물 관련 부작용이 발생하거나, 의학적 조언을 구하는 경우, Elfie는 적절한 플랫폼이 아니므로 의사와 상담하십시오.

건강을 기원합니다.

Elfie 팀",의료,https://play.google.com/store/apps/details?id=co.elfie.app&hl=ko&gl=kr,,,,,,
android,kr,kr.co.cas.healthcare_bodyfat,CAS Healthcare,"카스 헬스케어 앱

(주)카스에서 건강관리용 CAS Healthcare(카스 헬스케어)앱을 출시합니다.

현재 카스 헬스케어 제품인 스마트 팔전극 체지방계와 연동이 가능하며,

지속적으로 혈압계, 혈당계 등 스마트 헬스케어 제품과

연동할 계획입니다.

CAS Healthcare 또는 카스 헬스케어 검색 후 앱을 다운해 주세요.",건강/운동,https://play.google.com/store/apps/details?id=kr.co.cas.healthcare_bodyfat&hl=ko&gl=kr,,,,,,
android,kr,com.vividHealth,"삐약: 1위 다이어트 주사 관리, 커뮤니티, 병원 약국","GLP-1 비만치료제, 시작부터 끝까지 삐약이가 도울게요. 삐약이와 함께 건강하게 목표 체중에 도달해 보세요.

<font color=""#FFC900""><b>● 국내 최다 위고비 마운자로 후기</b></font>
다이어트 주사 후기는 삐약에서. 협찬 없는 생생한 사용 후기를 만나보세요. 부작용, 체중 감량 효과부터 용량별 경험까지 세심하게 확인할 수 있어요. 서로 경험을 나누며 비만 주사 치료의 궁금증을 풀어보세요.

<font color=""#FFC900""><b>● 처방 병원, 약국 정보</b></font>
지역별 다이어트 주사 처방 병원과 약국을 확인할 수 있어요. 온누리 상품권 취급 병원과 약국도 함께 확인해 보세요.

<font color=""#FFC900""><b>● 주사 기록, 체중, 식욕 조절 효과, 운동까지</b></font>
다이어트 주사 용량을 간편하게 남겨보세요. 부작용, 체중, 식욕 억제 효과까지 모든 변화를 쉽고 체계적으로 관리할 수 있습니다.

<font color=""#FFC900""><b>● 체중 감량 그래프와 통계</b></font>
자세한 그래프와 통계를 통해 주사 효과에 대한 인사이트를 얻으세요. 용량 변화에 따른 약효를 파악하고 필요에 따라 체중 감량 목표를 조정하세요.

<font color=""#FFC900""><b>● 반감기 기반 약물 농도 그래프</b></font>
GLP-1 비만치료제, 다이어트 주사 사용 후 체내에서 약물이 어떻게 작용하는지 궁금하셨나요? 삐약에서는 반감기를 기반으로 한 체내 농도 변화 그래프를 제공합니다. 주사 후 농도가 어떻게 변화하는지 시각적으로 확인하고, 다음 주사 시점을 과학적으로 파악할 수 있어요.

주 1회 주사하는 GLP-1 비만치료제는 체내에서 서서히 흡수되어 지속적으로 작용합니다. 개인의 용량과 주사 간격에 따른 농도 변화를 그래프로 확인하여 약물의 효과적인 작용 구간을 이해해 보세요.
*해당 그래프는 일반적인 약동학 데이터를 기반으로 제공되는 참고 자료입니다. 개인차가 있을 수 있으며, 실제 치료와 관련된 사항은 반드시 의료진과 상담하시기 바랍니다.

<font color=""#FFC900""><b>● 나의 감량존 확인</b></font>
살이 빠지는 칼로리 구간이 궁금하셨나요?
기초대사량을 기반으로 설계된 나만의 감량존 칼로리를 확인할 수 있어요.
그 범위 안에서 식사하면 건강하게 감량할 수 있도록 도와드립니다.
*해당 수치는 참고용이며, 개인차가 있을 수 있습니다.

<font color=""#FFC900""><b>● 체중 감량 속도 체크</b></font>
주사 횟수와 현재 체중을 기반으로, 같은 횟수를 맞은 다른 사용자들과 내 감량 속도를 비교해 볼 수 있어요.
평균보다 빠른지 느린지, 지금 내 여정이 어디쯤인지 확인해 보세요.
*삐약 사용자 데이터를 기반으로 제공되는 참고 자료입니다.
*개인차가 있을 수 있으며, 실제 치료와 관련된 사항은 반드시 의료진과 상담하시기 바랍니다.

<font color=""#FFC900""><b>● 회원 수 1만, 국내 최대 커뮤니티</b></font>
나와 같은 성별, 연령대, BMI를 가진 회원들과 만나보세요. 식단, 사용 중인 주사, 체중 변화 등 다이어트 경험을 공유하고 응원 메시지를 보낼 수 있습니다.

<font color=""#FFC900""><b>● 커뮤니티에서 고민 해결</b></font>
비슷한 고민을 하는 회원분들의 경험을 통해 해결할 수 있어요. 자주 올라오는 질문에 대해서는 삐약 의료진이 직접 답해드립니다.

<font color=""#FFC900""><b>● 위고비, 마운자로 등 비만 치료 최신 뉴스와 관리 정보</b></font>
매주 최신 정보를 업데이트합니다.

<b>[ 선택적 접근권한 ]</b>
원활한 앱 사용을 위해 다음의 접근 권한이 필요합니다.

저장 공간 : 프로필 이미지, 커뮤니티 등에 휴대폰 저장소의 사진을 업로드하기 위해 필요합니다.
카메라 : 커뮤니티에 사진을 촬영하여 게시글을 업로드하기 위해 필요합니다.
알림 : 요청 약 등록, 약 후기 요청, 댓글, 좋아요, 정보, 이벤트, 기록 알림을 수신하기 위해 필요합니다.

※ 선택적 접근 권한의 허용에는 동의하지 않아도 서비스의 이용이 가능합니다.

<b>[ 건강 관련 면책 조항 ]</b>

삐약은 진단, 처방 등 의료 행위를 하지 않으며 기록 및 정보 제공 목적으로만 설계되었습니다.
건강 관련 우려사항이 있으시면 반드시 병원에 방문하여 의료진과 상담하시기 바랍니다.",의료,https://play.google.com/store/apps/details?id=com.vividHealth&hl=ko&gl=kr,,,,,,
android,kr,com.careclinicsoftware.careclinic,증상 & 기분 추적기,"<strong>✅ 건강을 관리하세요. 증상, 약물, 기분을 하나의 앱에서 모두 추적하세요.</strong>

저희는 <strong>임상 연구를 거친</strong> 건강 추적 앱으로, 만성 질환, 정신 건강 및 전반적인 건강 관리를 간소화합니다. 치료 과정을 쉽게 추적하여 본인이나 사랑하는 사람의 건강이 시간이 지남에 따라 어떻게 변하는지 더 잘 이해할 수 있습니다.

👩‍⚕️미국 최고 대학의 환자, 부모 및 의료 전문가들의 의견을 반영하여 설계되었습니다. 건강 추세를 파악하고 모니터링하며, 의사 및 간병인과 쉽게 공유하세요.

⭐ 수천 개의 별 5개 리뷰
""이 건강 앱 정말 좋아요! 하루에 몇 번만 탭하면 전반적인 건강 상태를 파악할 수 있어요. 모든 치료 과정을 한곳에서 추적할 수 있다는 점이 마음에 들어요."" -Nat

<strong>CareClinic 앱을 사용해야 하는 이유?</strong>
- 귀하의 건강 데이터는 암호화되어 비공개로 유지되며 동의 없이 절대 공유되지 않습니다 🔐
- 저희 AI는 하루 단 5분 만에 건강 관리를 돕습니다
- 몇 번의 체크인만으로 건강에 대한 통찰력을 얻으세요
- 웨어러블 기기, Google Fit과 잘 연동되며 여러 기기에서 작동합니다

CareClinic은 단순한 건강 <strong>증상 추적</strong> 앱 <u>이상</u>입니다.

<strong>건강 여정을 간소화하도록 돕습니다</strong> - 건강한 습관을 만들고 꾸준히 관리하세요
- 의사, 보험사 또는 고용주와 데이터를 공유하세요
- 어떤 방법이 효과적인지 확인하고 더 빨리 정확한 진단을 받으세요

📲 <strong>15가지 이상의 추적기 포함</strong> (필요한 것만 켜세요!)

🤒 <strong>증상 추적기</strong>
💊 <strong>약물 추적기</strong> - 처방약, 피임약, 비타민 및 보충제용. 상호작용 및 시너지 효과를 알려줍니다
❤️ <strong>측정치</strong> - 활력 징후, 혈압, 혈당, 체중, 체온/발열, 맥박 또는 사용자 지정 측정 항목을 추가하세요
📝 <strong>건강 일지</strong> - 자유 형식 또는 안내 프롬프트와 함께
😀 <strong>기분 추적기</strong> - 의료 등급 평가 척도 포함
🥗 <strong>영양 추적기</strong> - 미량 영양소, 다량 영양소, 칼로리를 추적하거나 내장된 데이터베이스로 식사를 기록하세요
☕️ <strong>수분 섭취</strong>
🚶‍♀️‍➡️ <strong>활동 </strong> - 걷기, 걸음 수, 운동과 같은 신체 활동을 추적하세요
⚠️ <strong>요인</strong> - 환경 요인, 사회적 요인 등
🛌 <strong>수면 추적기</strong> - 수면 소리를 사용해보세요
🚽 <strong>대변 추적기</strong> - 브리스톨 대변 척도 및 소변을 사용하세요
📋 <strong>평가</strong> - PHQ9, GAD7과 같은 표준화된 의료 설문지를 작성하세요
⭕️ <strong>생리 주기 추적기</strong> - 월경 주기, 생리 및 배란을 추적하고 예측을 받아보세요
🧘🏻 <strong>치료</strong>
☀️ <strong>날씨</strong> - 자동으로 추적되며, 편두통 및 기분 변화가 있는 분들께 유용합니다

📲 <strong>다양한 모듈도 있습니다!</strong>

👪 <strong>케어 팀</strong>: 부양 가족과 간병인을 추가하고, 데이터를 공유하고, 알림을 보내고, 원격으로 데이터를 확인하세요
⏰ <strong>알림: </strong>약 복용, 증상 확인, 활동 등에 대한 알림을 쉽게 설정하세요

➕ 건강 목표, 질환 (동반 질환), 알레르기, 검사 결과, 예방 접종 (백신), 수술 기록을 저장하세요
➕ 교육 콘텐츠, 사운드스케이프, 명언, 내장된 관리 계획, 운동 및 약물 라이브러리
➕ 차트, 로그 및 AI 기반 추세로 진행 상황을 모니터링하세요
➕ 의사들이 신뢰합니다

<strong>맞춤 설정 가능</strong>
- 수동 입력이 거의 필요 없으며, AI + 내장된 제안을 활용하세요
- PDF 보고서 내보내기

👉🏻 <strong>당신의 완벽한 건강 플래너</strong>

만성 질환 및 정신 건강에 필수적이며, 주의력결핍 과잉행동장애, 불안, 양극성 장애, 우울증, 공황 발작, 외상 후 스트레스 장애, 월경 전 불쾌 장애, 만성 통증, 섬유근육통, 염증성 장 질환, 과민성 대장 증후군, 당뇨병, 류마티스 관절염, 다발성 경화증, 만성 피로 증후군, 기립성 빈맥 증후군, 뇌전증, 어지럼증, 암, 루푸스, 건선, 특발성 폐섬유증, 자궁내막증, 다낭성 난소 증후군, 엘러스-단로스 증후군, 비만세포 활성화 증후군, 자율신경실조증, 독감, 음식 알레르기, 장 건강, 임신 증상 및 기타 질환에 사용됩니다.

영구 무료 사용 또는 고급 사용자용 월 $5.99, 연 $39.99. 여러 앱을 사용하는 것보다 훨씬 편리합니다. 저희는 증상 추적기를 통해 가능한 한 많은 분들을 지원하고자 합니다. 궁금한 점이 있으시면 이메일을 보내주세요.

면책 조항: 이 앱은 전문적인 의학적 조언, 진단 또는 치료를 대체하기 위한 것이 아닙니다. 의학적 상태에 대해 궁금한 점이 있으면 항상 의사 또는 기타 자격을 갖춘 의료 제공자의 조언을 구하십시오.",건강/운동,https://play.google.com/store/apps/details?id=com.careclinicsoftware.careclinic&hl=ko&gl=kr,,,,,,
android,kr,com.hansjin.drdiary_android,닥터다이어리 - 1위 혈당·다이어트·돈버는 만보기,"<font color=""#355FF4"">혈당관리부터 식단·체중·운동, 돈버는 만보기 앱테크, 위고비·마운자로 GLP-1 관리까지.</font>
매일의 건강관리를 닥터다이어리 하나로 시작해보세요.

닥터다이어리는 혈당을 중심으로 식단, 체중, 운동 등 건강 데이터를 기록하고 관리할 수 있는 건강관리 앱입니다.

걷기만 해도 포인트가 쌓이는 돈버는 만보기부터 AI 식단 관리, 체중 관리, 그리고 새롭게 추가된 <font color=""#355FF4"">위고비·마운자로 GLP-1 다이어트 주사 관리</font>까지 한 곳에서 이용할 수 있습니다.

<font color=""#355FF4"">■ NEW! 위고비·마운자로 GLP-1 다이어트 주사 관리</font>

위고비, 마운자로 등 GLP-1 다이어트 주사를 사용하고 있다면 투약 과정도 닥터다이어리에서 편리하게 기록해보세요.

* 위고비·마운자로 종류 및 용량별 투약 기록
* 실제 투여한 날짜와 용량 기록
* 펜의 잔여 용량 확인
* 다음 주사 예정일 확인
* 투약 횟수와 이전 기록 한눈에 확인
* 메스꺼움, 구토, 변비, 복통, 속쓰림, 피로감 등 부작용 기록
* 투약 전후 체중 변화 확인
* 시작 체중·현재 체중·목표 체중 관리
* 누적 체중 변화와 최근 투약 후 체중 변화 확인

<font color=""#355FF4"">다이어트 주사 투약 기록만 남기는 데서 끝나지 않습니다.</font>
식단·체중·운동·혈당 데이터를 함께 기록하며 GLP-1 사용 중 변화하는 생활습관을 종합적으로 관리할 수 있습니다.

<font color=""#355FF4"">■ GLP-1 맞춤 AI 건강 코칭</font>

위고비·마운자로 등 GLP-1 관리가 필요하다면 AI 건강 코치 ‘루아’와 함께해보세요.

체중 변화와 투약 흐름을 확인하고, 식단·운동·혈당 등 일상 건강 데이터를 연결해 나에게 필요한 건강관리 정보를 확인할 수 있습니다.

식사 사진을 올리면 탄수화물·단백질·지방 등 영양 정보를 분석하고, 건강 데이터를 바탕으로 일상적인 건강관리와 습관 형성을 도와드립니다.

<font color=""#355FF4"">■ 혈당관리는 역시 닥터다이어리</font>

매일의 혈당을 간편하게 기록하고 변화 추이를 확인해보세요.

혈당뿐만 아니라 식사, 운동, 체중 등 혈당에 영향을 줄 수 있는 다양한 생활 데이터를 함께 관리할 수 있습니다.

* 공복 혈당·식후 혈당 등 혈당 기록
* 혈당 변화 확인
* 식단과 혈당을 함께 기록
* 체중·운동 등 생활습관 관리
* 나의 건강 기록을 한눈에 확인

<font color=""#355FF4"">혈당·식단·체중·운동을 따로 관리하지 말고 하나의 앱에서 함께 기록해보세요.</font>

꾸준한 혈당관리가 필요한 분부터 식습관과 체중을 함께 관리하고 싶은 분까지 닥터다이어리에서 매일의 건강 데이터를 관리할 수 있습니다.

<font color=""#355FF4"">■ 사진 한 장으로 간편한 AI 식단 관리</font>

오늘 먹은 음식을 일일이 입력할 필요 없이 식사 사진을 촬영해보세요.

AI가 식사를 분석해 영양 정보를 확인할 수 있도록 도와드립니다.

* 식사 사진으로 간편하게 식단 기록
* 탄수화물·단백질·지방 등 영양 정보 확인
* 매일 먹은 음식 기록
* 혈당·체중 관리와 함께 활용

다이어트 식단, 혈당관리 식단, 건강한 식습관 만들기까지 보다 간편하게 관리해보세요.

<font color=""#355FF4"">■ 체중 관리와 다이어트 기록도 한눈에</font>

현재 체중만 보는 것이 아니라 시작 체중부터 목표 체중까지 변화 과정을 기록해보세요.

* 체중 기록
* BMI 확인
* 시작 체중·현재 체중·목표 체중 관리
* 기간별 체중 변화 확인
* GLP-1 투약 기록과 체중 변화를 함께 확인

<font color=""#355FF4"">위고비·마운자로 투약 기록과 체중 변화를 한 곳에서 확인해보세요.</font>

<font color=""#355FF4"">■ 걸으면 포인트! 돈버는 만보기 앱테크</font>

건강을 위해 걷고, 걸음 수에 따라 포인트도 받아보세요.

닥터다이어리는 건강관리뿐만 아니라 매일 걷는 습관을 만드는 돈버는 만보기 기능도 제공합니다.

* 매일 걸음 수 확인
* 걸음 목표 달성
* 걷기 보상 포인트
* 출석체크
* 걷기배틀
* 건강퀴즈 등 다양한 참여형 콘텐츠

<font color=""#355FF4"">걷고, 포인트 받고, 건강까지 관리하는 매일의 건강 앱테크.</font>
만보기와 다양한 참여형 기능으로 건강한 걷기 습관을 만들어보세요.

<font color=""#355FF4"">■ 매일의 건강 데이터를 닥터다이어리 하나로</font>

혈당 따로, 식단 따로, 체중 따로 관리할 필요 없이 닥터다이어리 하나로 관리해보세요.

혈당관리
혈당 기록
AI 식단관리
체중관리
다이어트
운동 기록
돈버는 만보기
건강 앱테크
위고비 관리
마운자로 관리
GLP-1 다이어트 주사 기록
투약 기록
부작용 기록
AI 건강 코칭

<font color=""#355FF4"">혈당에서 시작해 식단·체중·운동, GLP-1 관리까지.</font>
매일의 건강관리를 닥터다이어리와 함께하세요.
----
개발자 연락처 :
Dr. Diary Co., Ltd. 서초구 효령로77길 28, 7층(서초동)
서초구, 서울특별시 06627
South Korea 832-87-00733 2023-서울서초-3597 서울특별시 서초구",건강/운동,https://play.google.com/store/apps/details?id=com.hansjin.drdiary_android&hl=ko&gl=kr,,,,,,
android,kr,com.lemonhc.mcare.kahp,메디체크,"한국건강관리협회 메디체크 서비스를 편리하게 이용할 수 있는 공식 모바일 어플리케이션입니다.
이 앱은 아래와 같은 서비스를 모바일에 보다 편리하게 사용할 수 있도록 도와드립니다.

예약하기 : 간편하게 건강검진 및 예방접종을 예약하고, 예약 내용을 확인 및 취소할 수 있습니다.
수납 : 앱을 통해 편리하게 결제할 수 있습니다.
검진결과 조회 : 건강검진 결과에 대해 그 결과 및 이력을 확인할 수 있습니다.
이용내역조회 : 건강검진/진료내역/예방접종 내역을 간편하게 확인할 수 있습니다 건강수첩 : 혈압, 혈당, 체질량 등의 개인 건강정보를 저장하고 관리할 수 있습니다.
검진진행현황 : 검진 당일 진행 현황을 확인 할 수 있습니다.

환자경험과 관련한 서비스가 계속 추가될 예정입니다.",의료,https://play.google.com/store/apps/details?id=com.lemonhc.mcare.kahp&hl=ko&gl=kr,,,,,,
android,kr,com.bloodpressure.healthtrack.recordblood.heatrate,심박수 측정기 & 혈압기록 앱,"♥️ 심박수 측정기 & 혈압기록 앱는 귀하의 웰빙을 제어하는 ​​데 도움이 되도록 설계된 올인원 건강 관리 추적기입니다.
당신의 혈압기록과 심박수 측정기를 한 곳에서 관리하세요. 이 올인원 건강 관리 앱은 혈압기록, 심박수 측정기뿐 아니라 혈당, 혈압측정, 맥박수측정기, BMI 등 다양한 건강 지표를 쉽게 추적할 수 있습니다.

💓 심박수 측정기 & 혈압기록 기능
언제 어디서나 심박수 측정기로 맥박을 재고, 혈압기록 기능으로 혈압 데이터를 자동 저장하세요. 직관적 인터페이스를 통해 고혈압, 당뇨 등 건강 상태를 빠르게 모니터링할 수 있으며, 혈당  기능도 함께 지원합니다. 혈압측정, 맥박수측정기를 이용해 건강 관리를 체계적으로 시작하세요.

📈 일일 건강 리포트 제공
심박수와 혈압 변화 그래프, 수면 품질, 수분 섭취량, 영양 섭취량, BMI 정보를 일별·주별 리포트로 확인할 수 있습니다. 주요 지표인 혈압기록, 심박수 측정기, 결과를 시각화해 직관적인 피드백을 제공합니다.

💧 수분 섭취 및 음수 알림
건강을 위한 수분 섭취를 챙기기 위해 맞춤 설정 알림이 울려 건조한 상태를 예방합니다.

😴 수면 추적 및 편안한 수면 도우미
수면 중 심박수와 맥박 데이터를 기록하고, 편안한 수면음을 통해 숙면을 유도합니다.

🍎 영양 추적기 & 음식 칼로리 추적기
내장된 칼로리 추적기와 칼로리 카운터로 에너지 섭취량을 파악하세요. 일일 칼로리 섭취량을 추적하고 모든 식사에서 체중을 관리하세요. 운동이나 식단에 칼로리 카운터를 활용하면 신체 변화 과정을 직접 경험해 볼 수 있습니다.

📊 BMI 계산기
 식단별 칼로리를 측정하고, BMI 계산기를 통해 체중 상태를 한눈에 파악하세요. 혈압기록과 심박수 측정기 데이터를 바탕으로 종합적인 건강 플랜을 수립할 수 있습니다.

⚠️ 주의사항
❗ 주의하세요! 측정 중 손전등이 뜨거워질 수 있습니다.
❗ 순간 심박수, 맥박수는 의학적 진단에 사용할 수 없습니다.
❗ 심박수 모니터, 혈당 앱은 엔터테인먼트 및 추적 목적으로만 사용됩니다. 응급 처치, 응급 상황, 심장마비 또는 심장 질환(심폐소생술 필요) 발생 시 의사 또는 주치의와 상담하세요.
❗ 심박수 모니터, 혈당 추적기는 심박수, 혈압 또는 혈당을 측정할 수 없습니다. 관련 질환을 진단하려면 전문 의료 장비를 사용해야 합니다.
❗ 심박수 모니터에서 LED가 과열될 수 있습니다.

👉 건강을 체계적으로 관리하고 싶다면, 혈압기록과 심박수 측정기 기능이 완비 함께 지금 바로 시작하세요!",건강/운동,https://play.google.com/store/apps/details?id=com.bloodpressure.healthtrack.recordblood.heatrate&hl=ko&gl=kr,,,,,,
android,kr,com.gamehouse.hm2gp,Heart's Medicine: Time to Heal,"<b>광고와 함께 이 게임을 무료로 즐기세요 – 또는 gamehouse+ 앱으로 더 많은 게임을 만나보세요!</b> GH+ 무료 회원으로 100개 이상의 게임을 광고와 함께 잠금 해제하고, GH+ VIP로 업그레이드하면 모든 게임을 광고 없이 즐기고, 오프라인으로 플레이하며, 독점 인게임 보상을 받고, 그 외에도 다양한 혜택을 누릴 수 있습니다!

Delicious & Fabulous한 제작자들이 만든 여러분을 반하게 만들 새 게임이에요! GameHouse의 Heart’s Medicine – 시간 관리 게임은 병원 게임에 사랑 이야기가 더해진 멋진 게임이랍니다! 

<b>로맨틱한 메디컬 드라마 같은 흥미진진한 게임</b>이랍니다. 바로 in Grey’s Anatomy, ER 이나 General Hospital처럼요! 외과의사가 되려는 Allison Heart 역할이 되어 최고의 시뮬레이션 게임에서 즐기는 Daniel, 병원장, 코너, 예전 남자친구와 펼치는 경쟁과 사랑 그리고 갈등! 실제 사랑 이야기처럼 이 드라마는 멈추지 않고 계속 꼬이고 돌아갑니다. Daniel이 갑자기 끔찍한 사고를 당했을 때, Allison은 달려가서 그의 생명을 구해야 해요! 여기서 Heart’s Medicine 게임이 시작됩니다.

<b>이 병원 시뮬레이션 게임의 의사가 되어보세요!</b>
환자들을 돌보고 가상 수술을 펼치는 수술 시뮬레이터 게임입니다. Heart’s Medicine 은 스릴 넘치는 온라인 RPG 같은 진료실에서의 하루를 즐길 수 있습니다! 어린이용 의사 게임, 소녀들을 위한 게임 혹은 생활 시뮬레이션 게임을 하나로 만나보세요!

<b> 시간 관리 능력을 개발하여 생명을 구하세요!</b>
만약 온라인 시간 관리 게임을 좋아하신다면 분명히 Heart’s Medicine이 마음에 드실 거에요! 이 시간 게임은 모든 것이 가능합니다. 레벨 도전, 스토리 라인 감상, 역할 놀이까지 모두 말이죠!

<b>흥미진진한 로맨스의 주인공이 되세요!</b> 
로맨틱 러브 스토리에 목마르셨다구요? Heart’s Medicine은 가장 인상적인 온라인 러브 게임입니다. 

<b>Heart’s Medicine의 2번째 시즌을 즐기세요!</b>
- Allison을 도와 환자들을 치료하고 재미있는 게임 캐릭터들과 행복한 순간을 경험하세요.
- 수술 시뮬레이터를 5레벨까지 무료로 체험하세요. 게임 내 과금을 통해 <b>60 스토리 레벨을 잠금해제</b>하고 추가 30 레벨에 도전할 수 있습니다.
- <b>이제껏 본 적 없는 흥미로운 18가지 미니 게임</b> – 이 멋진 게임들이 매달 추가됩니다!
- <b>Delicious’ Emily 콜라보레이션</b> – 병원 저녁식사를 통해 요리 게임의 재미를 맛보고 랭킹 안에 들어보세요!
- <b>트로피 & 다이아몬드 수집</b>으로 새롭게 병원을 꾸미고 더 많은 기능을 얻어보세요!

진정한 러브 스토리를 체험하고 의사가 될 준비가 되셨나요? 게임을 시작해보세요!

<b>새로운 소식! Gamehouse+ 앱으로 완벽한 플레이 방법을 찾아보세요!</b> GH+ 무료 회원으로 광고와 함께 100개 이상의 게임을 무료로 즐기거나, 광고 없는 플레이, 오프라인 접근, 독점 인게임 혜택 등을 위해 GH+ VIP로 업그레이드하세요. gamehouse+는 단순한 게임 앱이 아닙니다—모든 기분과 '나만의 시간' 순간을 위한 플레이타임 목적지입니다. 지금 구독하세요!",캐주얼,https://play.google.com/store/apps/details?id=com.gamehouse.hm2gp&hl=ko&gl=kr,,,,,,
android,kr,com.bloodpressure.health.healthtracker,건강 추적기: BP 모니터,"건강 추적기는 혈당과 혈압을 모니터링하는 데 도움이 되는 무료 전문적이고 사용하기 쉬운 도구입니다. 일일 혈당 데이터를 쉽게 기록하고 장기적인 혈당 추세를 모니터링할 수 있을 뿐만 아니라 혈압과 심박수를 모니터링할 수 있도록 도와주며 혈압 및 혈당과 관련된 많은 과학 지식을 제공하여 이해하고 혈당 및 혈압을 보다 포괄적으로 조절합니다.

기록 혈압:
일일 혈압 데이터를 쉽게 기록하고, 혈압 범위를 자동으로 계산 및 구분하고, 일정 기간 동안 혈압 데이터의 변화를 보고 추적합니다.

혈당 추적:
탭 몇 번으로 간단하고 편리하게 혈당 수치를 기록하고 측정값을 입력하고 시간 경과에 따른 혈당 수치를 완벽하게 파악할 수 있습니다. 직관적인 차트와 그래프를 통해 혈압 추세를 시각화합니다.

심박수 감지:
Photoplethysmography(PPG)와 함께 스마트폰 카메라를 사용하여 심박수를 감지합니다. 건강 추적기는 정확한 맥박 신호를 기반으로 스트레스 수준을 평가하기 위해 HRV(심박 변이도)를 계산할 수 있습니다.

카메라 측정은 정확히 어떻게 작동합니까?
우리는 빛 기반 기술을 사용하여 심장에 의해 제어되는 혈류 속도를 감지하는 광혈류량 측정법(PPG)이라는 방법을 사용합니다.
심장이 뛰면 손가락의 모세혈관으로 피가 흐르고 나옵니다. 혈액량의 이러한 변화는 손가락 조직을 변색시킬 수 있습니다. 측정하는 동안 손전등이 손가락 조직을 비추고 카메라가 혈액량 변화를 비디오로 캡처하여 심장 박동의 일부를 캡처합니다.

체중 및 BMI:
체중을 추적하고 체질량 지수(BMI)를 계산하는 데 도움이 됩니다. 체중을 모니터링하는 데 도움이 되도록 설계되었습니다. 또한 이 앱은 수많은 과학적 체중 감량, 지방 감량 가이드, 다이어트 계획 등을 제공합니다.

보수계:
걸음 수를 세고 걸음 수를 기준으로 이동한 거리를 추정합니다.

GPT4 기반 AI 의사:
GPT4 기반 AI Doctor는 GPT(Generative Pre-Trained Transformer)라는 딥러닝 알고리즘을 이용해 데이터를 분석하고 건강 조언을 해주는 인공지능 시스템입니다. AI Doctor에게 건강 및 기타 질문을 할 수 있습니다.

지역 일기 예보:
48시간 예보, 15일 예보, 풍속, 기압, 강수량, 자외선지수, 습도, 가시성, 대기질 등 실시간 지역 일기예보를 제공합니다.

다른 기능들:
- 정기적인 측정을 놓치지 않도록 건강 스마트 알림을 예약하세요.
- 단기, 중기 및 장기 추세에 대한 자세한 분석
- 추가 분석 및 의료 상담을 위해 모든 건강 데이터 보고서 내보내기
- 일일 물 섭취량 추적

부인 성명
- 건강 추적기: BP 모니터를 의료 기기로 사용해서는 안 됩니다.
- 심장 질환이 있거나 심장 질환이 우려되는 경우 반드시 의사와 상담하십시오.
- 일부 장치에서는 건강 추적기 앱이 LED 플래시를 매우 뜨겁게 만들 수 있습니다.

다시 한 번 몸이 불편하면 전문의와 상담하십시오. 피트니스 트래커는 의료용이 아닌 일반 건강 관리 전용입니다.
질문이나 제안 사항이 있으면 zapps-studio@outlook.com으로 언제든지 문의해 주세요.",건강/운동,https://play.google.com/store/apps/details?id=com.bloodpressure.health.healthtracker&hl=ko&gl=kr,,,,,,
android,kr,kr.co.qntech,수질분석 관리 앱 (QT-W200),"수질을 분석하고 관리하는 앱입니다. 

앱 단독으로 사용하는 서비스가 아닙니다.",비즈니스,https://play.google.com/store/apps/details?id=kr.co.qntech&hl=ko&gl=kr,,,,,,
android,kr,com.selantoapps.bodydiary,체중 감소 및 측정 스마트 다이어트 인바디 체중계,"<b><h2>인바디 및 체중 감량 트래커</h2></b>체중 기록 앱을 사용하여 쉽게 체중 감량 추이를 파악하세요! 사용자 친화적인 인터페이스와 <b>사용자 정의 가능한 기능</b>을 통해 쉽게 목표 체중을 설정하고 달성할 수 있습니다. 매일 체중을 입력하면 앱이 <b>그래프</b>를 생성하여 진행 상황을 시각적으로 보여줍니다.  <b>알림</b>을 설정해서 체중 기록, 칼로리 및 운동 추이를 한눈에 파악하세요. 맞춤형 대시보드를 통해 <b>인사이트</b>와 <b>동기 부여</b>를 동시에!
바디 트래커: 인바디 트래커를 통해 목표 체중을 향해 더 쉽게 다이어트해요!
 
 
<b><h2>수많은 러브콜을 받은 추가 기능 ❤️</h2></b>
➜ 몸 앞, 뒤, 왼쪽 및 오른쪽 개인 사진을 저장할 수 있는 기능.
➜ 자동 전후 사진 생성기
➜ 📊 <b>엑셀 파일</b> 기능을 사용하여 데이터를 가져오거나 내보내기 (TIP: 개인 트레이너 또는 영양사와 공유하세요).
➜ 🗓️ <b>몸무게 달력</b> 생성기는 캘린더 형태로 진행 상황을 쉽게 볼 수 있게 해줍니다! 요즘 SNS  장안의 화제! (팁: #몸무게기록 #체중기록 #weighttracker #weighttrackercalendar #체중추적기 #체중추적달력을 찾아보세요).
➜ 🤩<b> 월별 요약</b>은 성취에 대한 동기 부여 요약을 한 큐에 끝내주게 해준답니다.
 
<b>데이터 분석을 좋아하는 똑똑이 다이어터라면🤓:</b>
 
➜ <b>칼로리 계산기</b>로 총 일일 에너지 소비량 (<b>TDEE</b>) 측정,
➜ 기초 대사율 (<b>BMR</b>) 계산기,
➜ <b>3대 영양소</b> 계산기,
➜ 체질량 지수 (<b>BMI</b>) 계산기,
➜ <b>인바디 측정</b>을 위한 인바디 트래커,
➜ 그리고 풍부한 교육적인 콘텐츠까지!
 
<b>프리미엄 기능</b>
 
➜ ☁️ <b>자동 백업</b>,
➜ 🔏 <b>고정-잠금 화면</b>,
➜ 추가 <b>앱 테마색상</b>,
➜ 추가 <b>프로필</b>,
➜ <b>다크 모드 지원</b>
➜ 권장 몸무게 및 추세 분석,
➜ 이외에도 많은 혜택이!
 
<b><h2>헬스 커넥트[1] 가 통합되었어요! (베타[2] )</h2></b>
Android의 헬스 커넥트[3] 와의 콜라보로 전반적인 건강에 대한 종합적인 접근 방법을 제공하는 베타 기능을 도입하게 되었습니다! 이번 베타 기능으로 건강 데이터를 한 번에 통합하고 건강과 웰빙을 향상시키는 종합적인 인사이트를 수집할 수 있게 되었습니다.
 
이 베타 단계에서는 앱에서 걸음 수, 활동량, 걸은 거리, 칼로리, 수분 섭취, 수면 및 월경 추이 데이터를 자동으로 보여줘, 풍부한 인사이트를 얻으실 수 있습니다! 여러분의 피드백은 이 통합 버전을 완벽하게 다듬는 데 중요한 정보로 쓰일 예정입니다.
 
<b>🔅 햇살처럼 부드럽게 리마인드를 해줄 거예요</b>
 
다이어트는 장기적인 여정이자 라이프 스타일의 변화입니다. 전문가들은 유지어터로서 관리를 하면서도 요요 현상을 피하기 위해 주당 최대 1kg를 빼야 한다고 제안해요.
 
<b>💬 언제나 귀 기울이고 있어요</b>
 
<b>1,104,482명의 회원</b>을 가진 커뮤니티와 함께 웰빙 여정을 변화시켜 왔습니다. 여러분의 피드백은 우리의 제안을 다듬고 개선하는데 소중한 도움이 됩니다😍.
 
📩 <b>contact@selantoapps.com</b>으로 연락하거나 빛나는 5성급 ★★★★★ 평가로 저희의 하루를 밝혀 주세요.",건강/운동,https://play.google.com/store/apps/details?id=com.selantoapps.bodydiary&hl=ko&gl=kr,,,,,,
android,kr,com.ufo.disease,Diseases Dictionary Offline,"질병 치료 사전 오프라인은 증상, 장애 및 치료 및 많은 의료 용어에 대한 모든 정보를 제공하는 의료 장애 및 질병 목록을 포함하는 완전한 오프라인 및 무료 응용 프로그램입니다.
이 안내서는자가 진단을위한 임상 고문 역할을하며 증상, 질병 및 치료를 찾는 데 사용될 수있는 의학 사전 핸드북입니다. 의료 사전 무료 다운로드는 일반적인 질병 및 치료 코드에 대한 가정의 무료 의사와 같습니다.

타블렛 장치에 최적화되었습니다.

질병 사전-의료 앱 기능 :
1. 오프라인 – 오프라인 상태이며 활성 인터넷 연결이 필요하지 않습니다.
2. 모든 주요 건강 상태 및 질병에 대한 자세한 설명 :
-정의;
-증상;
-원인;
- 위험 요소;
-합병증;
-약속 준비;
-검사 및 진단;
-치료 및 약물;
-생활 양식 및 가정 요법

3. 빠른 검색으로 필요한 질병을 쉽게 찾을 수 있습니다.
4. 즐겨 찾기 목록 –“별표”아이콘을 클릭하여 질병 항목을 즐겨 찾기 목록에 책갈피로 지정할 수 있습니다.

이 사전을 사용할 수있는 사람 :
의료 전문가, 제약, 의사, 병원 간호사, 의대생, 간호 전문가, 약국, 의사 보조 및 임상 실무 및 약국에서 일하는 학생들을위한.",의료,https://play.google.com/store/apps/details?id=com.ufo.disease&hl=ko&gl=kr,,,,,,
android,kr,com.herings.healiary,힐리어리 - 암 환자 1:1 맞춤형 식단,"영양 관리, 증상 등 생활 속 어려움이 있는 암환자분들께 또 다른 희망이 되어드릴게요!

✓ 나의 건강정보를 입력하고 영양분석을 받아보세요.
✓ 오늘 드신 식사를 기록하면 영양코치의 평가를 받을 수 있어요.
✓ 나만을 위한 맞춤형 추천식단을 받아보세요.
✓ 건강 다이어리에 일상과 증상을 기록해보세요.

힐리어리는 암환자들이 암 진단 또는 수술 후 치료 과정에서 도움이 필요한 다양한 문제들을 해결할 수 있는 플랫폼입니다. 

암환자분들은 치료 중 또는 수술 및 퇴원 후 건강 관리에 어려움이 많습니다. 퇴원 후에는 영양 관리나 증상 관리, 운동 및 활동량 관리에 대한 전문가의 조언을 받을 수 없게 되며 병원에서 교육받더라도 실제 일상생활에 적용하기가 쉽지 않습니다.

저희 플랫폼을 통해 환자분들은 맞춤형 영양 식단 서비스를 받을 수 있으며, 커뮤니티를 통해 환자들끼리 서로 소통할 수 있습니다. 또한 전문가들에게 건강 관리에 대한 피드백을 받고 궁금증을 해결할 수 있고, 암 환자가 받는 서비스 내용을 보호자가 공유하거나 환자 상태를 모니터링할 수 있습니다.

* 힐리어리 블로그: https://blog.naver.com/healiary 
* 힐리어리 인스타그램: https://www.instagram.com/healiary_official
* 힐리어리 카카오채널: https://pf.kakao.com/_xlPYExj",건강/운동,https://play.google.com/store/apps/details?id=com.herings.healiary&hl=ko&gl=kr,,,,,,
android,kr,kr.co.imok.android,암오케이 - 암환자 맞춤정보·AI 상담,"암 진단 후, 믿을 수 있는 정보를 찾고 계신가요?

암오케이(I'MOK)는 종양내과 전문 의료진이 직접 만든
암환자 맞춤 정보 플랫폼입니다.
검색할수록 쏟아지는 정보 속에서, 지금 나의 암종·병기·치료 단계에
맞는 정보만 골라 전해 드립니다.

■ 이렇게 시작하세요
1. 내 암종과 병기를 선택하면 → 맞춤 정보가 바로 준비됩니다
2. 병원에서 받은 검사결과지를 찍어 올리면 → 쉬운 말로 해석해 드립니다
3. 부종·통증·식단 등 궁금한 증상은 → 검색하거나 AI 상담에 물어보세요

■ 나의 맞춤 정보
암종·병기·치료 여정을 등록하면 지금 단계에 필요한 정보를 골라 보여드립니다.
(이제 전체 암종을 지원합니다)

■ AI 챗봇 상담 '닥터 바로'
""커피 마셔도 되나요?"" ""회 먹어도 되나요?""
진료실에서 묻기 애매했던 생활 속 궁금증을 암 전문 AI 챗봇에게 바로 물어보세요.

■ 1:1 질문하기
암 치료에 관해 궁금한 것을 암 전문 의료진에게 직접 질문할 수 있습니다.

■ 검사결과지 해석
어려운 전문용어로 가득한 검사결과지를
전문 의료진이 개발한 AI가 이해하기 쉽게 풀어 드립니다.

■ 신약 임상 정보
참여할 수 있는 신약 임상시험 정보를 암종별로 알려드립니다.

■ 추천 영상 · 종양내과 전문의 칼럼
꼭 알아야 할 치료 정보 영상과, 종양내과 전문의가 전하는
응원과 조언을 만나보세요.

────────
이 앱은 암 치료 정보 제공을 목적으로 하며, 의학적 진단이나 처방을 대신하지 않습니다.
치료에 관한 최종 판단은 반드시 담당 의료진과 상의해 주세요.

주식회사 디앤라이프 · 암오케이(I'MOK)",의료,https://play.google.com/store/apps/details?id=kr.co.imok.android&hl=ko&gl=kr,,,,,,
android,kr,net.medischool.healingme,힐링미 - 전국 암요양병원 소개 및 암환자 상담 앱,"암 치료 과정에서 항암·방사선 치료, 부작용 관리 등 꼭 필요한 정보를 쉽고 빠르게 찾을 수 있도록 도와드립니다.
암 환자의 건강한 삶을 지원합니다.

■ 상급병원 주변 검색
상급병원 주변에 위치한 병원을 검색할 수 있어요.
(서울아산병원, 삼성서울병원, 세브란스병원, 서울대학교병원, 국립암센터, 서울성모병원, 고려대학교구로병원, 원자력병원, 가천대길병원 등)

■ 지역별 병원검색
전국 주요 도시를 포함한 각 지역의 병원을 한눈에 확인할 수 있어요.

■ 병원 시설 정보 제공
입원실, 치료시설, 식단 등 병원 상세정보를 확인할 수 있어요.

■ 의료진 소개
병원별 전문 의료진, 진료 과목, 경력 등 확인하고 병원을 선택할 수 있어요.

■ 입원후기 공유
실제 암환자 및 보호자의 병원 이용 후기를 제공하고 있어요.

■ 1:1 다이렉트 상담
병원 관계자와 전화 또는 온라인 상담할 수 있어요.

■ 한 번에 상담 신청
원하는 병원 한 번에 상담기능으로 간편하게 상담받으세요.

■ 맞춤형 검색 키워드
유방암, 폐암, 위암 등 증상 및 암환자 맞춤 키워드를 통해 검색할 수 있어요.

■ 테마별 병원 찾기
최신시설, 자연환경, 도심위치, 전문의료진, 한방특화, 보호자상주, 여성병동, 유기농식단, 부작용관리, 외래전문 등 원하는 조건의 병원을 빠르게 찾을 수 있어요.

■ 암 건강 정보 콘텐츠 제공
암 환자의 체조, 항암제, 부작용 등 정보를 제공합니다.
비급여 치료정보를(고주파 온열치료기, 고압산소, 면역치료, 한방치료, 특화치료 등) 제공합니다. 

■ 암 환자를 위한 혜택
암환자를 위한 매월 무료 이벤트를 진행합니다.
집에서 병원까지 매월 픽업 서비스를 진행합니다.
전문 손해사정사가 암 보험금 청구, 보상 절차 등 무료 상담을 지원합니다.

📌 이런 분들에게 추천해요!

✅ 암 치료를 위해 병원을 찾고 계신 분
✅ 의료진 및 병원 시설 정보를 미리 비교하고 싶은 분
✅ 실제 암 환자의 입원 후기를 참고하고 싶은 분
✅ 치료 과정에서 항암제, 암환자 정보가 필요한 분
✅ 암 보험금 청구 및 상담이 필요한 분

■ 힐링미 공식 소셜 미디어 바로가기
네이버 카페 : https://cafe.naver.com/healingmeofficial
블로그 : https://blog.naver.com/medisc19
유튜브 : https://www.youtube.com/@healingme7110
홈페이지 : https://www.medischool.net

■ 앱 사용 중 문제가 있다면 연락해 주세요.
전화 : 031-919-7110
이메일 : healingme@medischool.net

힐링미에서 사용하는 접근 권한을 확인하세요.

[선택접근 권한]
- 위치 : 현재 위치 자동 수신 및 근처 병원 찾기 서비스 제공을 위해 사용됩니다.
- 카메라 : 입원후기 작성 시 사진 촬영 및 첨부를 위해 사용됩니다. 
- 전화 : 병원 전화번호를 통한 통화 기능 제공을 위해 사용됩니다.

※ 선택 권한을 동의하지 않으셔도 서비스 이용이 가능하며 선택 권한은 필요한 시점에 동의 받고 있습니다.

개발자 연락처 : (주)메디스쿨
경기도 고양시 일산동구 호수로 358-39 2층 203, 204호 (백석동 동문타워Ⅰ)",의료,https://play.google.com/store/apps/details?id=net.medischool.healingme&hl=ko&gl=kr,,,,,,
android,kr,care.lunit.LunitCARE,루닛케어-암 전문 의료상담/암 병원 찾기/맞춤 암 정보,"어제보다 더 건강한 오늘을 위해 루닛케어
암 환자, 보호자분들이 암 관리에 필요한 정보를 손쉽게 접근하고, 의료진과의 원활한 소통을 지원하고, 건강한 일상으로의 복귀를 돕습니다.

● 필요한 정보는 놓치지 않는, 암 정보 추천
 암 관리 과정과 현재 건강 상태에 딱 맞는 암 정보를 찾는 일, 이제 걱정하지 마세요. 루닛케어가 여러분에게 꼭 맞는 암 정보를 무제한으로 추천해 드립니다. 루닛케어가 가장 관련성 높고 신뢰할 수 있는 암 정보를 엄선하여 놓치지 않도록 도와드릴게요!

● 정보는 힘, 주제별 암 정보
인터넷에 믿기 어려운 암 정보를 루닛케어가 싹 걸러 드립니다! 의료진이 검증한 주제별 암 정보를 쉽게 탐색할 수 있습니다. 위암, 갑상선암, 대장암, 폐암, 유방암에 대한 이해를 높이고, 식단, 운동, 비용, 부작용 관리 등 생활 속 변화를 도와줄 생활백서로 건강과 일상을 관리해 보세요. 

● 궁금증 해결의 시작, 의료팀 상담
진료 시간이 짧아 진료 후에도 궁금증이 남으셨나요? 루닛케어에서는 질문하면 신속하고 전문적인 답변을 받을 수 있습니다.  암 식단, 암 운동, 지원, 사회 복귀 등 일상 생활 속 질문부터 치료 방법, 검사결과 해석 등 의학적인 내용까지 궁금증을 직접 암 전문 의료진에게 문의해 보세요.

● 검증된 암 병원을 한 눈에. 병원찾기
여러분의 건강은 최고의 손길을 필요로 합니다. 루닛케어에서는 건강보험심사평가원으로부터 암 진료 과정 1등급을 받은 병원을 한 곳에 모아 볼 수 있습니다. 암 진료가 필요한 순간, 어디서든 최상의 치료를 받을 수 있는 병원을 찾는 일은 이제 어렵지 않습니다. 각 병원의 전문성과 우수성을 한눈에 확인하고, 신뢰할 수 있는 의료 서비스로 건강을 관리해 보세요.

● 암 회복에 속도를 더하다. 루닛케어플러스
 자신의 건강 관리를 병원 밖에서도 암 전문 의료인과 함께 체계적으로 관리해 보세요. 필요한 정보를 확인하고, 시기에 맞게 관리할 수 있도록 지원해 드립니다. 
 암 치료 후 하루만에 뒤바뀐 식단, 운동, 지원, 사회 복귀 방법부터 이제 배워나가기 시작해 어려운 의학적 정보(치료 방법, 검사결과 해석 등) 까지 10년 이상의 암 전문 상담 경력을 가진 의료진과 함께 관리해 보세요. 개인화된 관리 계획으로 더욱 건강하고 안정된 생활을 찾을 수 있습니다.

[선택 접근권한 안내]
· 알림: 중요 공지사항, 의료팀 상담 알림을 받으실 수 있습니다.
※ 선택 접근권한에 동의하지 않아도 서비스 이용이 가능합니다.

앱 사용 중에 궁금하신 점 또는 문제가 발생한 경우,
마이케어 > 고객센터 메뉴를 이용해 문의해주시기 바랍니다.
----
개발자 연락처 : 070-7575-3105, care.support@lunit.care

[주의사항] 루닛케어에서 제공하는 정보는 진료를 대신할 수 없고, 주치의의 조언을 대체하지 않으며, 법적으로 활용할 수 없습니다. 제공되는 모든 콘텐츠는 내용 전부 또는 일부를 사용하려면 반드시 출처를 명기해야 합니다.
더 정확한 개인별 진단을 위해서는 전문가와의 상담을 권장합니다.
----
개발자 연락처 :
(주)루닛케어 강남구 강남대로 364, 13층 1310호 (역삼동,미왕빌딩)
강남구, 서울특별시 06241
South Korea 861-86-02504 2025-서울강남-02698 루닛케어",건강/운동,https://play.google.com/store/apps/details?id=care.lunit.LunitCARE&hl=ko&gl=kr,,,,,,
android,kr,kr.co.imok.giljabi,암지원 길잡이 - 암환자 지원금·혜택 찾기,"암 진단을 받으면 치료만으로도 벅찬데, 어떤 지원을 받을 수 있는지 알아보는 일까지 떠안게 됩니다. 국가·지자체·민간에 흩어져 있는 지원사업을 한곳에 모아, 지금 나에게 해당되는 것만 찾아드립니다.

■ 5가지 질문, 약 1분
암종·치료 단계·나이·지역·소득만 알려주시면 조건에 맞는 지원사업을 골라드려요. 모르는 항목은 ""잘 모르겠어요""를 눌러도 됩니다.

■ 무엇을, 어떻게 신청하는지까지
지원 내용과 자격 조건, 신청 방법, 문의 전화번호를 사업마다 정리했습니다. 전화번호는 눌러서 바로 걸 수 있어요.

■ 신청 후에도 계속 관리
""알아보는 중 → 상담 받음 → 신청함 → 지원받는 중""으로 진행 상황을 표시하고, 메모를 남겨 둘 수 있습니다. 함께 받을 수 없는 지원이 있으면 미리 알려드려요.

■ 인터넷 없이도
지원사업 정보가 앱 안에 들어 있어 병원에서, 이동 중에도 데이터 연결 없이 찾아볼 수 있습니다.

■ 궁금한 점은 상담으로
인터넷이 연결되면 앱 안에서 물어보실 수 있고, 전화 상담 안내도 함께 드립니다.

■ 큰 글씨, 큰 버튼
어르신도 편하게 쓰실 수 있도록 글자와 버튼을 크게 만들었습니다.

────────
이 앱은 정보 제공을 목적으로 하며, 지원사업 신청을 접수하거나 대행하지 않습니다.
실제 지원 자격과 금액은 사업마다 다를 수 있으니, 최종 자격은 각 사업의 신청 기관에 반드시 확인해 주세요.
의학적 조언을 제공하지 않으며, 치료에 관한 판단은 담당 의료진과 상의해 주세요.

주식회사 디앤라이프 · 암오케이(I'MOK)",의료,https://play.google.com/store/apps/details?id=kr.co.imok.giljabi&hl=ko&gl=kr,,,,,,
android,kr,com.amalji.amalji,암알지,"투병중인 암과 치료단계를 선택하고,

암에 대해 알아보세요

항암을 위한 나만의 챌린지를 작성하고 관찰하세요!

항암 식단을 사람들과 공유하세요!

저희 서비스는 암의 각 치료여정에 대한 정보를 모아서 제공합니다.
또한 암 환자들이 서로 커뮤니케이션을 할 수 있는 공간을 제공합니다.

저희 서비스에서 제공하는 영상, 글, 퀴즈 등의 모든 콘텐츠는 나으람의원의 문창식 원장님의 고유 지적재산입니다.
나으람의원 홈페이지: https://www.xn--910bx5kh6n.com/
----
개발자 연락처 :
임지훈 마곡중앙6로 10
617호
강서구, 서울특별시 07801
South Korea 102-13-52954 2023-서울양천-1194 본인 직접 신청",의료,https://play.google.com/store/apps/details?id=com.amalji.amalji&hl=ko&gl=kr,,,,,,
android,kr,u2bio.mobile.hospital.hhyeongam,영암내과 - HealthWallet,"안녕하세요, 영암내과의 모바일 앱 입니다.
건강검진 전부터 마지막까지 에스코트하는 친절한 앱!
모바일로 검진 결과까지 확인하고 기록들을 관리할 수 있는 영암내과의 앱!

영암내과 모바일 앱에서는 아래와 같은 서비스를 제공합니다.

■ 병원 정보 확인
병원의 기본 정보들을 확인하고 병원의 공지사항을 통해 병원 상황을 파악하여 병원 이용에 도움이 될 수 있습니다.


■ 건강검진의 모든 과정을 에스코트 받으세요!
- 검진 전 안내: 예약한 검진일은 물론, 검진 전 유의사항도 앱으로 확인할 수 있습니다. 검진일 하루 전에 알림을 드리니 안심하세요~
- 검진 상황 안내: 앞으로 남은 검사는 무엇인지, 내 앞에 몇 명이나 기다리고 있는지 검사실 상황을 확인할 수 있어요.
- 검사실 입장 알림: 첫 번째 대기순서일 때 알림을 드려요. 다른 곳에서 편하게 기다리다가 알림을 받으면 검사실 앞으로 오시면 됩니다.


■ 검사결과, 빠르고 간편하게 앱으로 확인하세요!
병원에서 받은 검사결과와 건강검진 결과 리포트가 휴대폰으로 쏙쏙 들어와서 쉽고 빠르게, 언제 어디서나 검사결과를 확인할 수 있습니다.


■ 내가 가진 질환에 필요한 검사 결과만 건강수첩으로 모아 보세요!
- 간 질환(B형 간염)을 위한 간염수첩
- 신장 질환을 위한 신장수첩
- 당뇨병 환자들의 자가관리를 도와주는 당뇨수첩
- 고혈압 환자들의 자가관리를 도와주는 혈압수첩
- 직접 검사항목을 구성하는 나의수첩으로 내 몸의 변화를 파악할 수 있습니다.


■ 방문기록, 앱으로 관리하세요!
병원에서 검사결과를 받으면 방문기록이 자동으로 만들어져요. 자세한 진료 내용도 작성해서 언제, 왜 의료기관을 방문했는지 관리하고 기억하기 편리합니다.


■ 검진 전 미리 전자문진을 작성하세요.
검진 전에 간편하게 전자문진으로 문진을 작성해보세요. 언제 어디서든 휴대폰으로 문진을 작성할 수 있어 검진 시간을 절약할 수 있습니다.


■ 가족 계정을 등록하여 가족의 건강을 관리해보세요.
노부모님이나 어린 자녀를 가족 계정으로 등록하여 가족의 검사 결과를 받아보고 가족의 건강 관리를 도울 수 있습니다.




■ 접근권한 안내
※ 선택 접근권한 상세
- 카메라 : 사진 첨부 기능 또는 QR코드 스캔 기능 이용을 위해 필요한 권한
- 저장공간 : 이용과정에서 기기에 파일을 업로드/다운로드를 위해 필요한 권한
- 전화 : 병원에 전화걸기를 위해 필요한 권한
- 위치 : 건강수첩의 측정기기 연동 시 블루투스 이용을 위해 필요한 권한

※ 선택 권한을 동의하지 않아도 해당 기능 외 앱 이용이 가능합니다.


■ 서비스 문의

앱 내의 '서비스 문의'를 통해 문의사항을 보내주시면 문의사항에 대한 안내 및 처리를 도와드리겠습니다.
앱 내의 '서비스 문의'는 병원이 아닌 어플 개발자에게 전달되므로 병원 문의는 병원으로 직접 문의해주시길 바랍니다.


그 외 문의 방법:
(주)유투바이오 홈페이지 : www.u2bio.co.kr
Email 주소 : healthwallet@u2bio.com",의료,https://play.google.com/store/apps/details?id=u2bio.mobile.hospital.hhyeongam&hl=ko&gl=kr,,,,,,
android,kr,com.aaihc.amhaengeosa,암행어사 – 나의 건강 유형은?,"#암행어사, #건강유형, #암예방, #건강관리, #건강검진, #병원약국

암행어사는 암 예방 건강 관리 서비스로 국내 암 역학, 암 관리 및 정책 분야 최고의 전문가들이 기술한 국내 유일의 “암 역학 교과서”를 토대로 개발되었습니다.
 
▣ 건강 유형 서비스
- 16개의 건강 유형을 통해 현재 나의 건강 상태를 확인할 수 있어요.
- 내 건강 유형에 맞는 캐릭터와 함께 건강관리를 시작해 보세요.
 
▣ 암 예방 정보 서비스
- 분석된 건강 상태를 통해 암 예방을 위한 정보를 확인할 수 있어요.
 
▣ 건강 검진 결과 모아보기
- 최근 10년간 국민건강보험공단에 기록된 건강검진 결과를 확인할 수 있어요.
 
▣병원 및 약국 기록 모아보기
- 최근 1년간 국민건강보험공단에 기록된 병원 및 약국 기록을 확인할 수 있어요.
 
▣ 건강 상태 심층 분석
- 암 예방 심층 분석 보고서를 통해 나의 건강 상태를 정밀하게 확인할 수 있어요.
 
※ 본 앱의 서비스는 의사로부터 얻는 정보, 진단, 치료를 대신할 수 없습니다. 직접 병원을 방문하여 정확한 진료와 자세한 상담을 받아보시기 바랍니다.
----
개발자 연락처 :
(주)에이에이아이헬스케어 대한민국 서울특별시 강남구
강남구 삼성로 531 2-3층 (삼성동,고운빌딩)
06156 1208804725 2017-서울강남-01253 더존비즈온",의료,https://play.google.com/store/apps/details?id=com.aaihc.amhaengeosa&hl=ko&gl=kr,,,,,,
android,kr,xyz.rtrvr.pillo,"약매니저: 복약알리미, 복약관리, 복약기록, 영양제","약 챙기는 일을 자주 미루거나 깜빡한다면 Pillo가 복용 시간부터 기록, 재고, 건강 상태까지 한곳에서 관리하도록 도와드려요.

기본 복약 알림과 복약 기록은 등록 가능한 약 개수 제한 없이 무료로 사용할 수 있습니다. 광고 제거 및 일부 부가 기능은 선택형 유료 상품으로 제공될 수 있습니다.

<b>응답할 때까지 확인하는 복약 알림</b>
- 복용, 건너뛰기, 미루기 중 하나를 선택할 때까지 확인하는 알림
- 시간, 장소, 식사 이후로 알림 미루기
- 약마다 알람음과 진동 설정
- 휴대전화 재시작 후에도 복약 알림 유지

<b>복약 기록과 재고 관리</b>
- 복용, 미복용, 지연 복용을 간편하게 기록
- 날짜별 복약 기록과 복약 습관 확인
- 남은 약 개수와 재구매 시점 관리
- 약 이름, 복용량, 메모를 한곳에서 관리

<b>복잡한 복약 일정 지원</b>
- 매일, 특정 요일, 사용자 지정 간격
- 하루 여러 번 복용
- 필요시 복용하는 약
- 복용량을 점차 늘리거나 줄이는 일정
- 처방약, 피임약, 비타민과 영양제 알림

<b>가족과 보호자 복약 관리</b>
보호자를 연결하면 복약을 놓쳤을 때 알림을 받을 수 있습니다. 부모님이나 가족의 복약 일정도 함께 관리할 수 있어요.

<b>약물 안전 정보</b>
- 약물 간 상호작용
- 음식 및 영양제와의 상호작용
- 알레르기 및 부작용 정보
- 복용 간격과 식사 여부 확인

<b>건강 기록</b>
복약 일정과 함께 혈압, 혈당, 체중, 수분 섭취, 기분, 체온, 산소포화도와 건강 메모를 기록할 수 있습니다.

<b>개인정보 보호</b>
건강 정보는 개인정보 보호를 고려해 관리됩니다. 백업과 동기화 기능을 이용해 기록을 안전하게 보관할 수 있습니다.

Pillo는 복약 습관과 건강 기록을 돕는 도구이며, 의료 진단이나 전문적인 의료 조언을 대신하지 않습니다. 약에 관한 결정은 의료 전문가와 상담해 주세요.

문의 및 의견: support@pillo.care
----
개발자 연락처 :
주식회사 피트크루 대한민국 서울특별시 성동구
성동구 뚝섬로13길 38, 7층 706호 (성수동2가, 상상플래닛)
04785 4788801971 2024-서울성동-2002 성동구청",의료,https://play.google.com/store/apps/details?id=xyz.rtrvr.pillo&hl=ko&gl=kr,,,,,,
android,kr,com.connectcare.onesglobal,커넥트케어 - 복약관리 약알림 약정보 약사상담,"이제 맘 놓고 약 먹자!
커넥트케어가 챙겨드릴게요.

📒 <font color=""#6C60EB""><b>쉽게 하는 약 관리, 약물노트</b></font>
- 앱에 약을 기록하고 관리해요.
- 병원에서 받는 처방전을 찍어 간편하게 보관해요.
- 나의 약 정보를 한눈에 모아봐요.

🩹 <font color=""#6C60EB""><b>약 부작용은 이제 그만</b></font>
- 약 먹고 나타난 증상을 그냥 지나치지 마세요.
- 경험한 부작용을 앱에 기록하고 다음 처방을 위해 관리할 수 있어요.
- 증상별로 의사와 상담 시 활용하면 유용해요.

💊 <font color=""#6C60EB""><b>7만 개의 약 정보 탐색</b></font>
- 증상별, 성분별로 약을 검색할 수 있어요.
- 약 효능과 주의사항까지 제공해요.

🔔 <font color=""#6C60EB""><b>정확한 알림을 경험하세요</b></font>
- 잊지 않도록 복용 중인 약을 등록해보세요.
- 복약알림 설정하면 복약순응도를 함께 높일 수 있어요.

🩺 <font color=""#6C60EB""><b>궁금한 것을 물어봐요</b></font>
- 궁금한 약 정보를 친절한 약사에게 질문해요.
- 익명으로 질문하고 다른 상담 내용도 볼 수 있어요.
- 주간/야간 전문 약사에게 질문할 수 있어요.

💪🏻 <font color=""#6C60EB""><b>부작용, 병력부터 알러지까지</b></font>
- 나의 건강정보를 토대로 약 주의사항을 확인해요.
- 성분 정보를 자세히 몰라도 주의 약물을 알 수 있어요.

👨‍👩‍👧‍👦 <font color=""#6C60EB""><b>우리 가족 건강까지</b></font>
- 아픈 우리 가족을 앱 하나로 케어해요.
- 가족이 먹는 약과 부작용을 직접 관리해보세요.

🏪 <font color=""#6C60EB""><b>갑자기 약이 필요할 때는? 상비약 찾기</b></font>
- 늦은 밤, 공휴일에 약이 필요하다면? 내 주변 상비약을 지도로 확인해요.
- 상비약을 판매하는 편의점과 심야약국을 찾아볼 수 있어요.

이 외에도 건강에 도움되는 정보를 카드뉴스와 영상으로 만나보세요!


※ 커넥트케어는 꼭 필요한 권한만 요청하며, 다음 권한은 해당 기능 이용시에만 선택적으로 요청합니다. 커넥트케어를 원활하게 사용하시기 위한 목적 이외에 다른 용도로는 절대 사용되지 않습니다.

[선택 접근 권한]
- 카메라 : 처방전 촬영 및 의약품 바코드 검색에 필요해요.
- 사진 : 처방전 이미지 업로드에 필요해요.
- 알림 : 약 복용알림과 처방전 등록 안내 전송에 필요해요.
- 위치정보 : 주변 상비약 판매 편의점 및 심야약국 조회에 필요해요.
* 선택 접근 권한을 동의하지 않으셔도 서비스 이용이 가능하며, 해당 권한은 필요한 시점에 동의를 받고 있어요.

[문의사항]
문의사항 및 제안사항은 언제든지 편하게 남겨 주세요!
① 커넥트케어 App으로 문의하기 : 약꿍톡
② 커넥트케어 메일로 문의하기 : contact@onesglobal.com

[기타 소통창구]
- 회사 홈페이지 : https://www.onesglobal.com
- 회사 연락처: 02-3275-1250
----
개발자 연락처 :
(주)원스글로벌 대한민국 26450 강원도 원주시
서원대로 507, 501호-33 (단구동,신세기타워) 7428601250 1745308441702981 1745308441702981",건강/운동,https://play.google.com/store/apps/details?id=com.connectcare.onesglobal&hl=ko&gl=kr,,,,,,
android,kr,com.devsoldiers.calendar.pills.limit,Dr. Pills: 복약관리앱 및 복약알리미,"닥터필스는 약, 영양제, 비타민 또는 펩타이드를 제시간에 복용할 수 있도록 도와주는 스마트하고 간편한 복약알리미입니다. 이 복약관리앱을 사용하면 원하는 약복용 일정을 설정하고 복용 중인 모든 약 목록을 하나의 앱에서 무료로 관리할 수 있습니다.

이 약 복용 체크을 사용하면 휴식 시간을 포함하거나 특정 요일에 복용하는 등 원하는 약복용 일정을 설정할 수 있습니다. 또한 이 복약 알람을 사용하면 약 복용량이나 식전 또는 식후 복용 시간 등 유용한 정보를 포함하여 각 약 복용 알림을 맞춤 설정할 수 있습니다. 이 복약 알림은 약을 복용할 때까지 복용 시간을 알려주기도 합니다. 이 복약관리앱은 완전히 오프라인으로 작동하므로, 약복용 알람을 제때 받기 위해 인터넷 연결이 필요하지 않습니다.

이 약 알리미을 사용하면 의약품과 보충제, 비타민 및 펩타이드를 모두 관리할 수 있습니다. 이렇게 하면 모든 처방전과 복용 일정을 한 곳에 보관하고 이 약복용알림을 약 재처방 알림, 처방전 정리, 개인 복용 일기, 가족 복용 기록, GLP-1 추적, 펩타이드 계산기 또는 반려동물 복용 알림으로 사용할 수 있습니다. 복용하는 약이 무엇이든, 그리고 추적하고 싶은 약이 무엇이든, 모든 치료 과정을 잘 정리하고 복용하는 약 목록을 손쉽게 확인하세요.

이 약복용기록을 사용하면 약 복용 시간을 절대 놓치지 않을 거예요. 이 복약알리미은 항상 올바른 약을 올바른 용량으로 올바른 시간에 복용하는 데 도움을 줄 것입니다. 이 앱을 사용하면 예약된 시간에 알림을 받고, 제 시간에 약을 복용하고, 의료 기록을 관리할 수 있습니다.",의료,https://play.google.com/store/apps/details?id=com.devsoldiers.calendar.pills.limit&hl=ko&gl=kr,,,,,,
android,kr,com.insu.meditrack,약기록: 복약 관리와 영양제 알림,"약기록은 매일 챙겨야 하는 정기 처방약과 영양제를 잊지 않도록 도와주는 간편한 복약 관리 앱입니다. 복잡한 설정 없이도 복약 시간 알림과 기록 기능을 통해 일상 속 건강한 습관을 만들어 나갈 수 있습니다.

바쁜 일상 속에서 매일 약을 챙기는 일은 생각보다 쉽지 않습니다. 약기록은 직관적인 인터페이스를 통해 오늘 복용해야 할 약을 확인하고, 완료 여부를 체크하며 건강한 복약 루틴을 유지하도록 돕습니다. 회원가입 절차 없이 앱을 설치하자마자 바로 사용할 수 있어 누구나 편리하게 시작할 수 있습니다.

주요 기능 및 특징:
- 약 이름과 복용 시간 등록: 복잡한 설정 없이 간편하게 복용 일정을 관리합니다.
- 스마트 알림: 정해진 시간에 복약 알림을 받아 놓치는 일을 방지합니다.
- 복용 완료 및 건너뜀 기록: 복용 상태를 실시간으로 체크하여 하루 관리 현황을 확인합니다.
- 홈 화면 위젯 지원: 앱을 실행하지 않아도 홈 화면에서 바로 복약 상태 확인과 기록이 가능합니다.
- 하루 다회 복용 관리: 아침, 점심, 저녁 등 하루 여러 번 복용하는 일정도 상세히 기록할 수 있습니다.

이런 분들께 추천합니다:
----
개발자 연락처 :
장인수 부림로 80
608동 1803호
동안구, 안양시, 경기도 14069
South Korea 없음 없음 없음",의료,https://play.google.com/store/apps/details?id=com.insu.meditrack&hl=ko&gl=kr,,,,,,
android,kr,com.jinsuk.pillcare,"약알림 - 복약 관리, 가족 약 챙기기","약알림은 부모님과 가족의 약 복용을 챙기는 보호자를 위한 복약 관리 앱입니다. 인터넷 연결 없이 완전히 오프라인으로 동작하고, 모든 정보는 휴대폰 안에만 저장되어 안심하고 사용할 수 있습니다.

■ 이런 분께 추천해요
• 부모님이 약을 제때 드시는지 걱정되는 자녀
• 여러 가족의 약을 한 번에 관리해야 하는 보호자
• 혈압약, 당뇨약처럼 매일 정해진 시간에 먹는 약이 많은 분
• 약을 먹었는지 자꾸 잊어버리는 분

■ 주요 기능
• 가족별 약 관리: 가족 구성원을 등록하고 사람별로 약을 따로 관리
• 복약 알림: 아침, 점심, 저녁 등 원하는 시간에 정확한 복용 알림
• 오늘의 복약 체크: 오늘 먹어야 할 약을 한 화면에서 확인하고 복용 완료 체크
• 약 사진 등록: 카메라 촬영 또는 갤러리 선택으로 어떤 약인지 한눈에 확인
• 복약 기록 달력: 달력에서 날짜별 복용 기록을 한눈에 확인
• 보기 편한 화면: 어르신도 쓰기 쉬운 단순하고 큰 화면 구성

■ 개인정보 걱정 없는 완전 오프라인
• 인터넷 권한 자체가 없는 앱입니다
• 회원가입과 로그인이 없습니다
• 모든 데이터(가족, 약, 사진, 기록)는 휴대폰에만 저장됩니다
• 광고가 없습니다

■ 사용 권한
• 알림, 정확한 알람: 복약 시간에 알림을 울리기 위해서만 사용
• 카메라: 약 사진을 촬영할 때만 사용

■ 안내
이 앱은 복약을 돕는 보조 도구이며 의학적 조언을 제공하지 않습니다. 약 복용은 반드시 의사와 약사의 지시를 따라 주세요.

문의: jinsuk_n@naver.com",도구,https://play.google.com/store/apps/details?id=com.jinsuk.pillcare&hl=ko&gl=kr,,,,,,
android,kr,com.seodrabyak.app,"서랍약 - 복약 알림, 영양제 보충제 루틴 체크","""오늘 약 먹었나?"" 고민은 이제 끝! 
서랍약은 복잡한 기능 없이 '복약 체크'와 '영양제 알림'에만 집중한 심플하고 직관적인 달력 앱입니다. 
불편감을 유발하는 광고 없이 평생 무료로, 부모님의 처방약부터 바쁜 직장인의 비타민 챙기기까지 나의 소중한 건강 루틴을 기록하세요.

📅 달력으로 한눈에 보는 나의 복약 관리
월간·주간·일간 달력을 통해 나의 약 복용 현황을 직관적으로 확인하세요.
""오늘 먹었나?"" 고민할 필요 없이 앱을 켜는 순간 달력에 남겨진 기록이 답을 줍니다.

💊 처방약, 비타민, 피임약까지 어떤 루틴이든 유연하게
- 종류 불문: 매일 챙겨야 하는 비타민, 오메가3, 단백질 보충제는 물론, 잊기 쉬운 피임약이나 병원 처방약까지 최대 5종의 알약을 등록할 수 있습니다.
- 간편 묶음: 같은 시간대에 먹는 약들은 하나로 묶어 터치 한 번으로 복용 체크를 끝내세요.
- 전문적 대응: 3시간 간격의 안약 점안이나 특정 주기가 필요한 헬스 영양제 루틴도 슬롯을 나누어 스마트하게 관리합니다.

🔔 나를 깨우는 확실한 약 알람
설정한 시간에 맞춰 절대 약 먹는 것을 잊지 않도록 알람을 보냅니다.
물론, 알람 없이 조용히 일일 복용 기록만 남기고 싶은 분들도 자유롭게 알림을 끄고 이용 가능합니다.

🎁 매일 출석하면 유료 기능이 공짜! '포인트 샵' (서랍약만의 독보적 혜택)
단순히 알람만 울리고 끝나는 딱딱한 앱이 아닙니다. 
하루에 한 번, 앱에 들어와 '출석 체크'를 할 때마다 서랍약만의 특별한 포인트가 차곡차곡 쌓입니다!
모인 포인트로는 서랍약의 '유료(프리미엄) 기능'들을 완전 무료로 잠금 해제(구매)할 수 있습니다.
내 건강을 위해 매일 출석했을 뿐인데, 결제 없이도 프리미엄 앱으로 진화하는 엄청난 혜택을 누려보세요.

📊 데이터로 보는 건강한 습관 형성
월별 복용률 통계를 통해 내가 얼마나 영양제 루틴을 잘 지켰는지 확인해 보세요.
꾸준한 복약 습관이 더 건강한 내일을 만듭니다.

⚙️ 남녀노소 누구나 쓰기 편안한 미니멀 디자인
라이트·다크 모드 지원으로 눈의 피로를 줄였습니다.
시력이 안 좋으신 어르신이나 부모님의 약 관리를 위해 직관적인 화면과 글씨 크기를 지원합니다.
----
개발자 연락처 :
권용준 덕산읍 연미로 87
천년나무 4단지, 407동 2002호
진천군, 충청북도 27876
South Korea   ",라이프스타일,https://play.google.com/store/apps/details?id=com.seodrabyak.app&hl=ko&gl=kr,,,,,,
android,kr,com.medisafe.android.client,"알약 및 약물 알림, 건강 추적기 - Medisafe","최고 등급의 약 복용 시간 알리미. 약 복용 시간을 추적해야 하는 분들에게 필요한 앱입니다 !

Medisafe는 시각적으로 보기 좋고 사용하기 쉬운, 약 복용 시간 알림 및 약 관리 앱입니다. 이 앱은 제 시간에 안전하게 약을 복용할 수 있도록 도와 드립니다. 이 앱을 이용해 가족들의 약 복용도 도와줄 수 있습니다.

---> Medisafe를 다운로드하여 즉시 약 관리를 시작하세요 !

약을 한 가지 복용하든 여러 가지 복용하든, 시간 맞춰 약을 복용할 수 있도록 기억하기가 얼마나 어려운지 아실 겁니다. 부모나 어린이 또는 환자를 돌보는 분이라면, 자신이 사랑하는 사람이 제 시간에 약을 복용했는지 확실히 알 수 없을 때 얼마나 스트레스를 받게 되는지 아실 겁니다.
Medisafe가 이에 대한 솔루션을 드립니다. 무료인데다 간단합니다!

Medisafe가 약 복용 시간을 상기시켜 드릴 것입니다. 수동으로 앱을 업데이트할 수도 있습니다. 체크인 하지 않으면 당신의 Med-Friend (가족이나 돌보는 사람)에게 통지가 가므로, 그들이 필요한 경우에만 당신에게 상기시켜 드릴 수 있습니다. 

---> Medisafe를 다운로드하여 다시는 약 복용을 잊지 않도록 하세요!

무료 기능들:
• 시각적이고 아주 다루기 쉽습니다
• 디바이스가 대기 모드일때도 제 시간을 알려줍니다
• Medisafe를 하루 일과에 쾌적하게 추가할 수 있도록 알리미의 사운드를 선택하세요
• HD 디스플레이에서 돋보이는 고급 그래픽
• ""오늘 복용해야 할"" 약들의 목록을 보고 그것들을 표시해 두세요
• Rx 리필은 약통을 다시 채워 넣어야 할 시기를 알려 드립니다
• PRN (주문) 약품 목록을 작성하세요
• 경과 보고서를 확인하고 그것을 Excel 파일로 의사에게 보내 주세요

등록 후 사용할 수 있는 추가 무료 기능들:
• Medisafe 클라우드 서버 (HIPAA 준수 서버)에 자동 백업 및 복원.
---> Medisafe를 다운로드 하여, 이제 가족의 약 복용에 대해 더 이상 걱정하지 마세요 !

Medisafe 는 당뇨병, 심장 질환 및 암 치료 등 여러가지 복잡한 건강 상태를 위한 약물 관리에 잘 적용할 수 있는 앱이지만, 여성들이 피임약 복용 시기를 상기하는데도 아주 편리하게 이용할 수 있습니다. 
최고의 약 복용시간 알리미 - Medisafe로 스트레스를 줄이고 건강을 증진하세요 !

저희가 왜 이러한 허가들을 받아야 하냐구요?
Medisafe는 가족을 위한 약 복용 알리미입니다 . 가족 중 누군가가 약 복용하는 것을 깜빡 잊으면, Medisafe가 당신에게 푸시 알림을 보내 개입하도록 합니다. ""계정 찾기"" 허가는 푸시 알림 시스템이 올바로 작용하도록 하기 위해 필요한 것입니다. 
이 앱은 텍스트 (SMS), 전화 또는 이메일 보내기 기능을 제공합니다. 그래서 전화나 텍스트 허가가 필요한 것입니다.
med-friend (대개 가족)이 필요하실 경우, 저희는 당신의 연락처 목록에서 그의 연락처를 선택할 수 있도록 해드립니다. 그래서 연락처 목록 허가가 필요한 것입니다. 
이 모든 것들이 무료라면, 저희가 어떻게 비즈니스를 하느냐구요?
저희는 제약 회사, 약국, 병원 그리고 의료서비스 제공업체에 이 앱의 버전들을 유료로 판매했습니다. 

문제에 맞닥뜨렸거나 설치할 수가 없다구요? support@medisafeproject.com으로 이메일을 보내 주십시오
저희는 제공해 주시는 어떠한 제안이나 아이디어도 감사히 접수하겠습니다.

<b>Android Wear Smartwatches:</b> LG G, Moto 360 (1st/2nd gen.), Moto 360 Sport, Samsung Gear Live, Huawei Watch, ASUS ZenWatch 2


감사합니다
Medisafe Team",건강/운동,https://play.google.com/store/apps/details?id=com.medisafe.android.client&hl=ko&gl=kr,,,,,,
android,kr,kr.co.openit.healthup2,"헬스업 - 복약알림,처방전 AI분석,건강검진,영유아검진","나와 돌봄 대상자(부모, 자녀)의 건강 관리
처방약 AI 분석, 건강검진 기록, 복약 알림, 영유아 검진 등
만보계부터 혈압, 혈당 등 체계적 기록 관리

[주요 기능]
- 부모, 배우자, 자녀, 대리인까지 돌봄 대상자 건강 관리
- 영유아 검진, 영유아 발달체크로 우리 아이 성장 기록
- 처방 기록 AI 분석 무료
- 10년 치 건강검진 및 건강문진 기록 관리
- 약 먹는 시간을 놓치지 않도록, 복약 알림
- 만보계, 혈압, 혈당, 체중, 체성분, 운동, 수면, 심박수까지 차트로 기록 관리

[필수 권한]
- 위치 : 블루투스를 통한 체중계, 혈압계, 혈당계를 찾기 위해 사용합니다.
- 블루투스 : 블루투스를 통한 체중계, 혈압계, 혈당계를 연결하기 위해 사용합니다.

[선택 권한]
- 저장 공간 : 사용자 정보의 파일 처리를 위해 저장소 접근이 필요

※ 헬스업 앱이 연동하는 혈압계는 Bluetooth 4.0 통신 규격으로 개발되어 모든 기기와 연동 가능하고, 앱 내 표기된 케어센스 N Premier 혈당계는 의료기기 인증을 받았으며, 인바디 혈압계는 KFDA, FDA, CE 인증을, AND 혈압계는 FDA 인증서를 받아 대한민국 국가에서 사용 가능합니다.
※ 사용하시면서 개선사항을 help@openit.co.kr 보내주시면 귀담아듣고 검토하도록 하겠습니다.
※ 더욱더 좋은 서비스 되도록 노력하겠습니다.

=============
이 앱은 개인과 돌봄 대상자(자녀, 부모님, 배우자, 대리인)의 건강관리를 돕기 위해 개발되었습니다.
의료 목적의 진단이나 치료를 위해서는 반드시 의사와 상담하세요.
=============
----
개발자 연락처 :
(주)오픈잇 대한민국 26493 강원도 원주시
흥업면 북원로 1397 산학관 512호 (매지리,연세대학교미래캠퍼스) 2148811195 2010-서울성동-0505 성동구청",건강/운동,https://play.google.com/store/apps/details?id=kr.co.openit.healthup2&hl=ko&gl=kr,,,,,,
android,kr,com.pillreminder.app,복약 알림 관리,"복약 알림은 당신을 안전하고 건강하게 유지하며 완벽한 일정을 지킬 수 있도록 도와줍니다. 완전한 기능을 갖춘 복약 관리 앱이 당신의 iPhone, iPad, Apple Watch를 복용량을 절대 잊지 않는 친절한 간호사로 바꿔줍니다. 스마트 알림, 재조제 예측, 원터치 기록으로 복약 알림은 추측을 없애고 걱정 대신 삶에 집중할 수 있게 해줍니다.

🚀 즉시 설정
몇 초 만에 모든 약물을 추가하세요: 정제, 주사, 방울약, 비타민까지. 복약 알림이 자동으로 아이콘, 용량, 복용법을 제안하여 정확한 일정을 구성합니다. 4시간마다 복용하는 항생제, 주 1회 메토트렉세이트, 21일 피임약 사이클 등 어떤 것이든 복약 관리 앱이 유연하게 처리합니다.

🔔 믿을 수 있는 알림
큰 소리, 무음, 진동만 가능한 복약 추적 알림

확인할 때까지 지속되는 복약 알림 배너

손을 사용하지 않는 알림을 위한 Apple Watch 햅틱 및 잠금화면 위젯

스마트 재일정은 놓친 복용량을 가장 안전한 다음 시간으로 이동시킵니다

견고한 복약 관리 엔진이 로컬에서 실행되므로 비행기 모드에서도 복약 알림이 절대 실패하지 않습니다.

📊 완전한 복용 기록
지난 화요일에 약을 놓쳤나요? 타임라인을 스크롤하여 모든 확인, 건너뛰기, 미루기를 확인하세요. 아름답게 형식화된 PDF 또는 CSV 보고서를 의사에게 직접 내보내세요. 복약 추적 데이터는 기기에 개인적으로 보관되며 동기화를 선택하면 iCloud에서 종단간 암호화됩니다. 자세한 복약 알림 기록을 유지하는 것이 당신과 의료진 사이의 신뢰를 구축하기 때문에 모든 탭이 중요합니다.

🛒 자동 재고 및 재조제
병을 추적하는 것은 복용량을 복용하는 것만큼 중요합니다. 복약 알림이 확인된 각 알약을 차감하고 3일만 남았을 때 경고하며 공유할 수 있는 약국 쇼핑 목록을 생성합니다. 복약 관리 앱이 자동으로 재조제 날짜를 계산하고 보험 적용 가능한 우편 주문 기회까지 찾아냅니다.

🧑‍⚕️ 모든 상황을 위한 설계
큰 글씨 복약 알림이 필요한 고령자

아이들의 기침 시럽과 알레르기 방울약을 관리하는 부모

보충제와 전해질을 모니터링하는 운동선수

당뇨병, 고혈압, HIV, 간질, ADHD, 이식 후 관리와 같은 만성 질환

어디서든 복약 알림과 동반 복약 관리 모듈이 함께 갑니다.

✨ 고급 추가 기능
• Siri 단축어—""약 먹을 시간""이라고 말해 즉시 기록
• 피곤한 눈을 위한 다크 모드 및 다이내믹 타입
• 색상 태그로 아침, 점심, 저녁, 취침 루틴 구분
• 캘린더 동기화로 각 복약 알림을 기존 일정에 추가
• 민감한 정보 보호를 위한 안전한 Face ID 잠금 및 은밀한 알림
• 추가 구독 없이 가족 구성원을 분리하는 다중 프로필
• 총체적인 복약 알림 경험을 위해 부작용, 기분, 혈압 수치를 기록하는 앱 내 메모 필드
• 약물 이름, 용량, NDC 코드를 자동으로 채우는 바코드 스캐너",건강/운동,https://play.google.com/store/apps/details?id=com.pillreminder.app&hl=ko&gl=kr,,,,,,
android,kr,com.artifyapp.mcare,약 알림 태양이 - 건강 습관을 만드는 알람,"안녕하세요! 당신의 건강을 지켜주는 친구 태양이에요! 🐾

✨ [NEW] 함께 관리하기 ✨
가족이나 친구를 초대해서 복약 알림을 함께 관리해요!
멀리 사는 부모님 약도 이제 간편하게 챙길 수 있어요.
""엄마 약 드셨어요?"" 매번 전화하지 않아도 돼요! 📱👨‍👩‍👧

[태양이 사용 방법]
🗓️ 알림 설정: 원하는 날짜와 시간에 맞춰 알림을 등록해주세요! 나만의 맞춤 일정으로 건강을 관리할 수 있어요!

💊 복약 시간에 ""멍멍"" 알람: 나의 귀여운 알람이 울리면, 약을 꾸준히 복용해줘요! ""먹었어요"" 버튼을 누르면 나만의 건강 일지가 자동으로 기록되어요!

📞 전화 알림: 복약 시간 정시에 보내진 푸쉬 메세지에 응답이 없으면, 태양이가 다시 전화 알림을 드려요! *진짜 전화는 아니니까 놀라지 말라구요!

[태양이가 추천하는 앱 사용자]
🤰 가임기부터 임신 16주까지: 엽산을 잊지 마세요! 아기와의 소중한 순간을 위해 매일매일 약을 꾸준히 챙기세요. 건강한 출산을 응원해요!

👩‍💼 모니터를 자주 보는 직장인: 눈 건강이 걱정이에요? 나와 함께 눈 건강을 지켜보자구! 3시간 마다 알람으로 눈에 휴식을 주는 습관을 들여봐요. 루테인도 잊지 말고 챙겨줘요! 👀

🩹 당뇨 치료 중: 당신을 위한 비타민B가 여기 있어요! 당뇨 환자라면 특히 비타민B가 필수라고해요! 태양이와 함께 건강한 라이프 스타일을 유지해보자구요!

👨‍👩‍👧 멀리 사는 부모님 돌봄: 부모님 약 챙기기 어려우셨죠? 함께 관리하기로 부모님 복약 상태를 실시간으로 확인하세요!

태양이와 함께 건강한 삶을 시작해봅시다! 🐾💊
----
개발자 연락처 :
(주)아티파이 대한민국 서울특별시 강남구
강남구 도곡로 404, 102동 18층 1801호(대치동, 롯데캐슬리베)
06278 7578700408 2019-서울서대문-0103 서울특별시 서대문구",의료,https://play.google.com/store/apps/details?id=com.artifyapp.mcare&hl=ko&gl=kr,,,,,,
android,kr,kr.co.hdmedi.iyac,"아이약 - 쉽고 편한 약 관리, 알림, 혈당 약사 관리","쉽고 편한 약관리 아이약 앱입니다. 
제 때 꼬박꼬박 약을 복용해야 빨리 나아요. 
이제 아이약이 챙겨드릴게요. 
약을 5개 이상 복용하는 경우 이상반응이 발생할 수 있대요. 
아이약이 약 안전성을 검토하고 안전하게 약 복용할 수 있게 도울게요. 
아이약 협력 약국에 당뇨환자로 등록하면
자가혈당기록을 약사님에게 공유하여 상담해서 건강개선할 수 있도록 해요. 
처방전, 약봉투 사진 촬영 한 번으로 
자동 약알람, 약기록, 문진표 완성까지 경험해 보세요. .  


[기능]

■ 복약지도 
병원에서 받은 처방전을 촬영해 우리동네 약국으로 전송해요.
내 위치 중심으로 가까운 우리동네 약국과 연결해 드릴게요. 
대기없이 조제된 약을 가져갈 수 있게 도울게요. 
약을 언제, 어떻게 복용해야 하는지 약사님의 설명을 아이약이 잘 전달할게요. 
아이약이 처방정보 확인해서 자동으로 약 알람과 약기록을 해드려요. 
약알람으로 제 때 꼬박꼬박 약을 잘 복용할 수 있게 도울게요. 
처방약 뿐만 아니라 내가 복용하는 타이레놀과 같은 모든 약이 같이 먹어도 되는지 등 안전성을 아이약이 알려드려요!

■ 처방전과 약봉투 업로드로 시작하는 쉽고 편한 약관리
약봉투나 처방전 사진을 업로드 해보세요. 
아이약이 정보를 인식해 정확한 복용 방법을 안내해 드려요. 
물론 약 검색으로 약 등록해서 약관리 할 수 있어요. 

■ 내가 먹는 모든 약 안전성 검토
약사님이 말씀해 주신 주의사항 다 기억하기 힘들죠. 
내 약 그리고 우리 가족 약 복용할 때 부작용이 있을까 불안하셨죠.
그래서 아이약이 의약품안전사용서비스(DUR)로 현재 복용 중인 모든 약이 함께 복용해도 문제 없는지, 성분이 동일해서 문제되진 않는지 알려드려요. 

■ 자동 약 알람 및 기록
처방전 전송하기, 처방전이나 약봉투 등록하기로 약 관리를 시작해 보세요. 
아이약이 정보를 분석해 복용기간 중인 경우에는 약알람을 설정하고 지금 먹는 약으로 기록해요. 
복용기간이 종료되면 약알람을 삭제하고 과거 먹은약으로 이동시켜요. 
복용달력을 보면 내가 약알람에 따라 약을 잘 복용했는지 기록할 수 있어요. 

■ 문진표 
정확한 진료를 받기 위해서는 내가 어떤 병을 앓았었는지, 최근 한달동안 어떤 약을 복용했었는지 의사에게 전달해야 해요. 
처방전 전송하기, 처방전이나 약봉투로 약을 등록하면 정보를 분석해 자동으로 문진표를 완성해 드려요. 
완성된 문진표로 보다 정확한 진료를 받아보세요. 

■ 약국 찾기
늦은 시간, 주말에 갑자기 아플 때 생각나는 약국 찾기 힘드셨죠?
아이약이 심야약국, 연중무휴 약국을 쉽고 편하게 찾아드릴게요. 

■ 우리 가족 관리하기
우리 가족이 아파서 약 복용하면 내가 아플 때 보다 더 많이 신경쓰이죠?
이제 아이약에서 우리 가족을 등록하고 가족별로 약관리를 시작해 보세요. 

쉽고 편한 약관리 아이약과 시작해 보세요!


[선택적 접근권한]

아이약은 서비스 제공을 위해 아래의 접근 권한을 요구해요.
위치 : 내 위치 중심으로 가까운 우리동네 약국을 알려드리기 위해 사용하고 있어요. 
카메라: 처방전 또는 약 봉투 이미지와 프로필 촬영하기 위해 사용하고 있어요.
사진: 사진첩에 저장되어 있는 이미지를 등록하기 위해 사용하고 있어요.
알림: 약 알람과 앱 관련한 안내를 제공하기 위해 사용하고 있어요.


[고객센터]

hdmedi@hdmedi.co.kr
서비스에 관하여 불편사항이나 제안사항이 있으면 고객센터로 언제든지 연락주세요. 검토 후 적극적으로 반영할게요.
고객센터는 평일(창립기념일 (8월 3일), 공휴일(임시공휴일포함) 등 제외) 오전 9시부터 오후 6시까지 운영해요.

- 홈페이지: https://www.hdmedi.co.kr
- 인스타그램: https://www.instagram.com/iyac_offical/
- 네이버 블로그: https://blog.naver.com/iyac_official",의료,https://play.google.com/store/apps/details?id=kr.co.hdmedi.iyac&hl=ko&gl=kr,,,,,,
android,kr,net.futasaji.medicine,귀여운 알약 알림 | 약물 추적기,"--------------------
▼ 특징
--------------------
1. 간단하고 쉬운
2. 회원 등록 없음
3. 약 복용 (사용) 여부 기록
4. 약 복용을 잊지 않도록 알람 기능
5. 자신뿐만 아니라 가족도 관리 할 수 있습니다.

--------------------
▼ 다음 분에게 추천
--------------------
-복용하는 약을 추적하는 것을 잊으십시오.
-손으로 쓴 약 메모를 항상 가지고 다니고 싶습니다.
-제가 복용 한 약을 추적하고 싶습니다.
-약을 복용 할 때 누군가가 기억하기를 원합니다.
-가족의 약을 한곳에서 관리하고 싶습니다.

--------------------
▼ 기능 설명
--------------------
■ 약 등록
자주 사용하는 약물을 약물 목록에 추가하십시오.
매번 약물 이름을 추가 할 필요가 없습니다.
처방전에 약 일수를 기록하기 만하면 미리 알람 기간을 설정할 수 있습니다!

■ 복용 한 (사용한) 약을 기록하십시오.
기록 기호를 누르고 약을 선택하기 만하면 복용 (사용) 한 약의 기록을 유지할 수 있습니다.
적어 두는 것을 잊었다면 적을 시간을 선택할 수 있습니다.
목록에서 약물을 총체적으로 추적 할 수 있습니다.


--------------------
▼ 앱 설명
--------------------
이 앱이 귀하의 약물 기록을 처리하도록하십시오.
어떤 약을 복용 (또는 사용)했는지, 언제 복용했는지 기록 할 수 있으므로 기억이 나지 않을 때 신속하게 복용했는지 여부를 확인할 수 있습니다.
또한 시간을 설정할 수 있으며 약 복용을 잊어 버리는 것을 방지하기 위해 알람으로 알려줍니다.
사용하기 쉽습니다 ... 약을 복용 (또는 사용) 한 후 기록 버튼을 누르기 만하면됩니다!
복용하고 사용한 약을 기록하고 싶지만 복용을 잊어 버리는 것을 방지하는 기능만을 원하는 분들에게 적합합니다.",의료,https://play.google.com/store/apps/details?id=net.futasaji.medicine&hl=ko&gl=kr,,,,,,
android,kr,com.thegoodlight.app.todaypill,"오늘의약 | 약 먹는 시간 알림, 영양제, 복약 기록","오늘 먹었는지 헷갈리는 순간 끝! 💊
가장 쉽고 직관적인 복약관리 앱, ‘오늘의약’

“아까 약 먹었나…?”
한 번쯤 헷갈려 본 적 있으시죠? 😅

비타민, 유산균, 오메가3 같은 영양제부터
고혈압·당뇨 같은 만성질환관리 약까지
매일 챙겨 먹어야 하는데 바쁜 일상 속에서 자꾸 까먹게 되더라고요.

특히 약을 중복으로 먹었는지 헷갈릴 때의 불안함…🥲
반대로 비싼 영양제를 사두고 유통기한 지나 버렸을 때의 허무함도 정말 크죠.

‘오늘의약’은 그런 고민에서 시작된
가장 직관적이고 쉬운 약알림어플입니다 ✨

복잡한 기능 없이
딱 필요한 ‘알림’과 ‘기록’에 집중했어요.

💊 이런 분들께 추천해요

✔ 영양제루틴을 꾸준히 만들고 싶은 분
✔ 약먹는시간을 자꾸 놓치는 직장인
✔ 부모님약챙겨드리기가 걱정되는 분
✔ 고혈압·당뇨 등 만성질환관리 중인 분
✔ 심플한 복약관리 앱 찾는 분
✔ 비타민알림 앱이 필요한 분

⏰ 원하는 시간에 정확하게 복약 알림

아침, 점심, 저녁
내 생활 패턴에 맞춰 원하는 시간에 알림 설정!

밥 먹고 바로, 자기 전, 공복 시간 등
내 루틴에 맞는 약먹는시간을 정확하게 알려줘요.

이제는 더 이상 약을 까먹지 마세요 😊

✅ 오늘 먹을 약을 한눈에

오늘 복용해야 할 약 리스트를
타임라인(To-Do) 형태로 깔끔하게 확인할 수 있어요.

복용 후 터치 한 번으로 완료 체크! ✔

하나씩 체크할 때마다
미션 클리어하는 느낌이라 은근 뿌듯해요 😆

📅 캘린더 형태의 투약기록

내가 언제 약을 먹었는지,
놓친 날은 언제인지 한눈에 확인 가능!

달력 형태로 기록이 남아
복약관리 습관 만들기에 정말 좋아요.

병원 방문 시
투약기록 보여주기에도 편리합니다 👍

💧 약 말고도 다양하게 활용 가능

✔ 물 마시기 루틴
✔ 안약 넣는 시간
✔ 운동 보조제
✔ 피부약·영양제 관리
✔ 부모님 복약 체크

반복되는 건강 습관 관리에도 딱이에요 ✨

👨‍👩‍👧 누구나 쉽게 사용할 수 있는 디자인

복잡한 설정 없이
깔끔하고 직관적인 UI!

어르신들도 쉽게 사용할 수 있도록
최대한 단순하고 편하게 만들었습니다 😊

건강은 결국 ‘꾸준함’이 가장 중요하더라고요 💛
오늘의약과 함께
작은 건강 습관부터 시작해보세요!

개발사 홈페이지
http://tastylife.co.kr
----
개발자 연락처 :
김선욱 장안로 271
북수원자이렉스비아, 121동 2008호
장안구, 수원시, 경기도 16336
South Korea 2940802176 0 -",의료,https://play.google.com/store/apps/details?id=com.thegoodlight.app.todaypill&hl=ko&gl=kr,,,,,,
android,kr,com.jj8949.yaksok,약속 – 복약관리 · 건강기록 앱,"약속(Yaksok)은 약 복용을 잊지 않도록 도와주는 복약 알림 기능과
내 건강 이력을 체계적으로 기록하는 건강 관리 도우미입니다.

주요 기능:
	•	⏰ 복약 시간 알림: 설정한 시간에 맞춰 알림을 보내 약 복용을 놓치지 않도록 도와줍니다.
	•	💊 약 정보 기록: 약 이름, 복용량, 복용 횟수, 복용 기간을 정리해서 나만의 복약 리스트를 관리하세요.
	•	📋 건강 기록 관리: 키, 몸무게, 혈압, 복용 중인 건강기능식품 등을 지속적으로 기록하고 모니터링할 수 있습니다.
	•	📷 OCR 처방전 등록: 처방전 이미지를 찍으면 자동으로 약 정보를 추출해줍니다.
	•	📅 다음 병원 방문 알림: 약 복용 일정에 따라 다음 병원 예약 시기를 알림으로 알려줘요.

이런 분들께 추천합니다:
	•	부모님의 복약 관리가 필요하신 분
	•	다양한 약을 복용 중인 분
	•	건강 상태를 스스로 체크하고 싶은 분
	•	병원 방문 주기를 기억하기 어려운 분

개인정보 보호:

이 앱은 모든 개인정보를 기기 내에만 저장합니다.
클라우드나 외부 서버로 전송되지 않으며, 오직 사용자 본인만 접근할 수 있습니다.
개인 건강정보 보호를 최우선으로 합니다.",건강/운동,https://play.google.com/store/apps/details?id=com.jj8949.yaksok&hl=ko&gl=kr,,,,,,
android,kr,com.yakmutna.app,"약 먹었니? - 복약관리, 약 먹었는지 헷갈릴때 도움","약을 먹었는지 안 먹었는지 헷갈리시나요?

'약 먹었니?'는 본인과 가족이 복용하는 약의 일정, 알림, 복용 여부, 복용 이력과 남은 약의 수량을 간편하게 관리할 수 있는 광고 없는 가족 복약 관리 앱입니다.

등록한 약의 복용 시간이 되면 알림을 받을 수 있으며, 복용한 약은 복용 완료로 기록할 수 있습니다. 단순히 복약 알림만 제공하는 것이 아니라, 등록한 약의 수량과 복용 기록을 바탕으로 현재 남아 있는 약의 수량도 확인할 수 있습니다.

약을 먹었는지 기억나지 않을 때 복용 이력과 남은 약의 수량을 함께 살펴보면 복용 여부를 확인하는 데 도움을 받을 수 있습니다.

주요 기능
• 가족 구성원별 복약 관리
본인과 가족 구성원을 등록하고 인원 별로 복용 중인 약을 구분하여 관리할 수 있습니다.

• 복약 일정 및 알림
약마다 복용 날짜, 복용 시간과 횟수를 설정하고 정해진 시간에 알림을 받을 수 있습니다.

• 복용 여부 기록
약을 복용했는지 또는 건너뛰었는지 기록하고 이전 복용 이력을 확인할 수 있습니다.

• 남은 약 수량 확인
등록한 약의 수량과 복용 기록을 바탕으로 현재 남아 있는 약의 수량을 확인할 수 있습니다.

• 예상 복용 가능 기간 확인
남아 있는 약의 수량을 기준으로 앞으로 복용할 수 있는 예상 기간을 확인할 수 있습니다.

• 복용 이력 조회
기간, 가족 구성원, 약과 복용 상태를 기준으로 이전 복용 기록을 찾아볼 수 있습니다.

• 남은 약 알림
약이 부족해지기 전에 알림을 설정하여 다음 처방이나 구매를 준비할 수 있습니다.

• 백업 및 복원
복약 관리 데이터를 백업하고 필요할 때 다시 복원할 수 있습니다.

• 광고 없는 이용 환경
앱 내부에 광고가 없어 복약 관리에 집중할 수 있습니다.

• 다국어 지원
한국어, 영어, 일본어를 지원합니다.

'약 먹었니?'는 복약 일정과 복용 기록 관리를 돕기 위한 도구이며 의료기기가 아닙니다. 질병의 진단, 치료, 처방 또는 의학적 판단을 제공하지 않습니다. 약의 복용 방법을 변경하거나 건강과 관련된 결정을 내릴 때에는 의사 또는 약사 등 의료 전문가와 상담하시기 바랍니다.
----
개발자 연락처 :
제이솔루션 대한민국 18412 경기도 화성시
경기대로 1025-5, 5층 541호 카페24창업센터(병점동, 병점제일타운) 170-69-00645 제2026-화성병점-1414호 본인 신고",의료,https://play.google.com/store/apps/details?id=com.yakmutna.app&hl=ko&gl=kr,,,,,,
android,kr,com.smc.drug.trans,장기이식센터 복약알리미,"삼성서울병원 장기이식센터가 제공하는 복약알리미는 장기이식 후 주요 약물의 정확한 복용을 도와 드리고, 이식에 관한 정보를 제공합니다.

 [주요서비스]
1. 복용알람
 -면역억제제를 포함한 이식받은 장기를 유지하기 위한 필수 약들을 쉽게 알람등록하여 복약시간에 대한 알람을 제공함으로써 복용율을 높여줍니다.
2. 복용통계
 -복용알람에 대한 복용체크를 통해 일정기간 동안의 복용율을 자동 계산하여 확인할수 있습니다.
3. 검사결과입력
 - 주요 혈액 검사 결과를 입력하여 일정기간 동안의 변화를 확인할 수 있습니다.
4. 약제안내
 - 면역억제제를 포함한 이식받은 장기를 유지하기 위해 필요한 주요약들에 대한 정보를 설명합니다.
5. 교육영상
 - 이식에 관련한 다양한 교육 컨텐츠를 제공합니다.

  [앱 권한 정보 안내]
앱에서 사용하는 접근 권한에 대하여 아래와 같이 안내 해드립니다.
접근 권한은 필수적 접근 권한과 선택적 접근 권한으로 나누어지며, 선택적 접근 권한의 경우 허용에 동의하지 않으셔도 앱 사용이 가능합니다.

■ 필수적 접근 권한
· 알림 
  : 복약 알림을 받기 위해 반드시 필요한 권한
· 전체 화면 알림 | 다른 앱 위에 표시
  : 휴대전화가 잠겨있을때 복용알림 화면을 띄우는데 필요한 권한
· 알람 및 리마인더
  : 앱이 알람을 설정하고 시간 기반 작업을 예약할 때 필요한 권한 (안드로이드 12이상)

■ 선택적 접근 권한
· 카메라 : 사용자 프로필 사진을 촬영하거나 앨범에서 불러오기 기능 시 사용

■ 안드로이드 OS 6.0 미만 버전 스마트폰을 이용하시는 경우, 선택적 접근 권한 없이 모두 필수적 접근 권한으로 적용될 수 있습니다. 이 경우 운영체제를 6.0 이상으로 업그레이드하고 앱을 재설치 하셔야 접근 권한 설정이 정상적으로 가능합니다.

■ 기존 설치된 앱을 사용하시는 경우에는 앱을 삭제 후 재설치 하셔야 접근 권한 설정이 가능합니다.
 
※ 고객님의 원활한 앱 이용을 위해 최소한의 접근권한을 요청합니다.
※ 선택적 접근 권한은 동의하지 않아도 서비스를 이용할 수 있으나, 일부 기능 사용에 제한이 있을 수 있습니다.
※ 접근권한 변경 방법: 휴대폰 설정 > 애플리케이션(앱) 관리 > 복약알리미 > 권한",의료,https://play.google.com/store/apps/details?id=com.smc.drug.trans&hl=ko&gl=kr,,,,,,
android,kr,com.pillalert.android,약 알리미: 복약 관리 & 알약 알람,"💊 이제 '약 알리미 & 복약 관리' 앱으로 약 먹을 시간을 절대 잊지 마세요!
건강 관리는 쉽고 간편해야 합니다. 항생제 치료 중이거나 당뇨, 고혈압 같은 만성 질환을 관리 중이시거나, 혹은 매일 비타민을 챙겨 드시나요? 저희의 복약 알람이 당신의 건강한 루틴을 책임집니다.
단순한 알람이 아닙니다. 당신의 주머니 속 건강 비서입니다. 이제 매번 깜빡하는 알람 시계나 종이 메모는 버리고, 건강을 위해 설계된 똑똑한 복약 트래커를 사용해 보세요.
주요 기능:
⏰ 스마트 약 알림 및 알람
• 알약, 물약, 주사, 영양제 등 모든 종류의 약에 대해 알림을 설정하세요.
• 유연한 일정 관리: 매일, 특정 요일, 간격 또는 주기 설정 (피임약 복용에 완벽합니다).
• 약을 복용해야 할 정확한 시간에 알림을 보내드립니다.
📉 종합 건강 기록 및 트래커
• 약 복용뿐만 아니라 신체 변화도 기록하세요.
• 체중, 키, 체온, 혈압 등 주요 건강 지표를 한곳에서 관리할 수 있습니다.
• 당뇨나 심혈관 질환 관리가 필요한 분들을 위한 완벽한 건강 다이어리입니다.
✅ 복약 기록 및 히스토리
• 약을 먹었는지 건너뛰었는지 기록을 남기세요.
• 진행 상황을 한눈에 확인하고 처방전을 잘 지키고 있는지 체크하세요.
• 병원 진료 시 유용합니다. 앱의 복약 기록을 의사 선생님께 직접 보여주세요.
🔒 철저한 개인정보 보호
• 당신의 건강 데이터는 소중합니다. 저희는 개인 정보를 제3자와 공유하지 않습니다.
• 모든 데이터는 철저히 기밀로 유지되니 안심하고 사용하세요.
누구에게 필요한 앱인가요?
• 만성 질환 (당뇨, 고혈압, 관절염 등)을 관리하는 분.
• 감기약, 항생제, 진통제 등 일시적인 약을 드시는 분.
• 피임약이나 호르몬제를 정확한 시간에 복용해야 하는 여성분.
• 비타민과 영양제를 챙겨 먹으며 건강 관리에 진심인 분.
복약 알리미를 사용하면 처방에 따른 약 복용률이 높아집니다. 이는 빠른 회복과 건강한 라이프스타일을 위한 핵심입니다!
지금 '약 알리미: 복약 관리 & 알약 알람'을 다운로드하고 건강을 지키세요! 우리 함께 더 건강해져요.",건강/운동,https://play.google.com/store/apps/details?id=com.pillalert.android&hl=ko&gl=kr,,,,,,
android,kr,com.pverve.pillreminder,약 알람: Pilly 영양제 복약 관리 리마인더,"매일 먹는 비타민, 유산균부터 꼭 챙겨야 할 처방약까지! 자꾸만 잊게 되는 <b>약 먹는 시간</b>, 이제 <b>Pilly(필리)</b>가 완벽하게 챙겨드립니다. 🤔

Pilly는 복잡한 기능 없이 <b>""3초 만에 설정하는 가장 쉬운 약 알람""</b>입니다. 부모님께 선물해 드려도 좋을 만큼 큰 글씨와 직관적인 인터페이스를 제공하며, 영양제 루틴부터 피임약, 고혈압약 등 소중한 건강 관리를 돕습니다. ✨

■ <b>Pilly의 주요 기능</b> ■

1. <b>강력하고 확실한 약 알림</b> ⏰
- <b>무음, 일반, 전체화면 알람</b> 중 나에게 맞는 스타일을 선택하세요.
- '통화 중 자동 일시정지' 및 '강력한 다시 알림(Snooze)'으로 어떤 상황에서도 복용 시간을 놓치지 않습니다.
- 갓생을 위한 건강한 영양제 루틴, Pilly 리마인더로 시작하세요.

2. <b>부모님도 칭찬하는 압도적 간편함</b> 👍
- 복잡한 가입 없이 바로 시작! 누구나 직관적으로 이해할 수 있는 타임라인 뷰를 제공합니다.
- 체크 한 번으로 끝나는 복약 기록과 성취감을 주는 시각적 상태 바를 확인하세요.

3. <b>철저한 약통 관리 및 재고 추적</b> 📦
- ""약이 언제 떨어졌지?"" 고민하지 마세요. 남은 개수를 입력하면 복용 시마다 자동으로 차감됩니다.
- 약이 떨어지기 전 미리 알려주는 <b>재고 부족 알림</b>으로 병원 방문이나 처방을 미리 준비할 수 있습니다.

4. <b>모든 복용 스케줄 완벽 지원</b> 🔄
- 매일, 특정 요일(월/수/금), 며칠 간격(3일마다), 주기적 복용 등 모든 패턴을 지원합니다.
- <b>비타민, 피임약, 당뇨/고혈압약, ADHD 약물, 다이어트 보조제</b> 등 다양한 카테고리에 최적화되어 있습니다.

5. <b>개인정보 유출 걱정 없는 안전함</b> 🔒
- 민감한 건강 데이터, Pilly는 별도의 <b>회원가입이나 로그인 없이</b> 모든 데이터를 사용자의 기기에만 안전하게 저장합니다.

■ <b>이런 분들께 추천합니다!</b> ■
✅ 비타민, 오메가3, 유산균 등 영양제 알람이 필요한 분
✅ 피임약, 생리 주기 등 정해진 시간에 꼭 복용해야 하는 분
✅ 고혈압, 당뇨 등 만성 질환으로 규칙적인 처방약 관리가 필수인 분
✅ 부모님의 약 복용 일정을 쉽고 정확하게 챙겨드리고 싶은 분
✅ ADHD 약물 등 약 먹는 시간을 자꾸 잊어버리는 분
✅ 복잡한 기능 없이 딱 필요한 기능만 깔끔하게 쓰고 싶은 분

여러분의 소중한 건강, 가장 쉽고 똑똑한 <b>Pilly</b>가 함께 지켜드릴게요. 💚
지금 바로 다운로드하고 건강한 복약 습관을 시작해 보세요!
----
개발자 연락처 :
백중원 공릉로34길 62
태강아파트, 1004동 1101호
노원구, 서울특별시 01820
South Korea 613-26-29157 제2025-서울노원-0229호 본인 신고",건강/운동,https://play.google.com/store/apps/details?id=com.pverve.pillreminder&hl=ko&gl=kr,,,,,,
android,kr,com.nssft.medicineaa,"복약 노트 - 약 복용 기록, 알림","복약 노트는 매일 복용하는 약을 간편하게 기록하고 관리할 수 있도록 돕는 사용하기 쉬운 약 관리 앱입니다.

약 이름, 복용 시간, 그리고 날짜별 복용 기록을 쉽게 확인할 수 있습니다. 선택 사항인 복용 알림 기능을 활용하면 중요한 복용 시간을 놓치지 않도록 도와줍니다.

주요 기능

- 매일 복용하는 약 기록 관리
- 날짜별 복용 기록 확인
- 약 복용 완료 표시 기능
- 복용 알림 설정
- 간단하고 깔끔한 사용자 인터페이스
- 다국어 지원

MedTracker는 복잡함 없이 약 복용 기록을 간편하게 관리하는 데 집중합니다. 매일 복용하는 약, 비타민, 영양제 등을 손쉽게 관리해 보세요.

※ 본 앱은 약 복용 관리를 돕기 위한 목적으로 제작되었으며, 전문적인 의학적 조언, 진단 또는 치료를 대체할 수 없습니다. 반드시 의사 또는 약사의 지시에 따르시기 바랍니다.",의료,https://play.google.com/store/apps/details?id=com.nssft.medicineaa&hl=ko&gl=kr,,,,,,
android,kr,co.caretory.app,케어토리 - 복약관리 건강기록,"케어토리는 내 건강의 연대기를 기록하는 앱입니다.

📋 처방전 스캔
병원에서 받은 처방전을 촬영하면 약 정보를 자동으로 인식하고 복약 일정을 만들어 드려요.

💊 복약 관리
복용 시간 알림으로 약을 빠짐없이 챙기세요. 식사 시간 기준으로 자동 알림이 설정됩니다.

🍽️ 약-음식 상호작용 확인
음식을 촬영하면 복용 중인 약과의 상호작용을 즉시 확인할 수 있어요. 자몽, 알코올 등 주의해야 할 음식을 알려드립니다.

📊 건강 기록
처방전 히스토리, 식사 기록이 쌓여 나만의 건강 연대기가 됩니다.

👨‍👩‍👧‍👦 가족 공유
가족의 복약 현황을 함께 확인하고 관리하세요.

⚠️ 본 앱은 건강관리 참고용이며, 복약 및 식이 결정은 의료 전문가와 상담하시기 바랍니다.
----
개발자 연락처 :
(주)에나이온 대한민국 13535 경기도 성남시
분당구 동판교로52번길 9-4(백현동) 144-81-24257 제2017-성남분당-0582호 성남시청",건강/운동,https://play.google.com/store/apps/details?id=co.caretory.app&hl=ko&gl=kr,,,,,,
android,kr,com.kkomok.pillreminder,집요한약알림 - 약 알람·복용 관리·가족돌봄,"약 먹을 때까지 안 멈추는 알림

""집요한약알림""은 복용 확인할 때까지 약 먹는 시간을 계속 알려드리는 약 알림 앱입니다. 다른 약 알림 앱은 한 번 알리고 끝나지만, 이 앱은 복용 확인 버튼을 누를 때까지 집요하게 다시 알립니다.


[ 핵심 기능 ]

집요한 재알림
약 먹었다고 확인할 때까지 설정한 간격으로 계속 알려드려요. 깜빡해도 결국 챙기게 됩니다.

무음 모드에서도 벨소리 알람
무음, 진동 모드여도 알람이 울려요. 회의 중이든 자는 중이든, 중요한 약은 놓치지 않습니다.

가족과 함께 약 챙기기 (보호자 알림)
부모님이나 가족 약을 함께 챙길 수 있어요. 약을 안 드시면 자녀나 보호자에게 푸시 알림이 가도록 설정할 수 있습니다.


[ 편리한 부가 기능 ]

AI 스마트 자동 채움
약 이름만 입력하면 복용 횟수, 시간, 복용법을 자동으로 설정해드려요. 입력 시간을 줄여드립니다.

약물 상호작용 경고
약 등록 시 함께 먹으면 위험한 조합을 자동으로 알려드려요. (DUR 병용금기 데이터 기반)

AI 약 상담
약에 대한 궁금증을 바로 물어볼 수 있어요. 부작용, 복용법, 음식과의 상호작용까지.

재고 관리
약이 떨어지기 전에 미리 알려드려요. 병원이나 약국 방문 타이밍을 놓치지 마세요.

복용 통계와 캘린더
얼마나 잘 챙겼는지 한눈에 볼 수 있어요. 연속 복용 기록도 응원해드려요.

홈 화면 위젯
앱을 열지 않고도 오늘의 약을 위젯으로 바로 확인할 수 있어요.

필요할 때만 먹는 약 (PRN)
변비약, 진통제처럼 정해진 시간 없이 필요할 때 먹는 약도 기록할 수 있어요.

증상, 부작용 기록
복용 후 증상을 기록해서 약별 부작용을 추적할 수 있어요.


[ 이런 분께 추천해요 ]

- 매일 처방약을 챙겨야 하는 분
- 영양제, 한약을 꾸준히 드시는 분
- 부모님 약 챙김이 걱정되는 분
- 약 먹는 시간을 자주 깜빡하는 분
- 여러 약을 다른 시간에 먹어야 하는 분
- 무음 모드에서도 약 시간을 놓치고 싶지 않은 분


[ 안전과 개인정보 ]

회원가입 없이 바로 사용할 수 있어요. 모든 데이터는 안전하게 암호화 전송되며, 언제든지 영구 삭제 요청할 수 있습니다.

본 앱은 의료 기기가 아니며, 약물 정보는 참고용입니다. 의료적 결정은 반드시 의사나 약사와 상담하세요.


지금 다운로드하고 약 챙기는 습관을 만들어보세요.",의료,https://play.google.com/store/apps/details?id=com.kkomok.pillreminder&hl=ko&gl=kr,,,,,,
android,kr,com.pharmabros.frpharm,"친한약사 - 1:1 영양제 맞춤 상담, 건강 관리","AI가 아닌, 진짜 약사와 1:1 맞춤 건강 상담
나에게 꼭 필요한 건강 정보,
지금 약사님에게 1:1로 질문하고, 맞춤 상담을 받아보세요!

■ 왜 친한약사일까요?
- 언제 어디서든 비대면으로 현직 약사님과 1:1 상담
- 모든 상담은 무료 상담, 개인 상황에 맞춘 답변으로 제공
- 약사, 상담, 제품, 성분까지 원하는 내용을 통합 검색
- 나만의 건강 루틴 관리로 체계적인 건강 습관을 설계할 수 있어요
- 최저가 공동구매 정보를 한눈에 확인할 수 있어요

■ 이런 분들에게 추천해요!

Q. 나에게 맞는 맞춤 영양제가 궁금하다면
- 생활 패턴과 질환, 복용 중인 의약품 정보를 바탕으로 개인에게 최적화된 맞춤 상담을 받을 수 있어요. 효과와 부작용에 대해 세심하게 알려드릴게요

Q. 영양제 일일 권장량이 궁금하다면
- 지금 먹고 있는 영양제를 등록하면 함량을 분석해 부족하거나 과한 성분을 확인하고 나에게 꼭 맞는 조합을 제안해드립니다

Q. 합리적인 영양제 구매를 고민한다면
- 최저가 공동구매 정보를 한눈에 확인하고, 관심있는 제품은 공동구매 캘린더를 통해 편리하게 구매할 수 있어요

Q. 믿을 수 있는 영양제를 찾고 있다면
- 3만여 개가 넘는 영양제 데이터를 검색·비교하고 성분과 함량 정보를 투명하게 확인하세요. 약사 공동구매 알림으로 합리적인 구매도 가능합니다

■ 친한약사에서 경험할 수 있어요

1. 나랑 비슷한 상담 사례 찾아보기
- 성별, 연령별 필터로 비슷한 건강 고민 상담을 찾을 수 있어요
- 원하는 상담이 생기면 직접 상담 요청이 가능해요

2. 건강에 유용한 정보 찾아보기
- 오메가3, 마그네슘 등 핵심 성분의 효능과 국내외 추천 제품의 정보를 얻을 수 있어요
- 기억력, 스트레스, 피부, 소화 등 신체별 기능별, 성분별 정보를 얻을 수 있어요

3. 나만의 건강 루틴 만들기
- 섭취하는 영양제를 잊지 않고 먹을 수 있게 알림을 보내드려요
- 건강검진 데이터를 분석해 맞춤 건강 습관을 제안해 드려요
- 섭취 중인 영양제의 함량을 부족하거나 과하지 않은지 분석해드려요

4. 똑똑하게 구매하기
- 원하는 영양제 조합을 저장할 수 있어요
- 약사님의 공동구매를 통해 합리적으로 구매할 수 있어요

5. 안전한 나의 상담
- 모든 상담은 익명으로 진행되고, 소중한 상담 기록은 안전하게 보관됩니다

친한약사와 함께, 건강한 매일을 만들어보세요!궁금한 내용이 있나요?
친한약사 카카오 채널 : http://pf.kakao.com/_xassYxj
친한약사 앱 내 [내 정보 > 문의/제보하기]",건강/운동,https://play.google.com/store/apps/details?id=com.pharmabros.frpharm&hl=ko&gl=kr,,,,,,
android,kr,com.modupharmacy.app,모약 - 약사를 위한 필수 서비스,"모약은 약사님들에게 필요한 서비스를 한곳에 모아, 불편하고 필요했던 것들을 해결해 드릴 수 있는 플랫폼 서비스입니다.

◼️ 쉽고 간편한 구인구직
- 간편하게 앱에 작성해둔 이력서로 손쉽게 제출하고 빠르게 비교해서  채용, 구인 할 수 있어요.
- 급하게 약국을 맡겨야 할 때, 또는 단기간 일하고 싶을 때도 가능해요.
- 파트타임, 풀타임, 단기 등 자신이 원하는 조건에 맞추어 바로 검색해 보세요.
- 자체 메시지 기능을 통해 편리한 구인구직이 가능해요.

◼️ 신뢰할 수 있는 중고 거래
- 서로 신뢰할 수 있는 약사님들과 거래할 수 있어요.
- 약국에 필요한 물건을 사고팔 수 있어요.
- 1:1 채팅으로 판매자 또는 구매자 간의 자유로운 채팅이 가능해요.
- 이제 원하는 지역에서 빠르게 거래하세요.

◼️ 약국 맞춤형 인테리어 비교 견적
- 내 약국에 어울리는 다양한 인테리어 사례를 확인해 볼 수 있어요.
- 관심있는 시공사례는 해당 인테리어 업체와 바로 1:1 채팅으로 상담해볼 수 있어요.
- 다양한 조건으로 필터를 걸어 내가 원하는 약국 인테리어를 모아 볼 수 있어요.

◼️ 쉽고 재미있는 콘텐츠
- 바쁜 약사님들을 위해 다양한 자료를 한곳에 모으고 전달해 드려요.
- 상담 케이스를 공유하고 신뢰할 수 있는 정보를 전달해요.
- 수백 명의 약사님이 공감한 우수 콘텐츠를 자동으로 추천해드려요.
- 관심 있는 콘텐츠는 스크랩으로 담아두고 편리하게 볼 수 있어요.

◼️ 약사분들을 위한 생활밀착형 커뮤니티
- 주변 약사님들과 일상을 나누며, 위로 받고, 궁금증은 해소할 수 있는 따뜻한 공간이 마련되어 있어요.
- 혼자 공부하다 막히는 내용이 생기면, 커뮤니티에 물어보며 함께 학습해요.
- 학술 경영에 대한 지식을 공유하며 같이 성장해요.
- 닉네임 사용으로 익명성 보장 편하게 소통할 수 있어요.

◼️ 믿고 맡길 수 있는 양수양도 서비스
- 약국개설 전문가가 검증된 매물만을 가지고 맞춤형 상담을 도와드려요.
- 원하는 조건에 약국을 오픈하거나 정리하는 약사님들을 위해 1:1 상담으로 모약이 해결해 드려요.

◼️ 1:1 상담 전문가 매칭
- 약국 전반에 필요한 시공&설치&수리 전문가를 매칭해 드려요.
- 힘든 간판 설치부터 갑자기 고장 난 형광등 수리도 어디에서 할지 이제 걱정하지 마세요.
- 간단한 청소부터 자질구레한 물건 정리까지 한 번에 해결해 드려요.
- 수리할 곳의 사진 몇 장으로 해결할 수 있어요.

◼️ 모두의 PICK, 모약의 PICK 스토어
- 모약이 직접 엄선하여 픽한 믿을 수 있는 다양한 상품을 소개해 드립니다.
- 검증된 품질, 합리적인 가격, 안전한 결제와 신속한 배송까지 경험해 보세요

[선택적 접근 권한 안내]
- 위치: 현재 위치 수신 및 근처 약국 찾기 서비스 제공 목적으로 사용됩니다.
- 카메라: 회원가입 시 이미지 촬영, 설치 & 수리 시 촬영 및 첨부를 위해 사용됩니다.
- 사진: 프로필 사진 및 이력서 사진 등록 기능을 제공합니다.
- 알림: 1:1 채팅 푸시 알림 전송을 위해 사용됩니다.

[문의 사항]
modupharm@gmail.com

[연락처]
1533-4751",의료,https://play.google.com/store/apps/details?id=com.modupharmacy.app&hl=ko&gl=kr,,,,,,
android,kr,com.pillwith.pillwith,"필위드 : AI 복약 알림, 건강 리포트, 처방약 관리","약 먹는 걸 자꾸 깜빡하세요? 지금 어떤 약을 먹고 있는지 한눈에 확인하고 싶으신가요? 🤔 이제  필위드(PILLWITH)로 AI 처방전·약봉투 스캔을 통한 스마트한 자동 알람 등록과 편리한 복약 관리를 한 번에 해결하세요!

📌 필위드의 핵심 기능

✅ AI 처방전 · 약봉투 스캔으로 간편 알람 등록

병원이나 약국에서 받은 처방전, 약봉투를 카메라로 찍기만 하면 AI가 자동으로 의약품 정보를 분석하여 복약 알람을 즉시 등록해 줍니다.
✅ 약봉투 감성의 UI로 복용 약 한눈에 조회

오늘 내가 먹어야 하는 아침·점심·저녁 약 정보를  약포지 디자인 UI를 통해 직관적으로 조회하고 복용 완료 스탬프를 남겨 꼼꼼히 기록해요.

✅ 간편 의약품 검색

지금 복용하고 있는 의약품 정보나 궁금한 약의 상세 정보, 효능을 앱 내 검색을 통해 빠르게 찾아볼 수 있습니다.
복약 관리부터 의약품 검색까지, 가장 직관적이고 편리한 AI 복약 파트너 필위드(PILLWITH)와 함께 매일 건강을 쉽고 스마트하게 관리하세요! 🚀

오후 10:59
----
개발자 연락처 :
필위드 대한민국 부산광역시 동래구
동래구 차밭골로 38-1, 4층 (온천동)
47705 7042101372 2022-부산동래-0845 부산동래",의료,https://play.google.com/store/apps/details?id=com.pillwith.pillwith&hl=ko&gl=kr,,,,,,
android,kr,io.nobldg.pilltimer,"복약 알리미: 약 알림, 복용 관리, 루틴, 검색","매일 챙겨 먹어야 하는 약, 깜빡하기 쉽죠?
복약 알리미는 정확한 복약 시간 알림부터 복용 기록 관리까지 함께하세요

[ 이런 분께 추천합니다 ]
• 매일 여러 가지 약을 복용하시는 분
• 꾸준한 복약관리가 필요한 분
• 부모님이나 어르신의 복약 여부를 확인해야 하는 보호자

[ 접근 권한 안내 ]

■ 필수 접근 권한
• 알림(POST_NOTIFICATIONS)
복약 시간에 맞춰 알림을 발송하는 데 사용됩니다

• 정확한 알람(USE_EXACT_ALARM / SCHEDULE_EXACT_ALARM
지정된 복약 시간에 정확히 알람이 울리도록 하기 위해 필요합니다.

• 기기 시작 시 실행(RECEIVE_BOOT_COMPLETED)
기기 재시작 후에도 복약 알람이 자동 재게되기 위함입니다

• 절전 모드 해제(WAKE_LOCK)
절전 모드 중에도 알람이 정상적으로 작동하기 위해 필요합니다.

• 전체 화면 알림(USE_FULL_SCREEN_INTENT)
잠금화면에서도 복약 알림 화면이 전체 화면으로 이루어지기 위해 필요합니다

• 인터넷(INTERNET, ACCESS_NETWORK_STATE
서비스 이용 및 앱 기본 통신에 사용됩니다

• 진동(VIBRATE)
알림 수신 시 진동으로 복약 시간을 알려드립니다

■ 선택적 접근 권한
• 카메라(CAMERA)
알약을 촬영해 의약품을 식별하는 기능에 사용됩니다.
허용하지 않아도 복약 알림·복용 기록  합니다.

■ 선택적 접근 권한 면책
선택적 접근 권한의 경우 동의하지 않으셔도 앱 이용이 가능하나, 해당 기능과 관련된 서비스가 제한될 수 있습니다.

접근 권한 철회 방법
설정 → 애플리케이션 → 해당 앱 에서 권한 설정을 언제든지 변경하실 수있습니다.

[면책사항]
본 앱은 의료기기가 아니며, 복약을 돕는 보조 도구이며 의학적 진단·처방을 대체하지 않습니다
본 앱은 의약품 복용 시간을 알려주는 알림 도구로, 의료 서비스·의약품 처방·의학적 진단을 제공하지 않습니다.

■ 응급 상황
응급 상황이나 부작용이 의심될 경우 즉시 119에 신고하거나 가까운 응급실을 방문하십시오. 본 앱은 응급 의료 서비스를 제공하지 않습니다.

■ 책임의 한계
앱 개발사는 본 앱의 사용 또는 알림 미수신으로 인해 발생하는 복약 누락, 과복용, 건강상의 불이익에 대해 법적 책임을 지지 않습니다.
----
개발자 연락처 :
황태준 서판로 30
104동 1201호 (만수동, 대성유니드별빛마을아파트)
남동구, 인천광역시 21519
South Korea 343-43-01316 2024-용인수지-2026 본인",라이프스타일,https://play.google.com/store/apps/details?id=io.nobldg.pilltimer&hl=ko&gl=kr,,,,,,
android,kr,com.andreality.pilltime,복약 알림 필타임 - 약·영양제 시간 관리,"약 먹을 시간, 이제 놓치지 마세요. 약과 영양제 복용 시간을 등록하면 매일 그 시각에 빠짐없이 울려주는 복약 알림 앱입니다. 구독도 로그인도 없이 완전 무료, 약 알림이 이렇게 간단합니다.

■ 이런 분께
· 약·영양제를 자주 깜빡하는 분
· 부모님·가족의 약을 대신 챙겨드리는 분
· 비싼 구독 없이 단순하고 확실한 약 알림이 필요한 분

■ 핵심 기능
· 확실한 알림: 약마다 복용 시간을 정하면 매일 그 시각에 알림이 울립니다. 매일·특정 요일·N일 간격까지 설정할 수 있습니다.
· 간편한 체크: 알림에서 먹음·건너뜀을 바로 표시하고, 복용 이력은 달력으로 확인합니다.
· 가족 돌봄: 본인과 부모님·아이의 약을 따로 관리해 온 가족의 복약을 한 앱에서 챙깁니다.
· 재고 알림: 남은 약 수량을 세어 떨어지기 전에 다시 살 때를 알려줍니다.
· 약·영양제 모두: 처방약은 물론 비타민·유산균 같은 영양제도 함께 관리합니다.

■ 다른 점
· 구독·결제 강요 없이 완전 무료입니다.
· 회원가입이 필요 없고, 복약 기록은 내 폰에만 저장됩니다.
· 깔끔한 한국어 화면 — 어색한 번역도, 화면을 덮는 광고도 없습니다.

복약 알림, 약 알림, 약 먹는 시간 알람, 영양제 챙기기, 복약 관리가 필요하다면 지금 시작하세요. 이 앱은 복용 시간을 알려줄 뿐 의학적 진단·처방을 대신하지 않습니다.",건강/운동,https://play.google.com/store/apps/details?id=com.andreality.pilltime&hl=ko&gl=kr,,,,,,
android,kr,com.amjad.medreminder,약 알림: 복약 관리 및 알람,"가끔 약 먹는 시간을 잊으시나요? 부모님이 약을 거르실까 봐 걱정되시나요?
""약 알림""은 복잡한 설정 없이 누구나, 특히 어르신들이 사용하기 쉽도록 큰 글씨와 직관적인 인터페이스로 디자인된 완벽한 건강 관리 도우미입니다.

단순한 알람을 넘어, 개인 정보를 보호하기 위해 오프라인으로 작동하는 완벽한 복약 관리 시스템을 제공합니다.

✨ 왜 이 앱을 선택해야 할까요?
✅ 완벽한 단순함: 사용하기 쉬운 인터페이스, 큰 버튼, 눈이 편안한 색상.
✅ 전체 화면 알람: 화면이 꺼져 있어도 약 사진과 이름이 전체 화면으로 나타나 약 복용을 잊지 않게 해줍니다.
✅ 스마트 수면 모드: 수면 시간을 설정하면 야간에는 큰 소리 없이 스마트하게 진동만 울립니다.

🌟 주요 기능:
* 맞춤형 알람: 약마다 최대 4개의 알람 시간 추가 가능 (매일, 특정 요일 또는 필요할 때).
* 식사 연동: 각 약을 식전, 식후 또는 식사와 함께 복용해야 하는지 지정할 수 있습니다.
* 약 사진 등록: 약을 쉽게 식별할 수 있도록 카메라나 갤러리에서 약 상자 사진을 추가하세요.
* 재고 추적기: 약이 떨어지기 전에 미리 알려주는 스마트 자동 알림.
* 상세한 복약 보고서: 모든 복용 기록을 의사에게 WhatsApp이나 이메일로 직접 공유하세요!
* 개인 건강 프로필: 건강 정보(만성 질환, 주치의 연락처)를 저장하여 보고서에 자동으로 포함할 수 있습니다.
* 통계 및 배지: 30일 복약 순응도를 추적하고 목표 달성 배지를 획득하세요!
* Wear OS 및 위젯 지원: 스마트워치나 홈 화면에서 오늘 먹어야 할 약을 바로 확인하세요.
* 완벽한 개인정보 보호: 모든 데이터는 휴대폰에 안전하게 저장되며, 외부 서버를 사용하지 않습니다.

📱 추가 기능:
* 사전 알림 (복용 시간 15분 또는 30분 전).
* 약마다 다른 맞춤형 알람 소리 지정.
* 안전한 데이터 백업 및 복원.
* 100% 인터넷 없이 오프라인 작동.

지금 다운로드하여 본인과 사랑하는 가족의 건강을 더욱 쉽고 정확하게 관리하세요!",의료,https://play.google.com/store/apps/details?id=com.amjad.medreminder&hl=ko&gl=kr,,,,,,
android,kr,com.alphaloop.doseconfirm,복약 확인 기록 - Dose Confirm,"방금 그 약, 먹었는지 헷갈릴 때가 있으신가요?

복약 확인 기록(Dose Confirm)은 복용 스케줄을 등록하고, 약을 먹는 그 순간 탭 한 번으로 ""먹었음""을 기록하는 앱입니다. 기억이 흐려지기 전에 확인하세요.

주요 기능
• 복용 스케줄별 확인 체크 — 먹었음/건너뜀을 그 자리에서 기록
• 놓친 복용 한눈에 보기
• 복용 시간 로컬 알림 (선택)
• 계정 불필요, 완전 오프라인 — 모든 기록은 기기에만 저장됩니다

의료 조언을 제공하는 앱이 아니며, 처방·복약 판단은 반드시 의료 전문가와 상의하세요.
----
개발자 연락처 :
알파루프 대한민국 12120 경기도 남양주시
퇴계원읍 퇴계원로 117, 301동 3층 S130호 (퇴계원리,염광빌딩) 8582902072 2026-진건퇴계원-155 경기도 남양주시 031-590-2289",의료,https://play.google.com/store/apps/details?id=com.alphaloop.doseconfirm&hl=ko&gl=kr,,,,,,
android,kr,com.yakmeokja.twa,약먹자 - 건강 기록 관리 및 복약 알림 서비스,"한 번의 본인인증으로 최근 1년 처방전을 실시간으로!

병원에 갈 때마다 번거롭게 처방전, 약 봉투 사진을 찍을 필요가 없어요.
""약먹자""를 이용하면 건강보험심사평가원의(https://www.hira.or.kr) ‘내가 먹는 약! 한눈에’ 서비스를 더 쉽고 간편하게 사용할 수 있어요.
항생제나 다른 약에 대한 알레르기가 있다면 쉽게 기록하고 진료할 때 의료진에게 보여줄 수 있습니다.
병원, 약국에 방문하여 조제 받은 최근 1년간의 의약품 투약내역을 인증일 기준 실시간으로  확인할 수 있는 서비스입니다.
의료기관에서 DUR(의약품 안전 사용 서비스) 점검 후 처방을 받았으나 조제 받지 않은 의약품 정보는 조회 결과가 없을 수 있습니다.

약을 받은 즉시 복약 알림 설정!
처방받은 약을 받고 본인인증으로 기록을 가져오시면 카카오톡으로 복약 알림을 받아볼 수 있어요.
복용 횟수에 따라 자동으로 복약 알림이 설정되지만, 약사의 복약 지도에 따라서 알림 시간을 변경하세요.

매일매일 업데이트되는 전문의약품, 일반의약품에 대한 자세한 정보
식품의약품안전처(https://www.mfds.go.kr) 오픈 API를 통해 의약품 정보가 매일매일 가장 정확하고 최신 버전으로 유지됩니다.
투약 주의 사항, 약품 관리 방법 등 상세한 정보를 ""약먹자""를 통해 알아보세요.


""약먹자""는 의료 면허를 갖춘 의료 제공자가 아니며, 본인의 건강이나 안전 혹은 가족이나 태아에게 영향을 줄 수 있는 어떤 결정을 하기 전에, 면허가 있는 의사나 기타 자격을 갖춘 의료 제공자와 꼭 상담하시기를 바랍니다. 본 앱에서 얻은 정보를 통해 전문적인 의학적 조언을 무시해서는 안 되며, 전문가의 조언을 바탕으로 본 앱을 본인의 건강기록 관리를 위해 사용하시기를 바랍니다. ""약먹자""는 의도하지 않은 기술적 오류나 건강보험심사평가원, 식품의약품안전처에서 제공된 데이터의 오타나 오류에 대한 책임을 지지 않습니다.
----
개발자 연락처 :
DOU Inc. 대한민국 12925 경기도 하남시
미사대로 540, 현대지식산업센터 한강미사2차-26블럭 제10층 제비에이 10-009호 212-86-16017 2025-경기하남-0985 하남시",의료,https://play.google.com/store/apps/details?id=com.yakmeokja.twa&hl=ko&gl=kr,,,,,,
android,kr,kr.co.hoo.medicine,테이크 - 약 까먹지말고 챙겨먹자 약 알림 영양제 알림,"약은 약사에게
알림은 테이크에게

약 이름이랑 요일, 시간만 알려주세요.
테이크가 정시에 맞춰서 알림을 딱!

테이크 알림이 오면 먹었는지만 알려주세요.
어제 확인을 못하셨다고요?
걱정 마세요 어제 먹은 약 기록도 전부 입력할 수 있어요.

약 알림 어플 테이크

** 사용 방법

1. 약 이름과 복용 요일, 복용 시간을 등록한다.
2. 각 시간에 알림이 오면 알림을 클릭해 복용 여부를 테이크에게 알려준다.

이젠 까먹지말고 챙겨먹자, 테이크

약 알림, 영양제 알림, 약 알라미
----
개발자 연락처 :
김윤후 가정로 406, 104동 3101호
(가정동, 루원지웰시티푸르지오)
서구, 인천광역시 22765
South Korea 7487600198 제2024-인천서구-0379호 인천서구",의료,https://play.google.com/store/apps/details?id=kr.co.hoo.medicine&hl=ko&gl=kr,,,,,,
android,kr,com.minw1540.medication_reminder,오늘약 - 복약 알림·약 기록,"[복약 기록·알림을 돕는 참고용 도구입니다. 의료기기가 아니며 진단·처방을 하지 않습니다. 알림은 기기 설정에 따라 늦거나 울리지 않을 수 있으니 중요한 약은 다른 방법도 함께 쓰시고, 복용·용량은 의사·약사와 상담하세요.]

약 먹을 시간이 되었는데 바쁘다 보면 지나치기 쉽고,
분명 먹은 것 같은데 기록이 없어 헷갈릴 때가 있습니다.
기존 복약 앱의 딱딱한 화면이나 과한 알림이 부담스러웠다면,
오늘약은 조금 더 가볍고 다정한 방식으로 약 챙기기를 도와드립니다.

오늘약은 약과 영양제 시간을 알려주고,
먹었으면 한 번 탭해 “복용함으로 기록”할 수 있는 복약 알림 앱입니다.
복잡한 건강 관리 앱이 아니라, 오늘 챙길 약을 확인하고 기록하는 참고용 보조 도구로 만들었습니다.

■ 오늘 챙길 약을 한눈에
오늘약에서는 등록한 약과 영양제를 오늘 기준으로 확인할 수 있습니다.
알림 전에는 아직 기록하지 않은 항목을 확인하고,
먹은 뒤에는 직접 탭해 “복용함으로 기록”할 수 있습니다.
기록하지 않은 항목은 실제 복용 여부를 단정하지 않고 “기록 없음”으로 표시합니다.

■ 약 이름과 시간만 입력하면 간단하게
약 등록은 꼭 필요한 정보만 담았습니다.
약 이름, 복용 시간, 반복 설정을 입력하면 됩니다.
반복은 반복 없음, 매일, 매주 요일 중에서 선택할 수 있고,
필요한 경우 용법 메모를 함께 남길 수 있습니다.
시간은 1분 단위로 맞출 수 있어 내 생활 리듬에 맞게 약 스케줄을 정리할 수 있습니다.

■ 정해진 시간에 복약 알림
등록한 시간에 기기 알림으로 약 먹는 시간을 알려드립니다.
인터넷 연결 없이도 휴대폰 안에서 동작하며,
알림음은 3종 중에서 선택할 수 있습니다.
알림을 못 봤을 때를 대비해 재알림 간격도 설정할 수 있습니다.

단, 알림은 기기 설정, 절전 모드, 제조사 정책, 알림 권한 상태에 따라 늦거나 울리지 않을 수 있습니다.
중요한 약은 앱 알림만 믿기보다 다른 확인 방법도 함께 사용해 주세요.

■ 먹었으면 한 번 탭, 잘못 눌렀으면 되돌리기
약을 먹은 뒤에는 “먹었어요” 버튼을 한 번 탭해 복용함으로 기록할 수 있습니다.
잘못 눌렀을 때는 “기록 취소”로 되돌릴 수 있습니다.
오늘약의 기록은 사용자가 직접 남기는 자가기록이며, 실제 복용 여부를 앱이 판단하지 않습니다.

■ 잔소리 대신 다정한 마스코트
오늘약에는 작은 약봉지 요정 마스코트가 함께합니다.
복용 전과 기록 후의 상태를 조용히 보여 주며,
재촉하거나 점수를 매기지 않습니다.
부담스러운 경고보다, 곁에서 같이 챙기는 따뜻한 분위기를 지향합니다.

■ 복약 정보는 휴대폰 안에
오늘약은 회원가입과 로그인이 필요 없습니다.
등록한 약 정보와 복약 기록은 휴대폰 안에 저장되며,
앱 서버로 전송되지 않습니다.
처방약 알림, 영양제 알림, 약 기록을 간단하게 남기고 싶은 분께 적합합니다.

다만 무료 앱으로 제공되며 하단 배너 광고가 포함됩니다.
광고 제공 과정에서 광고 식별자 등 광고 관련 정보가 사용될 수 있습니다.
복약 정보는 광고 데이터로 전송하지 않도록 설계합니다.

■ 이런 분께 추천합니다
• 매일 정해진 시간에 약을 챙겨야 하는 분
• 비타민, 오메가3 등 영양제 알림이 필요한 분
• 약 먹었는지 자주 헷갈려 복약 체크를 남기고 싶은 분
• 복잡한 회원가입이나 서버 저장이 부담스러운 분
• 잔소리 같은 알림보다 다정한 복약 리마인더를 원하는 분
• 처방약 알림과 약 기록을 가볍게 관리하고 싶은 분
• 약 시간 알림과 복약 시간표를 단순하게 정리하고 싶은 분

오늘약은 많은 기능을 복잡하게 넣기보다,
약 먹는 시간 알림과 복약 자가기록에 집중했습니다.
오늘 챙길 약을 확인하고,
먹었으면 한 번 탭해 기록해 보세요.

나를 재촉하는 앱보다,
내가 직접 챙길 수 있게 곁에서 알려주는 앱.
오늘약은 매일의 약과 영양제를 조용히 정리하는 작은 복약 리마인더입니다.

오늘약은 의료기기가 아니며, 의학적 진단·처방·치료를 제공하지 않습니다. 복약 알림과 자가기록을 돕는 보조 도구이고 알림 도달을 100% 보장하지 않습니다. 복용 여부·용량 변경은 반드시 담당 의사·약사와 상담하시기 바랍니다.",도구,https://play.google.com/store/apps/details?id=com.minw1540.medication_reminder&hl=ko&gl=kr,,,,,,
android,kr,io.gongstudio.meditimer,"약알림 - 매일 복약 알림, 약 먹을 시간 알림","약을 빠뜨린 적 있나요?

매일 먹어야 하는 각종 약, 영양제. 
매일 챙겨야 하는데 바쁘다 보면 어느새 시간이 지나 있어요. 
약알림은 그 한 가지 문제만 해결해요.

복잡한 기능을 배울 필요가 없어요. 시간만 설정하면 끝. 
설치부터 알림 설정까지 1분이면 완료.
개인정보를 수집하지 않아요. 
인터넷 연결도, 복잡한 회원가입도 필요없어요.

지금 설치하면 오늘부터 약을 빠뜨리지 않아요.",라이프스타일,https://play.google.com/store/apps/details?id=io.gongstudio.meditimer&hl=ko&gl=kr,,,,,,
android,kr,com.jcsol.medication.alarm,"복약 알람, 약복용 시간 알람, 약먹을 시간 알림","약 먹는거 자주 깜빡하시죠?
약 먹을 시간을 알려줍니다.",건강/운동,https://play.google.com/store/apps/details?id=com.jcsol.medication.alarm&hl=ko&gl=kr,,,,,,
android,kr,com.marigold.medialarm,"필리 - 약 알람, 복약 알림","매일 먹는 약, 오늘 먹었는지 가물가물했던 적 있으신가요?
필리는 약 챙겨 먹는 일을 가장 쉽게 만들어주는 복약 알림 앱이에요.

■ 약봉투 찍으면 등록 끝
약국에서 받은 약봉투를 카메라로 찍어보세요. 약 이름과 하루 복용 횟수를 필리가 읽어서 알람까지 한 번에 등록해드려요. 복잡한 입력은 필요 없어요.

■ 시간 맞춰 다정하게 알려드려요
아침·점심·저녁, 정해둔 시간에 약 복용 알림을 보내드려요. 깜빡 놓친 약은 다시 알려드릴게요.

■ 복용 체크는 탭 한 번
'먹었어요' 한 번이면 기록 완료. 오늘 어떤 약을 먹었는지 한눈에 확인할 수 있어요.

■ 약 검색으로 식약처 정보 확인
궁금한 약이 있다면 약 이름으로 검색해보세요. 식약처 의약품 정보를 바로 확인하고, 그 약 그대로 알람까지 만들 수 있어요.

■ 회원가입 없이 바로 시작
계정도, 로그인도 필요 없어요. 설치하자마자 첫 알람을 만들 수 있고, 복약 기록은 내 휴대폰에만 저장돼요.

이런 분들께 좋아요
• 매일 영양제나 약을 챙겨 먹는데 자꾸 잊는 분
• 부모님 약을 챙겨드리고 싶은 분
• 병원 처방약을 아침·점심·저녁으로 나눠 먹는 분
• 처방받은 약이 어떤 약인지 궁금한 분

필리는 '매일의 복약 친구'가 되고 싶어요. 오늘도 잊지 않게, 다정하게 챙겨드릴게요.",건강/운동,https://play.google.com/store/apps/details?id=com.marigold.medialarm&hl=ko&gl=kr,,,,,,
android,kr,com.just4fun.pillreminder,나의 약물 알림,"💊 당신의 개인 복약 어시스턴트 - 건강 관리를 간단하고 믿을 수 있게

인생은 이미 충분히 복잡합니다. 복약 관리는 부담이 되어서는 안 됩니다. ​내 복약 알림은 당신의 건강 리듬을 조용히 지키는 개인 맞춤형 복약 도우미입니다. 바쁜 직장인, 가족 건강을 챙기는 부모, 규칙적인 복약이 필요한 만성 질환자라도, 매번의 복약을 시간에 맞추고 걱정 없게 합니다.

✨ 당신의 생활 리듬에 스마트하게 적응
• 하루 한 번 간단한 복용부터 21일 피임약이나 주간 주사 같은 복잡한 주기까지, 스마트하게 관리합니다.
• 아침 비타민, 점심 혈압약, 취침전 보충제 - 몇 번의 탭으로 완벽한 복약 스케줄을 설정하세요.
• 직관적인 ""복용함"" 표시. 3초 만에 복용을 기록하고 완전한 복약 기록을 생성합니다.

🔔 생각씀까지 닿는 알림, 필요한 순간에
• 스마트 반복 알림: X시간마다, 고정 시간, 특정 요일 - 필요에 따라 완전히 맞춤 설정 가능합니다.
• 유연한 알림 방식: 소리 알림, 무음 진동 - 업무, 회의, 휴식 등 모든 상황에 맞춥니다.
• 스마트 재알림: 복약을 잊으셨나요? 가장 안전한 다음 복약 시간을 자동으로 제안해 드립니다.
• 약 소진 알림: 약이 떨어지기 3일 전에 미리 알려드려 불편을 방지합니다.

📊 완벽한 건강 기록으로 더 효과적인 진료
• 복약 기록 타임라인을 스크롤하며 확인하세요. ""지난주 화요일에 약 먹었나?""라는 고민은 이제 그만.
• 복용 기록에 메모를 추가하여 부작용이나 기분 변화를 기록, 진료 시 유용한 정보를 제공하세요.
• 명확한 복약 기록은 의사와의 신뢰 관계와 소통을 개선하는 데 도움을 줍니다.

👨‍👩‍👧‍👦 모든 생활 방식에 맞게 설계
• ​바쁜 직장인:​​ 회의나 업무에 방해되지 않는 센스 있는 진동 알림.
• ​만성 질환자:​​ 당뇨병, 고혈압, 간질 등 장기 복약의 믿을 수 있는 파트너.
• ​어르신 사용자:​​ 큰 글자 인터페이스와 선명한 소리 알림으로 사용하기 편리합니다.
• ​건강 관심자:​​ 비타민, 보충제의 규칙적인 섭취 추적.

🛡️ 당신이 주인공, 프라이버시 최우선
• 모든 데이터는 기기 내에 로컬 저장 - 100% 사적이고 안전합니다.
• 인터넷 없이도 핵심 기능 사용 - 진정으로 믿을 수 있습니다.
• 건강 앱 연동은 선택 사항 (Google Health Connect 권한 필요), 필수 아닙니다.
• 명확한 의료 면책 조항: 본 애플리케이션은 의료 기기가 아닙니다. 복약에 관해서는 항상 의사의 지시를 따르십시오.

📱 시작은 간단하게
• 복잡한 설정 불필요. 다운로드 후 바로 사용 가능합니다.
• 모든 핵심 기능은 완전 무료입니다.
• 직관적인 인터페이스로 배울 필요가 없습니다.

​시스템 요구사항:​​
• Android 기기 (필수)
• 인터넷 연결 (선택 기능에만 필요)
• Google Health Connect (선택, 건강 앱 연동용)

⚠️ ​중요 의료 면책 조항:​​
본 애플리케이션은 의료 기기가 아니며, 어떤 질병이나 상태의 진단, 치료, 치유 또는 예방 목적으로 사용되어서는 안 됩니다. 본 애플리케이션은 개인적인 복약 알림 목적으로만 사용됩니다. 의학적 조언은 항상 자격을 갖춘 의료 전문가에게 문의하십시오. 건강 모니터링 기능은 참고용 정보만을 제공하며, 전문 의학적 조언을 대체하지 않습니다.",의료,https://play.google.com/store/apps/details?id=com.just4fun.pillreminder&hl=ko&gl=kr,,,,,,
android,kr,com.sensodroid.pillreminder,복약 알림: 약 먹는 시간 알람,"약을 먹었는지 매번 헷갈리는 분들을 위한 복약 알림입니다.

설정한 시각에 진짜 알람처럼 울리고, 약 이름을 크고 또렷한 글씨로 보여주며, 확인할 때까지 계속 울립니다. 한 번만 누르면 그 회차 복용이 기록됩니다.

이런 것을 할 수 있습니다

• 정말 크게 울리는 알람, 알림음·알람·벨소리·진동만 네 가지 중 선택
• 앱 전체가 큰 글씨, 저시력을 위해 설계된 Atkinson Hyperlegible 서체 사용
• 확인 버튼이 있는 홈 화면 위젯, 앱을 열 필요가 없습니다
• 복용한 약과 거른 약을 달력에서 확인
• 남은 수량을 관리하고 다 떨어지기 전에 미리 알림
• 카메라로 약 상자 읽기
• 다시 알림과 몇 분 전 예고 알림

가족과 돌보시는 분들께

복약 목록을 메시지로 보내거나 인쇄해서 의사에게 보여줄 수 있습니다.

간단하고 안전하게

가입 없음, 계정 없음, 클라우드 저장 없음. 모든 데이터는 휴대폰 안에만 남고 인터넷 없이도 작동합니다.

이 앱은 무료이며 광고로 운영되고 27개 언어를 지원합니다.

이 앱은 의사의 지시를 대신하지 않습니다. 약에 대해 궁금한 점이 있으면 의사나 약사와 상담하세요.",의료,https://play.google.com/store/apps/details?id=com.sensodroid.pillreminder&hl=ko&gl=kr,,,,,,
android,kr,com.schumitt.ismigen_alarm,이스미젠 복약알림,"면역을 강화시켜주는 이스미젠 복약을 도와주는 알림 앱입니다
----
개발자 연락처 :
윤두원 미사강변서로 127
108동 605호
하남시, 경기도 12984
South Korea 01086649998 01086649998 01086649998",도구,https://play.google.com/store/apps/details?id=com.schumitt.ismigen_alarm&hl=ko&gl=kr,,,,,,
android,kr,com.uhstudio.pillreminder,"약 알림 - PillReminder,  복약, 영양제","💊 ""오늘 약, 챙겨 드셨나요?""

바쁜 일상 속에서 자꾸만 깜빡하는 약 먹는 시간, 영양제 챙기는 시간. 이제 [약 알림 - PillReminder]에게 맡기고, 당신은 하루에 온전히 집중하세요.

복잡한 설정은 빼고, 꼭 필요한 기능만 담았습니다. 감기약, 매일 먹는 영양제, 부모님 혈압약까지. 가장 쉽고 확실하게 챙겨드릴게요.

[이런 분들께 추천해요]

매일 영양제를 챙겨 먹기로 결심한 분

불규칙한 생활 패턴으로 약 시간을 자주 놓치는 분

복잡한 건 딱 질색! 심플한 알림 앱을 찾는 분

[주요 기능]

세상 편한 알림 등록: 몇 번의 터치로 알림 설정 끝!

유연한 스케줄: 매일, 격일, 특정 요일, 시간 간격 등 원하는 대로 설정 가능

한눈에 보는 기록: 내가 언제 약을 먹었는지 달력으로 확인하세요.

지금 [약 알림 - PillReminder]을 다운로드하고, 건강한 습관을 시작해보세요!
----
개발자 연락처 :
강대원 오정동 소사로748번길 29
101동 402호
오정구, 부천시, 경기도 14424
South Korea   ",건강/운동,https://play.google.com/store/apps/details?id=com.uhstudio.pillreminder&hl=ko&gl=kr,,,,,,
android,kr,app.wellife.info,약올림: 약알람 영양제 수면 체중 생리 주기,"💊 약올림 - 약 복용 알람 & 종합 건강관리 앱

매일 약 먹는 시간을 놓치시나요? 건강한 습관을 만들고 싶으신가요?
약올림은 약 복용 알람부터 수면, 물 섭취, 체중, 생리 주기까지 한 번에 관리할 수 있는 종합 건강관리 앱입니다.

━━━━━━━━━━━━━━━━━━━━━━━━━━━━
📌 주요 기능
━━━━━━━━━━━━━━━━━━━━━━━━━━━━

💊 약 복용 알람 & 관리
- 정확한 시간에 울리는 약 알람으로 복용 시간을 놓치지 마세요
- 처방약, 영양제, 조제약, 알약, 물약, 분말 등 모든 형태의 약 관리
- 전체 화면 알람으로 잠금 화면에서도 확인 가능
- 복용 기록 저장 및 히스토리 조회

📦 재고 관리 & 부족 알림
- 남은 약 재고를 등록하고 자동으로 계산
- 재고가 부족해지기 전에 미리 알림
- 약 다 떨어지기 전에 미리 준비하세요

😴 수면 관리
- 취침 시간 & 기상 시간 알람 설정
- 수면 시간 자동 계산 및 기록
- 수면 패턴을 한눈에 확인

💧 물 마시기 알람
- 원하는 시간에 물 마시기 알림
- 하루 목표 수분 섭취량 설정
- 섭취량 기록 및 달성률 확인

⚖️ 체중 관리
- 매일 체중 기록 및 변화 추이 확인
- 체중 기록 알람 설정
- 다이어트 목표 달성에 도움

🩸 생리 주기 관리
- 생리 시작/종료일 기록
- 다음 생리 예정일 자동 예측
- 월간 캘린더에서 한눈에 확인

😊 오늘의 컨디션 기록
- 매일 기분과 컨디션을 이모지로 기록
- 증상 메모 기능으로 건강 상태 추적
- 컨디션 변화 패턴 파악

📊 월간 건강 리포트
- 약 복용, 수면, 물 섭취, 체중, 컨디션을 한눈에
- 월별 건강 트렌드 종합 그래프
- 캘린더 형태로 기록 확인

━━━━━━━━━━━━━━━━━━━━━━━━━━━━
✨ 약올림만의 특별함
━━━━━━━━━━━━━━━━━━━━━━━━━━━━

✅ 전체 화면 알람 - 잠금 화면에서도 약 먹을 시간을 놓치지 않아요
✅ 반복 알림 - 약을 먹을 때까지 계속 알림
✅ 간편한 원터치 기록 - 복용/건너뛰기 버튼으로 쉽게 기록
✅ 오프라인 사용 - 인터넷 없이도 모든 기능 사용 가능
✅ 개인정보 보호 - 모든 데이터는 기기에만 저장

━━━━━━━━━━━━━━━━━━━━━━━━━━━━
👨‍👩‍👧‍👦 이런 분들께 추천해요
━━━━━━━━━━━━━━━━━━━━━━━━━━━━

- 매일 약(영양제, 처방약) 먹는 것을 자주 잊으시는 분
- 부모님, 자녀의 약 복용을 관리하고 싶으신 분
- 다이어트, 건강관리를 체계적으로 하고 싶으신 분
- 물을 자주 마시는 습관을 기르고 싶으신 분
- 수면 패턴을 개선하고 싶으신 분
- 생리 주기를 편리하게 기록하고 싶으신 분

━━━━━━━━━━━━━━━━━━━━━━━━━━━━
📱 지금 바로 시작하세요!
━━━━━━━━━━━━━━━━━━━━━━━━━━━━

약올림과 함께 더 건강한 일상을 만들어보세요.
복잡한 건강관리, 이제 약올림 하나로 간편하게!

문의: lsw0075@gmail.com",의료,https://play.google.com/store/apps/details?id=app.wellife.info&hl=ko&gl=kr,,,,,,
android,kr,com.whisperarts.mrpillster,Mr Pillster 약 미리 알림 & 약 복용 추적기,"알약 알림 Mr. Pillster는 처방전을 예약하고 적절한 시간에 약을 복용하도록 상기시켜줍니다!

때때로 우리 모두는 아플 때가 있습니다. 의사는 우리를 위해 약을 처방할 수 있지만 때때로 우리가 언제 어떤 약을 복용해야 하는지 기억하기 어렵습니다.

비타민 한 팩을 사서 상황에 따라 복용하는 것만으로는 충분하지 않습니다.

약물을 지속적으로 제시간에 복용하는 것이 중요합니다. 투약 일정을 어떻게 준수합니까? 약 추적기 Mr. Pillster가 도움이 될 수 있습니다!

약 복용량과 복용 시간을 입력하기만 하면 앱에서 이에 대해 알려줍니다.

알약 알림 앱은 당뇨병, 암 및 기타 질병에 대해 특정 일정에 따라 다양한 알약을 마셔야 할 때 필수적입니다.
Pillster씨는 또한 여성들이 피임약 복용을 기억하도록 도와줄 것입니다.

의학 추적기는 사용하기 쉽지만 동시에 필요에 맞게 사용자 정의할 수 있는 충분한 기회가 있습니다.

응용 프로그램의 주요 기능:
• 시간 및 요일별 알약, 점안제, 혼합물 및 기타 제형의 일정
• 전체 화면 알림 및 약을 복용하거나 필요한 측정을 해야 할 때 알림
• 수락, 연기 및 누락된 약속에 대한 설명. 접수를 놓친 경우 부재 중으로 목록에 표시됩니다. 편리한 시간에 약속을 연기할 수도 있습니다.
• 주파수에 따른 수신 일정 계산. 하루에 몇 번, 얼마나 자주 약을 복용해야 하는지 지정하면 애플리케이션이 필요한 기간 동안 복용 시간을 자동으로 계산합니다.
• 무료 버전의 프로필 2개와 프리미엄 버전의 무제한 프로필로 온 가족의 약물 섭취량 추적
• 당뇨병과 같이 지속적으로, 평생 또는 장기간 복용해야 하는 알약에 사용하기 편리합니다.
• 단일 리셉션에 대한 회계

의료 측정

• 앱에서 다양한 유형의 의료 측정 기록 및 추적:
- 온도
- 동맥압
- 맥박
- 당도
- 무게
- 기분 수준
- 소모되는 칼로리와 소모되는 칼로리
- 체지방
- 통증
- 단계 등
• 의학적 측정치와 복용한 약물의 비교
• 필요에 따라 단일 측정 추적
• 예정된 측정 - 신체의 일일 의료 측정에 대한 알림 설정

약물 추적기의 추가 기능

• 차트의 모든 데이터를 빠르게 분석하는 기능
• 다음과 같은 추가 알림:
- 물을 마시다
- 긴장을 풀고 명상하기
- 산책하다
- 다른

바쁜 일상 속에서 건강을 잊지 않기란 힘든 일입니다. 그러나 이것은 당신이 가진 가장 소중한 것입니다. 나는 당신의 건강을 돌보고 사랑하는 사람들을 돌보는 데 도움을 줄 24시간 내내 당신과 함께하고 싶습니다.

Mr. Pillster 응용 프로그램이 설치된 상태에서 항상 함께 하는 휴대 전화는 중요한 약과 약을 제 시간에 복용하는 것을 잊지 않는 이상적인 도우미가 될 것입니다.

우리는 귀하의 모든 질문에 답변할 준비가 되어 있으며 응용 프로그램의 기능을 개선하기 위해 지속적으로 노력하고 있습니다. support@whisperarts.com으로 지원 마감에 대한 소망을 적어주세요.
우리는 그것들을 확실히 시행할 것입니다.

자신을 돌보고 계속 지켜봐 주세요!

================================

우리 언어 번역에서 실수를 발견하셨습니까? 문제를 해결하는 데 도움을 주세요.
https://whisperarts.oneskyapp.com/collaboration/project/82865""",의료,https://play.google.com/store/apps/details?id=com.whisperarts.mrpillster&hl=ko&gl=kr,,,,,,
android,kr,com.baedalyakgook_user,"닥터나우 - 1위 비대면진료 앱, 전화진료, 약국찾기","<u><b>대한민국 1위 비대면진료 앱, 닥터나우</b></u>  
*2026, 2025 한경비즈니스 한국소비자만족지수 비대면진료 앱 2년 연속 1위
*2024 주간동아 한국고객만족도 비대면진료 앱 1위

🧡 병원에서 전화가 온다, 닥터나우

- 감기, 소아과, 여성질환, 여드름, 탈모 등 병원이 필요한 모든 순간에 병원에서 전화가 와요.
- 늦은 밤, 주말, 연휴에도 병원 진료가 가능해요. 365일 24시간 내가 원할 때 언제, 어디서든 편하게 진료를 받아보세요.
- 이제 아플 때 참지 마세요. 이동 없이 진료받고, 내 근처 약국에서 약을 빠르게 받을 수 있어요.

🧡 800만의 선택, 닥터나우

- 이미 수많은 사람들이 믿고 쓰고 있어요. 다운로드 수와 리뷰 수가 입증하는 대한민국 1위 서비스를 경험해보세요.
- 90만 개가 넘는 진료 후기와 전문의 여부를 확인해 내가 원하는 의사 선생님에게 진료를 신청할 수 있어요. 소아과부터 산부인과까지 안심하고 진료받아 보세요.

■ 진료비 최저가 비교

- 진료받기 전에 탈모, 여드름, 다이어트(위고비, 마운자로 등)의 최저가 진료비 병원을 찾아보세요.
- 모아둔 포인트로 진료비 할인도 받을 수 있으니 병원비를 절약해보세요. (*다이어트는 최저가로 병원 예약 기능도 편하게 이용할 수 있어요.)

■ 최저가 약국 지도

- 전국의 약국 가격과 약국 정보를 지도를 통해 한 눈에 확인할 수 있어요.
- 탈모, 여드름, 다이어트(위고비, 마운자로 등) 가격을 비교해보고 나에게 딱 맞는 최저가 약국에서 약을 받아보세요.
- 온누리상품권 가맹 약국을 필터로 한 번에 찾고, 추가 할인 받아 약값 부담도 줄여보세요.

■ 다이어트 병원 방문 예약

- 다어어트(위고비, 마운자로 등) 진료와 처방이 가능한 병원을 방문하기 전에 미리 예약할 수 있어요.
- 다이어트 진료 최저가 병원과 최저가 약국을 확인하여 편하게 병원 예약해보세요.

■ 실시간 상담

- 감기, 장염, 탈모 초기 증상, 여드름과 같은 피부 고민, 다이어트, 여성 질환, 아이 감기, 수족구 등 건강에 관련된 궁금한 내용을 물어보면 AI가 실시간으로 빠르게 답변해 드려요.

■ 건강 정보 - 건강 매거진, 1분 FAQ, 의약품 사전, 질환백과

- 건강 매거진 : 소아과, 여성질환, 피부, 탈모, 여드름, 다이어트 등 다양한 건강 정보를 전문 에디터가 제공해드려요. 건강검진과 예방접종, 피부 시술까지 다양한 정보를 확인할 수 있어요.
- 1분 FAQ : 다이어트, BMI, 당뇨, 고혈압, 고지혈증, 혈압, 혈당 등 다양한 건강 정보를 빠르게 제공해요. 원하는 내용을 간편하게 확인해 보세요.
- 의약품 사전 : 많이 찾는 일반의약품과 전문의약품의 자세한 정보를 확인할 수 있어요. 처방받은 약의 효능/효과부터 부작용, 주의사항까지 꼼꼼하게 확인해 보세요.
- 질환백과 : 내과, 산부인과, 소아청소년과, 피부과, 비뇨기과, 이비인후과 비대면 진료, 정형외과, 안과, 신경과, 치과, 가정의학과, 정신건강의학과, 통증의학과 등 다양한 질환에 대한 정보를 제공해요. 원인부터 증상, 치료 등 원하는 정보를 빠르게 찾을 수 있어요.

● 앱 사용 중 문제가 있다면 망설이지 말고 연락주세요.
● 이메일 : [contact@doctornow.co.kr](mailto:contact@doctornow.co.kr)

(주)닥터나우
서울특별시 강남구 테헤란로 625 덕명빌딩 16층

비대면진료는 보건의료기본법 제44조에 근거한 보건복지부 시범사업에 맞춰 운영되고 있습니다.

[선택적 접근 권한]

- 위치 : 현재 위치 자동 수신 및 근처 병원 찾기 서비스 제공 목적으로 사용됩니다.
- 카메라 : 진료 요청 시 사진 촬영 및 첨부를 위해 사용됩니다.
- 알림 : 마케팅 정보 푸시알림 전송을 위해 사용됩니다.
- 전화 : 병원/약국 전화번호를 통한 통화 기능 제공을 위해 사용됩니다.
- 신체활동 : 실시간 걸음 수를 측정하기 위해 사용됩니다.
- 근처기기 : 블루투스 기기 페어링 및 정확한 위치 검색 기능 제공을 위해 사용됩니다.
- 마이크 : 화상 전화를 통한 비대면 진료 서비스 제공을 위해 사용됩니다.

선택 권한을 동의하지 않으셔도 서비스 이용이 가능하며 선택 권한은 필요한 시점에 동의 받고 있습니다.",의료,https://play.google.com/store/apps/details?id=com.baedalyakgook_user&hl=ko&gl=kr,,,,,,
android,kr,com.drxsolution.pip,"내손안의약국 심야약국, 약국찾기, 휴일약국, 약픽업","<pre>
😄약사와의 전문적인 ‘다제약물 상담’
     10종류 이상의 약 또는 만성질환 약을 복용하고 계신다면 약상담 받으세요.
     약사가 처방전, 약력을 기반으로 친절하게 답변을 드릴거예요.

😄빠르게 약을 받는 ‘약픽업’
     약국에 가기전 처방전을 찍고 보내세요.
     약국에서 기다리는 시간이 줄어듭니다.

😄내 건강 이력을 보관하는 ‘약수첩’
     병원, 약국, 내가 먹는 약이 나와 있는 처방전을 보관하세요.
     병원이나 약국에 갔을때 보여주면 보다 정확한 진료가 됩니다.

😄‘약국찾기’와 ‘단골약국’ 지정
     전국의 25,000개 약국중 내 주변에 있는 약국을 찾아보세요.
     단골약국이 된다면 보다 특별한 헬스케어를 받을수 있어요.
  
😄단골약사가 보내는 ‘복용알림’
     약사에게 복용알림을 요청하세요.
     정확한 시간에 올바른 방법으로 약을 먹게 알려줍니다.
   
😄단골약사가 보내는 복용알림 확인하고 ‘포인트’ 적립
     복용알림 확인만 해도 30포인트가 적립됩니다.
     적립된 포인트는 단골약국에서 현금처럼 쓸 수 있습니다.
     포인트로 건강기능식품을 사보세요.
     (5천포인트 이상부터 사용, 조제약 결제는 불가)
     
😐서비스 이용중 불편사항은 문의주세요.
      이메일 : cs@drxsolution.co.kr
      고객센터: 02-6241-1220

[필수 접근 권한 상세]
위치: 현재 위치를 기반으로 지도 정보를 이용할 수 있습니다.
카메라 및 저장공간: 사진 촬영 및 첨부 기능을 이용 할 수 있습니다.
캘린더: 일정 조회 및 등록 기능을 이용할 수 있습니다.
마이크: 음성대화 기능을 이용할 수 있습니다.
</pre>",의료,https://play.google.com/store/apps/details?id=com.drxsolution.pip&hl=ko&gl=kr,,,,,,
android,kr,kr.onedoc.onedoc,"원닥 - 비대면진료 앱, 약 처방, 처방전","💙 비대면진료, 원닥이 답이에요!
진료/병원예약부터 약 배송까지 모두 비대면으로!
주치의 선생님과 진료를 모바일로 계속 이어가세요.

🏠 원닥이 여러분의 건강을 집에서도 챙겨드립니다!

병원에 가지 못하더라도 언제 어디서나 원닥!
방문 없이 진료 받고 가까운 약국에서 처방 받으세요.

➡️ 만성질환 관리, 다음 진료는? 원닥으로!
간편한 비대면진료 예약과 약 배송까지 한번에!
나의 건강을 위한 신속하고 편리한 솔루션, 
이제 손 끝으로 나의 건강을 챙기세요.


[🩺 진짜 의료진이 운영하는 디지털 헬스케어 앱!]
- 신뢰할 수 있는 주치의를 만나는 가장 빠른 효율적인 방법
- 건강관리의 새로운 패러다임, 원닥을 경험해 보세요.

[🥼 언제, 어디서나 비대면진료로 간편하게!]
- 병원 방문 없이 진료 받고 가까운 약국에서 처방전으로 약 받으세요.
- 늦은 밤, 주말, 공휴일에도 진료 가능해요.

[💸 진료비 결제도 쉽고 빠르게!]
- 앉은 자리에서 진료비, 조제비까지 손쉽게 결제하세요.
- 전국 지역화폐도 사용 가능해요.

[❤️‍🩹 혈압, 혈당관리도 똑똑하게!]
- 원닥만의 건강노트를 활용하여 혈압, 혈당을 기록하세요!
- 건강정보를 주치의와 공유할 수 있어요.

- 비대면진료는 보건의료기본법 제44조에 근거한 보건복지부 시범사업에 맞춰 운영되고 있습니다.

(주)원닥
서울특별시 구로구 시흥대로 535, 9층

[선택적 접근 권한]
- 사진/파일 저장 : 진료 요청 시 사진 첨부/서비스 이용을 위한 필요한 사진, 파일 저장
- 카메라 : QR코드 인식, 화상 진료 전화 기능 제공
- 전화 : 병원/약국 전화번호를 통한 통화 기능 제공
- 마이크 : 화상 전화를 통한 비대면진료 서비스 제공
- 알림 : 마케팅 정보 푸시 알림 전송

※ 휴대폰 설정 > 애플리케이션(앱) > 원닥 > 앱 권한 메뉴에서 설정 변경 가능",의료,https://play.google.com/store/apps/details?id=kr.onedoc.onedoc&hl=ko&gl=kr,,,,,,
android,kr,com.recordguide.druglist,처방의약품정보,"처방의약품정보는 처방 의료인·약학 전문가는 물론, 본인이 처방받은 약의 정보를 알고 싶은 일반인까지 사용할 수 있는 의약품 정보 참고 도구입니다. 식품의약품안전처(식약처)에서 공식 공개한 의약품 허가정보를 조회·열람할 수 있으며, AI 가 효능/주의사항 본문을 카테고리별로 정리해 보여줍니다. 본 앱은 진단·처방·치료를 대신하지 않으며, 의료인은 임상 판단의 보조 자료로, 일반인은 본인 복용 약의 이해를 돕는 참고 자료로 사용해야 합니다.

■ 핵심 기능

• 약품명·청구코드로 검색
  - 식품의약품안전처(식약처) 공식 의약품 허가정보 API 로 약품명 검색
  - 청구코드(EDI) 9자리로도 조회 — 저장 약품 안에서도 청구코드 검색
  - 효능·용법·주의사항 본문 저장 (인터넷 연결 없이도 저장된 정보 열람 가능)
  - 자음 인덱스(ㄱ~ㅎ)로 빠른 탐색

• 사진으로 약품 검색
  - 카메라로 촬영하거나 사진 보관함에서 골라 약품 조회
  - 앞·뒷면 두 장 또는 두 알을 한 장에 함께 찍어 양면 동시 인식 지원
  - AI 가 각인·모양·색·제형을 인식해 가장 가까운 후보 제시
  - 잘못 인식한 항목은 [탭해서 수정] 으로 즉시 보정 후 재검색
  - 사진 밝기·대비·회전·자르기 편집 도구 내장

• 처방전으로 약 목록 불러오기
  - 처방전을 촬영하거나 사진 보관함에서 선택해 기재된 약 목록을 한 번에 불러오기
  - 불러온 약품은 사용자가 확인한 뒤 조회·저장 흐름으로 연결

• 처방전 요약 (선택)
  - 처방전에 담긴 약을 AI 가 한눈에 정리해 참고용으로 보여주기 (복용 방법·주의사항·간단 설명)
  - 일반인용 / 의료인용 보기 선택 — 결과는 사용자가 직접 확인

• 약품 사진과 낱알식별 정보
  - 모든 약품 목록과 상세 화면에 식약처 등록 사진 표시
  - 상세 화면 식별 카드 — 각인 · 모양 · 색 · 크기 · 제형
  - 사진 탭하면 전체 화면 확대 (핀치 줌 / 더블탭 / 드래그)

• 약품분류 · 처방주의 · 처방금기 자동 정리
  - 식약처 공식 분류번호(복지부분류) 자동 등록 — [복지부분류] / [키워드분류] 토글
  - 효능 본문에서 약품분류 키워드 자동 추출
  - 주의사항 본문에서 처방주의 · 처방금기 대상(환자군·질환·성분) 자동 분류

• DUR 안전성 점검
  - 저장한 약품의 임부 · 노인 · 특정연령대 · 병용 안전성 정보를 카테고리별로 정리
  - 약품을 탭하면 점검 사유 한눈에 확인

• AI 분석 (선택)
  - 무료 AI 기본 제공 (별도 등록 없이 사용 가능) — 외부 AI 도 선택 가능
  - 효능/주의사항 본문을 AI 가 읽고 카테고리별로 정리해 검토를 보조 (결과는 사용자가 직접 확인·수정)
  - 자동 생성 키워드에는 ""참조단어 규칙과 AI 분석에 의한 자동 결과로, 실제 허가사항과 다를 수 있습니다"" 면책 안내가 함께 표시

• 참조 단어 사전
  - 효능→분류, 성분→처방주의 매핑 규칙을 사용자가 편집 가능
  - 규칙 JSON 파일로 내보내기/가져오기 — 백업·공유에 활용
  - 앱 업데이트 시 새 기본 규칙이 자동 병합되며, 사용자 데이터는 보존

• 개인정보 보호 우선
  - 개발자에게 전송되는 개인정보 없음
  - 광고·추적·분석 도구 일체 없음

■ 데이터 출처

본 앱은 식품의약품안전처(MFDS)가 공공데이터포털을 통해 공개한 의약품 허가정보·낱알식별·DUR 데이터를 사용합니다.
  • 식품의약품안전처: https://www.mfds.go.kr
  • 공공데이터포털 의약품 허가정보 API: https://www.data.go.kr/data/15095677/openapi.do
데이터 갱신 주기에 따라 표시 정보가 식약처 원본과 일시적으로 차이날 수 있습니다.

■ 중요 고지

• 본 앱은 식품의약품안전처(MFDS) 또는 대한민국 정부 기관과 제휴하지 않은 독립 개발 앱입니다. 정부 기관을 대표하지 않으며, 공공데이터포털을 통해 누구나 이용할 수 있도록 공개된 데이터를 활용합니다.
• 본 앱은 의약품 정보 참고 도구이며, 의학적 진단·치료·처방을 대체하지 않습니다.
• 표시된 정보는 식약처 데이터를 가공한 참고용이며, 실제 처방·조제 전에는 반드시 식약처 원본 허가사항과 최신 임상 가이드라인을 확인하시기 바랍니다.
• 본인이 복용 중인 약 정보를 알아보는 용도로 사용하시되, 복용량 변경·복용 중단·다른 약 추가 등은 반드시 처방한 의료진과 상의하시기 바랍니다.
• AI가 생성한 키워드·분석 결과는 부정확할 수 있으므로 반드시 원문 확인이 필요합니다.

■ 문의
  easyappfun@gmail.com

---
Copyright © 2026 easyappfun. All rights reserved.",건강/운동,https://play.google.com/store/apps/details?id=com.recordguide.druglist&hl=ko&gl=kr,,,,,,
android,kr,kr.good.pharm.customer,굿팜 모바일약국,"바쁘게 흘러가는 요즘,
나의 소중한 건강과 시간은 지켜지고 있나요?

원하는 시간에 처방 약 픽업을 알뜰하게,
부족한 영양소와 몰랐던 약에 대한 정보를 올바르게,
우리 가족 모두 건강하게,
언제 어디서든 쉽고 빠르게 굿팜 하나로 한 번에!
처방 약, 기다릴 필요 없이 ‘처방전 오더’로 쉽고 빠르게!

약사와 함께하는 스마트 건강관리 ‘굿팜 모바일약국’과 함께 시작해보세요!

[ 01 간편결제 가능한 처방전오더 ]
처방전을 약국에 전송하고 간편하게 결제 후 원하는 시간에 처방 약을 받아보세요.
단골 약국을 등록하고 처방전오더를 이용하면 언제든 기다림없이 처방약 픽업이 가능합니다!

[ 02 약국문의 ]
제품의 재고현황과 증상 및 복용법에 대해 간편하게 문의를 할 수 있어요.
예상 답변 시간을 약사님이 직접 지정하여 원하는 시간에 답변해주십니다!

[ 03 부작용 문의(보고) ]
의약품에 부작용을 모바일 약국에 보고할 수 있는 기능이에요.
사용자가 보내오는 부작용 보고를 확인하고 지속적인 복약지도를 할 수 있어 약국과 고객들 간의 신뢰를 쌓을 수 있어요.

[ 04 약제비 영수증 ]
약국에 직접 방문하지 않아도 약제비 영수증 신청이 가능해요.
약제비 영수증을 신청하여, 사용자가 직접 PDF나 이미지 파일로 받아볼 수 있어요.

[ 05 한 눈에 보는 처방전/의약품 구매내역 ]
약국에서 처방전 스캔하고 일반의약품 구매만 해도 굿팜 모바일약국 앱에 내역이 자동으로 기록되어요.
처방내용과 구매내역, 영수증까지 한 번에 확인하고 편리하게 관리하세요!

[ 06 우리동네 가까운 약국찾기 ]
우리동네, 내 위치와 제일 가까운 약국을 확인해볼 수 있습니다!

[ 07 의약품 바로 검색 서비스 ]
집에 굴러다니는 가정상비약부터 오늘 처방받은 약품까지 굿팜에서 바로 검색하고 알아보세요!

[ 08 현직약사와 함께하는 1:1 Q&A ]
약사가 직접 알려주는 약에 대한 모든 것!
댓글로 약에 대한 모든 궁금증을 질문해보세요. 국내 최정상 약사들이 직접 답변해드립니다.

건강 관리는 굿팜과 함께, 언제 어디서든 간편하게!
굿팜 홈페이지 : http://goodpharm.kr
굿팜 blog : https://blog.naver.com/healthport_korea
굿팜 kakaotalk : https://pf.kakao.com/_juBDT

*아직 앱 리뷰를 쓰지 않으셨나요?
굿팜은 고객님의 리뷰와 피드백을 기반으로 서비스를 개선하고 있습니다.
앱 리뷰 작성해 주시면, 더 좋은 서비스로 보답 드리겠습니다.
앱 이용 중 불편사항이나 요청 사항이 있으시다면,
1600-3122 또는 goodpharm@healthport.co.kr 로 언제든지 문의해 주세요.

[필수적 권한]
- 없음

[선택적 권한]
- 카메라 : 프로필 사진 변경, 처방전 오더 기능 사용 시 필요합니다.
- 위치 : 사용자 주변의 약국을 찾을 때 필요합니다.

[접근 권한 철회 방법]
- 운영체제 6.0이상: 설정 -> 어플리케이션 관리자 -> 굿팜 앱 선택 -> 접근 권한 철회 가능
- 운영체제 6.0미만: 접근권한 철회가 불가능하므로, 앱설정 -> 데이터 지우기로 가능",의료,https://play.google.com/store/apps/details?id=kr.good.pharm.customer&hl=ko&gl=kr,,,,,,
android,kr,com.bestappinc.pharmacy,365열린약국,"전국의 25,000개 약국 정보를 확인해 보세요
주말, 휴일 운영 여부 등 약국 정보의 검색을 지원 합니다.

- 약국명, 주소, 전화번호와 영업시간 정보를 제공합니다.
- 지도에서 손 쉽게 영업중 약국을 찾을 수 있습니다.
- 주말 / 야간 / 휴무일 등 조건에 맞는 영업시간 별에 따라 약국 정보를 찾을 수 있습니다.
----
개발자 연락처 :
주식회사 피엠케이 애드 대한민국 서울특별시 마포구
마포구 독막로6길 9, 2층 2230호(합정동)
04072 1698800573 2019-서울마포-3262 서울특별시 마포구",의료,https://play.google.com/store/apps/details?id=com.bestappinc.pharmacy&hl=ko&gl=kr,,,,,,
android,kr,com.ksncho.hospitalinfo,"굿닥 - 병원 접수, 병원 예약, 비대면 진료 필수 앱","병원 간편 접수/예약, 비대면 진료 서비스를 단 하나의 앱에서!
누적 다운로드 1000만 헬스케어 앱 굿닥입니다. 

■ 병원 가기 전, 바로 접수

앱으로 접수하고 진료 순서가 가까워질 때 방문해요.

가족 추가 기능으로 우리 가족 건강도 함께 챙길 수 있어요.

실시간 병원 대기 현황도 확인하세요. 

■ 24시간 언제 어디서나, 비대면 진료

누구나 시간, 지역 상관없이 비대면 진료가 가능해요.

간편 결제로 진료비와 조제비 결제도 쉽게 하세요. 

■ 가까운 병원 찾을 때, 병원/약국 찾기

내 주변 실시간 문 연 병원/약국을 한 번에 찾을 수 있어요.

7만 개의 병・의원 데이터베이스로 정확도 높은 병원/약국 정보를 제공해요.

60만 건 이상의 방문자 리뷰로 신뢰도 높은 병원 정보를 확인할 수 있어요.

[서비스 이용 불편 및 제휴 문의]

이메일 : gdcs@goodoc.co.kr

전화 : +8225016245

주소 : 서울특별시 강남구 역삼로2길 16, 에스타워 8~9층

[선택적 접근권한]

알림 : 서비스 이용안내 알림 제공

위치 : 가까운 병원/약국 정보 제공

사진 : 리뷰, 비대면 진료 신청서 증상 첨부

카메라 : 비대면 화상 진료

마이크 : 비대면 진료 화상/음성 진료

전화 : 비대면 진료 담당의 연결에 필요

근처기기 : 비대면 화상진료 연결에 필요

저장 : 서비스 이용을 위한 이미지 등록

선택적 접근 권한에 동의하지 않아도 서비스 이용이 가능합니다.
----
개발자 연락처 :
(주)굿닥 대한민국 서울특별시 강남구
강남구 역삼로3길 13, 3층(역삼동, 케어랩스타워)
06252 4318801818 2020-서울강남-00257 본인 신고",의료,https://play.google.com/store/apps/details?id=com.ksncho.hospitalinfo&hl=ko&gl=kr,,,,,,
android,kr,com.yakolim.app,약올림: AI 처방전·영양제·가족 약알림,"오늘도 약 드시는 거 깜빡하셨나요?
처방전 사진 한 장이면, 약올림 AI가 복약 시간표를 만들고
가족과 반려동물까지 함께 챙겨드립니다.

━━━━━━━━━━━━━━━━━━━━
🤖 AI 처방전 분석 — 1분이면 시간표 완성
━━━━━━━━━━━━━━━━━━━━

병원 처방전, 약봉투, 조제내역서를 사진 한 장만 찍어보세요.
AI가 약 이름, 용량, 복용법, 투약일수를 자동 인식해서 복약 시간표를 만들어드립니다.

📸 AI 사진 인식
- 처방전, 약봉투, 약제비 영수증 모두 지원
- 약 이름·용량·복용법·투약일수 자동 추출
- 회전된 사진도 자동 보정
- 신뢰도 표시로 직접 확인·수정 가능

⏰ 골든타임 시간표
- AI가 약마다 최적 복용 시간 제안
- 식전·식후·취침 전 골든타임 안내
- 같은 시간대 약은 자동으로 묶어 알림 횟수 최소화
- 기상·식사 시간 입력하면 내 생활에 맞춤

🔔 똑똑한 복약 알림
- 푸시 알림으로 복용 시간 안내
- 미리 알림 시간 사용자 설정 (정시/5/10/15/30분 전)
- 진동·소리 모드 선택
- 약별 알림 ON/OFF (필요시 복용 약은 알림 끄기)
- 한 번 탭으로 복용 완료 체크
- 깜빡한 약은 미복용 알림으로 가족에게도 전달

━━━━━━━━━━━━━━━━━━━━
👨‍👩‍👧‍👦 가족 복약 관리 · 함께 챙기는 마음
━━━━━━━━━━━━━━━━━━━━

부모님이 약을 잘 드시고 계신지 매번 전화로 확인하기 어려우시죠.
약올림은 가족을 초대하면 부모님 복약 상태를 실시간으로 확인할 수 있어요.

자녀 약, 부모님 약, 본인 약, 반려동물 약을 한 앱에서 따로 관리하세요.

👨‍👩‍👧 가족 복약 동기화
- 가족 초대 코드로 간편 연결 (최대 3명)
- 부모님이 약을 안 드시면 보호자에게 알림
- 가족별 처방전·복약 기록 분리 관리
- 자녀 항생제, 부모님 만성질환 약까지

━━━━━━━━━━━━━━━━━━━━
🐶 1인 가구 + 반려동물 보호자
━━━━━━━━━━━━━━━━━━━━

내 약 챙기기도 바쁜데, 강아지 심장사상충·고양이 만성질환 약까지 깜빡하셨나요?
약올림 하나면 본인 약과 반려동물 약을 한 곳에서 관리할 수 있어요.

🐾 반려동물 약 알림
- 강아지·고양이·기타 반려동물 등록
- 수의사 처방대로 정해진 시간에 알림
- 본인 약과 분리 관리
- 가족 케어와 같은 시간표에 함께 노출

━━━━━━━━━━━━━━━━━━━━
🌿 영양제 통합 관리 · 시너지 조합 정보
━━━━━━━━━━━━━━━━━━━━

영양제 라벨 한 장으로 자동 등록, 처방약과의 상호작용까지 한 번에 체크.
어떤 영양제를 함께 먹으면 좋은지 시너지 조합 정보도 제공합니다.

💚 시너지 조합 라이브러리
- 비타민D + K2, 철분 + 비타민C, 마그네슘 + B6 등 12쌍
- 식약처·NIH 공공 데이터 기반 큐레이션
- 현재 복용 중인 영양제와 매칭해 개인화 정보
- ""함께 먹으면 좋은 조합"" 정보 (구매 권유 X)

🌿 영양제 자동 인식
- 영양제 라벨 사진을 찍으면 자동 등록
- 한국 식약처 건강기능식품 DB 매칭
- 미국 NIH 영양제 라벨(DSLD) 연동 — 해외 직구 영양제도 인식
- 처방약과의 상호작용 자동 체크

━━━━━━━━━━━━━━━━━━━━
⚠️ 안전한 복약을 위한 체크
━━━━━━━━━━━━━━━━━━━━

여러 약·영양제를 함께 드시는 분은 약물 상호작용 체크가 필수입니다.
식약처(e약은요·DUR)·심평원·미국 NIH 등 공식 공공 데이터를 기반으로
함께 먹으면 안 되는 약, 주의가 필요한 조합을 알려드립니다.

🔍 약물 상호작용 분석
- 처방약 + 영양제 + 일반약 종합 체크
- 식약처 공식 DUR 데이터 연동
- 임산부·수유부·소아 주의사항 표시

🆘 의약품 회수·판매중지 자동 알림
- 복용 중인 약이 회수되면 즉시 안내
- 식약처 회수의약품 정보 매일 자동 업데이트

💊 알약 사진으로 약 찾기
- 알약 한 알 사진으로 약 이름·정보 확인
- 식약처 낱알식별 정보(모양·색상·각인) 매칭

🍽️ 음식과 약 궁합 체크
- 식사 사진을 찍으면 AI가 함께 먹는 약과의 궁합 분석
- 자몽주스와 혈압약, 카페인과 진통제 등 주의 음식 안내

📋 처방전 자동 비교
- 신규 처방전과 이전 처방전을 자동 비교
- 약 추가·삭제·용량 변경을 한눈에

🆘 응급 카드
- 알레르기·복용 중인 약·혈액형을 카드 한 장으로
- QR 공유로 응급 상황 시 의료진에게 즉시 전달

━━━━━━━━━━━━━━━━━━━━
👵 시니어를 위한 배려
━━━━━━━━━━━━━━━━━━━━

부모님, 조부모님도 어렵지 않게 사용하실 수 있어요.

- 큰 글씨와 단순한 화면 (시니어 모드)
- 음성으로 다음 복약 시간·약 이름 안내
- 보호자가 원격으로 시간표·알림 설정 가능

━━━━━━━━━━━━━━━━━━━━
이런 분께 추천합니다
━━━━━━━━━━━━━━━━━━━━

✅ 처방받은 약을 자주 깜빡하시는 분
✅ 만성질환으로 매일 약을 드셔야 하는 분
✅ 부모님 복약을 챙겨드리고 싶은 자녀
✅ 혼자 살면서 반려동물 약까지 챙기는 분
✅ 영양제와 처방약을 함께 드시는 분
✅ 어떤 영양제를 같이 먹으면 좋은지 궁금한 분
✅ 임산부·수유부로 약물 안전이 걱정되는 분
✅ 처방전을 일일이 입력하기 번거로우신 분

━━━━━━━━━━━━━━━━━━━━
주요 기능 요약
━━━━━━━━━━━━━━━━━━━━

📸 AI 처방전 사진 인식 · 자동 입력
⏰ 골든타임 복약 시간표
🔔 알림 시간·방식 사용자 설정
👨‍👩‍👧 가족 복약 관리 · 실시간 동기화
🐶 반려동물 약 알림
💚 시너지 조합 정보
⚠️ 약물 상호작용 체크 · 식약처 DUR
🆘 회수의약품 자동 알림 · 식약처
💊 알약 사진 식별 · 식약처 낱알식별
🌿 영양제 인식 · 식약처 + NIH DSLD
🍽️ 음식-약 궁합 분석
📋 처방전 자동 비교
🆘 응급 카드 · 알레르기 정보 공유
👵 시니어 모드 · 음성 안내

━━━━━━━━━━━━━━━━━━━━
🏛️ 공식 공공 데이터 기반
━━━━━━━━━━━━━━━━━━━━

약올림은 다음 공공 의약품 데이터를 활용합니다.
- 식품의약품안전처: e약은요·DUR·회수판매중지·낱알식별·건강기능식품
- 건강보험심사평가원: 약가 정보
- 미국 국립보건원(NIH ODS): Dietary Supplement Label Database

━━━━━━━━━━━━━━━━━━━━
약올림은 의학적 진단·처방을 대체하지 않습니다.
복약 정보는 참고용이며, 의료진·약사 확인이 필요합니다.
━━━━━━━━━━━━━━━━━━━━
----
개발자 연락처 :
인사이트에이아이랩 서초구 명달로8길 25-6, 302호(서초동)
서초구, 서울특별시 06708
South Korea 172-29-01718 제2026-서울서초-2031호 서울특별시 서초구청",건강/운동,https://play.google.com/store/apps/details?id=com.yakolim.app&hl=ko&gl=kr,,,,,,
android,kr,com.blueant.ollacare,"KB올라케어 - 비대면진료, 처방전, 생리주기, 배란일","500만+ 사용자가 선택한 비대면 진료 앱! 
더 든든해진 <font color=""#ffcc00"">KB올라케어</font>에서
감기·비염·피부과부터 여성 건강 관리까지 한 번에 해결하세요.

<font color=""#ffcc00""><b>■ 증상만 선택하면 바로 진료 연결</b></font>
· 감기, 비염, 장염 등 일반 질환부터 여드름, 탈모 등 피부 고민까지
· 질염, 방광염, 생리통, PMS 등 말하기 힘든 고민도 전화로 편하게 진료
· 진료 직후 앱으로 처방전 발급 받아 가까운 약국에서 조제

<font color=""#ffcc00""><b>■ 생리주기, 배란일 예측 W리듬</b></font>
· 광고 없고 정확한 생리주기, 배란일, 가임기 예측
· 내게 맞는 피임약 찾기, 피임약 부작용 케어

<font color=""#ffcc00""><b>■ 진짜 의사와 부담 없이 상담</b></font>
소아, 통증, 피부, 여성 질환 등
진짜 의사와 언제든지 빠르게 상담

<b>갑자기 진료가 필요할 때 
병원 방문이 부담스러울 때
빠르고 든든하게 케어하는 <font color=""#ffcc00"">KB올라케어</font>

지금 다운로드하고
쉽고 빠른 비대면진료를 이용해 보세요!
</b>


[도움이 필요하신가요?]
카카오톡 'KB올라케어' 채널 또는 아래 고객센터로 문의해 주세요.
운영시간 : 평일 09:00~18:00
전화 : 1644-0883
이메일 : olla@kbhc.co.kr

[앱 사용을 위한 선택 접근 권한 안내]
안전하고 편리한 서비스 제공을 위해 선택적 접근 권한을 요청합니다. 해당 권한에 동의하지 않아도 앱 사용은 가능하지만, 일부 기능 사용에 제한이 있을 수 있습니다.


· 위치 : 가까운 약국 검색 시 사용됩니다.
· 전화 : 병원과의 직접 통화 연결에 사용됩니다.
· 카메라 : 진료 신청 시 필요한 사진 촬영 및 첨부에 사용됩니다.
· 저장공간(사진/파일/미디어) : 비대면 진료 및 문의에 필요한 사진을 안전하게 저장합니다.
· 마이크 : 비대면 진료 시 원활한 의사소통을 위해 사용됩니다.
----
개발자 연락처 :
(주)케이비헬스케어 대한민국 서울특별시 강남구
강남구 테헤란로 334, 5층 (역삼동,교정공제회관역삼빌딩)
06212 3568602394 2021-서울강남-06776 서울특별시 강남구 (02-34230-5382)",의료,https://play.google.com/store/apps/details?id=com.blueant.ollacare&hl=ko&gl=kr,,,,,,
android,kr,com.dongwoo.yaksim,약심 - AI 처방전 인식 및 가족 복약 알림,"""나와 가족의 약 복용, 이제 '약심'이 챙겨드릴게요!""

바쁜 일상 속에서 깜빡하기 쉬운 약 복용, 이제 인공지능 OCR과 가족 알림 시스템으로 스마트하게 관리하세요.

핵심 기능:

• AI 처방전 인식: 사진 한 장으로 복잡한 약 이름을 자동으로 등록합니다.
• 가족 안심 알림: 부모님이나 아이가 약을 먹었는지 실시간 푸시로 확인하세요.
• 미복용 리마인더: 약을 잊은 가족에게 버튼 하나로 복약 확인 메시지를 보낼 수 있습니다.
• 지능형 분석 카드: 나의 복약 패턴을 분석하여 건강한 습관을 만들어줍니다.
• 프리미엄 서비스: 가족 공유 기능과 심층 인사이트로 더 꼼꼼하게 관리하세요.

이용약관: https://yaksim.notion.site/31e657a5888d80afa4acf202cfae8fe9
개인정보 처리방침: https://yaksim.notion.site/31e657a5888d80f59c45d38a312e4c70
----
개발자 연락처 :
김동우 한천로11길 10-1
102동 2103호
동대문구, 서울특별시 02612
South Korea 2273101404 2023-서울동대문-0500 동대문구청",의료,https://play.google.com/store/apps/details?id=com.dongwoo.yaksim&hl=ko&gl=kr,,,,,,
android,kr,com.pmatch.pilltalk,"필톡 - 약물상호작용, 약물관리, 리포트","● 함께 사용 중인 약, 안전한지 확인해요
· 여러 약을 동시에 사용할 때 주의가 필요한 조합이 있는지 확인할 수 있어요.
· 처방약·일반약·약국에서 판매되는 건강기능식품을 함께 사용하는 경우를 고려해요.
· 왜 주의가 필요한지 핵심 이유만 정리해 알려줘요.

* 약물상호작용이란?
· 두 가지 이상의 약을 함께 사용할 때 약효나 체내 약물 농도가 달라질 수 있는 현상을 말해요.
· 이 경우 약이 서로의 작용에 영향을 주어 예상과 다른 반응이 나타날 수 있어요.
· 그래서 여러 약을 함께 사용할 때는 한 번 더 확인이 필요해요.

● 약물안전리포트를 한눈에 받아보세요
· 두 가지 이상의 약을 기준으로 약물상호작용 결과를 리포트로 확인할 수 있어요.
· 중복 성분, 유사 효능, 병용 시 주의 사항을 한 번에 확인할 수 있어요.
· 점수와 단계 표시로 위험도를 직관적으로 이해할 수 있어요.

● 내가 먹는 약, 손쉽게 등록해요
· 처방전 연동으로 사용 중인 약을 간편하게 불러올 수 있어요.
· 처방전·의약품 사진 촬영으로도 약 등록이 가능해요.
· 사진 없이도 이름 검색으로 직접 등록할 수 있어요.

● 약 정보가 궁금할 때 바로 물어봐요
· 약 사용과 관련된 기본 정보는 AI를 통해 참고용으로 빠르게 확인할 수 있어요.
· 필요할 경우, 임상 경험이 풍부한 전문 의료진과 1:1 상담을 무료로 이용할 수 있어요.

● 이런 분들께 도움이 돼요
· 여러 약을 함께 사용하는 분
· 약물상호작용이 걱정되는 분
· 약 정보를 한곳에서 정리하고 싶은 분
· 부모님이나 가족이 사용하는 약을 함께 확인하고 싶은 분

[꼭 알아두세요]
필톡은 참고용 정보로 의학적 판단이나 진료 행위로 해석될 수 없으며, 이로 인해 발생하는 어떠한 책임도 지지 않습니다. 정확한 증상 파악이나 진단은 의료 기관을 방문하여 전문 의료진과 상담하시길 권장드립니다.

[선택 접근 권한 안내]
필톡 앱은 선택 접근 권한 없이도 이용할 수 있어요. 다만, 일부 기능은 권한 허용 시에만 제공될 수 있어요.
· 알림: 약 사용 시간 알림 및 서비스 혜택 수신
· 카메라, 사진: 처방전 또는 의약품 사진 기반 약물 등록 

[고객센터]
· 이메일 support@pmatch.co.kr
· 카카오톡 @pilltalk
----
개발자 연락처 :
(주)피매치 호암로 597
관악구, 서울특별시 08846
South Korea 5678702157 2024-서울마포-2361호 본인 직접 신고",의료,https://play.google.com/store/apps/details?id=com.pmatch.pilltalk&hl=ko&gl=kr,,,,,,
android,kr,kr.lifesemantics.doctorcall,"닥터콜 - 비대면진료 앱, 약처방, 처방전","[대한민국 최초 비대면진료 앱 닥터콜]

진료에서 처방까지, 언제 어디서나 대기 없이 닥터콜로 내 손안의 병원을 만나보세요!

●쉽고 간편한 진료 예약
- 원하는 의사에게 가장 빠르게 비대면 진료를 받아보세요.

●화상 진료
- 화상으로 진료 및 상담을 받아보세요.

● 약국으로 처방전 전송
- 진료 이후에 선택한 약국으로 처방전을 전송해 드려요.

● 해외에서도 걱정 말고 닥터콜!
- 전세계 어디에서든 비대면진료를 받을 수 있어요.
* 닥터콜은 산업융합촉진법에 따른 규제 샌드박스 사업으로 임시허가를 받은 국내 첫 재외국민 대상 비대면진료·상담 서비스입니다.

● 건강 상태 모니터링
- 나의 혈압, 혈당, 체온 등 내가 등록한 건강 상태를 의료진이 모니터링 할 수 있어요.

● 나의 건강 기록
- 보건복지부의 나의 건강 기록 정보를 연동하여 한눈에 내 건강 기록을 확인할 수 있어요.

● 앱 권한 정보 안내
- 필수 권한 : 카메라, 마이크(화상진료), 기기 사진, 미디어, 파일 저장 공간(처방전 다운로드 및 이미지 첨부)
- 선택 권한 : 푸시 알림(알림 서비스), 전화(약국 선택 시 전화 연결), 위치(약국 찾기 및 블루투스 연동)

* 닥터콜은 사용자의 원활한 앱 이용을 위한 최소한의 접근 권한만 요청합니다.
* 선택 권한은 허용하지 않아도 서비스를 이용할 수 있으나, 일부 기능 사용에 제한이 있을 수 있습니다.
* 안드로이드 정책에 따라 OS 6.0 미만 버전에서는 모든 권한을 필수로 허용해야 합니다. 권한을 선택적으로 허용하고 싶다면 OS 버전을 업데이트해주세요.
* 기존에 설치된 앱을 사용하시는 경우에는 앱을 삭제 후 재설치 하셔야 접근 권한 설정이 가능합니다.
* 접근 권한 변경 방법 : 휴대폰 설정 > 앱 관리 > 닥터콜 > 권한

● 닥터콜 고객센터
- 전화 1899-4358
- 카카오톡 @닥터콜
- 이메일 drcall@lifesemantics.kr

● 닥터콜 by canofy
*캐노피는 좋아하는 것을 더 오래 할 수 있도록,  좋아하는 사람과 더 오래 살 수 있도록 돕는 라이프케어 브랜드입니다.

(주)라이프시맨틱스
----
개발자 연락처 :
(주)스피어코퍼레이션 대한민국 서울특별시 강남구
강남구 삼성로95길 27 3층 (삼성동,영창빌딩)
06159 1208788602 2013-서울강남-01316 강남구청장",의료,https://play.google.com/store/apps/details?id=kr.lifesemantics.doctorcall&hl=ko&gl=kr,,,,,,
android,kr,com.charmacist.app.prescription,사이렌RX - 참약사 처방전 오더,"[ 과거 진료 내역 확인 기능 추가!]

참약사 앱을 이용하여
약국에서 처방전 접수 후 대기 시간을 줄여보세요!


01. 약국에서 기다리는 시간을 줄일 수 있어요.
02. 조제약을 기다리는 시간을 효율적으로 사용할 수 있어요.
03. 과거 진료 이력 내역을 볼 수 있어요.
04. 앱을 통해 접수한 처방전을 편리하기 관리할 수 있어요.

이제, 참약사 앱을 이용하여 효율적인 시간 관리하세요!

[과거 진료 이력 조회]
참약사 앱을 통해 과거 진료 이력을 확인할 수 있어요
과거 이력으로 약사님과 효율적인 복약상담이 가능해요

[약국등록]
지도를 통해 주변에 있는 참약사 가맹 약국을 한눈에 알아보세요

[처방전 접수]
약국에 처방전을 미리 보내 앱을 통해 먼저 약국에 방문하세요
약국에서 미리 처방전을 확인하여 처방전 실물을 전달하고 난 뒤 조제 시간이 단축됩니다

[ 처방전 모아보기 ]
앱을 통해 전송한 처방전을 관리할 수 있어요
처방전 모아보기를 통해 편리한 복약 관리를 할 수 있어요
----
개발자 연락처 :
Charmacist Rm 1102
Bodeumgwan 1 Kangwondaehak-gil
춘천시, 강원도 24341
South Korea 736-88-01144 제2020-서울성북-0972호 성북구청",의료,https://play.google.com/store/apps/details?id=com.charmacist.app.prescription&hl=ko&gl=kr,,,,,,
android,kr,com.dsxpress.mycabinet,MyCabinet: Medicine Management,"MyCabinet은 간편한 약물 관리를 위한 솔루션으로, 약물, 비타민, 보충제를 한 곳에서 그 어느 때보다 쉽게 ​​정리하고 추적할 수 있습니다. 개인과 바쁜 간병인을 위해 설계된 이 제품은 더 나은 건강 결과를 촉진하고 예방 가능한 위험을 줄입니다.

MyCabinet이 당신을 위해 할 수 있는 일:

- 처방약 및 비처방약 관리: 모든 약품, 건강 제품, 비타민, 보충제를 한 곳에서 추적하세요.
- 여러 캐비닛: 별도의 맞춤형 약장을 사용하여 자신과 사랑하는 사람을 위한 약품을 정리하세요.
- 약물 상호 작용 확인: 처방약 간의 잠재적인 상호 작용을 확인하여 안전을 보장합니다.
- 건강 문서 저장: 의료 문서를 안전하게 저장하고 공유하세요.
- 약물 및 리필 알림: 시간에 맞춰 약을 복용하고 리필할 수 있도록 맞춤 알림을 설정하세요.
- 원클릭 공유: 한 번의 클릭으로 의사, 간병인 또는 응급 상황 시 약물 목록을 쉽게 공유할 수 있습니다.
- 준수 모니터링: 약물 습관을 추적하고 일관성을 유지하세요.
- 처방전 리필: 앱을 통해 직접 처방전을 리필하세요.
- 의약품 및 보충제 할인(출시 예정!): 의약품, 비타민 및 보충제에 대한 독점 할인을 이용하세요.
- 보상(출시 예정!): 앱을 사용하면서 보상을 받고 레벨을 올리세요.

MyCabinet은 자신의 약물, 비타민 및 보충제를 관리하는 개인부터 사랑하는 사람의 건강을 책임지는 간병인에 이르기까지 광범위한 사용자에게 혜택을 제공하도록 설계되었습니다. 바쁜 가족은 별도의 맞춤형 캐비닛을 통해 여러 구성원의 약품 추적을 간소화할 수 있으며, 노인이나 만성 질환이 있는 사람들은 미리 알림을 설정하여 처방전을 항상 확인할 수 있습니다. MyCabinet을 사용하면 약물 관리에 참여하는 모든 사람이 건강에 대한 보다 체계적이고 안정적이며 편리한 접근 방식을 경험할 수 있습니다.

MyCabinet은 약물 치료뿐만 아니라 비타민과 보충제 관리에도 적합합니다. 비타민, 미네랄, 허브 제품 등 무엇을 추적하든 이 앱은 모든 보충제를 한 곳에 정리하는 데 도움이 됩니다. 시간에 맞춰 알림을 설정하고 건강 관리 서비스 제공자와 보충제 목록을 쉽게 공유하여 건강 관리 방법을 보다 포괄적으로 파악하고 잠재적인 상호 작용을 식별할 수 있도록 하세요. 

MyCabinet은 HIPAA를 완벽하게 준수하므로 귀하의 개인 건강 정보가 최고 수준의 보안 및 개인 정보 보호로 보호됩니다. 이 앱은 HIPAA(건강보험 이전 및 책임에 관한 법률)에서 정한 엄격한 규정을 충족하여 약물 기록, 처방전, 개인 정보와 같은 민감한 건강 데이터를 보호하도록 설계되었습니다. MyCabinet은 건강 정보가 안전하게 기밀로 처리되도록 보장하여 사용자, 의료 서비스 제공자 및 간병인에게 마음의 평화를 제공합니다.

모든 사람을 위해 간단하고 안전하며 맞춤화된 약물 관리가 제공됩니다. 지금 바로 MyCabinet으로 간편하게 건강관리를 시작해 보세요!",의료,https://play.google.com/store/apps/details?id=com.dsxpress.mycabinet&hl=ko&gl=kr,,,,,,
android,kr,com.baropharm.app,바로팜 - 약국 경영의 모든 것,"전국 21,000명 약사들의 선택, 바로팜
이제는 모바일로도 쉬운 반품 신청!

[바코드 스캔만 하면 끝]
반품하고 싶은 약의 바코드를 스캔해 보세요.
판매처별 반품 수량 입력부터 반품 신청까지, 모바일에서 바로 처리할 수 있어요.

[사진만 찍으면 주문이 바로]
주문장 또는 처방전을 찍으면 AI BAROi가 바로 담아드려요.
검색할 필요 없이, 사진 한 장으로 주문 끝!

[품절약 알림 받고 빠르게 바로]
품절 입고 알림을 앱 푸시로 알려드려요.
앱 푸시를 클릭하면 보다 더 빠르게 주문할 수 있어요.

[의약품 검색하고 손쉽게 바로]
필요한 의약품을 검색하면 이용 중인 도매부터 제약사까지 한 번에 주문할 수 있어요.
즐겨찾기, 동일 성분, 최근 주문 내역까지 앱에서도 모두 이용할 수 있어요.
장바구니에서 전체상품보기를 누르면 각 도매 유형별 최소 주문 금액을 쉽게 채울 수 있어요. 

[약사 전용 쇼핑몰, 혜택까지 바로]
약사님만을 위한 스토어를 만나보세요.
다양한 상품을 바로팜 혜택과 함께 만나볼 수 있어요.

[소통도 궁금증 해결도 바로]
약국 이야기부터 약국생활 꿀팁까지 전국 약사님들과 자유롭게 소통해요.
바로 마켓과 POP 자료실에서 약국 운영에 필요한 모든 것을 받아갈 수 있어요.
약품 정보와 상담 노하우 등 복약지도에 유용한 학술콘텐츠도 쏙쏙 알려드려요.

[참여만 해도 포인트가 바로]
출석 체크, 설문, 퀴즈 등 다양한 이벤트에 참여하면 포인트를 받을 수 있어요.

[바로팜의 기기 접근 권한 안내]
바로팜 앱은 서비스 운영에 필요한 접근 권한만을 사용하고 있으며, 모든 권한은 사용자의 선택에 따라 허용 여부를 결정할 수 있습니다.

1. 사진/미디어/파일: 게시글에 이미지를 첨부하거나 기기에 저장할 때, AI 바로주문 내 주문장 또는 처방전 이미지를 불러올 때 필요합니다.
2. 카메라: 게시글 이미지 첨부, AI 바로주문 기능으로 주문장 또는 처방전 촬영, 통합반품 수거신청으로 바코드를 스캔할 때 필요합니다.
3. 푸시 알림: 알림, 음향 및 아이콘 배지를 받을 때 필요합니다.",쇼핑,https://play.google.com/store/apps/details?id=com.baropharm.app&hl=ko&gl=kr,,,,,,
android,kr,com.onions.papricacare,"파프리카케어 - 내 질병, 약정보, 복약알람 건강관리","처방전과 약봉투로 시작하는 건강관리

<font color=""#FC630E""><b>1. 의료 기록도 쉽고 편하게 관리하세요.</b></font>
처방전 또는 약봉투를 찍어 의료기록을 쉽고 편하게 관리하세요. 내가 언제 무슨 질병으로 어느 병원에 방문했는지, 어떤 약을 복용했는지, 이제 희미한 기억에 의존하지 마세요.

<font color=""#FC630E""><b>2. 내 질병, 내가 먹는 약, 병원에 대한 정보를 확인해 보세요. </b></font>
온라인 상의 많은 정보 중에 어떤 것이 믿을 만한 정보 인지 고민하거나, 생소한 의학 용어 때문에 어려워하지 않아도 돼요. 내 질병, 약에 대해 궁금한 점을 의료 빅데이터 기반의 통계 정보로 확인하세요.

<font color=""#FC630E""><b>3. 복약 시 주의할 점을 확인해 보세요. </b></font>
함께 먹으면 안 되는 약, 성분 또는 효능이 중복인 약, 임산부가 먹으면 안 되는 약 등 복용 중인 약에 대한 주의 사항을 알려 드려요.

<font color=""#FC630E""><b>4. 복약 알림을 받아 약을 제때 드세요. </b></font>
처방전을 찍으면 자동으로 복약 시간에 알림을 보내 드려요. 내 생활 패턴에 맞는 복약 시간을 한 번만 설정하면 끝!

<font color=""#FC630E""><b>5. 복약 상황을 한눈에 확인하세요. </b></font>
여러 다른 약을 복용하는 경우, 복약 일정을 달력 또는 목록 형태로 볼 수 있어 관리를 더욱 쉽게 할 수 있어요.

<font color=""#FC630E""><b>6. 가족 추가로 온 가족 건강까지. </b></font>
가족 추가 기능으로 부모님과 아이들의 진료 및 처방 기록, 복약 관리까지 편하게 해드립니다.

<font color=""#FC630E""><b>7. 처방전 없이도 복약관리를 시작할 수 있어요. </b></font>
이제 복약 내역을 직접 입력해서 복약을 시작할 수 있습니다!

- 내 질병과 가장 많이 동반되는 다른 질병은?
- 내 질병은 어떤 진료과에서 가장 많이 진료를 받는지?
- 내가 지금 먹는 약, 어떤 질병으로 먹는 약 인지? 등

    질병, 약에 대한 꼭 필요한 정보. 이제 파프리카케어에서 확인하세요 !

[서비스 이용 안내]

1. 회원가입
이메일과 SNS계정으로 간편하게 회원 가입이 가능합니다.

2. 본인 인증
처방전 분석 서비스를 이용하기 위해서는 휴대폰 인증을 통한 본인 확인이 필요합니다.

3. 처방전/약봉투 찍기
앱에서 직접 처방전 또는 약봉투를 촬영하거나 기존에 촬영한 사진을 선택하여 입력할 수 있습니다.

4. 처방 내역 직접 입력
처방전 없이도 직접 처방 내역을 입력해서 복약을 시작할 수 있습니다.

5. 처방 정보 확인
등록된 처방 내용을 언제 어디서나 확인할 수 있습니다. 진단받은 질병 및 처방받은 약, 방문한 병원에 대한 정보를 손쉽게 확인할 수 있습니다.

6. 복약 관리
자동으로 입력된 복약 안내에 따라 알맞은 시간에 복약할 수 있도록 알림을 드립니다.

- 의료 통계 정보는 건강보험심사평가원에서 매년 제공하는 145만명의 환자 표본데이터 중, 가장 최신 자료를 의료데이터 솔루션 전문회사가 수행한 분석자료입니다.
----
개발자 연락처 :
(주)스피어코퍼레이션 대한민국 서울특별시 강남구
강남구 삼성로95길 27 3층 (삼성동,영창빌딩)
06159 1208788602 2013-서울강남-01316 강남구청장",의료,https://play.google.com/store/apps/details?id=com.onions.papricacare&hl=ko&gl=kr,,,,,,
android,kr,com.estsoft.alyac,알약 - 백신 · 스미싱 차단 · 메모리 정리,"🛡️ 모바일 보안, 알약 하나로 충분합니다
무료 모바일 백신으로 스미싱·큐싱·피싱을 차단하고,
바이러스 검사, QR 검사, 민감정보 탐지, 메모리 정리, 가족 보안까지
스마트폰 보안에 필요한 모든 기능을 한 앱에서 제공합니다.

✔ 바이러스 검사 & 악성앱 탐지
알약의 보안 DB를 기반으로 악성코드와 악성 앱을 분석해
의심스러운 파일로부터 스마트폰을 지킬 수 있도록 도와드립니다.

✔ 스미싱 · 피싱 차단
문자 메시지 속 사기성 링크와 의심스러운 URL을 분석해
스미싱, 보이스피싱, 피싱 사이트로부터 보호받을 수 있습니다.

✔ QR 검사 · 큐싱(Qshing) 대응
카메라로 QR코드를 스캔하거나 사진첩의 QR 이미지를 선택하면
악성 링크 · 피싱 사이트 연결 여부를 분석해드립니다.
QR을 이용한 신종 사기인 '큐싱(Qshing)'에 대비할 수 있습니다.

✔ 민감정보 탐지 · 사진 속 개인정보 보호
사진첩에 저장된 신분증, 여권 번호 등 민감한 개인정보가 담긴
이미지를 분석해 한눈에 확인할 수 있도록 도와드립니다.
유출이 걱정되는 사진은 삭제하거나 보관함에 보관해
개인정보 노출 위험을 줄일 수 있습니다.

✔ 사진 개인정보 제거 (NEW)
눈에 보이지 않는 사진 속 정보를 탐지해
나도 모르게 공유되는 개인정보 노출 위험을 줄여드립니다.
 
사진 속 위치 정보를 통해 집 · 직장 뿐 아니라 
자주 방문하는 장소나 이동 패턴을 추정할 수 있습니다.
 
알약이 사진 속 위치· 기기 정보를 포함한 이미지를 탐색하고
사진 속 개인정보를 제거하거나 촬영 일시를 변경하여
개인정보가 타인에게 유출되는 위험을 줄여 드립니다.

📌 이런 분께 추천합니다
   ""사진첩 속 신분증 · 민감정보 사진이 걱정되시는 분""

✔ 메모리 정리
실행 중인 불필요한 앱을 정리해
메모리 점유율을 확인하고 관리할 수 있도록 도와드립니다.

✔ 간편 정리 & 용량 관리
중복 사진, 다운로드 파일, 스크린샷을 한 번에 정리해
스마트폰의 저장 공간을 손쉽게 관리할 수 있습니다.

✔ 안티피싱 · 피싱앱 탐지
금융 · 메신저 사칭이 의심되는 앱을 분석해
가짜 앱으로 인한 개인정보 유출 위험을 확인할 수 있습니다.

✔ 앱 잠금
메신저, SNS, 갤러리 등 사생활이 담긴 앱을
비밀번호로 보호할 수 있습니다.

✔ Wi-Fi 보안
보안이 취약한 공용 Wi-Fi 접속 시 사용자에게 알림을 제공해
안전한 네트워크 환경을 선택할 수 있도록 도와드립니다.

✔ 알림콕 — 스마트 알림 관리
중요한 알림을 모아서 확인하고, 삭제된 알림도 다시 볼 수 있습니다.
필요하지 않은 알림은 간편하게 정리할 수 있습니다.


🎁 알약 [혜택] — 매일 사용할 수 있는 새로운 쿠폰과 경품 당첨까지!

알약에서 보안과 함께 혜택도 챙겨보세요.
앱 하단 [혜택] 탭에서 매일 사용할 수 있는 쿠폰을 만나보실 수 있어요.

✔ 매일 사용할 수 있는 쿠폰
· 카페, 치킨 등 다양한 카테고리의 핫딜 쿠폰을 제공해드려요.
· 편의점 모바일 상품권 쿠폰도 받아보실 수 있어요.

✔ 경품 당첨 이벤트
· 다양한 선물 경품에 누구나 쉽게 응모하실 수 있어요.
· 출석체크로 모은 포인트로 행운 경품 당첨까지.

매일 알약을 켜고, 혜택을 만나보세요.


🔥 알약 패밀리케어 — 가족 보안 관리 (구독 서비스)
AI 피싱 탐지 기술을 활용해 가족 구성원의 모바일 보안을 함께 관리할 수 있습니다.
가족 휴대폰에 스미싱 · 악성 링크가 감지되면 보호자에게 알림이 전송됩니다.

✨ 패밀리케어 구독 기능
· 리워드 광고를 포함한 앱 내 모든 광고 제거
· 가족 구성원 보안 AI 탐지 및 실시간 알림


📌 이런 분께 추천합니다
· 무료 모바일 백신 앱을 찾고 계신 분
· 스미싱 · 보이스피싱 · 큐싱 예방이 필요하신 분
· QR코드 스캔 전 안전 여부를 확인하고 싶으신 분
· 사진 · 파일 정리가 필요하신 분
· 가족의 모바일 보안도 함께 관리하고 싶으신 분
· 보안 앱에서 매일 혜택까지 받고 싶으신 분


📢 지원 언어
알약은 한국어와 영어를 지원합니다.

🔧 앱 접근 권한 안내
알약은 서비스 제공에 필요한 권한만 요청합니다.

필수 접근 권한
⠂저장소: 검사 및 치료 / 간편 정리 / 용량 정리 / 사진 정리 / 민감정보 탐지 기능 제공

선택 접근 권한
⠂카메라: QR 검사 기능 제공
(QR코드 스캔 시에만 사용되며, 촬영된 이미지는 별도로 저장 · 전송되지 않습니다)
⠂사진/미디어: 사진첩 내 QR 이미지 검사 기능 제공
⠂위치: Wi-Fi 보안 기능 제공
⠂전화: 앱 관리 – 설치된 앱 정보 제공 (OS 10 미만)
⠂사용정보: 앱 관리 기능 제공
⠂알림: 스미싱 / 알림콕 / 패밀리케어 기능 제공
⠂백그라운드 위치: Wi-Fi 보안 알림 관리 (OS 10 이상)
⠂다른 앱 위에 표시: 앱잠금 / 스미싱 탐지 / 메모리 정리 / 캡처 기능 제공
⠂접근성: 실행 중인 앱 확인 후 메모리 정리 기능 제공
(사용자 정보나 민감한 데이터는 수집 · 전송되지 않습니다)

추가 권한
⠂기기관리자: 앱 보안성 유지

선택 접근 권한에 동의하지 않아도 알약 서비스 이용이 가능합니다.
단, 미동의 시 해당 권한의 정상적인 이용이 어려울 수 있습니다.

📃 개인정보처리방침
https://www.estsecurity.com/public/privacy

📝 문의
· 이메일: m_alyac@estsecurity.com
· 홈페이지: https://www.estsecurity.com/public/product/alyacm
· 블로그: https://blog.alyac.co.kr/

🥰 개발자 연락처
TEL / 1544-8209
사업자등록번호 / 229-81-0321

※ 알약 앱은 퀵 메뉴를 통한 바이러스 검사, 실시간 탐지, 앱 잠금 및 Wi-Fi 연결 등
앱 실행 중 보안 기능을 안정적으로 제공하기 위해 필요한 경우 포그라운드 서비스가 활성화됩니다.
스크린 캡처는 사용자 이용 시에만 포그라운드 서비스가 활성화되며,
캡처 기능 완료 후 포그라운드 서비스는 종료됩니다.
----
개발자 연락처 :
주식회사 이스트시큐리티 대한민국 서울특별시 서초구
서초구 반포대로 3, 1층, 3층(서초동, 이스트빌딩)
06711 548-86-00471 2011-서울서초-1962 2011-서울서초-1962",도구,https://play.google.com/store/apps/details?id=com.estsoft.alyac&hl=ko&gl=kr,,,,,,
android,kr,com.myyak.app,"마이약: AI 처방약/영양제 알림, 건강상태 자동 분석","💊 마이약 - 당신의 똑똑한 복약 파트너

처방전 찍으면 끝! AI가 알아서 약 등록하고 알림까지 설정해드려요.

━━━━━━━━━━━━━━━━━━━━━━━━━━━━

📸 AI 처방전 스캔

처방전/약봉투를 카메라로 찍기만 하세요.
AI가 자동으로 약 이름, 복용 횟수, 복용량을 인식합니다.
식약처 공식 데이터베이스와 연동하여 정확한 약물 정보를 제공합니다.

✓ 사진 한 장으로 약 자동 등록
✓ 약의 효능, 부작용, 주의사항까지 알려드려요
✓ 약 사진으로 내 약 한눈에 확인
✓ 일일이 입력할 필요 없어요

━━━━━━━━━━━━━━━━━━━━━━━━━━━━

⏰ 복약 시간 알림

""아침 식후 30분"", ""하루 3번""
처방전에 적힌 복용법을 AI가 분석해서 알림을 자동으로 설정합니다.
바쁜 일상에서도 약 먹을 시간을 놓치지 않아요.

✓ 아침/점심/저녁/필요할 때 시간대별 알림
✓ 바쁠 땐 ""나중에 알림"" - 30분 뒤에 다시 알려드려요
✓ 알림에서 바로 ""복용 완료"" 기록

━━━━━━━━━━━━━━━━━━━━━━━━━━━━

📅 오늘 먹을 약 한눈에

홈 화면에서 오늘 먹어야 할 약을 한눈에 확인하세요.
시간대별로 정리되어 있어서 헷갈릴 일이 없습니다.

✓ 아침/점심/저녁/필요할 때로 깔끔하게 정리
✓ ""지금 복용"" 버튼 한 번으로 기록 끝
✓ 같은 시간대 약은 ""모두 복용""으로 한 번에
✓ 달력에서 이번 달 복약 현황 확인

━━━━━━━━━━━━━━━━━━━━━━━━━━━━

👨‍👩‍👧 가족 연동

부모님이나 자녀가 약을 잘 챙겨먹는지 걱정되시나요?
가족의 전화번호로 연동하면 복약 현황을 확인할 수 있어요.

✓ 전화번호로 간편하게 가족 연결
✓ 보호대상자의 복약 현황 실시간 확인
✓ 약을 안 먹었을 때 알림으로 알려드려요
✓ 멀리 떨어져 있어도 안심

━━━━━━━━━━━━━━━━━━━━━━━━━━━━

🤖 AI 건강 분석

AI가 내가 먹는 약과 건강 기록을 분석해서
나만을 위한 맞춤 건강 정보를 알려드려요.

✓ 내 약이 몸에서 어떻게 작용하는지 쉽게 설명
✓ 자신도 모르는 의심 질환 추적
✓ 약과 함께 먹으면 안 되는 음식 안내
✓ 함께 먹으면 좋은 영양제 추천
✓ 복약 중 도움되는 생활 습관 팁
✓ 내 복약 습관 분석 및 건강 변화 그래프

━━━━━━━━━━━━━━━━━━━━━━━━━━━━

📝 오늘의 컨디션 기록

매일 몸 상태를 간단히 기록해보세요.
컨디션 변화와 약의 연관성을 파악할 수 있어요.

✓ 오늘의 건강 점수 남기기
✓ 증상이나 특이사항 메모
✓ AI 분석에 자동 반영

━━━━━━━━━━━━━━━━━━━━━━━━━━━━

💊 영양제도 함께 관리

처방약뿐만 아니라 영양제도 함께 관리하세요.
검색해서 쉽게 등록하고 알림 받을 수 있어요.

✓ 영양제 검색으로 간편 등록
✓ 처방약과 영양제 한 곳에서 관리
✓ 영양제 복용 알림도 설정 가능

━━━━━━━━━━━━━━━━━━━━━━━━━━━━

📋 처방전 보관함

스캔한 처방전을 앱에서 안전하게 보관하세요.
병원 갈 때 이전에 받은 약을 쉽게 보여줄 수 있어요.

✓ 처방전 사진 안전 보관
✓ 병원, 처방일, 진단명 함께 기록
✓ 처방전마다 어떤 약이 있었는지 확인
✓ 복용 완료된 약은 따로 보관

━━━━━━━━━━━━━━━━━━━━━━━━━━━━

⚠️ 내 약 안전하게 챙기기

복용 중인 약의 중요한 정보를 놓치지 마세요.

✓ 부작용과 주의사항 미리 확인
✓ 함께 먹으면 안 되는 약 알림
✓ 남은 약 개수 자동 계산
✓ 약이 떨어지기 전에 미리 알림

━━━━━━━━━━━━━━━━━━━━━━━━━━━━

📱 주요 기능

- AI 처방전 스캔: 찍으면 자동 등록
• 복약 알림: 시간 맞춰 알려드려요
• 오늘의 복약: 먹을 약 한눈에 확인
• 가족 연동: 가족 복약 현황 확인
• AI 건강 분석: 나만의 맞춤 건강 정보
• 컨디션 기록: 매일 건강 상태 체크
• 영양제 관리: 처방약과 함께 관리
• 처방전 보관: 안전하게 보관
• 큰 글씨 지원: 어르신도 편하게

━━━━━━━━━━━━━━━━━━━━━━━━━━━━

🔒 안심하고 사용하세요

- 내 정보는 안전하게 암호화
• 카카오로 간편 로그인
• 광고 없이 깔끔하게

━━━━━━━━━━━━━━━━━━━━━━━━━━━━

📌 데이터 출처 및 고지
• 의약품 정보 출처: 식품의약품안전처 의약품안전나라 (https://nedrug.mfds.go.kr)
• 본 앱은 정부 기관과 제휴하거나 운영하는 앱이 아닙니다.
• 모든 의약품 정보는 참고용이며, 건강에 관한 중요한 결정은 반드시 의료 전문가와 상담하세요.


문의: myyakk1@gmail.com",건강/운동,https://play.google.com/store/apps/details?id=com.myyak.app&hl=ko&gl=kr,,,,,,
android,kr,kr.goodpharm.forpharmacy,굿팜 약사님용,"모바일에서 처방전을 촬영하고 촬영한 사진을 전송하여 해당 처방전을 약국 PC 에 날짜별로 분류 및 광학 문자 인식 (OCR)으로 처리하여 약국에서 편리하게 처방을 관리할 수 있습니다.

고객 응대가 어려우셨죠? 이제는 더욱 편리한 방법으로 고객에게 서비스를 제공할 수 있습니다. 케이스에 따라 빠르고 효과적으로 응대할 수 있는 채팅 기능을 활용해보세요.

모바일 약국을 약국 장님의 필요에 맞게 자유롭게 설정해보세요. 원하는 기능과 인터페이스를 조정하고, 모바일 약국을 최적화하여 더욱 효율적인 운영을 가능케 합니다!",의료,https://play.google.com/store/apps/details?id=kr.goodpharm.forpharmacy&hl=ko&gl=kr,,,,,,
android,kr,com.hoodpub.mediciary,약일기 - 약봉투 스캔 및 처방전 자동 기록,"""무슨 약인지 잘 모르고 드셨나요? 복잡한 약봉투와 처방전, 이제 사진 한 장으로 관리하세요!""
당신의 똑똑한 복약 메이트, **약일기**가 복잡한 약 정보 관리를 세상에서 제일 쉽게 만들어 드립니다.

스마트폰으로 약봉투나 처방전을 찰칵! 📸 찍기만 하면 끝. 
어려운 의학 용어 대신, 누구나 이해하기 쉬운 설명으로 내 약의 정보를 알려드려요.

✨ [약일기 핵심 기능] ✨

📸 1초 만에 끝나는 자동 입력 (OCR)
약봉투나 처방전을 사진으로 찍어 올리면, AI가 자동으로 약 이름과 복용법을 인식해 기록합니다. 일일이 타이핑할 필요가 없어요!

💊 세상에서 가장 쉬운 약 설명
""이 약은 왜 먹는 걸까?"" 약의 효능, 용량, 복용법, 부작용 및 주의사항까지 한눈에 알기 쉽게 설명해 드립니다.

📚 나만의 복약 히스토리 관리
내가 먹었던 약들을 날짜별로 꼼꼼하게 관리하고, 언제든 다시 꺼내 볼 수 있습니다. 우리 가족 건강 기록으로도 활용해 보세요.

🔍 정밀한 약물 정보 제공
공신력 있는 데이터를 기반으로 신뢰할 수 있는 정보를 제공하여, 안심하고 복용할 수 있도록 도와드립니다.

나와 내 가족의 건강을 위한 첫걸음, 더 이상 어렵게 관리하지 마세요.
지금 바로 '약일기'를 다운로드하고 스마트한 건강 기록을 시작하세요!
----
개발자 연락처 :
후드펍 대한민국 39215 경상북도 구미시
송동로2길 32, 205동 606호(도량동, 도량미소지움2단지) 596-14-02979 2026-경북구미-0408 호 구미시",의료,https://play.google.com/store/apps/details?id=com.hoodpub.mediciary&hl=ko&gl=kr,,,,,,
android,kr,com.woorien.wrapp,우리엔(Woorien),"우리엔 앱은 반려동물의 건강 관리를 쉽고 편리하게 도와주는 모바일 서비스입니다.
병원 방문부터 진료 기록, 예방접종 관리까지 한 번에 확인해보세요.

■ AI 진료요약
진료 내용을 AI가 보기 쉽게 정리해드립니다.
보호자가 이해하기 쉬운 형태로 진료 정보를 확인할 수 있습니다.

■ 동반출입 패스
접종 기록을 기반으로 반려동물 동반 출입 시
필요한 접종내역을 간편하게 증빙할 수 있습니다.

■ 건강 정보 관리
병원 방문 내역, 체중, 예방접종, 구충 이력까지
우리 아이의 건강 정보를 한눈에 확인할 수 있습니다.

■ 병원 탐색
내 주변 동물병원을 쉽게 찾고 확인할 수 있습니다.

■ 일정 관리
예방접종 및 투약 예정일을 확인하고
놓치지 않도록 관리할 수 있습니다.",라이프스타일,https://play.google.com/store/apps/details?id=com.woorien.wrapp&hl=ko&gl=kr,,,,,,
android,kr,com.museLIVE.quabbleapp,Quabble: 올바른 데일리 정신 건강 관리 앱,"여러분은 Quabble이 제공하는 많은 부분을 사랑하게 될 것입니다!

콰블은 여러분의 정신 건강 관리 습관을 더 즐겁고, 몰입감 있게, 그리고 일상 생활의 자연스러운 부분이 되도록 만들어 일상에서 마주하는 다양한 어려움에 더 잘 대비할 수 있도록 도와줍니다! 또한 콰블의 폭넓고 쉬운 정신 건강 관리 루틴과 게임, 그리고 독특한 커뮤니티 기능들은 여러분의 꾸준한 정신적 웰빙을 지키는 역할을 해요:) 그 중 가장 좋은 점은, 콰블 하나만으로 수면, 명상, 불안 및 우울증 관리, 일기 작성, 가상 반려동물 돌보기, 커뮤니티 지원 등 여러 앱을 번갈아 사용할 필요 없이, 하루하루의 정신 건강 관리를 간편하게 할 수 있다는 것입니다!

현재까지 콰블이 무엇을 이뤄냈을까요?

- 정기적으로 앱을 사용하는 유저의 98%가 우리가 제공하는 마음 운동이 정신 건강에 도움이 된다고 이야기했어요.
- 지금까지 184,000회 이상의 정신 건강 루틴이 수행되었어요.

여러분은 콰블이 제공하는 더 많은 부분을 사랑하게 될 것입니다!

첫째, 종합 정신 건강 툴!

다양한 정신 건강 관리 도구(마음 운동), 개인 맞춤형 정신 건강 루틴, 목표 추적 기능, 가상 펫 키우기를 통해 사용자는 자신의 선호에 맞는 도구를 선택하거나 조합하여 즐겁고 흥미로운 맞춤형 경험을 할 수 있어요. 콰블은 지속적으로 정신적 웰빙을 유지하기 위해 필요한 유일한 정신 건강 앱입니다!

둘째, 다양한 상호작용 & 맞춤 설정 기능!

‘안전 지대’, ‘긍정 민들레’, ‘보물 상자’ 등과 같은 여러 마음 운동으로 나만의 기분 좋은 공간을 만들어 동기 부여를 향상시키고  콰블에서의 경험을 더 즐겁게 만들 수 있습니다!

셋째, 귀여운 동반자이자 안내자!

귀여운 콰블 오리를 만나보세요! 당신의 사랑스러운 동반자이자 안내자가 되어 매일매일의 정신 건강 여정을 함께하고 일상의 기쁨을 더해줄 거에요. 이 세심하게 설계된 기능은 불안과 우울증을 극복하는 데 도움을 줍니다. P.S. 오리를 쓰다듬어주고, 트릭을 즐기며, 파크를 꾸미고 친구들을 만나보세요. (콰블 오리 친구들이 가끔 서프라이즈로 등장할 수도..?)

넷째, 익명의 마음 공유 및 서포트:

‘대나무숲’ 마음운동을 통해 콰블의 따뜻한 커뮤니티와 익명으로 마음을 공유해보세요. 이곳에서 비슷한 고민을 가진 사람들과 서로 조건 없이 지지하고 격려하며, 불안, 우울, 자기 의심을 더 잘 극복할 수 있도록 도움을 받을 수 있습니다:)

건강한 정신적 웰빙 위한 올인원 마음 운동 리스트

(저희는 계속해서 마음 운동을 업데이트 하고 있습니다!)

- 달빛:

클로드 드뷔시의 달빛이 편안하게 당신을 재워줄 것입니다.

- 대나무숲:

대나무 숲은 익명으로 글을 쓰며 다른 사람의 평가에 대한 걱정 없이 자신을 표현하고 커뮤니티와 연결할 수 있는 장소입니다.

- 감사 유리병

정기적인 감사 일기는 평소의 기분을 향상시키고 우울증과 불안 증상을 개선하며 정서적 회복탄력성을 강화하는 것으로 증명되었어요.

- 긍정 민들레:

매일 자신이 자랑스러워하는 한 가지를 되돌아보고 적을 때마다, 민들레가 점차 성장하고 이 사이클이 반복되며 당신의 성장을 표현해줄거에요.

- 안전 지대:

안전지대는 정신적으로 어려운 상황을 극복하는 데 효과적인 심리 도구입니다. 이는 “안전한 장소 시각화”라는 정신 기법을 사용합니다.

- 1분 호흡운동

1분 호흡운동은 깊고 리드미컬한 호흡에 집중하여 신체의 자연스러운 이완 반응을 활성화해줍니다.

- 걱정 상자

걱정 상자는 스트레스와 불안 관리를 변형하기 위해 설계된 인지 기반 도구 키트입니다. 시간이 지남에 따라 걱정 상자는 습관적인 걱정을 방지하도록 두뇌를 재프로그래밍하는 데 도움을 줄 것입니다.

- 명상 운동

명상 운동은 바쁘고 스트레스가 많은 하루 중 잠시 휴식을 취할 수 있는 정신적 오아시스를 제공해요:) 단 3분 만에 완료할 수 있지만, 그 긍정적인 효과는 하루 종일 지속될 수 있습니다.

- 감정 일기

감정 일기는 감정을 더 잘 이해하도록 돕는 검증된 도구로, 스트레스를 관리하고 감정을 조절하는 데 도움을 줍니다.

지금 Quabble에 가입하고 변화를 느껴보세요!

사용자 이용약관: https://quabble.app/terms
개인정보처리방침: https://quabble.app/privacy",건강/운동,https://play.google.com/store/apps/details?id=com.museLIVE.quabbleapp&hl=ko&gl=kr,,,,,,
android,kr,com.cbt.mindhealthy,MindHealth: 정신 건강,"<b>인지행동치료(CBT) 기반 MindHealth</b>는 모바일에서 이용할 수 있는 개인 심리 케어 앱으로, 마음 건강을 더 나아지게 하고 싶은 누구에게나 도움이 되도록 만들어졌습니다.

🔍 <b>심리 검사</b>
현재 우울, 섭식장애(섭식 문제), 신경증, ADHD 등과 관련된 <b>자가 점검용 검사</b>를 제공하고 있습니다. 검사를 마치면 나만의 심리 프로필을 정리하고, 시간이 지나며 어떻게 변하는지 추적할 수 있습니다.
검사 문항은 정신의학·심리치료 분야의 현대적 접근을 바탕으로 구성되어 있으며, 우울·불안 검사 후에는 결과에 대한 피드백과 함께 도움이 될 수 있는 권장 사항을 안내해 드립니다. 이 검사는 마음 건강을 돌보는 첫걸음이 될 수 있습니다.

📓 <b>인기 CBT 기법</b>

* <i>CBT 생각기록 일기(SMER 일기)</i> — 인지행동치료의 대표적인 도구입니다. 9단계로 구성되어 있으며, 인지 왜곡을 알아차리고 다루는 데 도움을 줍니다.
* <i>자유 기록 일기</i> — 생각을 자유롭게 적고, AI가 분석과 권장 사항을 제안합니다.
* <i>대처 카드(코핑 카드)</i> — 도움이 되지 않는 믿음과 생각을 카드 형태로 정리하고, 더 균형 잡힌 관점으로 바꿔볼 수 있습니다.

📘 <b>심리학 학습</b>
우울과 마음 건강을 주제로 한 인터랙티브 코스를 준비했습니다. 학습 자료를 통해 CBT의 핵심 원리를 이해하고, 생각기록 일기를 효과적으로 활용하는 방법을 익힐 수 있습니다.
공황발작, 감정 지능, 긍정적 사고, 번아웃, 섭식장애 등 다양한 용어와 개념도 쉽게 정리해 드립니다.

🤖 <b>AI 심리 어시스턴트</b>
여정 내내 개인 AI 어시스턴트가 함께합니다. 현재 상태에 맞는 연습을 제안하고, 부정적인 생각을 더 현실적이고 균형 잡힌 표현으로 바꾸는 데 도움을 줍니다.

📊 <b>기분 트래커</b>
하루 두 번 기분을 평가하고, 주로 느낀 감정을 표시할 수 있습니다. 이렇게 하면 컨디션 변화를 기록하고 기분 일기를 꾸준히 이어갈 수 있습니다.
기분 트래커는 불안을 다루는 데에도 유용한 도구이며, 심리 검사와 생각기록 일기와 함께 사용하면 상태의 변화를 더 잘 추적하고 마음 건강을 돌보는 데 도움이 됩니다.

<b>우울, 신경증, 불안, 번아웃, 공황발작</b> — 이런 문제들은 안타깝게도 많은 사람이 한 번쯤 겪습니다. 그래서 저희는 스스로를 돌볼 수 있는 도구를 만들기 시작했습니다. 목표는 누구나 일상에서 활용할 수 있는 믿을 만한 셀프케어 앱을 만드는 것입니다.

<b>저희는 이 앱을 “나만의 개인 심리 도우미”로 포지셔닝합니다</b>. AI 어시스턴트가 마음을 돌보는 과정에서 사용자님을 지원해 드립니다.
또한 앱 안에서 확언(아퍼메이션), 성찰 질문을 찾을 수 있고, 자신의 경험을 다른 사람들과 나눌 수도 있습니다.

저희가 제공하는 방법들은 효과가 입증된 인지행동치료(CBT)의 원리에 기반합니다. CBT는 가장 널리 사용되는 심리치료 접근 중 하나입니다.
이 앱을 통해 누구나 스스로를 더 잘 이해하고 자신감을 키우며, 마음 건강을 돌보고 불안과 우울을 완화하는 데 도움을 받을 수 있습니다.

저희는 자동적 사고를 다루는 데 초점을 둔 CBT 생각기록 일기를 제공하며, 불안과 우울을 관리하는 데 활용할 수 있습니다.
셀프케어와 자기이해는 심리상담과 함께할 때도 중요한 과정입니다. 물론 정기적인 도움과 지지가 필요할 때도 있습니다.
심리 상담은 비용 부담이 큰 경우가 많기 때문에, MindHealth는 생각과 인지 왜곡을 스스로 다루는 연습에 특히 집중합니다.",건강/운동,https://play.google.com/store/apps/details?id=com.cbt.mindhealthy&hl=ko&gl=kr,,,,,,
android,kr,com.mentallabs.mentalhealth,정신 건강: 세린,"더 나은 정신적 웰빙을 향한 당신만의 여정
감정적 웰빙을 스스로 관리할 준비가 되셨나요? 세린은 감정의 균형을 찾는 데 필요한 도구를 제공하는 믿을 수 있는 동반자입니다. 스트레스나 트라우마를 겪고 있거나, 단순히 자신을 더 깊이 알고 싶을 때 세린은 당신의 고유한 필요에 맞춘 다양한 테스트와 코스를 제공합니다.

주요 기능:
개인 맞춤 테스트:
ADHD, 트라우마, 성격 유형, 기분 장애 등 다양한 평가를 통해 자신을 더 깊이 이해해 보세요. 각 테스트는 감정, 행동, 사고 패턴을 파악하는 데 도움을 줍니다.

맞춤형 코스:
인지행동치료(CBT)를 기반으로 한 각 코스는 스트레스 관리, 자존감 강화, 관계 개선 등 당신의 목표와 어려움에 맞게 조정됩니다. 지금의 당신에게 꼭 맞는 치료 경험을 제공합니다.

AI 기반 저널 & 기분 추적:
단순히 기록하는 것을 넘어, 제안과 인사이트를 제공하는 AI 저널로 언제든지 성찰해 보세요. 기분을 추적하고 감정 패턴을 인식하여 실질적인 가이드를 통해 명확한 방향을 알 수 있습니다.

데일리 인사이트:
당신의 여정을 위해 특별히 제작된 의미 있는 하루 한 가지 인사이트를 받아보며, 시간이 지날수록 자신을 더 잘 이해하고 성장하세요.

아동기 트라우마와 성격 특성부터 우울증, 스트레스, 번아웃 관리까지 폭넓은 주제를 탐색할 수 있습니다. 또한 나르시시즘, 미루는 습관, 신체 이미지, 유해한 관계 등 자주 다뤄지지 않는 영역도 함께 다룹니다.

사랑 & 관계 가이드:
세린은 파트너와의 정서적 연결을 강화할 수 있는 리소스를 제공합니다. 사랑의 언어 테스트를 통해 애정을 주고받는 방식을 이해하거나, 커플 치료, 정서적 친밀감, 갈등 해결에 대한 코스를 살펴보세요.

심층 코스:

* 스트레스 극복: CBT 기반의 실용적인 단계로 임상적 스트레스, 침투 사고, 공황 발작을 관리하는 방법을 배우세요.
* 미루는 습관 끊기: 미루는 행동의 심리적 원인을 이해하고 집중력과 생산성을 높이는 검증된 기법을 적용합니다.
* 아동기 트라우마 치유: 어릴 때 상처를 다루고 건강한 정체성을 구축하기 위한 가이드 성찰을 제공합니다.
* 번아웃 회복 & 도파민 균형: 피로를 해소하고 동기 부여 시스템을 재설정하여 에너지를 회복하세요.
* 우울증 관리: 우울증의 원인을 탐색하고 지지적인 전략으로 회복 탄력성을 키우세요.
* 이별 후 회복: 공감 어린 가이드와 함께 감정적 고통을 마주하고 성장하며 앞으로 나아가세요.
* 사랑의 언어 이해: 사랑을 표현하고 받는 방식을 이해하여 관계를 더욱 깊게 만드세요.

개인정보 보호 및 보안:
정신 건강 여정은 매우 개인적인 경험입니다. 세린은 당신의 개인정보 보호를 최우선으로 합니다.

인기 세린 테스트:

* ADHD 자가 보고 척도: 주의력 문제와 과잉 행동 수준을 평가합니다.
* 애착 유형 테스트: 관계와 정서적 유대를 형성하는 방식을 이해합니다.
* 성격 테스트(MBTI): 성격 특성과 의사 결정에 미치는 영향을 알아봅니다.
* 나르시시즘 테스트: 자기애적 경향을 평가하고 관리 방법을 배웁니다.
* 기분 장애 테스트: 스트레스, 우울, 정서적 불안정 패턴을 파악합니다.

데일리 확언:
기분을 북돋우고 정신적 명료함을 높여주는 긍정적인 확언으로 하루를 시작하세요.

면책 조항:
세린은 자가 테스트와 도구를 통해 정신 건강 여정을 지원하지만, 전문적인 의료 서비스나 임상 진단을 대체하지 않습니다. 정신 건강과 관련된 모든 문제에 대해서는 반드시 자격을 갖춘 전문가의 조언을 구하세요.",건강/운동,https://play.google.com/store/apps/details?id=com.mentallabs.mentalhealth&hl=ko&gl=kr,,,,,,
android,kr,com.genesislab.drlisn,"닥터리슨-우울, 불안, 마음건강 테스트&일기, 복약알림","서울대학교병원과 공동연구개발한 마음건강 확인 및 관리 서비스.

닥터리슨은 우울증과 같은 정신질환부터 운동, 음주, 수면, 식습관과 같은 생활습관까지 간편하게 셀프 체크하고 관리할 수 있는 비대면 자가평가 & 마음관리 서비스입니다.

- 주요 기능
1. 15여개의 정신건강 테스트
당신도 잘 몰랐던 나의 마음상태를 확인하세요. 닥터리슨은 나의 정신건강 상태를 정확히 파악할 수 있도록 다양한 셀프평가 테스트를 제공합니다. 우울증, 조울증, PTSD, 스트레스, 불안장애, 공황장애, 수면장애 등 나의 현재 상태가 어떤지 궁금하신 분들에게 분석 결과를 제공해 드립니다.
2. 생활습관 관리
정신건강에 많은 영향을 미치는 생활습관을 점검하세요. 식습관, 운동, 수면, 음주 등 생활 습관을 점검하고 분석할 수 있으며, 이를 관리 할 수 있도록 가이드를 제공합니다.
3. 결과 변화 추이 관리
일회성 평가가 아닌 과거부터 현재까지 평가 결과들을 확인하고 변화 추이를 분석할 수 있습니다. 
4. 정신건강 지원 기관 정보 제공
정신건강에 도움이 될 수 있는 다양한 기관정보를 알려드려요. 의료기관, 복지센터, 심리지원센터 등 내 주변에 위치한 지원 센터 및 프로그램은 무엇이 있는지 간편하게 확인해보세요.
5. 다양하게 활용하는 기록기능
병원 및 상담 과정에서 활용하실 수 있도록 상태 기록기능 뿐 아니라 정신건강 개선 연구 근거 기반 감사 일기, 감정 일기도 작성할 수 있습니다. 나의 일상 기록을 잘 남기다보면 당신의 기록들이 꽃피우는 순간을 맞이하실 수 있을거에요.
6. 잊지말고 챙겨야할 복약 정보
내 몸과 마음의 건강을 위해 챙겨야할 영양제, 처방약 등 약물, 복약 정보가 있다면 닥터리슨에 등록하고 관리해보세요. 복약 시간에 따른 푸시 알림과 잊으셨을 경우를 대비해 전화 알림을 보내드려요.

닥터리슨은 현대 사회에 증가하는 정신건강 문제와 스트레스에 대응하여, 모두가 정신건강을 적극적으로 관리하고 향상시킬 수 있도록 하고자 합니다. 닥터리슨은 언제나 여러분의 정신건강을 응원합니다.

※ 익명성 및 보안
닥터리슨은 서비스 과정은 익명으로 진행되어 비밀이 보장됩니다. 의료기록이 남지 않고, 주요 데이터는 암호화 및 비식별화 처리되어 안전하게 보호해드립니다.

※ 서비스 접근 권한 안내
닥터리슨은 서비스에 접근 권한이 필요한 경우에만 동의를 받고 있습니다. 선택적 접근 권한을 동의하지 않아도 서비스를 이용하실 수 있지만, 미동의 시 일부 기능 사용이 제한 될 수 있습니다.

[선택적 접근 권한]

- 알림
주요 공지사항, 이벤트 알림, 자가평가 및 기록하기 리마인드 알림(설정 커스텀 가능)기능을 제공하고 있어요.
- 위치정보
나의 위치기반 주변의 정신건강 서비스 기관을 확인할 수 있는 기능을 제공하고 있어요.
----
개발자 연락처 :
Genesis Lab Inc. 73 Myeongdong-gil
5/F
중구, 서울특별시 04538
South Korea 4218800471 2017-서울중구-1784 본인 직접 신고",의료,https://play.google.com/store/apps/details?id=com.genesislab.drlisn&hl=ko&gl=kr,,,,,,
android,kr,com.theinnerhour.b2b,Amaha: Mental Health Therapy,"InnerHour는 Amaha와 함께 새롭게 시작합니다.

기분이 나아지고 더 나은 상태를 유지할 수 있도록 도와주는 장소인 Amaha는 훈련된 심리학자와 면허가 있는 정신과 의사가 건설했습니다. 이 앱은 자기 관리, 치료 및 커뮤니티 지원을 통해 정신 건강을 개선하고, 마음챙김을 기르고, 숙면을 취할 수 있도록 도와줍니다.

핵심 Amaha 경험에는 다음이 포함됩니다.
- 자조 도구
- 자조 활동
- 사용하기 쉬운 추적기
- 전문가가 선별한 리소스
- 아마하 커뮤니티

<b> Amaha 체험하기 </b>
InnerHour는 모든 정신 건강에 대한 원스톱 솔루션이었습니다. Amaha는 모든 사람을 위한 곳입니다. 생각을 기록할 공간이 필요하든, 차분함을 느끼기 위해 명상을 연습하든, 우울증, 스트레스, 불안, 수면으로 어려움을 겪고 있거나, 자조 도구나 전문적인 지원이 필요하든, 이곳은 당신에게 적합한 곳입니다.

귀하를 더 잘 이해하는 데 도움이 되는 평가로 여정을 시작할 수 있습니다. 귀하의 필요에 따라 전문 정신 건강 과정을 찾아보십시오. 각 과정에는 수면 관리, 분노 관리, 스트레스 해결, 우울증 극복, 불안 극복, 생각 기록, 명상 연습, 자신 돌보기, 평온함을 느끼도록 설계된 다양한 도구가 있습니다.

<b> 자가 진단 도구 살펴보기 </b>
스트레스를 완화하고, 마음챙김을 하고, 행복을 심어줄 수 있도록 Amaha는 CBT, 마음챙김 및 긍정적 심리학 원칙을 기반으로 향상된 경험을 제공합니다. InnerHour 정신을 생생하게 유지하면서 500개 이상의 자기 관리, 마음챙김, 명상 활동(예: 확인, 가이드 저널 및 불안 완화 명상 오디오)을 통해 차분함을 습관으로 만드는 데 도움을 드릴 수 있습니다.

<b> 자조 활동 액세스 </b>
일관된 목표, 명상, 일지 작성 및 이와 유사한 건강한 습관은 정신 건강을 개선하여 더 오래 지속됩니다. 향상된 Amaha 앱을 사용하여 저널을 추적하고 더 나은 수면을 위해 일정을 맞춥니다. 이러한 활동은 매일 개선하고 침착하게 유지하며 스트레스를 줄이도록 동기를 부여합니다.
 
<b> 사용하기 쉬운 추적기 </b>
자신의 감정과 감정을 이해하는 것은 정신 건강과 자기 관리의 또 다른 필수 부분입니다. 기분 추적기를 사용하여 매일의 기분을 효과적으로 표시하고 주간 기분 차트를 통해 분석하세요. 이렇게 하면 매일의 기분을 계속 인식하고 정신 건강에 대한 더 깊은 통찰력을 얻을 수 있습니다. 그런 다음 모든 패턴을 이해하고 그에 따라 작업하는 방법을 찾고 다양한 상황에서 침착함을 유지할 수 있습니다. 목표 추적기에서 일일 자기 관리 목표를 설정하여 정신 건강을 개선하고 더 많은 것을 성취하는 데 도움이 되는 작업을 추가할 수도 있습니다.

<b> 전문가가 선별한 리소스 살펴보기 </b>
Amaha는 전체론적 라이프스타일 개발을 돕기 위해 만들어졌습니다. 우울증, 불안 및 수면과 같은 다양한 정신 건강 문제의 원인을 이해하기 위해 블로그, 오디오 및 비디오를 포함한 선별된 리소스에 액세스하십시오. 침착함을 유지하는 다양한 방법, 행복을 불어넣는 방법, 자기 관리를 습관화하는 방법, 명상 연습의 이점 및 일기를 쓰는 방법에 대해 알아보세요.

<b> Amaha 커뮤니티의 일원이 되십시오 </b>
직접 전화를 걸어 공개적으로 이야기할 수 있는 공간인 Amaha 커뮤니티는 어려움을 공유하고 자신의 목소리를 들을 수 있도록 돕기 위해 만들어졌습니다. 우울증, 중독, OCD 또는 ADHD로 어려움을 겪고 있고 유사한 정신 건강 문제를 다루는 사람들과 연결할 수 있는 경우 저희 그룹에 가입하세요. 이것은 당신의 생각을 익명으로 공유할 수 있는 안전한 공간입니다.

Amaha(구 InnerHour) 앱은 무료로 다운로드할 수 있습니다. 우리 제품의 일부는 영원히 무료로 사용할 수 있습니다.

질문이 있는 경우 support@amahahealth.com으로 문의하십시오.
웹사이트 방문: https://www.amahahealth.com",건강/운동,https://play.google.com/store/apps/details?id=com.theinnerhour.b2b&hl=ko&gl=kr,,,,,,
android,kr,com.gen.bettermeditation,BetterMe: Mental Health,"BetterMe: 정신 건강 - 명상, 강좌, 기타 도구를 제공하는 정신 건강을 위한 올인원 앱입니다.

마음챙김은 균형 잡힌 삶의 핵심이며, BetterMe는 초보자든 전문가든 누구에게나 간단하고 실용적인 휴식 방법을 제공합니다. 오늘부터 가이드 명상에 뛰어들어 내면의 평화를 찾아보세요. 함께 좋은 기운을 느껴보세요!

정신 건강 전문가들과 협력하여 인지 행동 치료(CBT)의 효과적인 도구와 전략을 활용하여 주변 세상에 귀 기울이도록 도와드립니다.

가이드 명상, 스트레스 해소법, 호흡법, 수면 명상, 그리고 수백 가지 정신 건강 운동을 통해 마음챙김을 일상에 접목해 보세요. 마음이 맑아지면 집중력이 높아지고, 영감을 받으며, 삶의 에너지가 더욱 깊어집니다.

단 몇 분의 명상만으로도 웰빙을 크게 향상시킬 수 있습니다. 하루의 목표를 정하기 위해 빠른 호흡법을 선택하거나, 긴장을 풀기 위해 더 긴 명상을 해보세요.

BetterMe와 함께 스트레스를 줄이고, 자기애를 발견하고, 정신 건강을 증진하는 여정을 시작하세요.

🌿 BetterMe 정신 건강 기능:

• 단계별 계획
아침, 오후, 저녁으로 할 일을 정하세요. 각 활동은 호흡 운동 또는 가이드 명상으로 구성되며 5분 이내로 완료할 수 있습니다.

• 호흡 운동
걱정, 스트레스, 분노를 떨쳐낼 수 있도록 3분 호흡 세션을 제공합니다. 걷거나, 버스를 타거나, 줄을 서 있거나, 언제 어디서든 연습할 수 있습니다.

• 명상
수백 가지 가이드 명상을 통해 마음 챙김을 향상시키고, 에너지를 재충전하며, 현재 순간을 온전히 받아들이세요.

• 잠잘 때 이야기와 마음을 차분하게 하는 소리
긴 하루를 보낸 후, 마음을 차분하게 하는 이야기와 은은한 소리로 편안하게 휴식을 취하고 수면의 질을 향상시켜 보세요.

• 편안한 소리를 믹스 앤 매치하세요
눈 내리는 소리, 해변 파도 소리, 새 소리, 고양이 가르랑거리는 소리, 불 소리, 숲 소리, ​​비 소리 등 다양한 소리를 활용하여 감정에 맞는 이상적인 분위기를 조성하세요.

완벽한 저녁을 마무리하려면 슬립 타이머를 켜세요.

• 대화형 정신 건강 도우미
당신에게 꼭 맞는 상담사와 채팅을 시작하여 정서적 지원과 안내를 받으세요.

지금 BetterMe를 다운로드하고 더욱 평화롭고 균형 잡힌 삶을 위한 여정을 시작하세요.

Google Play에서 다양한 구독 플랜을 제공하므로 자신에게 가장 적합한 플랜을 선택할 수 있습니다. 구독은 무료 체험 기간 또는 현재 구독 기간 종료 24시간 전에 자동으로 갱신됩니다. Google Play 계정 설정에서 언제든지 구독을 관리하거나 취소할 수 있습니다.

ℹ️ BetterMe: 정신 건강은 휴식과 마음 챙김에 대한 일반적인 지침을 제공합니다. 이 앱은 질병의 진단, 치료, 완치 또는 예방을 위한 것이 아닙니다. 앱의 정보는 전문적인 의료 서비스를 대체할 수 없으며 모든 사람에게 적합하지 않을 수 있습니다. 위에 설명된 조언이나 활동을 실행하기 전에 반드시 의료 전문가와 상담하세요. 이 앱은 사용자의 재량에 따라 사용하세요.

이용 약관 - https://betterme.world/terms
개인정보처리방침 - https://betterme.world/privacy-policy
구독 약관 - https://betterme.world/subscription-terms",건강/운동,https://play.google.com/store/apps/details?id=com.gen.bettermeditation&hl=ko&gl=kr,,,,,,
android,kr,com.elomia.health,엘로미아: 정신 건강 AI,"엘로미아: 정신 건강과 정서적 웰빙을 위한 AI 친구

엘로미아는 여러분의 정신 건강을 돕기 위해 만들어진 강력한 AI 채팅 친구입니다. 불안을 해소하고 싶거나, 정서적 지지가 필요하거나, 마음을 정리할 공간을 찾고 있다면, 엘로미아는 사려 깊고 비밀스러운 대화를 통해 언제 어디서든 기분이 나아지도록 도와줄 거예요.
엘로미아는 단순한 챗봇이 아닙니다. 심리학적 원리에 기반한 지지적인 대화와 셀프케어 도구를 통해 정서적 웰빙을 제공하도록 설계되었습니다. 마음을 정리하고, 평온을 찾고, 성장할 수 있는 여러분만의 안전한 공간이죠.

🌱 셀프케어 지원
마음속 이야기를 털어놓고, 스트레스를 줄이며, 감정적으로 가벼워지세요. 엘로미아는 매일의 셀프케어 습관을 격려하고 회복력을 기르도록 돕습니다. 힘든 시간을 보내고 있든, 아니면 단순히 안부를 확인하고 싶든, 엘로미아는 여러분에게 꼭 맞는 지원을 제공합니다.

💬 AI 기반 정신 건강 대화
엘로미아는 첨단 AI를 사용하여 여러분의 감정 상태에 맞춰 대화합니다. 마치 치료를 받는 것처럼 느껴지지만, 부담은 전혀 없죠. 여러분과 함께 성장하는 지능적이고 사람 같은 대화를 통해 맞춤형 지원과 명확한 정신 상태를 얻으세요.

🧠 CBT에서 영감을 받은 마음 정리 도구
인지 행동 치료 (CBT)에 기반한 질문들을 통해 부정적인 생각을 바꾸고 정서적 웰빙을 개선하는 방법을 발견하세요. 이 도구들은 여러분의 정신 건강 여정을 위한 체계적인 셀프케어를 제공합니다.

🔐 비공개 및 보안
엘로미아는 개인 정보 보호를 최우선으로 생각합니다. 계정이 필요 없으며, 모든 대화는 여러분의 기기에만 저장됩니다. 감정을 표현하고 정신 건강을 돌아볼 수 있는 믿을 수 있는 공간입니다.

왜 엘로미아일까요?
- 24시간 언제든 즉각적인 정서적 지원
- 예약 없이 치료받는 듯한 대화
- 불안 해소 및 정서적 회복력을 위한 도구
- 기분에 따라 변화하는 맞춤형 셀프케어 루틴
- CBT 원리에 기반한 안내 질문
- 정신 건강을 위한 나만의 비밀 친구

주의사항:
엘로미아는 전문적인 치료, 위기 개입 또는 의학적 치료를 대체할 수 없습니다. 일반적인 정서적 지원 및 정신 건강 관리를 위해 설계되었습니다.

이용 가능한 구독:
• 월간 (자동 갱신)
• 연간 (자동 갱신)
• 평생 (무제한 이용을 위한 일회성 결제)

정서적 웰빙을 돌아보는 데 도움이 되는 친구로서, 엘로미아는 대화 기반 지원을 통해 여러분 삶의 다른 자원들을 보완해 줄 수 있습니다.

더 자세한 정보:
이용 약관: http://elomia.com/tos.html
개인 정보 처리 방침: http://elomia.com/privacy.html

피드백을 공유해주세요:
모두를 위해 엘로미아를 개선하는 데 여러분의 의견은 매우 소중합니다.
문의: support@elomia.com",건강/운동,https://play.google.com/store/apps/details?id=com.elomia.health&hl=ko&gl=kr,,,,,,
android,kr,com.mypossibleself.app,‎MyPossibleSelf: Mental Health,"마음을 향상시키는 데 사용할 수 있는 최고의 툴킷에 대한 액세스를 제공하고자 합니다. 정신 건강 분야의 세계적 리더인 Priory의 친구들과 팀을 이루어 디지털 사용에 맞게 맞춤화된 인지 행동 치료(CBT)를 사용하여 대화형 도구와 대처 전략을 만들었습니다. 우리는 함께 인생의 도전을 통해 여러분을 안내하고 여러분이 스스로를 돌볼 수 있도록 도울 것입니다. 가능성을 상상해보십시오.

귀하에게 적합한 전략

당신을 염두에 두고 설계된 혁신적인 아이디어를 사용합니다.
다음은 몇 가지 예입니다.
툴킷 - 행동을 식별하고 진행 상황을 모니터링하는 데 도움이 됩니다.
태그 - 기분에 영향을 미치는 활동, 사람 및 장소를 인식하는 데 도움이 됩니다.
기분 추적기 - 기분을 기록하고 기분을 이해하는 데 도움이 됩니다.
시각 및 청각 운동 - 기분을 좋게 하고 마음을 편안하게 하거나 잠이 들도록 도와줍니다.
통찰력 - 자신을 더 잘 이해하고 좋아하는 일을 더 많이 할 수 있도록 도와줍니다.
저널 - 순간의 걱정, 감정 및 행동을 기록합니다.
동기 부여 메시지 및 팁 - 모든 단계를 격려합니다.

더 행복하고 건강한 삶을 위한 여정을 시작할 준비가 되셨습니까?


그들이 말하는 것

""My Possible Self는 불안을 억제하기 위해 의사가 승인한 셀프 케어 앱입니다."" - 런던 이브닝 스탠다드
 
""당신의 정신 건강이 걱정된다면 My Possible Self가 당신을 위한 앱일 수 있습니다."" - 헬로매거진

""주머니 치료사가 있는 것과 같습니다."" - 버즈피드


커뮤니티에 가입하세요
Instagram.com/mypossibleself
Facebook.com/mypossibleselfapp
Twitter.com/mypossibleself

개인 정보 보호 정책 - https://app.mypossibleself.com/our-privacy-statement.html
이용 약관 - https://app.mypossibleself.com/our-terms-and-conditions.html",건강/운동,https://play.google.com/store/apps/details?id=com.mypossibleself.app&hl=ko&gl=kr,,,,,,
android,kr,com.bluesignum.little_lighthouse,무디 Moodee : 지금 나의 감정에 필요한 것은?,"나만의 작은 감정가이드, 무디를 만나보세요!

힘든 하루는 누구에게나 찾아오지만, 그럴 때마다 잘 이겨내는 방법을 익힐 수는 있어요. 무디에서 내 감정을 다루는 방법을 알아보세요.

■ 나의 특별한 감정을 남겨요

지금 내 마음을 표현하는 딱 맞는 단어가 생각나지 않을 때가 있죠. 연구에 따르면 감정에 정확한 이름을 붙이는 것만으로도 감정을 다루는 데 큰 도움이 된다고 해요. 무디에서는 다양한 감정 태그를 둘러보면서 내가 지금 정확히 어떤 감정을 느끼는지 살펴볼 수 있어요. 지금 느끼는 감정의 이름을 확인하는 것만으로도 한결 맑아지는 기분을 느껴보세요.

■ 지금 나에게 꼭 맞는 퀘스트를 추천받아요

감정의 파도가 덮쳐올 때면 이 감정에서 벗어나기 위해 무엇을 해야 할지 막막할 수 있어요. 어떤 감정이든 무디에 입력하면 그 감정을 다루기 위한 퀘스트를 추천해줄 거예요. 기쁠 때는 더 즐거운 하루를 위한 퀘스트를, 가라앉을 때는 더 가벼운 마음을 위한 퀘스트를 추천받을 수 있어요. 작은 행동만으로 내 마음과 내 하루가 변하는 것을 느껴보세요.

■ 내 감정에 대한 상세한 분석을 볼 수 있어요

자주 기록한 감정부터 시간대별 기분까지, 다양한 통계를 확인해보세요. 언제 어떤 감정을 느꼈는지 돌아보며 나를 더 깊이 이해할 수 있을 거예요. 월간 및 연간 보고서를 통해 나는 무엇을 느끼고, 무엇을 좋아하고, 무엇을 필요로 하고 있는지 살펴보세요. 

■ 트레이닝을 통해 생각하는 방식을 바꿔보세요

나에게 도움이 되지 않는 것 같지만 습관적으로 드는 안좋은 생각들이 있나요? 신경가소성 이른에 따르면 반복적인 경험을 통해 뇌에 새로운 연결고리를 만들 수 있다고 해요. 무디의 트레이닝에서는 다양한 가상의 시나리오에 대처하는 연습을 하면서 새로운 방식으로 생각하는 훈련을 할 수 있어요. 색다르게 생각하려 고민하는 시간이 쌓일수록 자연스럽게 더 좋은 생각습관들이 생겨날 거예요. 

■ 스토리 속 동물 친구들의 고민을 풀어주세요

자기만의 이야기 속에 갇힌 동물 친구들이 찾아왔어요! 동물 친구들의 고민을 들어주고, 알맞은 질문을 던지면서 각 친구에게 필요한 것이 무엇인지 알아낸 뒤 각자의 해피엔딩을 찾아갈 수 있도록 이끌어주세요. 어쩌면 그 과정에서 나에게 필요했던 말을 듣게 될지도 몰라요.

■ 누가 볼 걱정 없이, 마음껏 솔직해질 수 있어요

매일 무디를 사용하는 것만으로도 나만의 소중한 감정 기록장을 쌓을 수 있어요. 남들이 볼까봐 걱정된다면 비밀번호로 무디 앱을 잠글 수 있어요. 아무도 볼 수 없는 나만의 공간에서 언제든 마음껏 솔직한 마음 속 이야기들을 털어놓아보세요.
----
개발자 연락처 :
블루시그넘(주) 서울특별시 마포구 월드컵북로 44-1, 4층(연남동, 동신빌딩)
마포구, 서울특별시 03991
South Korea 8228701905 2020서울관악2445 관악구청",건강/운동,https://play.google.com/store/apps/details?id=com.bluesignum.little_lighthouse&hl=ko&gl=kr,,,,,,
android,kr,hk.treehole.mindforest,MindForest: Mental Health AI,"연중무휴 AI 웰니스 동반자.

힘드신가요? 새벽 3시에 이야기를 나눌 사람이 필요하신가요? MindForest가 당신과 함께합니다. 저희 AI 웰니스 코치 ForestSage는 편견 없이 경청하고, 감정을 정리하는 데 도움을 주며, 심리학 원칙에 기반한 맞춤형 지도를 제공합니다.

20,000명 이상의 사용자가 신뢰하며 4.7점의 평점을 받았습니다.

===

왜 MindForest를 사용해야 할까요?

AI 웰니스 코칭
ForestSage와 언제든지 대화하세요. 저희 AI는 맥락을 이해하고, 당신의 여정을 기억하며, 자연스럽게 반응합니다. 사용자들은 실제 사람과 대화하는 것 같다고 말합니다. 광둥어와 영어로 이용할 수 있습니다.

인사이트 스토리
당신의 대화는 자동으로 개인 일기가 됩니다. 통찰력을 추적하고, 패턴을 파악하며, 시간의 흐름에 따른 성장을 확인하세요. 빈 페이지에 대한 걱정 없이, 그냥 이야기하세요.

심리 평가
BIG5 성격 테스트 및 기타 심리 측정 평가를 통해 자신을 발견하세요. 당신의 심리 프로필에 맞춰진 개인화된 통찰력을 얻으세요.

성장 라이브러리
회복력, 목표 설정, 스트레스 관리, 감성 지능에 대한 인터랙티브 코스. 당신의 속도에 맞춰 학습하세요.

===

사용자들의 피드백

""정말 실제 사람 같아요. 대화 후 너무 후련했어요.""

""이것은 제가 어디든 가져갈 수 있었으면 하는 도구예요. 가장 필요할 때 사용할 수 있으니까요.""

===

이런 분께 적합합니다.

- 일상 스트레스와 감정 처리
- 자기 인식 및 감성 지능 구축
- 불안과 압도적인 감정 극복
- 개인 성장 및 자기 계발
- 심리학 학습

===

심리학 전문가들이 만들었습니다.

MindForest는 홍콩의 선도적인 심리학 교육 기관인 TreeholeHK가 개발했습니다. 우리는 심리학적 지혜와 AI 기술을 결합하여 모든 사람이 정신 건강을 이용할 수 있도록 합니다.

===

무료로 시작하세요.

지금 다운로드하고 ForestSage와 첫 대화를 시작하세요. 기본 기능은 무료입니다. 무제한 대화, 모든 평가, 전체 성장 라이브러리를 이용하려면 프리미엄으로 업그레이드하세요.

===

중요 공지
MindForest는 개인 성장을 위한 웰니스 도구이며, 전문적인 심리 치료나 정신과 치료를 대체하기 위한 것이 아닙니다. 정신 건강 위기를 겪고 있다면, 응급 서비스나 자격을 갖춘 정신 건강 전문가에게 문의하십시오.

개인 정보 보호 정책 및 약관: https://mindforest.ai/privacy-policy-t-and-c
지원: info@mindforest.ai",건강/운동,https://play.google.com/store/apps/details?id=hk.treehole.mindforest&hl=ko&gl=kr,,,,,,
android,kr,com.humart.trost2,"트로스트 - 심리상담, ASMR, 명상 앱","기록 걱정없이, 익명으로 받는 멘탈케어

■ 공인된 전문 상담사와 1:1 심리상담
• 상황, 감정 맞춤 깐깐하게 선발된 전문 심리 상담사님을 직접 선택해요.
• 원하는 시간에 채팅, 전화, 화상, 대면 상담 일정을 예약해요.
• 전문가와 함께 돌아보는 나만의 안전한 시간

■ 기분에 맞춰 듣는 명상과 ASMR
• 하루를 시작할 때, 집중할 때, 힐링할 때, 잠이 안 올 때 언제든 편안한 ASMR 사운드테라피와 함께해요.
• 사운드마다 볼륨을 조절해서 내가 원하는 대로 들을 수 있어요.

■ 나의 감정을 기록하는 감정 한 컷
• 오늘 기분은 어떤가요? 간단하게 감정기록을 남겨보세요.
• 순간의 기분을 사진처럼 찍고, 스티커와 텍스트로 특별하게 꾸며보세요.

■ 티티와 함께하는 마음 관리와 무료 심리테스트
• AI 챗봇과의 채팅으로 내 마음 속 숨은 감정을 알아봐요.
• 감정일기, 마음정리보고서, 감정스캐너로 나와의 대화를 시작하세요.
• 우울증, 불안, 자존감, 직무스트레스 등 성격테스트로 나를 알아봐요.

■ 이 모든 것을 완벽한 익명으로
닉네임으로 안전하고 편하게 즐겨보세요.
지금 트로스트에서 바로 멘탈케어를 시작해 보세요!

■ 트로스트 공식 채널
• 인스타그램: www.instagram.com/trost.official/
• 카톡 플러스친구: http://pf.kakao.com/_mywEM
----
개발자 연락처 :
Dain Co. Ltd. 149 Dosan-daero,
강남구, 서울특별시 06036
South Korea 1018616191 2025-서울강남-03821 강남구",건강/운동,https://play.google.com/store/apps/details?id=com.humart.trost2&hl=ko&gl=kr,,,,,,
android,kr,xyz.slingshot.ashley.app,Ash - AI for Mental Health,"Ash는 개인 맞춤형 정신 건강 지원을 위해 처음부터 설계된 AI입니다. Ash는 성공을 축하하고, 혼란스러운 상황을 정리하고, 힘든 날에 도움을 받을 수 있도록 지원합니다. Ash는 편견 없는 사적인 공간에서 자유롭게 이야기할 수 있도록 합니다. Ash는 사용자의 패턴을 학습하여 개인 맞춤형 통찰력을 제공함으로써 사용자가 자신을 더 깊이 이해할 수 있도록 돕습니다.

Ash는 어떻게 만들어졌나요?

대부분의 AI 도구는 인터넷 데이터를 기반으로 구축되었습니다. Ash는 인간 심리학 전문 AI로, 자체 개발한 대규모 전문가 데이터 세트를 기반으로 훈련되었으며, 인지 행동 치료(CBT), 변증법적 행동 치료(DBT), 내면 가족 시스템(IFS), ACT, 신체 치료 등 치료에서 사용되는 확립된 기법들을 활용합니다.

Ash는 세계 최고의 정신 건강 전문가들로 구성된 전문가 팀의 설계 및 개발 과정을 거쳤습니다.

Ash를 다운로드한 사용자들의 결과는 어떤가요?

Ash와 일주일에 몇 번 이상 대화하는 사용자의 경우:

91%가 목표 달성 또는 진전을 보였습니다.
평균적으로 사용자는 현실에서 의미 있는 관계를 한 개 더 갖게 되었습니다.
누가 Ash를 사용할 수 있나요?

Ash는 사용자의 고유한 정신 건강 여정을 가장 도움이 되는 방식으로 지원하기 위해 사용자의 상황에 맞춰 스스로를 구축합니다.

많은 사람들이 슬픔, 이혼, 번아웃, 실직 등과 같은 인생의 중요한 변화를 겪을 때 Ash를 사용합니다. 또한 과도한 생각, 직장 스트레스, 강박적 사고, 외로움과 같은 일상적인 어려움을 극복하는 데에도 Ash를 활용합니다. 연인 관계에 있는 커플은 Ash를 통해 애착 유형(불안형 애착, 회피형 애착 등)을 더 잘 이해하고, 의사소통을 개선하고, 경계를 설정하는 데 도움을 받습니다. Ash는 이별이나 데이트를 하는 과정에서도 유용합니다. 유산/임신 손실, 출산 후 불안감, 죄책감 등을 경험하는 수많은 남녀 또한 Ash를 통해 도움을 받습니다.

Ash는 임상적인 정신 건강 치료를 대체하는 것이 아닙니다. 불안, 우울증, 외상 후 스트레스 장애(PTSD), 강박 장애(OCD) 등으로 치료를 받고 있거나, 신경다양성을 가지고 있거나, 기타 정신 건강 문제를 겪고 있는 사람들은 Ash를 임상 치료와 병행하여 사용해야 하며, 치료를 대체해서는 안 됩니다.

Ash는 누가 만들었나요?

Ash는 치료사, 정신 건강 전문가, AI 연구원, 엔지니어, 디자이너로 구성된 팀이 개발했습니다. 저희 서비스는 개인적인 이야기, 삶의 경험, 그리고 비슷한 여정을 걷고 있는 사랑하는 사람들의 이야기에서 영감을 받았습니다.

Ash의 특징

판단하지 않음: 솔직한 감정을 이야기하고 전문가의 조언을 받으세요.
주간 인사이트: Ash는 삶의 주제와 패턴을 파악하는 데 도움을 줍니다.
장기적인 성장: Ash는 진정한 변화를 위한 노력을 지원하도록 설계되었습니다.

24시간 언제든 이용 가능: 집에서 Ash와 통화하거나, Uber에서 문자를 주고받으세요.

개인 정보 보호 최우선: 채팅은 안전하고 익명으로 처리되므로 안심하고 대화할 수 있습니다.

완벽하게 개인화된 프로그램: Ash는 각 사용자의 경험을 학습하고 맞춤형 지원을 제공합니다. 지금 필요한 정확한 방식과 치료 스타일을 경험해 보세요.

Ash는 18세 이상 사용자를 위해 설계되었습니다. Ash는 때때로 임의로 내용을 만들어낼 수 있습니다. Ash는 의학적 진단이나 치료를 대체할 수 없습니다. Ash는 의학적 조언이나 진단을 제공할 수 없으며, 제공할 의도도 없습니다. Ash와의 상호 작용은 의료 전문가와 환자 간의 관계를 형성하지 않습니다. Ash의 내용으로 인해 의료적 치료를 미루거나 회피하지 마십시오.

Ash는 위기 상황에서 사용하도록 설계된 제품이 아닙니다. 위기 상황에 처해 있다면 전문가의 도움이나 위기 상담 전화(www.findahelpline.com)를 이용하십시오.",건강/운동,https://play.google.com/store/apps/details?id=xyz.slingshot.ashley.app&hl=ko&gl=kr,,,,,,
android,kr,com.moodtools.cbtassistant.app,CBT 생각 일기 - 감정일기 & 무드트래커,"생각 일기는 스트레스, 불안, 부정적인 생각을 관리하기 위한 올인원 정신 건강 앱입니다. 근거 기반의 인지 행동 치료(CBT) 기법과 기분 추적을 통해 정신 건강을 개선하세요. 생각 일기의 맞춤형 프로그램과 도구로 더 건강한 사고 패턴을 개발하고, 회복탄력성을 키우고, 개인적 성장을 촉진하세요.

체크인으로 맞춤형 인사이트 얻기
생각 일기는 기분, 감정, 활동 추적을 통해 쉽게 자신의 상태를 파악할 수 있게 해줍니다. 기분과 행동의 패턴을 이해하기 위한 맞춤형 인사이트를 생성하고, 더 건강하고 행복한 마음을 향한 긍정적인 변화를 만들어 보세요.

생각 재구성하기
생각 일기의 디지털 CBT 사고 기록은 해로운 사고 패턴(인지 왜곡)을 식별하고 도전하여 정신 건강에 지속적이고 긍정적인 변화를 만들어줍니다.

자신 발견하기
가이드 일기가 자기 인식을 깊게 하고, 반성하고, 감정적으로 성장할 수 있는 생각을 자극하는 질문을 제공합니다. 정신 건강, 성격 등에 관한 과학적 평가를 통해 자신의 강점과 성장 영역을 더 잘 이해하세요.

CBT 기반 프로그램
생각 일기는 다양한 심리 교육 프로그램을 제공합니다. 부정적인 생각 재구성, 가면 증후군 극복, 두려움 직면 등을 배워보세요. 속성 과정은 정신 건강의 핵심 주제에 대한 짧고 매력적인 레슨을 제공합니다.

명상과 호흡법
생각 일기는 마음챙김 명상 오디오와 호흡법도 제공하여 일상의 스트레스 속에서 평온과 휴식의 순간을 찾을 수 있도록 도와줍니다.

지금 최고의 근거 기반 정신 건강 앱을 체험하고, 더 행복하고 건강한 마음을 향한 여정을 시작하세요.

---

이용 약관: https://thinkwithclarity.com/termsofservice

개인정보 처리방침: https://thinkwithclarity.com/privacypolicy",건강/운동,https://play.google.com/store/apps/details?id=com.moodtools.cbtassistant.app&hl=ko&gl=kr,,,,,,
android,kr,com.careyou.dementia,정신건강 테스트,"정신건강테스트

치매/스트레스/우울증 자가진단  테스트 할 수 있습니다. 
자세한 설명과 그림으로 테스트를 효과적으로 하실 수 있습니다.
정신 질환은 관리하고 예방하고, 지연시킬 수 있습니다.
지금 정신(두뇌) 건강 상태를 확인해 보세요.

특징
* 언제어디서나 쉽게,
* 음성과 그림으로 구성
* 치매테스트를 하고,
* 결과를 확인하고,
* 관련 동영상과 강의도 보고,
* 인지능력향상과 치매예방게임도 하고

본인의 치매 증세가 염려되시나요.
부모님의 치매가 의심되시나요.
친구와 연인이 걱정되시나요.
두뇌건강을 위한 최고의 선물입니다.

시설(복지관)전용 프로그램은 관리자를 위한 페이지와 통계를 제공합니다.
구매문의는 info@careyou.org로 연락주십시오.

website: enbrain.kr
Homepage: careyou.org
----
개발자 연락처 :
신준영 동안로 11
707동 103호
동안구, 안양시, 경기도 14100
South Korea 1388195951 2014-경기안양-00990 안양시장",건강/운동,https://play.google.com/store/apps/details?id=com.careyou.dementia&hl=ko&gl=kr,,,,,,
android,kr,world.thoughtfull.user,ThoughtFull: Mental Health App,"ThoughtFull에서는 귀하의 성장을 위해 정신 건강을 단순화합니다. 우리 앱은 개인의 정신 건강 여정에 힘을 실어주기 위해 원활하고 맞춤화된 치료를 제공합니다.

액세스 단순화
- 즉각적인 지원을 위한 즉각적인 온보딩.
- 귀하의 라이프스타일을 보완하도록 설계된 사용자 친화적인 경험입니다.

맞춤형 지원
- 텍스트 기반 코칭: 언제 어디서나 인증 및 자격을 갖춘 정신 건강 전문가와 연결됩니다.
- 귀하의 고유한 요구 사항을 해결하는 맞춤형 도구입니다.

성장을 위한 도구
- 정신적 탄력성을 키우기 위한 안내 학습 자료입니다.
- 측정 가능한 통찰력으로 성장을 모니터링하는 진행 상황 추적.

왜 ThinkFull인가? 
1. 28개 언어로 인증 및 자격증을 갖춘 전문가의 맞춤형 관리. 
2. 예방, 관리, 진행을 위한 한 입 크기의 도구입니다. 
3. 정신적 웰빙 여정에 힘을 실어주는 완벽한 경험입니다.

성장을 위한 정신 건강 단순화 – 한 번에 한 단계씩.",건강/운동,https://play.google.com/store/apps/details?id=world.thoughtfull.user&hl=ko&gl=kr,,,,,,
android,kr,com.sevencupsoftea.app,7 Cups: 정신 건강 및 불안을위한 온라인 치료,"걱정, 슬픔, 스트레스 또는 외로움을 느끼십니까? 누군가와 이야기를해야합니까? 치료사, 훈련 된 적극적인 청취자 및 지원 그룹의 무료 익명 감정 지원, 치료 및 상담을 받으려면 지금 7 Cups를 다운로드하십시오. 사용하기 쉬운 문자 채팅으로

7 컵 온라인 치료 앱 기능 :
• 연중 무휴 24 시간 청취자와 1-1 채팅
• 온라인 그룹 채팅방 및 커뮤니티 포럼에서 지원 찾기
• 면허가있는 치료사와 함께 온라인 텍스트 치료 및 상담 이용
• 300 회 무료 마음 챙김 운동으로 휴식
• 무료 웰빙 테스트를 통해 맞춤형 정신 건강 관리를 받으십시오.
• 마음 챙김 활동으로 기분을 좋게하고 불안을 완화하며 우울증을 돕습니다.
• 짧은 정신 건강 동영상으로 배우고 성장

수천 명의 사람들이 불안, 우울증 및 전반적인 정신 건강을 돕기 위해 매주 Stanford MedicineX 의료 시스템 디자인 상을 수상한 7 컵을 사용합니다.

온라인 및 주문형 정서적 지원 및 상담 :
스트레스, 불안 또는 우울함을 느끼십니까? 관계 문제가 있습니까? 때때로 대화 할 사람이 필요합니다. 치료 사나 상담사를 찾는 것은 시간과 비용이 많이들 수 있으며 친구, 가족 또는 동료와 항상 이야기 할 수는 없습니다.

이제 7 컵으로 언제 어디서나 정서적 지원을받을 수 있습니다. 당신의 삶에 맞는 방식으로 빠르고 무료로 필요한 정신 건강 도움을 받으십시오.

불안, 우울증 및 정신 건강을 개선하기위한 일상적인 조치를 취할 때 귀하를 격려하고 지원할 ""성장 경로""에서 시작합니다.

7 컵 온라인 치료 및 1-1 미디어 채팅 :
자격증을 소지 한 심리학자에 의해 설립 된 7 Cups는 LifeHacker에 소개되었습니다 (“기술은 문제에 대해 대화 할 사람을 찾거나 장기적인 도움을 제공 할 수있는 전문가와 연결하는 데 도움이 될 수 있습니다.”), Medical Daily ( ""이동중인 사람들을위한 말하기 치료"") 및 TechCrunch ( ""Y Combinator의 Summer '13 Demo Day에서 상위 8 개 스타트 업 중 하나"").

100 % 기밀 정신 건강 도움말 및 채팅 :
100 % 익명으로 유지하십시오. 당신의 청취자, 상담사, 치료사조차도 당신이 누구인지 알 수 없습니다.

7 Cups의 청취자가 당신을 배려합니다 :
청취자는 자원 봉사자입니다. 그들은 돈을받지 못하고 있습니다. 그들은 돕고 싶어서 여기에 있습니다.

450,000 명 이상의 훈련 된 청취자와 면허가있는 치료사가 여러분을 도와드립니다. 청취자는 189 개국에서 140 개 언어로 지원을 제공합니다. 각 청취자는 공황 발작 및 괴롭힘에서 섭식 장애, 이별 생존 등에 이르기까지 전문적인 카테고리 목록과 리뷰가 포함 된 프로필을 가지고 있습니다.

원하는 청취자를 찾으면 채팅을 통해 즉시 연결하십시오. 매번 새로운 청취자와 대화하거나 하나를 선택하여 더 깊은 관계를 발전 시키십시오.

빠르고 무료 :
이 앱은 무료로 다운로드 할 수 있으며 모든 청취자는 100 % 무료로 채팅 할 수 있습니다. 앱을 다운로드 한 후 60 초 이내에 대화를 시작할 수 있습니다.

서비스 약관-https://www.7cups.com/Documents/TermsOfService
개인 정보 보호 정책-https://www.7cups.com/Documents/PrivacyPolicy",건강/운동,https://play.google.com/store/apps/details?id=com.sevencupsoftea.app&hl=ko&gl=kr,,,,,,
android,kr,de.moodpath.android,MindDoc: Mental Health Support,"🌟 <b>MindDoc 알아보기: 정신 건강 동반자</b>
MindDoc과 함께 더 나은 정신 건강을 향한 여정을 시작해 보세요. 전 세계 300만 명 이상의 사용자가 신뢰하는 MindDoc은 26,000개 이상의 리뷰에서 별점 4.7점을 받아 정신 건강을 위한 최고의 앱입니다.

🧠 <b>정신 건강 전문가가 개발</b>
임상 심리학자와 연구자들이 개발한 MindDoc은 우울증, 불안, 불면증, 섭식 장애 등 일반적인 정신 건강 문제에 직면한 개인을 지원하도록 설계되었습니다.

<b>기분을 추적하고 생각을 기록하세요</b> 📝
직관적인 기분 추적 기능을 활용하여 감정 상태를 모니터링하고 생각, 느낌, 경험을 기록해 보세요.

<b>맞춤형 통계 및 피드백</b>
귀하의 증상, 문제, 자료에 대한 정기적인 피드백을 받을 뿐만 아니라 다운로드하여 담당 의료 서비스 제공자와 공유할 수 있는 정서적 건강에 대한 전반적인 평가도 받습니다.

<b>인지 행동 치료(CBT)를 기반으로 한 종합 강좌 라이브러리</b>
개인화된 코스 추천을 받고 자신의 정신 건강 전문가가 되어 정신 건강을 관리하기 위한 실행 가능한 전략을 배우고 연습하십시오.

<b>MindDoc Plus로 프리미엄 기능 잠금 해제</b>
MindDoc+로 경험을 향상시키고 구독을 통해 독점 기능에 무제한으로 액세스하세요. 3개월, 6개월, 1년 계획 중 무엇을 선택하든 MindDoc+는 정신 건강을 지원하는 포괄적인 리소스와 통찰력을 제공합니다.

👩‍⚕️ <b>신뢰할 수 있는 정신 건강 파트너</b>
MindDoc은 증상 관리, 고통스러운 감정 대처, 스트레스 관리, 마음챙김, 관계, 시간 관리, 자아상 등 웰빙의 다양한 측면에 대한 지원을 제공하는 정신 건강 여정의 헌신적인 동반자 역할을 합니다.

🔒 <b>개인정보 보호 및 지원</b>
우리는 귀하의 개인정보 보호와 보안을 위해 최선을 다하고 있습니다. ISO 27001 인증을 받고 GDPR을 완벽하게 준수하는 당사는 최고 수준의 보안으로 귀하의 개인 정보를 우선적으로 보호합니다.
당사의 강력한 데이터 보안 조치는 귀하의 정보가 항상 암호화되어 안전하게 저장되도록 보장합니다.

안심하십시오. 귀하의 개인 정보 보호가 우리의 최우선 사항입니다. 도움이나 문의 사항이 있는 경우 service@minddoc.com으로 문의하세요. 안전하고 안전한 경험을 보장하기 위해 당사의 약관 및 개인 정보 보호 정책에 대해 자세히 알아보세요.

https://minddoc.com/us/en/terms
https://minddoc.com/us/en/self-help/privacy-policy

📋 <b>규제 정보</b>
MindDoc 앱은 MDR의 부록 VIII, 규칙 11(의료 기기에 대한 규정(EU) 2017/745)에 따른 위험 등급 I 의료 제품입니다.

의도된 의료 목적

MindDoc 앱을 사용하면 사용자는 일반적인 정신 질환의 징후와 증상을 장기간에 걸쳐 실시간으로 기록할 수 있습니다.

이 애플리케이션을 사용하면 스스로 시작하는 행동 변화를 통해 증상을 식별, 이해 및 관리하는 데 도움이 되는 증거 기반의 진단 과정과 연습을 제공하여 사용자가 증상 및 관련 문제를 자가 관리할 수 있습니다.

이 애플리케이션은 정서적 건강에 대한 일반적인 피드백을 통해 추가 의학적 또는 심리치료적 평가가 필요한지 여부에 대한 정기적인 지침을 사용자에게 제공합니다.

MindDoc 앱은 명시적으로 의학적 또는 심리치료적 평가나 치료를 대체하지 않지만, 정신과적 또는 심리치료적 치료에 대한 경로를 준비하고 지원할 수 있습니다.

⚕️ <b>자기 관리 강화</b>
자기 관리를 위한 도구와 자원을 활용하고 정신 건강 관리에 대한 적극적인 접근 방식을 장려합니다.

📲 <b>오늘 정신 건강 여행을 시작하세요</b>
오늘 MindDoc을 무료로 다운로드하여 정신 건강을 돌보는 첫 번째 단계를 밟아보세요. 한 번에 한 단계씩 웰빙을 증진하세요.",건강/운동,https://play.google.com/store/apps/details?id=de.moodpath.android&hl=ko&gl=kr,,,,,,
android,kr,com.mentalai.mentalmentor,Mental Wellness: BetterMind,"정신 건강: BetterMind

더 나은 정신 건강을 향한 여정: 한 걸음씩 나아가세요

정신 건강을 스스로 관리할 준비가 되셨나요? 정신 건강: BetterMind는 감정 성장을 위한 믿음직한 동반자로서, 필요한 도구를 제공하도록 설계되었습니다. 스트레스, 불안, 부정적인 생각에 시달리거나 단순히 자신을 더 잘 이해하고 싶을 때, 정신 건강: BetterMind는 맞춤형 코스와 언제든 이용 가능한 AI 멘토를 통해 여러분 곁에 있습니다.

주요 기능

연중무휴 24시간 AI 멘토: 인지 행동 치료(CBT) 교육을 받은 공감 능력이 뛰어난 AI 치료사와 언제든 채팅하세요. 안전하고 편안한 공간에서 지침을 받고, 생각을 정리하고, 목표를 설정하고, 감정을 다스리세요.

음성 일기 및 감정 추적: 음성으로 생각을 녹음하세요. 타이핑할 필요가 없습니다. AI가 녹음 내용을 텍스트로 변환하고, 감정을 감지하여 맞춤형 인사이트를 제공합니다. 시간 경과에 따른 패턴을 추적하고, 감정의 원인을 파악하고, 자신의 감정 여정을 명확하게 이해하세요.

개인 맞춤형 인지행동치료(CBT) 과정: 여러분의 어려움과 목표에 맞춰 설계된 증거 기반 과정입니다. 스트레스 관리, 자존감 향상, 부정적인 사고 패턴 극복, 건강한 대처 습관 형성을 배우세요. 감정, 인지 왜곡, 자동적 부정적 사고(ANT), 불안, 완벽주의, 미루는 습관, 경계 설정, 자기 연민 등을 다룹니다.

심리 검사: 검증된 평가를 통해 성격, 감정 패턴, 정신 건강을 탐색해 보세요. 성격 유형(MBTI), 자기애 성향, 애착 유형, 사랑의 언어, ADHD 자가 보고, 미루는 습관, 아동기 트라우마, 유해한 관계, 신체 이미지, 외로움, 분노 척도, 기분 장애 선별 검사 등이 포함됩니다. 검사를 완료하면 배지를 획득하세요.

개인 맞춤형 인사이트: 여러분의 일지, 채팅, 온보딩 과정을 기반으로 AI가 매일 제공하는 인사이트를 확인하세요. 자신을 더 잘 이해하고 실질적인 조언을 얻으세요.

일일 과제 및 연속 기록: 매일 체크인, 성찰 기록, 인사이트 읽기, AI 멘토 채팅을 통해 건강한 습관을 만들어 보세요. 연속 기록을 추적하고 꾸준함을 축하하세요.

목표 설정 및 달성: AI가 안내하는 단계별 목표를 통해 개인적인 성장 목표를 세우세요. 체계적인 지원을 통해 언어를 배우고, 좋은 습관을 만들고, 의미 있는 변화를 추구하세요.

개인 정보 보호 및 보안

정신 건강 여정은 개인적인 것입니다. BetterMind는 사용자의 개인 정보를 보호하고 데이터를 안전하게 유지하기 위해 최선을 다합니다.

인기 테스트

• 성격 유형(MBTI): 자신의 특성이 의사 결정과 관계에 어떤 영향을 미치는지 알아보세요.

• 애착 유형: 정서적 유대감을 형성하고 타인과 관계를 맺는 방식을 알아보세요.

• ADHD 자가 진단: 주의 집중 패턴과 과잉 행동 수준을 평가하세요.

• 미루는 습관: 일을 미루는 이유와 해결 방법을 파악하세요.

• 아동기 트라우마: 어린 시절 경험이 현재의 행복에 미치는 영향을 측정하세요.

• 사랑의 언어: 관계에서 사랑을 주고받는 방식을 알아보세요.

• 기분 장애 선별 검사: 스트레스, 우울증 또는 감정 불균형 패턴을 파악하세요.

매일 긍정적인 확언

기분을 고양하고 집중력을 높여주는 긍정적인 확언으로 하루를 시작하세요.

면책 조항

정신 건강: BetterMind는 정신 건강 여정을 지원하기 위해 설계되었지만 전문적인 의료 진료나 진단을 대체할 수 없습니다. 정신 건강에 대한 우려가 있는 경우, 반드시 자격을 갖춘 의료 전문가와 상담하십시오.

이용 약관: https://www.upriseapps.com/terms

개인 정보 보호 정책: https://www.upriseapps.com/privacy",건강/운동,https://play.google.com/store/apps/details?id=com.mentalai.mentalmentor&hl=ko&gl=kr,,,,,,
android,kr,com.remente.app,"Remente: Self Care, Wellbeing","일상적인 작은 행동은 <b> 삶을 변화시키는 행동을 만듭니다 . <b> 정신 건강 추적기 및자가 관리 일지 는 목표 설정 및 <b> 개인 성장 달성 에 도움이됩니다. Remente는 생활 코치 역할을하며 기분을 좋게하고 빛을 발하고 <b> 자기 개선, 건강한 습관 및 웰빙 을 달성하십시오.

<b> 지금부터 자제력을 높이고 더 큰 자기 사랑, 더 많은 자조, 스트레스, 불안 및 우울증 감소로 건강한 생활 방식을 살 수있는 건강한 습관을 개발하세요! 

<b> 일일 보충 
일상적인 자기 관리의 다양한 개념을 설명하는 라이프 코치와 사용자가 정신 건강과 웰빙에 대해 배우고 연습 할 수있는 대화 형 가이드와 함께하는 일일 비디오 세션입니다.

<b> 목표 설정 가이드 
개인적인 성장과 발전을 위해 좋은 삶의 목표를 만드십시오. Remente는 인생 코치 역할을하며 자기 사랑과 건강한 습관을 가져 오는 지속 가능한 라이프 스타일을 형성하기위한 목표 설정에 대한 가이드와 팁을 제공합니다.

<b> 일정 플래너 
자조를 배우고 계획해야하는 목표를 달성하려면. 데이 플래너에는 자신의 삶의 목표와 장기적인 목표 행동 및 자기 개선을위한 작업을 기반으로 하루를 계획하는 스마트하고 역동적 인 할 일 목록이 포함되어 있습니다.

<b> 정신 건강 추적기 
삶의 균형을 추적하는 것은 웰빙과 자기 사랑, 스트레스와 우울증 감소에 중요합니다. 생활 평가 도구는 기분이 좋아지고 빛나고 자기 통제, 마음 챙김 및 건강을 달성하기 위해 개인 개발 노력을 어디에 집중해야하는지 결정하는 데 도움이됩니다.

<b> 셀프 케어 저널 
Remente 기분 일기로 기분을 좋게 만드는 것이 무엇인지 알아보십시오. 기분을 추적함으로써 습관이 정신 건강에 미치는 영향을 이해할 수 있습니다. 일상적인 자기 관리를 증가시키는 습관은 무엇입니까? 기분 일기를 사용하여 알아보세요!

<b> 전문가 목표 계획 
Remente에는 자기 개선을지도하기 위해 전문적으로 제작 된 목표 계획으로 가득 찬 라이브러리가 있습니다. 여기에는 개인 성장과 더 나은 라이프 스타일을 달성하기위한 일반적인 웰빙 목표로 성공하는 방법에 대한 자세한 계획, 팁 및 정보가 포함되어 있습니다.

<b> 강의 및 기사 
여러 분야의 심리학자, 비즈니스 관리자, 라이프 코치 및 세계 챔피언이 작성한 엄선 된 기사 및 연습 문제 모음입니다. 우리는 다양한 주제를 다룹니다. 수면 최적화, 스트레스 관리, 건강한 습관, 마음 챙김 및 불안 완화, 자기 사랑 또는 더 나은 우정, 관계, 데이트 및 섹스를위한 팁.

우리는 당신의 자기 개선과 개인적 성장을 더욱 지원할 추가 기능과 콘텐츠가 포함 된 프리미엄 구독을 제공합니다. 구매는 Google 계정에서 처리됩니다. 구독은 항상 Google Play 설정으로 이동하여 취소하거나 변경할 수 있으며 마지막으로 구매 한 것과 동일하게 만료 24 시간 전에 갱신됩니다. 이미 구매 한 구독은 취소 할 수 없습니다.

Remente의 배후에는 <b> 심리학, 코칭 및 정신 훈련 분야의 전문가 가 있습니다. 정신 건강 추적기와 셀프 케어 저널을 통해 지금까지 약 2.000.000 명의 사람들이 목표 설정과 불안 완화, 자기 통제 및 웰빙을 달성하도록 도왔습니다. 더 나은 라이프 스타일을 위해 자조와 개인적 성장을 개선하고 기분이 좋아지고 빛날 수 있도록 도와주세요. 지금 Remente 가족의 일원이 되십시오!</b></b></b></b></b></b></b></b></b></b></b></b></b>",건강/운동,https://play.google.com/store/apps/details?id=com.remente.app&hl=ko&gl=kr,,,,,,
android,kr,com.superbetter.paid,SuperBetter: Mental Health,"정신 건강, 탄력성 및 사회 정서적 기술을 향상시킵니다.
 
SuperBetter는 본질적으로 간단하고 혁신적인 아이디어입니다. 게임 플레이에서 자연스럽게 나타나는 것과 동일한 강점을 사용하여 실생활의 도전에 맞서고, 기술을 습득하고, 스트레스를 관리하고, 자기 관리를 실천할 수 있습니다.
 
SuperBetter는 모든 삶에서 게임 플레이의 심리학을 사용합니다. SuperBetter를 플레이한다는 것은 자신에게 도전하고, 엄청난 승리를 거두고, 비밀 신분을 채택하고, 퀘스트를 완료하고, 악당과 싸우고, 파워업을 활성화하고, 동맹국과 체크인하는 등 게임적인 사고 방식을 실생활에 적용하는 것을 의미합니다. 게임적으로 살기 위한 7가지 규칙은 일상 생활에서 더 강하고, 더 행복하고, 더 용감하고, 더 탄력적이 되기 위한 프레임워크입니다.
 
연구원이자 게임 디자이너인 Jane McGonigal이 발명한 SuperBetter는 과학으로 뒷받침됩니다. 펜실베니아 대학의 무작위 대조 시험에서 SuperBetter를 30일 동안 플레이한 결과 정신 건강 및 회복력이 크게 향상되었습니다.
 
SuperBetter 앱을 사용하면 엄청난 승리를 거두고, 게임의 강점을 추적하고, 정신적, 사회적, 감정적, 신체적 전인적 회복력을 구축할 수 있습니다. 하루 10분으로 입증된 결과.
 
SuperBetter는 청소년, 10대, 청년 및 게임다운 삶의 힘을 사용하여 영웅적인 잠재력을 발휘하고자 하는 모든 사람을 위한 것입니다. 백만 명이 넘는 사람들이 SuperBetter를 플레이했습니다.
 
더 나은 제품
 
> 영웅 계정: SuperBetter를 직접 플레이하세요.
> 호스트 계정: 분대를 위한 챌린지를 호스트하는 웹 기반 포털입니다.
> 플레이어 계정: 호스트의 초대를 받으면 분대 도전에 참여합니다.
 
히어로 계정: 나만의 플레이
 
14일 무료 평가판
 
40개 이상의 1인 챌린지 라이브러리를 통해 정신 건강, 사회-정서적 웰빙 및 신체적 회복력을 키울 수 있습니다.
 
나만의 챌린지를 만들어 개인의 대승리를 거머쥐세요.
 
호스트의 분대 도전에 참여하세요.
 
SuperBetter 웹사이트에서 데모 비디오를 보십시오.
 
호스트 계정: 분대를 위한 호스트 챌린지
 
실용적이고 매력적인 방식으로 그룹과 함께 성공을 위한 정신 건강, 탄력성, 사회적 정서적 학습 및 기술을 촉진합니다.
 
교육자를 위해 설계된 호스트 계정은 다음과 같은 모든 사람이 사용할 수 있습니다.
 
> 중학교 및 고등학교 교사는 사회 정서적 학습을 촉진합니다.
> 소그룹, 팀 및 클럽은 청소년 정신 건강 및 탄력성을 육성합니다.
> 대학은 학생의 성공과 복지를 강화합니다.
> 소기업은 이를 저비용 직원 복지 프로그램으로 만듭니다.
 
웹 기반 호스트 포털을 통해 분대 및 호스트 챌린지를 쉽게 생성할 수 있습니다. 스쿼드 챌린지는 SuperBetter 방법론에 생명을 불어넣습니다. 각각은 엄청난 승리와 5일 간의 활동을 가지고 있습니다. 호스트는 정신적, 정서적, 사회적 및 신체적 회복력을 촉진하기 위해 90개 이상의 챌린지 라이브러리에서 선택하거나 분대가 자신이 선택한 위대한 승리를 위해 갈 수 있도록 사용자 지정 챌린지를 생성합니다. 분대원은 SuperBetter 모바일 또는 웹 앱에서 하루에 약 10분 정도 게임을 합니다. 그들은 무료 플레이어 계정이나 저렴한 영웅 계정을 사용합니다. SuperBetter 웹사이트에서 자세히 알아보십시오.
 
플레이어 계정: 스쿼드 플레이 전용
 
플레이어 계정은 호스트 계정의 동반자입니다. 스쿼드로만 플레이할 수 있는 무료 계정입니다.
 
플레이어는 호스트 계정이 있는 사람의 초대를 받으면 분대 챌린지에 참가하고 SuperBetter에서 주최하는 주간 챌린지를 플레이할 수 있습니다.
 
스마트폰을 위한 설계
 
SuperBetter 모바일 앱은 스마트폰용으로 설계되었습니다. Chromebook, iPad 또는 태블릿 장치가 있는 경우 웹 앱에서 재생할 수 있습니다.
 
구독 약관
 
Hero 계정 가격은 연간 $24.99입니다.

결제는 신용 카드로 청구됩니다. 현재 구독 기간이 종료되기 전에 취소하지 않으면 구독이 자동으로 갱신됩니다. 구매 후 계정 설정에서 구독을 관리하세요. 무료 평가판 기간 중 사용하지 않은 부분은 구독을 구매하면 소멸됩니다.",건강/운동,https://play.google.com/store/apps/details?id=com.superbetter.paid&hl=ko&gl=kr,,,,,,
android,kr,com.voidpet,Voidpet Garden: Mental Health,"Voidpet Garden에 입장하세요. 정신 건강 일지를 생생하게 전달하고 감정이 마법의 생명체로 살아 숨 쉬는 곳입니다!

당신이 경험하는 것이 불안, 우울증, 분노 또는 단순한 호기심이든, 일기를 작성하고 정신 건강 모험을 시작하면서 자신의 새로운 부분을 발견하고, 친구가 되고, 성장하게 될 것입니다.

우리는 인지 행동 치료(CBT), 변증법적 행동 치료(DBT) 및 현직 치료사의 맞춤형 추천에서 영감을 받아 귀엽고 소화하기 쉬운 무료 저널 프롬프트를 디자인했습니다. 귀하의 일기는 불안, 우울, 분노, 스트레스의 시기를 헤쳐나가는 데 도움이 될 수도 있고, 좋은 날을 축하하는 치어리더가 되어 정신 건강을 튼튼하게 유지할 수도 있습니다.

기분 추적기
기분을 추적하고 시간 경과에 따른 정신 건강 진행 상황을 확인하세요. 불안, 분노, 스트레스의 패턴을 살펴보세요.

감사 저널링
낙관주의와 전반적인 정신 건강에 관한 저널입니다.

목표 설정
동기 부여, 생산성 및 자기 관리를 위한 저널입니다. 우울증, ADHD 및 성장 마인드 구축을 위해.

감성적인 이름 지정
자신의 정신 건강을 위해 마음챙김을 실천하세요. 불안, 분노, 스트레스에 대한 빠른 일기입니다.

긍정적인 실천
DBT는 스트레스가 많은 상황과 긍정적인 대처 생각을 결합하는 운동에 영감을 주었습니다.

확인
당신의 일기를 긍정으로 가득 채워줄 자기 긍정과 자기 사랑의 문구들. 자신감을 갖고 불안에 맞서세요.

1분 명상
정신 건강을 활동적인 실천으로 장려하는 간단한 사운드트랙입니다. 불안을 달래주는 진정의 순간.

우정 일지
건강한 사회적 관계를 위한 저널입니다.

물리적 체크인
자신의 몸에 대한 신체적 마음챙김을 위한 일기입니다. 불안과 신체적 스트레스 사이의 패턴을 추적하세요.

부정적인 생각 점검
부정적인 생각을 식별하고 진정시키는 데 도움이 되는 CBT 워크시트입니다. 불안, 우울증, 분노 또는 스트레스에 대한 일기입니다.

불안과 공황 발작에 대한 확인
자기애, 안전, 이해에 대한 긍정적인 사운드를 강조하는 마음을 진정시키는 사운드트랙입니다.

희망 상자
희망적인 추억과 자료를 선별하는 저널입니다. 우울증, 자살 충동, 자해 에피소드의 경우.

지나치게 생각하는 타이머
불안, 우울증, 분노, 거슬리는 생각 등에 대한 시간 제한이 있는 일지입니다.

벤트 리트리트
불안, 우울증, 분노에 관해 일기를 쓸 수 있는 안전한 공간을 시각화하세요.

매일 기분을 추적하고 일기를 쓰면서 당신과 함께 성장하는 선 오아시스에 영양을 공급하고 일기를 집으로 삼는 환상적인 생물을 끌어들일 것입니다.

일기 쓰기의 검증된 진정한 정신 건강 이점을 경험해 보세요. 인지적으로 감정을 추적하는 습관을 들이면 뇌는 불안과 같은 압도적인 감각에서 한 발 물러나 웰빙을 개선하기 위한 조치를 취하는 데 집중할 수 있습니다.

이 정신 건강 앱은 당신의 일기를 한 단계 더 발전시켜줍니다. 말로 표현하고 일기를 쓸 뿐만 아니라 분노, 슬픔, 불안, 괴로움의 감정을 시각화하고 상호 작용할 때 마음을 훈련하여 긍정적이고 상상력이 풍부한 자기 자신과의 연관성을 구축하고 미묘하고 자기애적인 사고 방식을 개발할 수 있습니다. 정신 건강을 위해.",건강/운동,https://play.google.com/store/apps/details?id=com.voidpet&hl=ko&gl=kr,,,,,,
android,kr,nozero.apps1,Riliv: Mental Health App,"행복한 마음을 위한 명상과 상담 앱.

Sambut Riliv sebagai one stop service aplikasi kesehatan mental pertama di Indonesia! Tidak hanya mengatasi masalah pribadi dengan konseling, kini Riliv menyediakan layanan meditasi Hening yang senantiasa membantu menjaga kebahagiaan dan produktivitasmu. Tertarik mempelajari 케세하탄 멘탈 뎅간 무다? Riliv Story menyediakan artikel terkini yang diupdate setiap harinya. 세하트 멘탈 자디 레비 무다 베르사마 리리브.

✓ Psikolog 온라인 상담:

Terkadang kita mengalami situasi yang sullit, namun kamu tidak perlu menghadapinya sendirian. Riliv menyediakan layanan konseling psikolog online profesional langsung dari genggaman tangan. Tanpa perlu keluar rumah, mulailah bercerita sepuasnya secara anonim dan rahasia. Semuanya dengan harga yang terjangkau sesuai kebutuhan kamu.

✓ 메디타시 온라인 헤닝:

Merasa baik-baik saja dan tidak perlu konseling? Kami senang mendengarnya dan dengan bangga mengajakmu untuk terus menjaga kesehatan mentalmu. Hening Menawarkan Layanan meditasi yang dapat diakses dari mana saja. 장안 takut untuk tidak tahu 아라, 카레나 Hening adalah layanan meditasi online dengan panduan bahasa Indonesia pertama. Cukup pilih meditasi sesuai kebutuhan dan mulailah untuk Hening Sejenak.

✓ Artikel Kesehatan Mental Riliv 이야기:

Tertarik dengan kesehatan mental namun artikel yang tersedia cukup berat dan susah dicerna? Puaskan rasa penasaranmu dengan Riliv Story, artikel kesehatan mental yang mudah dibaca dan ditulis untuk mereka yang salalu ingin belajar. Kecemasan, stres pasca melahirkan, putus cinta, hingga 필름-필름 사이코로기 paling populer? Temukan jawabannya di Riliv Story yang diupdate setiap hari

인스타그램: @riliv
트위터: @riliv_app
틱톡: @rilivapp
웹사이트: http://riliv.co
이메일: info@riliv.co

Jika Anda memiliki kendala 라야난 Riliv, 후붕이 라야난 채팅 melalui whatsapp: 0813-8685-2613",건강/운동,https://play.google.com/store/apps/details?id=nozero.apps1&hl=ko&gl=kr,,,,,,
android,kr,com.moodlinks,MoodLinks 불안과 우울 관리,"MoodLinks는 슬픔, 걱정, 우울, 불안 등 기분 문제를 겪고 있는 분들에게 적합합니다.

연구를 기반으로 만들어졌습니다. 사랑과 배려로 완성되었습니다.

MoodLinks는 인지행동치료(CBT)와 변증법적 행동치료(DBT)의 요소를 접목하여 치료 효과를 높이고 목표 달성을 돕습니다.

자가 관리용으로 사용하거나 치료팀의 MoodLinks 앱과 연동하여 사용하세요.

사용하기 쉬움: 앱을 실행하고 몇 초 만에 시작하세요
안전하고 신뢰할 수 있음: 업계 표준 보안 관행을 모두 준수합니다

MoodLinks로 무엇을 할 수 있나요?

치료팀과 연동:
- 진행 상황을 손쉽게 공유
- 유용한 대처 기술을 함께 파악하고, 작은 성취도 함께 축하
- 상담 세션 사이에 추가적인 지원 체계 구축
- 치료팀으로부터 동기부여 메시지와 이미지 수신

체크인:
- 아침저녁 체크인으로 하루의 동기, 진행 상황, 강점을 인식하도록 도움
- 불안 에피소드, 감정, 생각을 되돌아보도록 안내하는 다양한 체크인
- 체크인은 대개 1분도 채 걸리지 않습니다

자가 관리 체크리스트:
- 자기 관리 활동에 대한 아이디어 제공
- 하루 동안 스스로를 돌본 방법을 기록
- 자신의 성취를 되새기는 좋은 방법
- 알림을 보내주는 복약 추적 기능

대처 기술 및 목표:
- 진행 상황에 도움이 되는 과학적 근거 기반의 목표와 기술 라이브러리 포함
- 변화 과정을 기반으로 하며, 앱 내 알림을 통해 목표 달성 노력을 지원
- 목표를 달성한 순간 치료팀과 즉시 공유",의료,https://play.google.com/store/apps/details?id=com.moodlinks&hl=ko&gl=kr,,,,,,
android,kr,com.spotlightsix.zentimerlite2,Insight Timer - Meditation App,"* 올해의 앱 수상작 - TIME 매거진 및 Women's Health *
* 세상에서 가장 행복한 앱 - 트리스탄 해리스 *

최고의 무료 명상 앱입니다. 스탠포드, 하버드, 옥스퍼드 대학교 등의 최고의 명상 및 마음챙김 전문가, 신경과학자, 심리학자 및 교사가 진행하는 명상 안내, 수면 음악 트랙 및 강연입니다. 세계적으로 유명한 아티스트의 음악 트랙. 마음을 진정시키고, 불안을 줄이고, 스트레스를 관리하고, 깊은 잠에 도움이 되는 Insight Timer 명상 학습을 배우는 수백만 명의 사람들과 함께 하세요.

매일 추가되는 100개 이상의 새로운 무료 가이드 명상과 수면 트랙을 통해 다른 어느 곳보다 Insight Timer에서 더 많은 명상을 연습할 수 있습니다. 초보자와 숙련된 실무자 모두에게 적합합니다.

무료 기능:

* 100,000개 이상의 안내 명상
* 이동 중에도 시간별로 선택하여 짧은 명상을 할 수 있어 간단한 일상습관 형성에 도움
* 마음을 진정시키고, 집중하고, 잠을 잘 자고, 휴식을 취하는 데 도움이 되는 수천 개의 음악 트랙과 주변 소리
* 맞춤형 명상 타이머
* 좋아하는 선생님을 팔로우하세요
* 수천 개의 토론 그룹
* 진행 상황을 추적하기 위한 통계 및 마일스톤

통찰력 타이머를 위한 수면

불면증으로 어려움을 겪고 있나요? 밤에 편히 잠을 잘 수 없나요? 더 잘 자는 방법을 배우고 싶으십니까? Insight 타이머는 더 나은 밤에 잠을 잘 수 있도록 도와주는 수천 개의 무료 음악 트랙, 명상, 스토리를 제공합니다. 명상을 통해 수면과 휴식을 위한 최적의 환경을 조성하세요. 모두를 위한 것이 있습니다.

통찰력 타이머 기능을 위한 절전 모드:
* 수면 음악
* 소리 풍경
* 취침 시간 이야기
* 수면 명상
* 모든 음악에 대한 절전 모드

통찰을 위한 수면 타이머도 수면을 위한 명상 강좌를 제공합니다. 편안한 수면, 불면증 극복, 수면에 대한 접근 방식 재정의, 명상과 함께 수면 등 다양한 방법을 가르쳐 주는 다양한 코스를 통해 밤새 휴식 및 수면과의 관계를 개선하세요.

다음을 포함한 인기 주제를 찾아보세요.
* 깊이 잠들다
* 불안 다루기 및 스트레스 감소
* 회복과 중독을 극복하기
* 자기애와 연민
* 집중과 집중력
* 리더십
* 더 나은 관계
* 사랑의 친절

11,000명이 넘는 최고의 명상 교사, 음악가, 수면 전문가와 함께 하세요.

다음 명상 유형을 연습해 보세요.
* 세속적인 마음챙김
* 요가 니드라
* 마음챙김 수면
* 불교의 마음챙김
* 젠
* 통찰명상
* 위빠사나
* MBSR
* 걷기 명상
* 호흡명상
* 쿤달리니 요가
* 메타
* 아드바이타 베단타
* 그리고 더 많은..

그룹에 가입:
* 초보자 명상
* 수면 명상
* 시
* 무신론
* 기독교
* 힌두교
* 초월명상
* 그리고 더 많은..

유료 기능 - 통찰력 프리미엄 명상

선택적인 인앱 구독이 하나 있습니다.

* 1,000개 이상의 코스 - 잠을 더 잘 자고, 더 행복해지고, 스트레스를 덜 받는 데 도움이 됩니다
* 오프라인 듣기(오프라인으로 명상 듣기 및 수면 음악 듣기)
* 고급 플레이어(반복, 빨리 감기 및 되감기, 중단한 부분부터 다시 시작)
* 고품질 오디오",건강/운동,https://play.google.com/store/apps/details?id=com.spotlightsix.zentimerlite2&hl=ko&gl=kr,,,,,,
android,kr,com.wave6.onsen,Onsen – AI for Mental Health,"당신의 이야기를 기억하는 AI 동반자와 함께 마음속 이야기를 나눠보세요. 온센(Onsen)은 채팅, 일기 쓰기, 심리 치료에서 영감을 받은 경험, 자기 인식 등 다양한 기능을 제공하는 무료 정신 건강 앱입니다. 24시간 언제든 편안하고 비판단적인 공간에서 이용할 수 있습니다.

""이 앱은 제게 3일 만에 몇 달 동안 상담을 받은 것보다 더 많은 도움을 주었습니다.""

옥스퍼드 행복 설문 조사에 따르면, 사용자 중 54%가 3개월 안에 더 행복해졌다고 응답했습니다.

--- 사람들이 온센을 사용하는 이유 ---

- ​​단순한 답변을 넘어 공감을 느껴보세요
온센은 당신의 주변 사람들, 현재 겪고 있는 일들, 그리고 생각의 패턴을 기억합니다. 모든 대화는 이전 대화를 바탕으로 이어집니다.

- 스트레스와 불안을 관리하세요
인지행동치료(CBT), 명상, 자기 성찰 일기 쓰기 등 검증된 기법을 통해 힘든 순간들을 극복해 보세요. 검증된 평가에 따르면, 온센은 장기적으로 스트레스 수준을 22% 낮춰줍니다.

- 자기 인식 향상
기분을 점검하고, 감정의 원인을 파악하고, 반복되는 패턴을 찾아보세요. 검증된 설문지를 통해 행복감, 스트레스, 감사함을 시간 경과에 따라 기록할 수 있습니다.

- 언제든 이용 가능한 지원
예약이나 대기실이 필요 없습니다. 온센은 새벽 2시든 점심시간이든, 문자나 음성으로 언제든 필요할 때 함께합니다.

""정말 놀라운 앱입니다. 많은 사람들의 삶을 바꿀 수 있을 것 같아요. 버튼 하나만 누르면 언제든, 낮이든 밤이든 누군가의 도움을 받을 수 있다니 정말 놀랍습니다.""

- 자신에게 맞는 속도로 성장
정기적인 점검, 맞춤형 경험, 그리고 시간 경과에 따른 변화를 기록하는 일지를 통해 자기 관리와 마음챙김 습관을 길러보세요.

--- 주요 기능 ---

- ​​AI 채팅 및 음성 지원
24시간 언제든 말하거나 입력하세요. 온센은 미리 준비된 답변이 아닌, 진심으로 공감하며 응답합니다. 더 많은 정보를 공유할수록 더욱 개인화된 지원을 받을 수 있습니다.

- 6가지 AI 유형
코치는 당신을 앞으로 나아가게 하고, 마음챙김은 당신의 속도를 늦추도록 돕고, 문제 해결사는 문제를 분석해 줍니다. 그 외에도 3가지 유형이 더 있습니다. 또는 나만의 맞춤 가이드를 만들 수도 있습니다.

- 심리 치료에서 영감을 받은 경험
실제적인 어려움을 해결하기 위해 설계된 체계적이고 단계별 세션: 인지행동치료(CBT)로 부정적인 생각을 정리하고, 감사 편지를 쓰고, 손을 대지 않고도 명상을 경험하거나, 깊이 있는 대화를 나눠보세요. 각 세션은 당신에게 맞춰 조정됩니다.

- AI 일기 및 아트워크
모든 대화는 당신의 감정을 반영하는 독창적인 AI 생성 아트워크와 함께 일기로 기록될 수 있습니다. 기분 분석, 주제 및 통찰력도 제공됩니다.

- 검증된 추적 도구
임상적으로 검증된 설문지(OHQ-8, PSS-10, GQ-6)를 통해 행복, 스트레스, 감사함을 측정하세요. 반복 측정을 통해 실제적인 변화를 확인하세요.

- 펄스: 당신의 상태를 확인하는 AI
아침 목표 설정, 저녁 휴식, 패턴 분석, 연속 기록 축하, 언급했던 내용에 대한 부드러운 후속 조치 등 하루 종일 개인화된 알림을 받아보세요.

--- 온센의 차별점 ---

- ​​챗봇이 아닙니다. 다른 앱들은 정해진 스크립트를 제공하지만, 온센은 당신의 생각을 기억하는 대화를 선사합니다.

- 검증된 결과. 54%가 더 행복해졌다고 응답했고, 스트레스는 22% 감소했습니다. 꾸준히 사용하면 3배 더 좋은 효과를 볼 수 있습니다. (18개월간의 검증된 평가 결과 기준)

- 개인 정보 보호 및 암호화. 종단 간 암호화로 데이터 공유가 전혀 없으며, 사람이 당신의 글을 읽을 수 없습니다.

- 무료 이용. 채팅, 일기, 다양한 경험, 그리고 6가지 AI 페르소나를 모두 무료로 이용할 수 있습니다. 신용 카드 정보는 필요하지 않습니다.

""CBT 세션과 채팅 기능이 정말 좋아요. 언제든 휴대폰을 꺼내서 세션을 즐길 수 있거든요. 지금처럼 새벽 3시에도요.""

온센을 무료로 다운로드하고 대화를 시작하세요. 온센이 당신의 생각을 기억할 것입니다.

---

온센은 자기 성찰, 정서적 안정, 그리고 마음챙김을 지원하는 웰빙 앱입니다. 의료적 조언, 진단 또는 치료를 제공하지 않습니다. 이 앱의 콘텐츠는 정보 제공 및 자기 계발 목적으로만 제공되며, 전문적인 의료 또는 정신 건강 상담을 대체하는 것으로 간주되어서는 안 됩니다. 건강상의 염려가 있는 경우, 자격을 갖춘 의료 전문가와 상담하십시오.",라이프스타일,https://play.google.com/store/apps/details?id=com.wave6.onsen&hl=ko&gl=kr,,,,,,
android,kr,app.voicestories.android,Voice: Mental Health Guide,"Hero's Journey 프로그램은 정서적으로 안정되고 삶의 도전을 극복하고 목표를 달성하는 데 도움이 될 것입니다! 명상과 달리 재미있고 쉽고 빠른 결과를 가져옵니다. 사용해보고 8분 만에 효과를 확인하세요!

<b>음성이 도움이 됩니다</b>
- 불안과 스트레스를 덜 다룬다.
- 일상적인 작업을 더 쉽게 완료
- 수면 패턴을 정상으로 되돌리고 잠을 더 잘 자고 더 깊이 자십시오.
- 자신감과 자존감 형성
- 기분 장애 및 경미한 우울증 치료
- 간병인의 소진과 정서적 피로 회복
- 독특한 동기 부여 따옴표 및 배경 화면을 받으세요
- 개인 개발 계획을 세우고 삶을 더 즐기십시오.

정신 건강은 육체적 건강과 마찬가지로 행복한 삶의 필수 요소입니다. 목소리는 정신적 지침, 동기 부여의 원천, 중요한 삶의 결정을 내리는 데 도움이 될 수 있습니다.

더 이상 명상할 때 집중하기 위해 애쓰지 않아도 됩니다. 마음껏 상상하고 마음껏 뛰어놀 수 있게 해주세요! 실제로 명상하지 않고도 명상의 모든 효과를 얻을 수 있습니다.


<b>명상보다 쉽습니다. 더 빠른 결과</b>

- 과거 경험은 중요하지 않습니다. 이 기능을 처음 접하더라도 단 8분 만에 진행 상황을 확인할 수 있습니다.

- 호흡에 집중하거나 특정 자세를 취하지 않아도 됩니다. 앉아서 눈을 감고 이어폰을 꽂고 듣기 시작하기만 하면 됩니다. 나머지는 저희가 처리하겠습니다.


<b>하이프노텔링: 우리의 비밀 무기</b>

우리는 우리가 모든 결정을 합리적으로 내린다고 믿고 싶지만 그것은 사실이 아닙니다. 대부분의 경우 우리는 완전히 이해하지 못하거나 완전히 통제할 수 없는 감정에 휘둘립니다.

운 좋게도 잠재의식은 필요한 모든 것을 줄 수 있습니다. 이미지, 감각 등 해당 언어로 말해야 합니다.

당신의 잠재의식은 원숭이와 같습니다. 단어를 이해하지 못하지만 시각 정보를 이해하고 감정을 기억합니다. 이것을 이해하면 원하는 대로 조정할 수 있습니다. 음성을 통해 잠재의식에 연결할 수 있습니다. 그것은 가르치고 치유하며 진정하고 힘을 회복하는 데 도움이 됩니다.

예를 들어, 불안, 수면 문제 또는 소진을 처리하는 데 도움이 될 뿐만 아니라 문제의 근본과 증상의 원인을 파악하는 데 도움이 되어 다시 평온함, 영감, 동기 부여를 느낄 수 있습니다.
흥미진진한 모험 이야기의 주인공이 됩니다. 마치 꿈 같은 상태에서 심리적 탐구를 시작하는 것과 같습니다. 당신은 이야기를 통해 이동하고, 그 과정에서 도전에 직면하고, 그것을 해결하는 방법을 배웁니다.

명상과 달리 우리의 이야기는 두뇌가 깨어 있고 의식을 유지하는 데 도움이 됩니다. 정보를 더 효과적으로 흡수하여 더 빠른 결과를 제공하는 트랜스와 같은 상태에 들어갑니다. 비교할 수 있는 가장 가까운 것은 확언입니다. 8분의 스토리만큼 빠르게 이완과 동기부여를 느낄 수 있습니다.


<b>연구 기반 기술 기반</b>

최면술은 운동선수 훈련, 지지 요법, 심리 ​​요법 및 과학 연구에 사용된 방법을 기반으로 합니다.


<b>최면을 말하는 것이 효과적입니다</b>

- 낮은 불안과 스트레스 수준
- 명상 없이 더 빨리 잠들 수 있도록 하고 수면 습관을 개선합니다.
- 에너지를 부스트
- 자기 동기 부여 증가
- 정신 건강 개선

명상은 마음챙김을 개발하는 데 도움이 되지만, 혼자서 탐색하기 어려울 수 있는 느리고 어려운 과정입니다. 음성은 명상 2.0과 같습니다. 의식을 확장할 수 있을 뿐만 아니라 이 경험을 적용하고 오늘, 내일, 그리고 영원히 조치를 취하는 데 도움이 됩니다. 그리고 가장 좋은 점은 평생 함께할 유익한 정신 기술을 습득할 수 있다는 것입니다!


<b>지금 음성으로 모험을 시작하세요</b>

help@voice-stories.app으로 제안 및 질문을 보내주세요.

사용자 이용약관: https://voice-stories.app/#popup-terms",건강/운동,https://play.google.com/store/apps/details?id=app.voicestories.android&hl=ko&gl=kr,,,,,,
android,kr,com.robleridge.Moodfit,Moodfit: Mental Health Fitness,"Moodfit은 스트레스 감소, 인지행동치료(CBT) 연습, 호흡법, 마음챙김, 신경계 도구 등을 통해 지속적인 습관 형성을 돕도록 설계된 강력한 감정 추적 및 정신 건강 앱입니다.

수상 경력에 빛나는 정신 건강 앱
• CNET 선정 2024년 및 2025년 최고의 정신 건강 앱
• Verywell Mind 선정 최고의 감정 추적 앱 (2023)
• Verywell Mind 선정 최고의 정신 건강 앱 (2020~2022)
• Forbes, Vogue, Men’s Health, PsychCentral 등 주요 매체에 소개됨

사용자들이 Moodfit을 좋아하는 이유:
“Moodfit은 제 정신 건강에 놀라울 정도로 긍정적인 영향을 미쳐서, 얼마나 발전했는지 말로 다 표현할 수 없을 정도입니다.” – Aaron White
“저는 치료사입니다. Moodfit은 제가 잠시 멈춰 서서 제 상태를 더 잘 인식할 수 있도록 도와주기 때문에 정말 좋아하고 자신 있게 추천합니다.” – 샤론 맥칼리-스텔러
""최고의 정신 건강 앱이에요! 탄탄한 정신 건강을 구축하는 데 필요한 모든 기능을 갖추고 있어요."" – 마티

Moodfit이 당신에게 도움을 주는 방법:
• 감정 일기: 감정을 기록하고 패턴을 파악하세요
• 인지행동치료(CBT) 도구: 도움이 되지 않는 생각을 바꾸고 극복하세요
• 마음챙김 및 명상: 스트레스를 줄이고 현재에 집중하세요
• 호흡 운동: 불안을 진정시키고 신경계를 안정시키세요
• 감사 일기: 긍정적인 것을 알아차리도록 뇌를 훈련하세요
• 신경계: 신경계가 감정에 미치는 영향을 확인하세요
• 일일 목표: 지속적인 정신 건강 습관을 만드세요
• 인사이트: 수면, 운동, 영양, 사회적 상호작용이 기분에 미치는 영향을 확인하세요
• 약물 및 맞춤 활동 추적: 나에게 가장 효과적인 방법을 찾으세요
• 검증된 평가 도구: 우울증(PHQ-9) 및 불안(GAD-7)을 시간에 따라 모니터링하세요
• 교육 및 영감: 반추, 미루는 습관, 동기 부여 등에 대한 실용적인 콘텐츠

핵심 신념:
• 정신 건강은 위기에 처한 사람뿐만 아니라 모든 사람을 위한 것입니다
• 정서적 건강에 대한 만능 해결책은 없습니다
• 적절한 도구와 추적을 통해 지속적인 변화를 만들어낼 수 있습니다

함께 더 나은 삶을 만들어 갑시다 정신 건강 - 하루하루를 소중히 여기세요. Moodfit을 다운로드하고 최고의 컨디션을 향한 여정을 시작하세요.

질문이나 의견이 있으신가요?

사용자 여러분의 의견을 언제나 환영합니다: hello@getmoodfit.com

웹사이트: https://www.getmoodfit.com
인스타그램: https://www.instagram.com/getmoodfit

서비스 약관: https://www.getmoodfit.com/terms-of-service
개인정보 보호정책: https://www.getmoodfit.com/privacy-policy",의료,https://play.google.com/store/apps/details?id=com.robleridge.Moodfit&hl=ko&gl=kr,,,,,,
android,kr,com.atommerce.mindpro,"마인드카페 - 24시간 멘탈케어, 심리상담, 코칭","<b>24시간 언제든, 우울∙불안∙직장 스트레스부터 불면증까지</b>
<b>국내외 어디서나 나만의 멘탈케어를 시작하세요!</b>
■ <b>전문 심리상담 & 빠른 멘탈케어</b>
   ㆍ <b>우울∙불안∙대인관계∙직장 고민</b> 등 다양한 이슈를 해결할 수 있도록, 검증된 전문가가 맞춤 솔루션을 제공합니다.
   ㆍ <b>채팅, 전화, 화상, 대면 상담</b> 등 원하는 상담 방식을 자유롭게 선택 가능!
   ㆍ <b>해외 거주 중인 한인, 유학생</b>도 시차·언어 장벽 없이 편리하게 이용할 수 있어요.
■ <b>과학적 심리검사 & 즉각 피드백</b>
   ㆍ <b>우울증 테스트, 불안장애 체크, 직무 스트레스 지수</b> 등 국내외 검증된 검사 도구를 활용합니다.
   ㆍ 검사 결과에 따라 <b>개인 맞춤형 코칭 & 개선 가이드</b>를 즉시 확인 가능!
   ㆍ 더 심층적인 도움이 필요하다면, 유료 프로그램(심화 상담, 단계별 멘탈 트레이닝, CBT 등)으로 연계할 수 있습니다.
■ <b>스마트 코칭 시스템</b>
   ㆍ <b>라이프코칭, 커리어코칭</b> 등 목표 설정 → 실행 계획 → 성과 확인까지 맞춤형 코칭 진행
    ㆍ 장기 고민∙습관을 개선하고 싶은 분들을 위한 <b>정기 결제형 코칭 프로그램</b>도 마련
■ <b>편리함 & 익명성 보장</b>
   ㆍ <b>24시간 예약</b> 가능하며, 모바일로 언제 어디서나 간편하게 접속!
   ㆍ <b>익명 닉네임</b>, <b>안전 암호화 결제</b>, 상담 기록 비공개 저장 등 철저한 프라이버시 보호
   ㆍ 해외에서 접속해도 동일하게 <b>익명∙안전 상담</b>이 지원됩니다.

■<b>앱의 차별점 & 강점</b>
   1. <b>투명한 전문가 정보 & 후기</b>
      ㆍ 임상심리사, 정신건강 전문가, 전문 코치 등의 자격∙경력을 꼼꼼히 검증하고, <b>후기∙평점∙비용</b> 정보를 투명하게 공개. 또한, 정신과 전문의 및 임상심리 박사로 구성된 업계 최고의 자체 심리 연구소를 갖추어 전문성을 철저히 관리
   2. <b>초보도 쉽게 시작</b>
      ㆍ ‘<b>마인드포스팃</b>’ 으로 매일 내 멘탈 상태 체크
      ㆍ 무료 <b>명상∙마음챙김∙자존감 코칭</b> 콘텐츠로 먼저 체험 후, 필요 시 심층 상담도 가능
   3. <b>안전한 관리 & 익명 보호</b>
      ㆍ 민감 정보는 <b>암호화 & 비식별화</b> 처리, 닉네임 사용으로 개인정보 노출 걱정 없이 이용
      ㆍ 상담사와 나눈 대화 내용은 <b>비공개 저장</b>되어 사생활이 완벽히 보호
   4. 온·오프 통합 지원 
      ㆍ 앱 이용 중 전문가 상담∙코칭을 받다가 필요 시 오프라인 대면 전환도 가능, 원스톱 서비스 제공

■ <b>이런 분들께 추천해요!</b>
   ㆍ <b>우울증 테스트</b>로 내 상태를 파악해보고 싶은 분
   ㆍ <b>불안장애</b>가 의심되거나, <b>직장 스트레스</b>를 해소하고 싶은 분
   ㆍ <b>불면증</b>(수면장애)으로 고민 중인 분 (명상∙심리치료∙수면 코칭 프로그램 연계)
   ㆍ <b>자존감 향상, 대인관계 개선</b> 등 장기 코칭을 통해 꾸준히 성장하고 싶은 분
   ㆍ <b>커플∙부부 상담, 라이프코칭, 커리어코칭</b> 등 전문 상담 매칭을 원하는 분
   ㆍ <b>해외 거주 한인, 유학생</b>으로 한국어 심리상담∙멘탈케어 서비스가 필요한 분

마인드카페와 함께
<b>당신의 멘탈케어</b>를 시작해 보세요.",건강/운동,https://play.google.com/store/apps/details?id=com.atommerce.mindpro&hl=ko&gl=kr,,,,,,
android,kr,com.smilingmind.app,Smiling Mind: Mental Wellbeing,"스마일링 마인드(S마일링 마인드)는 일상생활의 우여곡절을 관리하는 데 있어 가장 좋은 출발점을 제공합니다.

다재다능하고 실용적인 정신 건강 툴킷에 오신 것을 환영합니다. 스마일링 마인드 앱은 웰빙을 뒷받침하는 기술을 배우고 성공할 수 있는 습관을 만드는 데 도움이 됩니다. 정신적 건강을 구축하고, 도전 과제를 탐색하고, 목표를 달성하기 위한 자신만의 고유한 접근 방식을 개발하세요. 주머니 속에서 평생 매일 운동할 수 있습니다.

우리 앱은 심리학자와 정신 건강 전문가가 디자인한 웃는 마음 정신 건강 모델을 기반으로 하여 정신이 번성할 수 있는 기반을 개발하는 데 도움을 줍니다.

스마일링 마인드(S마일링 마인드)는 5가지 핵심 기술 세트를 통해 정신적 건강을 실천할 수 있도록 지원하여 마음챙김 생활, 유연한 사고 포용, 연결 강화, 의도적 행동, 신체 재충전을 할 수 있도록 지원합니다.

스마일링 마인드 앱은 귀하의 특정 웰빙 요구 사항과 목표를 지원하는 맞춤형 콘텐츠, 도구 및 리소스를 제공합니다. 5~12세에 적합한 어린이 컬렉션과 초보 연습부터 일상 습관까지 안내하는 성인 컬렉션까지 모든 연령대와 단계의 마음을 위한 다양한 콘텐츠가 있습니다!

스마일링 마인드 앱의 특징:
* 700개 이상의 레슨, 연습 및 명상
* 50개 이상의 엄선된 컬렉션

다양한 특수 기능을 갖춘 이 앱은 정신적 건강과 탄력성을 키우는 데 도움이 됩니다. 좋은 수면, 학습 및 스포츠 훈련을 지원합니다. 스트레스를 줄이십시오. 관계 개선; 새로운 사회적, 정서적 기술의 개발을 촉진합니다.

스마일링 마인드 기능

명상과 마음챙김
* 초보자 명상부터 숙련된 실무자를 위한 프로그램까지 
* 호주 원주민 언어로 된 명상(Kriol, Ngaanyatjarra 및 Pitjantjatjara)
* 수면, 평온, 관계, 스트레스, 주의 깊은 식사 등을 다루는 콘텐츠 및 프로그램 
* 수면, 정서적 기술 개발, 개학 등을 포함한 어린이와 가족을 위한 프로그램   

정신 건강 
정신 건강 기술을 개발하여 다음을 수행하십시오.
* 안정감을 높여라
* 기술 사용 관리 
* 인생에서 중요한 관계를 강화하세요 
* 스트레스와 불안을 줄입니다. 
* 정신 건강과 웰빙을 향상시킵니다. 

기타 기능
* 오프라인에서 사용할 콘텐츠 다운로드
* 개인화된 루틴으로 정신 건강 습관을 기르세요 
* 웰빙 체크인으로 기분을 추적하세요
* 정신 건강 추적기로 기술 개발 진행 상황을 확인하세요 
* 잠들기 전 긴장을 풀어주는 다크 모드  

우리는 긍정적인 영향력을 만들어온 역사와 세대 변화를 만들어 모든 사람에게 평생 정신 건강을 위한 도구를 제공하려는 비전을 갖고 있습니다.

스마일링 마인드(S마일링 마인드)는 12년 넘게 정신 건강 혁신의 선두에 서서 증거 기반 도구와 자원을 통해 정신이 번성하도록 도왔습니다. 우리는 전 세계 수백만 명의 삶에 영향을 미친 것을 자랑스럽게 생각합니다.

지난 10년 동안 우리는 모든 사람의 마음이 번영하도록 돕는 비전을 따랐으며, 그 당시 수많은 삶에 영향을 미친 것을 자랑스럽게 생각합니다. 이제 정신 건강 위기 속에서 우리는 Smileing Mind가 어떻게 정신 건강과 웰빙의 장기적인 변화를 만들어 미래 세대에 파급할 수 있는지 미래를 내다보고 있습니다. 

스마일링 마인드(S마일링 마인드)의 새로운 사명인 평생 정신 건강(Lifelong Mental Fitness)은 긍정적인 정신 건강이 적극적으로 개발될 수 있다는 증거를 바탕으로 구축되었습니다. 그리고 이를 수행하는 데 필요한 기술을 모든 사람에게 제공하는 것이 우리의 의도입니다. 

""S마일링 마인드의 가장 좋은 점은 긴장을 풀고 올바른 생각을 하도록 도와준다는 것입니다."" - 누가복음 10세

“우리는 아들을 위해 대부분의 밤에 이 노래를 듣고 있는데, 솔직히 그것 없이는 무엇을 할 수 있을지 잘 모르겠습니다. 우리 아이들과 가족이 안팎으로 더 나은 기분을 느낄 수 있도록 도와주셔서 감사합니다.”  - 3학년, 5학년 학부모",건강/운동,https://play.google.com/store/apps/details?id=com.smilingmind.app&hl=ko&gl=kr,,,,,,
android,kr,com.hiwell,Hiwell Therapy & Mental Health,"Hiwell은 100만 명 이상의 사용자가 선택한 안전한 소프트웨어입니다.

나에게 맞는 자격을 갖춘 심리 상담사와 영양사를 찾아 오늘부터 더 나은 삶을 향한 첫걸음을 내딛으세요!

2,000명 이상의 전문 심리 상담사가 이용하는 Hiwell을 통해 불안, 스트레스, 불행, 관계 및 직장 문제, 기타 건강 문제에 대한 과학적 접근 방식의 온라인 심리 상담을 받을 수 있습니다. 또한 전문 영양사의 도움을 받아 영양 목표를 달성할 수 있습니다.

Hiwell의 심리 상담사들은 인지 행동 치료(CBT), 역동 치료, 대인 관계 치료, 스키마 치료 등 다양한 심리 치료 기법에 대한 훈련과 전문성을 갖춘 치료사들입니다.

모든 심리 상담 및 영양 상담은 100% 기밀 유지와 보안이 보장됩니다. 제3자가 상담 내용을 보거나 녹음할 수 없습니다. 모든 결제는 암호화된 페이지를 통해 처리됩니다.

서비스

온라인 심리 상담
Hiwell의 플랫폼을 이용하는 공인 심리 상담사들은 엄격한 평가와 면접을 거쳐 자격을 인증받았습니다.

본인에게 가장 적합한 상담사를 선택하신 후, 15분 무료 화상 통화를 통해 상담사와의 적합성을 확인하고 상담 과정에 대한 질문을 하실 수 있습니다.

온라인 영양 상담 - 신규
이제 Hiwell에서 전문 영양사의 온라인 영양 상담도 받으실 수 있습니다. 개인 맞춤형 영양 계획, 유연한 예약 시간, 지속적인 사후 관리를 통해 건강한 라이프스타일을 향해 나아갈 수 있습니다.

영양사와의 15분 무료 화상 통화를 통해 적합성을 확인하고 궁금한 점을 질문해 보세요.

Hiwell을 선택하는 이유
Hiwell의 고급 알고리즘은 회원 가입 시 입력하신 답변을 바탕으로 회원님의 기대, 필요, 일정에 가장 적합한 심리 상담사와 영양 목표에 맞는 영양사를 연결해 드립니다.

Hiwell은 모든 사람이 심리 상담과 영양 상담을 쉽게 이용할 수 있도록 기술을 활용하여 전 세계에 합리적인 가격으로 전문적인 온라인 서비스를 제공합니다.

하이웰의 무료 심리 테스트를 통해 불안, 우울감, 사회 불안, 공포증, 알코올 사용, 외상 후 스트레스 장애, 자존감 문제, 주의력 결핍 등 다양한 문제에 대한 인식을 높일 수 있습니다. 이러한 문제들을 심리 치료사와 상담할 수 있습니다.

전문가들이 작성한 풍부한 콘텐츠 라이브러리도 무료로 이용할 수 있습니다.

하이웰 플랫폼의 심리 치료사들을 통해 성인, 부부, 아동 및 청소년 상담을 안전하게 받을 수 있습니다.

영양사들은 건강한 체중 관리, 다낭성 난소 증후군(PCOS), 갑상선 질환, 인슐린 저항성, 당뇨병, 스포츠 영양, 임신 및 수유 영양, 비건/채식 식단, 아동 및 청소년 영양, 맞춤형 식단 계획 등에 대한 지원을 제공합니다.

문의하기
질문, 의견 또는 심리 치료사/영양사 지원은 고객 지원 센터 또는 hello@hiwellapp.com으로 문의해 주세요.",건강/운동,https://play.google.com/store/apps/details?id=com.hiwell&hl=ko&gl=kr,,,,,,
android,kr,moodtracker.selfcare.habittracker.mentalhealth,"기분일기 - 감정일기, 좋은 습관, 스트레스 해소","당신은 스트레스, 나쁜 감정, 수면 부족 등으로 고통 받고 계시나요? 자신을 준비되고 긍정적으로 만들고 싶나요? 당신과 함께하고 당신의 말을 들어주는 친구가 필요합니까? Mood Tracker-기분 일기장 -자기 관리는 신체적, 정서적 건강 요구 사항을 최선을 다해 관리 할 수 있습니다
감정 추적기란 무엇입니까?
<b> 기분 일기장 - 감정일기, 하루다이어리 타임을 즐겨보세요</b>은 무료 자기관리 앱입니다. 여러분은 매일의 기분, 활동을 선택하고 기분 일기를 작성하여 감정일기 추적, 습관 추적, 자기 관리 추적, 그리고 활동을 추적을 할 수 있습니다. 
여러분 자신을 돌보면서 애완동물을 같이 돌보세요! 쉽고 편하게 녹음하면서, 여러분의 정신 건강에 대해 더 많이 알 수 있도록 돕기 위해 심층 감정 추적 데이터 분석을 받을 수 있습니다. 매일매일, 여러분은 여러분 자신의 변화를 보게 될 것입니다.

이 감정일기 을 선택한 이유는 무엇입니까?
<b> 💟 전문적이고 무료 무드 다이어리 앱 </b>
“기분 일기장 - 감정일기, 하루다이어리 타임을 즐겨보세요”은 좋은 습관을 만들고 불안감, 우울증을 없애며 정신건강을 증진시키는 감정 추적 앱입니다.
또한 "" 기분 일기장 - 감정일기, 하루다이어리 타임을 즐겨보세요 ""은 명상, 수면 추적, 감사 일지 및 게임을 통하여 사용자에게 도움이 되는 자기 관리 방법을 제공합니다.

<b> 🐧 기분을 추적하는 애완동물을 얻으세요 </b>
"" 기분 일기장 - 감정일기, 하루다이어리 타임을 즐겨보세요 ""을 사용하면 펭귄 친구가 생깁니다. 
애완동물에게 먹이를 주고 습관 추적 작업을 완료함으로써 애완동물의 감정을 향상시키세요. 여러분을 더 행복하고 건강하게 만들 것입니다.
여러분의 기분이 나쁘든 행복하든, 자기 관리 애완동물은 항상 여러분과 함께 있고 여러분의 말에 귀 기울일 것입니다.

<b> 📊 경험에서 배우세요 </b>
"" 기분 일기장 - 감정일기, 하루다이어리 타임을 즐겨보세요""은 매일의 일상이 감정에 어떤 영향을 미치는지 분석하는 것을 목표로 합니다.
무드 다이어리 기는 여러분이 짜증이 나거나 우울하거나 불안할 때 다른 어떤 일이 일어나고 있는지 매일 기분 패턴을 볼 수 있도록 도와주는 정신 건강 기록 도구입니다 스트레스.
""기분 일기장 - 감정일기, 하루다이어리 타임을 즐겨보세요""을 사용하면 감정과 활동 간의 기분 균형을 확인할 수 있습니다. 어떤 행동이 좋은 기분과 나쁜 기분으로 이어지는지 또한, 여러분은 습관 추적이 감정에 미치는 영향을 이해할 것입니다.
이 감정일기, 무드 다이어리 기록 앱을 계속 사용하시면 감정 균형 보고서와 감정 측정을 받으실 수 있습니다.

<b> 🔖 좋은 습관 기록 앱 </b>
여러분은 인생에서 가장 좋은 50가지 습관에 대해 들어본 적이 있나요? 그럼 이 앱에서 찾아보세요.
좋은 습관은 항상 행복을 가져다 줍니다. Mood Tracker - 기분 일기장 - 는 좋은 습관을 기르고 나쁜 습관을 해결하기 위한 목표를 설정하도록 도와주는 무료 습관 기록 앱입니다. 
이 앱을 사용하면 나의 습관 상태를 추적할 수 있고 습관 알림을 받을 수 있습니다.

<b> 🌟 쉽고 아름다운 무드 다이어리 </b>
""기분 일기장 - 감정일기, 하루다이어리 타임을 즐겨보세요""의 간단한 인터페이스를 통해 하루일기 및 기분 및 습관을 기록할 수 있으며 시간이 지남에 따라 많은 감정 추적 그래프를 볼 수 있습니다. 
기분 일기, 불안 일기, 그리고 불렛 일기를 쓰는 것은 감정과 스트레스 해소과 정신 건강을 기록하는 재미있는 방법입니다.

<b> 📅 기분 일기 캘린더 보기</b>
""기분 일기장 - 감정일기, 하루다이어리 타임을 즐겨보세요""은 감정 기록 달력 보기를 제공합니다. 사용자가 일상적인 감정 변화와 기분에 대해 쉽게 볼 수 있도록 만들어졌습니다.

<b> ☁ 동기화 및 백업 - 절대 잃어버리지 마세요 </b>
Google 드라이브를 통해 감정 기록과 습관 기록을 클라우드에 동기화하십시오.
다양한 기기에서 나의 습관과 감정을 확인하고 기록합니다.

<b> 🗂 습관 기록 및 감정 밸런스 위젯 </b>
감정 밸런스 위젯을 휴대폰 바탕 화면에 추가합니다. 여러분은 언제 어디서든 매일 무드 트래커에 접속 할 수 있습니다. 
휴대폰에 무드 트래커 위젯을 추가하여 중요한 습관 기록을 놓치지 마십시오.

요약하자면 "" 기분 일기장 - 감정일기, 하루다이어리 타임을 즐겨보세요 ""은 정말 좋은 감정 기록, 습관 기록, 자가 관리 기록 및 정신 건강 앱이며 설치하고 사용해 볼 가치가 있습니다.
 
그 외 질문 사항이 있으면 moodtracker@betterapptech.com으로 문의하십시오.",라이프스타일,https://play.google.com/store/apps/details?id=moodtracker.selfcare.habittracker.mentalhealth&hl=ko&gl=kr,,,,,,
android,kr,com.bearable,"Symptom, Mood & Period Tracker","✅ <b>증상, 기분, 통증, 피로 및 정신 건강을 더욱 효과적으로 관리하세요</b>
Bearable은 기분, 생리, 증상, 통증 및 피로를 간편하고 편리하며 효과적으로 추적하여 웰빙을 되찾도록 도와드립니다. 증상 및 기분 추적기에 입력하는 것은 매우 간편하여 기분 개선에 집중할 수 있습니다.

✅ <b>하루에 몇 번의 클릭만으로 증상 및 기분에 대한 통찰력을 얻으세요</b>
습관, 증상, 생리 주기, 기분 등의 추세와 상관관계를 파악하세요. 매일 몇 번의 클릭만으로 Bearable의 건강 추적기를 통해 정신 건강, 피로 및 양극성 장애, 불안, 두통, 편두통, 다낭성 난소 증후군, 우울증, 경계성 인격 장애(BPD), 만성 통증 등 만성 질환의 증상에 도움이 되거나 변화를 유발하는 요인에 대한 통찰력을 얻을 수 있습니다.

✅ <b>모든 건강 관리, 한 곳에서</b>
기분, 증상, 생리 주기, 복용 약물을 관리하기 위해 여러 앱을 사용하는 데 지치셨나요? 담당 의사와 함께 건강 상태를 완벽하게 파악할 수 있도록 이 모든 것을 하나의 앱에 통합하는 것이 좋습니다.

BEARABLE의 기능:
⭐ <b>증상 개선 및 악화 요인 파악</b> 복용 중인 약물, 자가 관리, 습관, 활동을 추적하고 이러한 요소들이 증상, 기분, 정신 건강 등의 변화와 어떻게 연관되는지 알아보세요.
⭐ <b>의사 또는 치료사와 소통</b> 만성 통증, 조울증, 불안, 두통, 편두통, 다낭성 난소 증후군, 우울증, 경계성 인격 장애(BPD) 등 만성 질환의 기분 및 증상 변화를 보여주는 보고서와 타임라인을 간편하게 공유하세요.
⭐ <b>증상 패턴 및 경고 신호 파악</b> 증상, 기분, 에너지 수준 관리를 위한 첫걸음을 내딛으세요. 그래프와 주간 보고서를 통해 상황이 악화되는 시기를 파악하여 신속하게 조치를 취할 수 있습니다.
⭐ <b>시간 경과에 따른 증상 변화 모니터링</b> 기존 증상의 변화, 새로운 증상, 그리고 새로운 약물, 의약품 및 치료에 대한 증상의 반응을 지속적으로 확인하세요.
⭐ <b>자기 관리 습관 관리</b> 증상, 기분, 정신 건강 관리에 도움이 되는 것들을 찾고, 선택적 알림과 목표를 활용하여 자기 관리 계획과 약물 복용 일정을 준수하세요.
⭐ <b>다시 건강을 스스로 관리하세요</b> 만성 통증, 조울증, 불안, 두통, 편두통, 다낭성 난소 증후군, 우울증, 경계성 인격 장애(BPD) 등 만성 질환을 앓고 있는 사람들로 구성된 Bearable 커뮤니티의 75% 이상이 Bearable이 자신의 건강과 웰빙을 스스로 관리할 수 있도록 도와준다고 말합니다.

그리고 훨씬 더 많은 기능이 있습니다...
👉 <b>복용 약물, 정신 건강 체크, 셀프 케어 알림</b>
👉 <b>공유 및 내보내기</b>
👉 <b>건강 데이터 자동 동기화</b>
👉 <b>다크 모드</b>
👉 <b>여러 기기에서 데이터 복원</b>

💡 <b>사람들이 Bearable을 사용하는 몇 가지 방법</b>
건강 및 증상 추적기
기분 및 정신 건강 추적기
불안 및 우울증 추적기
통증 및 피로 추적기
약물 및 의약품 추적기
두통 및 편두통 추적기
생리, PCOS 및 PMDD 추적기
경계선 질환 및 양극성 장애 추적기

🔐 <u>개인 정보 보호 및 보안</u>
데이터가 서버에 안전하게 암호화되어 안심하세요. 사용자는 데이터에 대한 완전한 제어권을 가지며 언제든지 앱 내에서 삭제할 수 있습니다. 당사는 어떠한 경우에도 개인 정보를 누구에게도 판매하지 않는다는 점을 강조해 드립니다.

💟 <u>이해하고 아끼는 사람들이 만들었습니다</u>
불안, 우울증, 만성 피로(ME/CFS), 다발성 경화증(MS), 자궁내막증, 다낭성 난소 증후군(PCOS), 경계성 인격 장애(BPD), 양극성 장애, 외상 후 스트레스 장애(PTSD), 편두통, 두통, 암, 관절염, 크론병, 당뇨병, 과민성 대장 증후군(IBS) 및 IBD, 엘러스-댄로스 증후군(EDS), 자율신경실조증, MCA 등 만성 질환을 겪는 수천 명의 사람들의 피드백을 바탕으로 만성 질환을 겪는 사람들이 직접 개발했습니다.

저희는 피로와 브레인 포그(Brain Fog)로 고통받는 사람들도 증상 추적기를 쉽고 편리하게 이용할 수 있도록 만들고자 합니다. 저희는 공동체 의식을 형성했으며, 앞으로도 도움이 필요한 사람들의 의견에 귀 기울일 것입니다. 최대한 많은 사람들에게 도움이 되도록 이 앱을 개선하기 위해 최선을 다하고 있습니다. 여러분의 의견을 듣고 싶습니다 (support@bearable.app)",건강/운동,https://play.google.com/store/apps/details?id=com.bearable&hl=ko&gl=kr,,,,,,
android,kr,com.tanosapps.meditanos,"Self Therapy:우울증 테스트, 트라우마, 감정","Self Therapy:우울증 테스트, 트라우마, 감정

Self Therapy는 교육 목적의 자기점검과 구조화된 성찰을 중심으로 설계된 정신건강 앱입니다. 하루 동안 느낀 감정과 반복되는 패턴을 정리하고, 꾸준히 기록하고, 다시 확인할 수 있도록 한 가지 흐름에 집중합니다: 체크인 → 성찰 → 기록 → 검토. 이 단일 흐름은 정신건강 루틴을 단순하게 유지해 주며, 특히 트라우마나 우울감이 커지는 시기에도 같은 방식으로 정리할 수 있게 돕습니다. Self Therapy는 트라우마와 일상 반응을 관찰하고, 우울증 테스트를 통해 상태 변화를 교육적으로 확인하며, 정신건강을 스스로 관리하는 습관을 만드는 데 초점을 둡니다.

Self Therapy에는 정신건강 자기이해를 위한 테스트 라이브러리가 포함되어 있으며, 우울증 테스트와 트라우마 관련 성찰 테스트를 제공합니다. 또한 외상 후 스트레스 주제와 연결된 교육용 체크인도 있어 자기인식을 돕습니다. 본 앱은 의학적 진단이나 치료를 제공하지 않습니다. 모든 콘텐츠는 교육 및 개인적 통찰을 위한 것이며, 안전한 정신건강 자기점검 경험을 목표로 합니다. 이러한 구성은 트라우마와 우울증 테스트를 다루면서도 정신건강 중심의 균형을 유지하도록 설계되었습니다.

하나의 축: 정신건강 체크인 루틴
짧게 체크인하고, 간단히 성찰한 뒤 기록하고, 나중에 검토합니다. 이 루틴을 반복하면 정신건강 노트가 일관되고 읽기 쉬워지며, 트라우마가 자극되는 시기나 우울증 테스트가 필요하다고 느끼는 시기에도 비교가 쉬워집니다. 트라우마 반응을 “정리된 기록”으로 남기고, 우울증 테스트 결과를 “시간에 따른 변화”로 확인하면, 정신건강 상태를 더 안정적으로 바라볼 수 있습니다.

테스트 라이브러리: 우울증 테스트, 트라우마, 정신건강
Self Therapy는 정신건강 자기점검 맥락을 유지하며 다음과 같은 주제를 교육적으로 제공합니다:
• 정신건강 체크인 카테고리(감정 균형, 자기이해, 일상 리듬)
• 우울증 테스트: 우울증 테스트 체크인, 우울증 테스트 변화 비교, 우울증 테스트 패턴 관찰
• 트라우마 성찰 테스트: 트라우마 자극, 트라우마 스트레스, 트라우마 반복 패턴을 기록하고 정리
• 외상 후 스트레스 주제의 교육용 체크인(진단 목적 아님)
• ADHD 경향, 양극성 특성 지표, BPD 및 OCD 인식 테스트(교육 목적)
• 시각적 인식 기반 테스트(성찰을 돕는 질문 형식)

트라우마와 우울증 테스트를 교육적 언어로 정리
Self Therapy는 임상적 주장 없이 “반복되는 것”을 이름 붙이고 정리하도록 돕습니다. 트라우마는 트라우마 기억의 되살아남, 트라우마 스트레스, 트라우마 자극 같은 형태로 나타날 수 있으며, 트라우마 성찰 테스트는 트라우마를 교육적 방식으로 기록하고 검토할 수 있게 합니다. 우울감은 에너지 저하, 동기 변화, 주기적 하락처럼 느껴질 수 있고, 우울증 테스트는 우울증 테스트 결과를 일관된 기준으로 확인해 우울증 테스트 변화 흐름을 비교하도록 돕습니다. 트라우마 기록과 우울증 테스트 기록이 꾸준히 쌓이면, 정신건강 루틴을 더 차분하게 유지할 수 있습니다.

일기와 기분 추적으로 정신건강 패턴 보기
일기 기능으로 짧은 기록을 남기고 감정을 태그로 정리하세요. 기분 추적 기능으로 하루 상태를 기록하고, 주간·월간 흐름을 검토할 수 있습니다. 이 과정은 정신건강 패턴을 더 명확하게 만들고, 트라우마가 두드러진 시기와 우울증 테스트가 필요했던 시기를 같은 기준으로 비교하는 데 도움을 줍니다. 꾸준한 기록은 정신건강 자기점검을 “한 번의 결과”가 아니라 “지속 가능한 습관”으로 바꾸어 줍니다.

검토와 요약: 정신건강을 흐름으로 유지
Self Therapy는 주간·월간 요약을 통해 기록의 꾸준함과 변화 흐름을 확인할 수 있게 합니다. 트라우마가 많았던 기간과 더 안정적인 기간을 비교하고, 우울증 테스트 결과가 일상 루틴에 따라 어떻게 달라지는지 살펴볼 수 있습니다. 모든 내용은 교육 목적이며, 의료적 결론이나 진단을 제시하지 않습니다.

Self Therapy는 우울증 테스트, 트라우마 성찰, 일기와 기분 추적, 그리고 교육용 체크인을 하나의 정신건강 흐름으로 통합합니다. 우울증 테스트로 변화를 확인하고, 트라우마 기록을 정리하며, 정신건강 루틴을 꾸준히 유지하고 싶은 사람을 위한 실용적인 자기점검 도구입니다.",건강/운동,https://play.google.com/store/apps/details?id=com.tanosapps.meditanos&hl=ko&gl=kr,,,,,,
android,kr,diary.questions.mood.tracker,"질문 다이어리 (365), 감정일기. 우울증 방지","<b> Reflexio는 일상적인 질문에 대한 훌륭한 응용 프로그램입니다. 매일 새로운 질문을 발견하면 자신을 더 잘 이해하는 데 도움이됩니다. 

직관적 인 인터페이스를 통해 <b> Reflexio 은 조용하고 안전한 공간으로 생각이 특별한 곳입니다.

Reflexiō로 마음을 열고 몇 달과 몇 년 동안 감정적 인 기분이 어떻게 변하는 지 확인하십시오!
 
<b> 하루에 1 번 질문하여 
매일 매일 당신은 인생의 가장 중요한 주제 (개인 일기와 같은)에 대해 생각하게하는 새로운 질문을 받게 될 것입니다.
social 소셜 네트워크를 통해 친구와 함께 원하는 질문을 공유하십시오!
 
<b> 기분 선택 
each 매일 묻는 질문마다 기분을 선택하십시오.
Happy 행복, 좋음, 중립, 좋지 않음 또는 끔찍한 것을 선택하여 기분을 정의 할 수 있습니다
또한 월간 및 연간 분위기의 통계를 볼 수 있습니다!
 
<b> 월별 및 기분 별 통계 확인 
use 사용 첫 달 후에 기분의 역 동성을 시각화 할 수 있습니다
day 오늘의 모든 질문에 기분을 선택하는 것을 잊지 마십시오.
 
<b> 개인용 Word Cloud 가져 오기 
daily 당신은 일일 답안에서 가장 많이 사용하는 단어를 사용하여 매월 자신 만의 단어 구름을 얻을 것입니다!
word 단어 구름은 어떻게 생각 하는지를 빠르고 동적으로 알려줍니다.
word 단어 구름이 더 많은 정보를 얻을수록 더 많은 정보를 얻을 수 있습니다!
 
<b> 캘린더를 빠르게 탐색 
calendar 달력에서 과거의 질문으로 돌아가서 대답 한 내용을 볼 수 있습니다.
우리 인터페이스 덕분에 쉽고 간단하게 답변을 확인할 수 있습니다.

<b> 1 년 전에 같은 질문에 대한 답변을 전합니다. 
use 1 년의 사용 후, 우리는 당신의 개인적인 성장을 볼 수있는 가장 좋은 방법 인 작년의 해답을 상기시켜줍니다!
<<b> Reflexio 에서 귀하의 반성을위한 이상적인 장소를 찾으십시오. 그래서 우리는 1 년 후에 당신의 대답을 상기시켜주고 싶습니다!

질문있으세요? <b> Reflexio 에서 우리는 귀하의 의견과 매일 귀하의 신청서를 개선하기위한 귀하의 제안을 언제나 기쁘게 생각합니다. 주저하지 마시고 최대한 빨리 답변 드리겠습니다.
reflexio.app@gmail.com으로 질문 및 제안 사항을 보내주십시오.</b></b></b></b></b></b></b></b></b></b>",라이프스타일,https://play.google.com/store/apps/details?id=diary.questions.mood.tracker&hl=ko&gl=kr,,,,,,
android,kr,com.flowneuroscience.flow.droid,Flow - Depression treatment,"Flow 우울증 치료는 정신 건강을 이해하고 개선하는 데 도움이 되는 무료 개인 가이드입니다.

Flow는 최신 심리학 및 신경과학 연구를 기반으로 우울증 이해 및 치료에 있어 새로운 장을 열었습니다.

이 앱은 단독으로 사용할 수 있으며 50개 이상의 세션으로 구성된 교육 프로그램을 제공합니다. 세션은 행동 코칭부터 명상, 수면, 식단, 운동과 같은 생활 습관까지 다양한 주제를 다룹니다. 시간 경과에 따른 변화를 추적하기 위해 앱에는 MADRS-s 우울증 테스트가 포함되어 있습니다.

Flow 뇌 자극 헤드셋의 보조 도구로 사용되는 이 솔루션은 우울증 치료에 대한 전체론적 접근법입니다. Flow 헤드셋에 사용되는 자극 유형인 경두개 직류 자극(tDCS)은 오랫동안 임상에서 우울증 치료에 사용되어 왔습니다. 이제 Flow를 통해 집에서 원격으로 tDCS에 접속할 수 있습니다. 헤드셋을 사용하려면 앱이 필요합니다.

Flow 치료는 수십 년간의 임상 연구를 기반으로 하며 20건 이상의 무작위 이중 맹검 연구를 통해 뒷받침됩니다. Flow 헤드셋은 EU와 영국에서 우울증 치료용 의료기기(CE)로 승인되었습니다. https://flowneuroscience.com에서 주문하세요.

이 프로그램은 7개 과정으로 나뉜 50개 이상의 교육 세션으로 구성되어 있으며, 다음과 같은 주제를 다룹니다.

- 운동

신체 운동은 우울증 증상 완화 및 예방에 있어 항우울제와 유사한 효과를 보이는 것으로 나타났습니다. Flow 교육은 효과적인 운동 유형을 탐구합니다.

- 명상

명상은 전 세계 많은 사람들이 뇌를 위한 정신 ""운동""으로 실천하고 있습니다. Flow는 따라 할 수 있는 운동뿐만 아니라 명상이 일상생활에서 스트레스를 관리하는 데 효과적인 이유에 대한 신경학적 근거를 보여줍니다.

- 수면

이틀 연속으로 매일 밤 6시간만 자는 것이 24시간 동안 깨어 있는 것과 같다는 것을 알고 계셨나요? Flow는 수면 위생, 수면의 중요성, 그리고 수면이 우울증 극복의 네 가지 중요한 요소 중 하나인 이유를 알려드립니다.

- 영양

영양 세션에서는 과학적으로 뇌 염증을 줄여 우울증을 완화하는 것으로 입증된 식습관을 조언하고 권장합니다. 스포일러 주의: 설탕은 우울증의 가장 큰 악당 중 하나입니다.",건강/운동,https://play.google.com/store/apps/details?id=com.flowneuroscience.flow.droid&hl=ko&gl=kr,,,,,,
android,kr,com.appflutter.heal,Heal EMDR: Self-Guided Therapy,"Heal EMDR은 임상적으로 검증된 안구 운동 민감소실 및 재처리 요법(EMDR)을 언제 어디서나 간편하게 사용할 수 있도록 제공하여 외상 후 스트레스 장애(PTSD), 트라우마, 불안, 우울증 등을 완화할 수 있도록 도와줍니다.

WHO, APA, 미국 재향군인회(U.S. Department of Veterans Affairs), SAMHSA, 그리고 영국 NICE의 연구 및 신뢰를 바탕으로 하는 EMDR은 수백만 명의 사람들이 고통스러운 기억을 처리하고 삶을 되찾는 데 도움을 주었습니다. Heal은 간단하고 단계별로 안내되는 동일한 근거 기반 치료법을 제공합니다.

주요 기능
- AI 치료사 또는 표준 설문지 선택: 원하는 안내 방식 선택
- 맞춤형 프로그램: 불안 극복, PTSD 극복, 트라우마 치유, 우울증 완화, 슬픔 극복, 공포증 완화
- 맞춤형 세션: 톤 속도, 치료사 음성, 세션 길이 및 세트 횟수 조절
- 진행 상황 대시보드: 불안 수준 감소, 연속 기록 달성, 총 치료 시간 추적
- 자료실: EMDR에 대한 이해를 높이는 데 도움이 되는 비디오, 팁, 기사
- 100% 비공개: 모든 데이터는 기기에 저장되며, 어떠한 데이터도 공유되거나 판매되지 않습니다.

Heal과 함께 EMDR을 선택해야 하는 이유
- 많은 대화 치료 방식보다 빠른 완화 효과
- 트라우마 사건의 모든 세부 사항을 다시 경험할 필요 없음
- 불안, 우울증 및 부정적인 자기 확신 감소 효과 입증
- 저렴하고 무제한 이용 가능 - 1회 대면 세션보다 저렴
- 즉시 시작 가능 대기 목록 없음

구독 플랜
- 월간 플랜: 무료 체험 포함
- 3개월 플랜: 무료 체험 포함

면책 조항: Heal 앱은 자가 치료 도구를 제공하며, 전문적인 의학적 조언, 진단 또는 치료를 대체할 수 없습니다. 질병과 관련하여 궁금한 점이 있으면 항상 의사 또는 기타 자격을 갖춘 의료 서비스 제공자에게 문의하십시오. 이 앱에서 읽은 내용 때문에 전문적인 의학적 조언을 무시하거나 구하는 것을 미루지 마십시오.

지금 바로 더 나은 기분을 느껴보세요! Heal EMDR을 다운로드하고 지속적인 정신 건강을 향한 첫걸음을 내딛으세요.

개인정보처리방침: https://www.healemdr.com/privacy
이용약관: https://www.healemdr.com/terms",건강/운동,https://play.google.com/store/apps/details?id=com.appflutter.heal&hl=ko&gl=kr,,,,,,
android,kr,co.thefab.mind,Lumiere: Ease Stress & Anxiety,"자기 관리 실천과 확언 강화를 통해 스트레스와 불안을 관리하세요. 자기 사랑의 여정을 시작하세요.

😟끊임없는 걱정.
🤔집중하기가 어렵습니다.
💭거슬리는 생각.
😬텐션.
😴피로.

😌🧘‍♂️🌅불안을 경험한다면 그것이 일상 생활에 얼마나 큰 영향을 미치는지 아실 것입니다. 신체적 증상, 사회적 고통, 수면, 자신감, 정신 건강과의 싸움은 스트레스를 유발하고 심지어 불안을 더욱 부채질할 수 있습니다.

🧠🤸‍♀️🌟Lumiere에서는 단순히 긴장을 진정시키는 것이 아닙니다. 우리는 내면의 강점을 발굴하고 심리적 유연성을 키우며 회복력을 구축합니다. 독특한 감사 일기를 통해 불안을 완화하고 스트레스를 완화하는 내면의 힘을 발견하게 됩니다.

📖 💡 🌈수용전념치료(ACT)와 인지행동치료(CBT)의 접근 방식에서 영감을 받은 Lumiere는 불안과의 관계를 변화시켜 불안으로 인한 고통이 더 이상 방해가 되지 않도록 도와줍니다.

💚 😊 🤝누구나 어려운 감정을 겪게 됩니다. Lumiere에서는 불안과 기쁨이 상호 배타적이지 않다고 믿습니다. 대신, 우리는 정서적 건강을 강화하기 위해 두 가지 모두에 대한 인식을 장려합니다. 우리 앱은 어려운 시기를 헤쳐나가면서 자기 관리, 자기 사랑, 자기 친절을 키우면서 매 순간을 포용하도록 여러분을 초대합니다.

이점 및 연구
감사 실천은 정신 건강 문제로 어려움을 겪는 사람과 그렇지 않은 사람 모두에게 도움이 됩니다. 정기적으로 감사를 실천하면 다음과 같은 이점이 있습니다.
우울증과 불안의 위험을 줄이세요
어려운 경험과 감정을 심리적으로 살아남을 수 있도록 준비합니다.
단기적으로나 장기적으로 기분을 좋게 하세요.
관계 개선
일에서 의미를 찾도록 도와주세요
이제 불안함의 줄다리기를 놓아줄 때입니다.

😌불안 해소: Lumiere는 스트레스 해소를 가능하게 하는 완전히 구체화된 상태로 안내합니다. 기쁨과 감사의 순간을 적극적으로 찾아 내면의 아이를 키우고 평화를 찾을 수 있습니다. 삶의 긍정적인 측면을 알아차리고 집중할 수 있도록 마음을 훈련하세요.

🧘‍♀️심리적 유연성: 감사와 수용의 독특한 조합은 심리적 유연성을 키우고 도전에 직면하여 적응하고 성공할 수 있도록 힘을 실어줍니다. 탄력성을 키우고 끊임없이 변화하는 존재의 본질을 포용하십시오.

💎핵심 가치: 자기 발견과 성찰을 통해 Lumiere는 당신이 가치에 다시 중심을 맞추고 다시 연결할 수 있도록 도와줍니다. 행동을 이러한 가치에 맞추면 삶의 목적과 의미가 생깁니다.

주요 특징들
매일의 감사 사진: 즐거운 순간을 포착하고 삶의 작은 것들에 감사함으로써 감사의 힘을 발휘하세요. 매일 감사 사진을 찍고 5분 안에 개인화된 행복 라이브러리를 구축하세요. 이는 주변의 긍정적인 측면을 지속적으로 상기시켜 줍니다.
매일의 수용: 좋은 것과 어려운 것을 모두 포괄하는 현실의 본질을 받아들입니다. 매일 수용을 실천함으로써 정신적, 정서적 건강을 키울 수 있습니다. 이러한 심리적 유연성을 통해 삶의 어려움을 강인함과 회복력으로 헤쳐 나갈 수 있습니다.
지원되는 성찰: 스트레스 방지 환경에서 평온함과 성찰의 순간을 만들어 보세요. Lumiere를 사용하면 일상의 분주함에서 벗어나 매일 단 몇 분만 투자하여 자신의 중심을 잡고 삶을 의미 있게 만드는 것과 다시 연결될 수 있습니다.

우리는 누구인가
Lumiere는 Lifehacker, New York Times, Self, Forbes, GirlBoss 등에 소개된 수상 경력이 있는 앱인 Fabulous의 제작자가 제공합니다. 우리는 전 세계 수백만 명의 사람들이 더 나은 삶을 위해 삶을 변화시킬 수 있도록 지원했습니다.
일상 생활에 감사와 수용을 불어넣으면 불안이 완화되고 정신 건강이 향상됩니다. 심오한 평화, 성취감, 그리고 주변 세계와의 진정한 연결을 발견해보세요. Lumiere와 함께 변화의 여정을 시작해보세요.

질문이 있으시면 당사 웹사이트 www.thefabulous.co를 방문하신 후 페이지 하단의 ""문의하기""를 클릭하세요.",건강/운동,https://play.google.com/store/apps/details?id=co.thefab.mind&hl=ko&gl=kr,,,,,,
android,kr,in.evolve.android,Evolve: Self-Care & Meditation,"🧘‍♀️ Evolve와 함께 스트레스를 덜 받고, 더 잘 자고, 집중력을 높이고 더 행복해 보세요!
Evolve는 긴장을 풀고, 스트레스를 풀고, 내면의 평화를 찾는 데 도움이 되도록 설계된 명상 🪷 및 자기 관리 앱입니다. 다양한 명상 안내, 호흡 운동, 마음챙김 수련을 통해 자신에게 가장 적합한 수련을 선택하여 일상을 맞춤화할 수 있습니다.

“숨을 들이쉬며 몸과 마음을 진정시키고, 숨을 내쉬며 웃는다. 현재 순간에 머무르면서 나는 이것이 유일한 순간이라는 것을 압니다.”
— Thich Nhat Hanh, 평화를 누리다

🌞 무료 마음챙김 루틴
이제 정신 건강을 위한 일상적인 자기 관리 루틴을 만들 수 있습니다. 100개 이상의 명상 안내, 호흡 운동, 수면 오디오, 확인 및 일기 작성 안내 중에서 선택하세요.

✍🏻 일기 쓰기: 감사 및 일일 일기 알림
정신적, 정서적 웰빙을 향상시키기 위해 매일 일기 쓰기를 연습하세요. 감사 일기를 쓰는 것은 인생에 대한 보다 긍정적인 전망을 발전시키는 데 도움이 될 수 있습니다. 정신 건강 전문가와 인생 코치가 매일 추가하는 새로운 메시지를 통해 자기 성찰과 자기 인식을 높일 수 있습니다.

😴 수면의 질 향상
긴장을 풀고 잠들 수 있도록 특별히 고안된 명상 안내 세션입니다. 이 세션에는 심호흡, 점진적인 근육 이완 및 시각화와 같은 이완 기술이 포함됩니다. 또한 긴장을 풀고 잠들 수 있도록 도와주는 편안한 음악도 포함되어 있습니다.

🧘 스트레스와 불안을 줄이는 명상
심신을 진정시키고 스트레스 수준을 낮추기 위해 가이드 호흡 운동을 연습하세요. 마음챙김 명상은 판단하지 않고 현재 순간에 주의를 기울이는 데 중점을 둡니다. 바디 스캔 명상에는 신체의 여러 부분에 초점을 맞추고 현재 존재하는 모든 감각을 알아차리는 것이 신체의 긴장을 줄여줍니다. 시각화 명상에는 휴식을 촉진하기 위해 마음에 긍정적인 이미지를 만드는 것이 포함됩니다.

👩🏻‍💻 집중력 향상
명상은 마음이 더 집중하고 인식하도록 훈련하고 주의 지속 시간을 향상하며 전두엽 피질을 강화함으로써 집중력을 향상시키는 데 도움이 될 수 있습니다.

🥰 자신을 더 사랑해주세요
자존감, 자신감, 동기 부여 및 전반적인 웰빙을 향상시키기 위해 매일 확인을 연습하십시오. 자신에게 긍정적인 말을 반복하면 더욱 긍정적인 사고방식을 형성하는 데 도움이 됩니다. 이를 통해 더 행복하고 건강한 삶을 누릴 수 있습니다.

🌻 기분과 웰빙을 개선하고 자기 인식과 마음챙김을 개발하는 치료
정신 건강을 관리하고 오늘부터 기분이 좋아지기 시작하세요. 과학적으로 입증된 인지 행동 치료(CBT), 마음챙김 및 변증법적 행동 치료(DBT) 기술로 설계된 자기 관리 도구는 스스로 정신 건강을 관리하는 데 도움을 줄 수 있습니다.

🌈 우리는 가장 포괄적인 앱입니다
Evolve는 LGBTQIA 커뮤니티에 안전한 공간을 제공하여 귀하의 성 정체성과 섹슈얼리티를 탐색하고 받아들이도록 돕는 포괄적인 정신 건강 앱입니다. 우리는 동성애 공포증, 미세한 공격성 등에 대처하기 위해 LGBTQIA 개인을 위한 특별 명상을 제공합니다. 당신의 성별과 성적 정체성을 탐색해보세요. 사랑하는 사람들에게로 나오세요. 동성애 공포증에 대처하십시오. 자부심을 가지고 당신의 성적 취향을 탐색하고 자신을 받아들이십시오.

Evolve 자기 관리 및 명상 앱은 무료로 다운로드할 수 있습니다. 일부 콘텐츠는 선택적 유료 구독을 통해서만 사용할 수 있습니다. 구독을 선택하면 구매 확인 시 Google 계정으로 요금이 청구됩니다.",건강/운동,https://play.google.com/store/apps/details?id=in.evolve.android&hl=ko&gl=kr,,,,,,
android,kr,com.bluesky2.depression_test.depression_test,우울증 테스트 자가진단 - 마음 건강 확인 및 실천 팁,"최근 우울감이나 무기력함이 이어지고, 예전처럼 일상에서 즐거움을 느끼기 어려운가요? 우울증 테스트로 현재의 기분 변화와 관련 증상을 스스로 점검해 보세요.

이 앱은 CESD-R 우울 척도 20문항을 활용한 우울증 자가진단형 선별 테스트입니다. 최근 경험을 바탕으로 응답하면 우울감, 흥미 저하, 수면과 식욕, 피로, 집중력 등 마음건강과 관련된 응답 패턴을 확인할 수 있습니다.

검사에서 살펴보는 내용
• 슬픔, 우울감 또는 절망감
• 즐거움과 흥미의 감소
• 수면과 식욕의 변화
• 피로, 무기력과 움직임의 변화
• 집중하기 어려운 경험
• 자기 가치와 자신에 대한 생각

이런 분께 권합니다
• 최근 기분이 가라앉아 우울감 테스트를 찾는 분
• 무기력, 피로 또는 흥미 저하가 반복되는 분
• 스트레스가 많은 시기에 마음 상태를 돌아보고 싶은 분
• 전문가 상담 전에 자신의 경험을 정리하고 싶은 분

결과에서는 문항 응답을 바탕으로 현재의 우울 증상 경향을 안내합니다. 결과는 자신을 낙인찍기 위한 판정이 아니라, 마음 상태를 이해하고 필요한 도움을 생각해 보는 참고 자료로 활용하세요.

주의사항
이 앱은 우울증을 확정하는 의학적 진단 도구가 아니며 전문적인 상담이나 치료를 대체하지 않습니다. 어려움이 지속되거나 일상생활에 영향을 준다면 정신건강 전문가와 상담하세요. 자해나 자살에 대한 생각이 있거나 즉각적인 위험이 있다면 앱 결과와 관계없이 응급기관 또는 가까운 의료기관에 도움을 요청하세요.
----
개발자 연락처 :
김민욱 자양로18길 96 505
광진구, 서울특별시 05044
South Korea 815-07-02563 2023-서울광진-0631 ",건강/운동,https://play.google.com/store/apps/details?id=com.bluesky2.depression_test.depression_test&hl=ko&gl=kr,,,,,,
android,kr,com.ifeel.ifeeluserchat,"Online Therapy, Emotional help","하루 1분씩 당신의 정서적 건강을 돌보세요. 자신의 감정을 기록하고, 맞춤형 운동을 받고, 원할 경우 심리학자와 치료를 시작해 보세요.

ifeel: 오늘의 정서적 웰빙.
 
Ifeel은 기업과 협력하여 다양한 분야에 전문적으로 등록된 심리학자의 지원을 받아 직원들이 일상 생활의 어려움을 극복할 수 있도록 돕습니다. 전문적인 도움이 필요하거나 단순히 개인 개발을 한 단계 더 발전시키고 싶다면 ifeel에서 기업을 위한 포괄적인 정서적 웰빙 서비스를 통해 필요한 도움을 찾을 수 있습니다. ifeel에서는 모든 사람이 비밀리에 최고의 맞춤형 전문 심리 지원을 받을 수 있습니다.

어떻게 작동하나요?
 
ifeel에서는 치료에 연속성이 필요하며 접근이 쉬워야 한다는 것을 알고 있습니다. 치료사를 배정받으면 당신만을 위해 만들어진 ""온라인 치료실""에 입장하게 됩니다. 귀하의 객실은 하루 24시간 열려 있으며 완전히 비공개이며 기밀이 유지됩니다. 당신과 당신의 개인 심리학자만이 방 안에서 읽고 쓸 수 있습니다. 이곳은 두 사람이 목표를 달성하기 위해 노력하는 곳이 될 것입니다.
우리의 모든 전문가는 임상 심리학을 실습할 수 있는 권한을 부여 받았습니다. 등록되어 있고 보험에 가입되어 있습니다. 그들은 우리의 방법으로 선택되었고 잘 훈련되었습니다. 또한 정기적으로 감독 및 모니터링됩니다.

영상통화 기능

영상통화 시 마이크 및 무선기기 사용에 대한 권한을 요청하고 있습니다.

귀하의 치료 경험을 향상시키기 위해 ifeel은 귀하의 심리학자와 안전한 화상 통화를 제공합니다. 이 기능은 원활하고 중단 없는 의사소통을 보장하고 안정적인 연결을 유지하며 치료 세션의 우선순위를 정합니다.

iffeel이 어떻게 저에게 도움을 줄 수 있나요?
 
우리의 온라인 심리학자들은 다음 분야에서 수천 명의 사람들을 도왔습니다.
 
◌ 개인 개발.
◌ 업무 관련 스트레스.
◌ 우울증.
◌ 불안.
◌ 섭식장애.
◌ 슬픔.
◌ 가족 문제.
◌ 성적.

아직 치료를 시작할 준비가 안 되셨나요?
 
도움을 요청하는 것은 쉽지 않지만 좋은 결정이 될 수 있습니다. 아직 그 단계를 밟을 수 없고 격려가 필요하다고 생각되면 무료 리소스를 사용하여 시작해 보세요. 우리는 스트레스를 줄이고 불안을 다루는 데 도움이 되는 다양한 운동, 다양한 이완 기술, 호흡 프로그램, 관심 항목 및 마음챙김 활동을 제공합니다. 우리의 모든 도구는 일상적으로 귀하가 관심을 갖는 영역에 도움을 주기 위해 임상 심리학자들에 의해 개발되었으며 기업용 정서적 웰빙 서비스를 이용하는 모든 사용자에게 완전히 무료로 제공됩니다.

문의하기
 
질문이나 제안사항이 있으신가요? info@ifeelonline.com으로 메일을 보내주세요. 우리는 항상 가능한 한 빨리 각 메시지에 응답합니다.",건강/운동,https://play.google.com/store/apps/details?id=com.ifeel.ifeeluserchat&hl=ko&gl=kr,,,,,,
android,kr,com.postpartum.journey,산후 여정,"Initial Korean Translation:
대부분의 앱은 신생아에게 초점을 맞추지만, 우리는 당신에게 초점을 맞춥니다. 산후 여정은 신체 회복, 수면 부족, 감정 변화를 겪는 새로운 엄마들을 지원하기 위해 설계된 AI 기반 파트너입니다. ""베이비 블루스""를 관리하든 PPD를 헤쳐나가든, 우리는 당신이 다시 자신처럼 느끼도록 돕는 도구를 제공합니다.

* 70개 이상의 산후 바이오마커 추적 *
모든 범주에 걸쳐 매일 회복의 모든 차원을 모니터링하세요:
- 신체 회복: 치유, 골반저 건강, 통증 수준, 호르몬 변화.
- 정신 및 감정: 기분 변화, 불안, 침입적 사고, ""엄마 번아웃"" 추적.
- 수면 및 에너지: 수면 품질(및 방해), 피로 수준, 회복적 휴식 기록.
- 영양 및 수유: 수분 섭취, 모유 수유 영양, 산후 고갈 모니터링.
- 운동 및 자기 관리: 가벼운 움직임, ""나만의 시간"", 물리 치료 진행 상황 추적.

* 신규: AI 일일 일지 및 맞춤형 통찰력 *
우리의 AI 동반자 Ava는 당신의 기록을 분석하여 고유한 트렌드를 제공합니다:
- 트렌드 뒤에 숨은 ""이유"": ""20분 낮잠과 수분 섭취를 우선시하는 날에는 기분 안정성이 25% 더 높습니다.""
- 일일 일지: 당신의 회복 데이터와 당신이 느낀 감정을 연관시키는 스마트하고 비판단적인 하루 요약.

* 신규: AI 지식 센터 및 PPD 지원 *
당신의 기록을 실제로 아는 산후 전문 지식 라이브러리에 액세스하세요.
- 상황 인식 학습: Ava에게 ""4주차에 현재 피로 수준이 정상인가요?""와 같은 질문을 하세요.
- 맞춤형 답변: 우리의 AI는 당신의 추적된 데이터를 사용하여 당신의 특정 회복 단계에 맞는 지원을 제공합니다.
- PPD 테스트 및 선별: 임상적으로 검증된 평가(EPDS 등)를 통해 시간이 지남에 따라 정신 건강을 모니터링하세요.

* 주간 안내 및 이정표 *
출산 후 매주 무엇을 기대해야 하는지 당신의 타임라인에 맞춰 상세한 통찰력으로 알아보세요.
- 회복 논리: 넷째 삼분기를 거치면서 몸과 마음이 어떻게 치유되는지 파악하세요.
- 전문가 콘텐츠: 당신의 특정 산후 주차에 맞춰 큐레이션된 기사, 레시피, 비디오에 액세스하세요.

* 강력한 관리 도구 *
- 산후 웰니스 점수: 신체 및 정신 진행 상황을 모니터링하는 주간 0-100점 점수.
- 플레어 및 위기 기록: 반복되는 트리거를 찾기 위해 강렬한 감정적 급증 또는 신체적 좌절 기록.
- 주간 목표: 영양, 움직임, 정신적 웰빙을 위한 달성 가능한 AI 기반 목표.
- 내보내기 가능한 보고서: 산부인과 의사 또는 치료사를 위한 데이터 기반 PDF 요약 생성.

* 왜 산후 여정인가? *
- 개인 정보 보호 중심: 당신의 민감한 데이터는 암호화되며 절대 판매되지 않습니다.
- 스마트 개인화: 당신의 데이터를 아는 AI 지식 센터.
- 글로벌 지원: 20개 이상의 언어로 사용 가능하도록 최적화되었습니다.

오늘 산후 여정을 다운로드하세요.
Android 및 iOS에서 사용 가능합니다.

관리에 완벽합니다: 산후 회복 | PPD (산후 우울증) | 산후 불안 | 넷째 삼분기 | 골반저 건강 | 모유 수유 영양 | 베이비 블루스 | 산모 정신 건강 | 수면 부족

키워드: 산후 추적기 | PPD 테스트 | 새로운 엄마 앱 | 산후 우울증 기록 | 회복 일기 | 산모 건강 | 기분 추적기

의학적 조언이 아닙니다. 진단 또는 치료를 위해 항상 의료 전문가와 상담하십시오.

개인 정보 보호: https://postpartumjourney.flutterflow.app/privacy
약관: https://postpartumjourney.flutterflow.app/termsAndConditions

Improved Korean Translation:
대부분의 앱이 신생아에게 집중할 때, 우리는 당신에게 집중합니다. 산후 여정은 새로운 엄마들이 겪는 신체 회복, 수면 부족, 감정 변화를 지원하기 위해 설계된 AI 기반 파트너입니다. '베이비 블루스'를 겪고 있든 산후 우울증(PPD)을 헤쳐나가고 있든, 당신이 다시 예전의 자신처럼 느끼도록 돕는 도구를 제공합니다.

* 70가지 이상의 산후 바이오마커 추적 *
매일 회복의 모든 측면을 다양한 카테고리로 나누어 모니터링하세요:
- 신체 회복: 치유 과정, 골반저 건강, 통증 수준, 호르몬 변화.
- 정신 및 감정: 기분 변화, 불안, 강박적 사고, '엄마 번아웃' 추적.
- 수면 및 에너지: 수면의 질(및 방해 요인), 피로 수준, 회복을 위한 휴식 기록.
- 영양 및 수유: 수분 섭취, 모유 수유 영양 상태, 산후 영양 고갈 모니터링.
- 운동 및 자기 관리: 가벼운 움직임, '나만의 시간', 물리 치료 진행 상황 추적.

* 신규: AI 일일 일지 및 맞춤형 분석 *
AI 동반자 Ava가 당신의 기록을 분석하여 개인 맞춤형 트렌드를 제공합니다:
- 트렌드의 '이유' 파악: ""20분 낮잠과 수분 섭취를 우선한 날에는 기분 안정성이 25% 더 높았습니다.""
- 일일 일지: 당신의 회복 데이터와 그날의 감정을 연결하여 보여주는 스마트하고 비판단적인 하루 요약.

* 신규: AI 지식 센터 및 PPD 지원 *
당신의 기록을 바탕으로 맞춤 정보를 제공하는 산후 전문 지식 라이브러리를 이용하세요.
- 상황별 학습: Ava에게 ""산후 4주차에 이 정도 피로가 정상인가요?""와 같은 질문을 할 수 있습니다.
- 개인 맞춤 답변: AI가 당신의 추적 데이터를 활용하여 현재 회복 단계에 맞는 맞춤형 지원을 제공합니다.
- PPD 테스트 및 선별: 임상적으로 검증된 평가(EPDS 등)를 통해 정신 건강 상태를 지속적으로 확인하세요.

* 주간 가이드 및 이정표 *
출산 후 매주 예상되는 변화를 당신의 회복 시기에 맞춰 상세한 정보로 확인하세요.
- 회복 과정 이해: 산후 3개월 동안 몸과 마음이 어떻게 회복되는지 파악할 수 있습니다.
- 전문가 콘텐츠: 당신의 산후 주차에 맞춰 엄선된 기사, 레시피, 동영상을 이용하세요.

* 강력한 관리 도구 *
- 산후 웰니스 점수: 신체 및 정신적 회복 상태를 주간 0-100점 점수로 확인합니다.
- 급증 및 위기 기록: 심한 감정 변화나 신체적 어려움을 기록하여 반복되는 원인을 파악합니다.
- 주간 목표: 영양, 운동, 정신 건강을 위한 AI 기반의 달성 가능한 목표를 설정합니다.
- 보고서 내보내기: 산부인과 의사나 치료사에게 공유할 수 있도록 데이터 기반 PDF 요약 보고서를 생성합니다.

* 왜 산후 여정인가요? *
- 개인 정보 보호 최우선: 민감한 데이터는 암호화되며 절대 판매되지 않습니다.
- 스마트한 개인 맞춤: 당신의 데이터를 이해하는 AI 지식 센터를 제공합니다.
- 글로벌 지원: 20개 이상의 언어로 최적화되어 있습니다.

지금 바로 산후 여정을 다운로드하세요.
Android 및 iOS에서 이용 가능합니다.

다음과 같은 관리에 유용합니다: 산후 회복 | PPD (산후 우울증) | 산후 불안 | 산후 3개월 | 골반저 건강 | 모유 수유 영양 | 베이비 블루스 | 산모 정신 건강 | 수면 부족

키워드: 산후 추적기 | PPD 테스트 | 초보 엄마 앱 | 산후 우울증 기록 | 회복 일기 | 산모 건강 | 기분 추적기

본 앱은 의학적 조언을 제공하지 않습니다. 진단이나 치료는 반드시 의료 전문가와 상담하세요.

개인 정보 처리 방침: https://postpartumjourney.flutterflow.app/privacy
이용 약관: https://postpartumjourney.flutterflow.app/termsAndConditions",건강/운동,https://play.google.com/store/apps/details?id=com.postpartum.journey&hl=ko&gl=kr,,,,,,
android,kr,my.tracker,eMoods 조울증 기분 추적 앱,"당신의 프라이버시는 중요합니다! eMoods는 클라우드에 어떤 사용자 데이터도 저장하지 않으며 외부 API와 연결하지도 않습니다. 사용자의 구체적인 결정 없이는 어떤 데이터도 기기 외부로 전송되지 않습니다.

더욱 쉽고 효율적으로 기분을 관리할 수 있게 되었습니다. eMoods를 사용하면 기분을 추적하고, 일기를 쓰고, 보고서를 보내고, 조울증과 우울증, 불안 및 기타 기분장에에 관한 증상을 개인적이고 쉽게 관리할 수 있습니다.

매일 우울하거나 고조된 기분, 증상, 수면 시간, 처방 약을 추적하여 월말에 주치의에게 출력 가능한 차트를 메일로 보낼 수 있습니다. 앱 내 그래프와 출력 그래프를 통해 경향을 추적하고 진료 사이의 기간 동안 당신의 증상을 시각화하세요.

기분 일기는 조울증, 우울증 및 기분 불안 장애를 위한 인지행동치료(CBT)와 기타 치료의 일부입니다. 주치의와 함께 이 앱을 활용하세요.

이 앱의 목적은 기분과 다른 증상을 차트로 보여주는 것으로, 하루에 여러 가지 기분과 증상을 기록하지 않습니다.

앱의 첫 버전부터 모든 기능은 무료입니다. 후원은 완전히 선택 사항입니다.

(한국어 번역 도움: 권혁민 님)",건강/운동,https://play.google.com/store/apps/details?id=my.tracker&hl=ko&gl=kr,,,,,,
android,kr,com.moodi,Moodi - mood tracker & diary,"<p> Moodi는 불안과 우울증, 스트레스, 낮은 자존감 등을 극복하기 위한 정신 건강을 위한 효과적인 자기 관리 심리 운동과 일기 쓰기 도구를 갖춘 자조 기분 일기이자 불안 추적기입니다. 이 자조 CBT를 활용하세요 기분과 의욕을 높이고 항스트레스 효과를 누려보세요.</p>
<h3>심리 일기는 효과적인 자기 관리 연습입니다</h3>
<p> 심리학자들은 심리 일기를 쓸 것을 권장합니다. 기분 일기, CBT 치료 일지 또는 자유 형식 항목일 수 있습니다.</p>
<p>최고의 자조 방법으로 도움이 될 것입니다:</p>
<ul><li> 자신과 생각, 감정, 사람들과의 관계를 더 잘 이해하세요 </li>
<li>감정과 경험을 억누르지 않고 표현하고, 더 나은 감정 조절과 스트레스 감소를 보장합니다.</li>
<li>신중하게 문제 해결 및 의사결정에 접근</li>
<li>스트레스와 불안의 원인을 파악하고 이에 대처하는 방법을 찾으세요.</li>
<li>개인 개발 및 성장 향상</li></ul>
<h2>이 정신 건강 치료 앱에서 찾을 수 있는 자조 방법</h2>
<h3>부정적인 상황 일기</h3>
<p>부정적 상황 일기는 심리적 문제를 해결하는 데 매우 효과적인 자조 기술입니다. 고통스럽고 불안한 순간에 더 쉽게 대처하고, 일부 사건이 감정과 기분에 어떤 영향을 미치는지 이해하고, 향후 유사한 상황에 대한 대응 전략을 세우는 데 도움이 될 것입니다.</p>
<p>모든 부정적인 순간을 입력하고, 생각을 추적하고, 감정을 표시하고, 인지 왜곡을 선택하세요. 이 불안 추적기를 사용하면 특정 사건과 관련된 자신, 행동, 감정을 더 잘 이해할 수 있습니다. 부정적인 생각으로부터 마음을 자유롭게 하고 기분이 훨씬 나아지도록 도와주세요. 부정적인 상황을 해결하는 접근 방식을 바꾸면 그에 대한 반응도 바뀔 것입니다.</p>
<h3>긍정적인 순간 일기</h3>
<p>긍정적 순간 일기(Gratitude Journal)에는 긍정적인 사건, 좋은 감정, 감사 등을 모두 기록할 수 있습니다. 즐거운 순간에 주의를 기울이는 데 도움이 되며 스트레스와 기타 부정적인 감정을 줄이는 데 도움이 됩니다.</p>
<p>긍정적인 감정을 불러일으키는 모든 것이 정말 중요합니다. 따라서 이러한 긍정적인 감정을 주의 깊게 자조에 사용하십시오. 중요한 사건이든 일시적인 일이든 그것을 적고 경험한 감정을 표시해 보세요. 그리고 스스로에게 동기를 부여하세요.</p>
<h3>아침 일기</h3>
<p>아침 일기를 사용하면 앞으로의 하루를 준비하고 불필요한 걱정, 비합리적인 불안, 부정적인 생각으로부터 마음을 자유롭게 할 수 있습니다. 매일 아침 정신 건강을 위한 일기 쓰기를 연습하면 에너지, 의욕, 인식, 창의성이 어떻게 상승하는지 느낄 수 있을 것입니다.</p>
<p> 매일 아침 일어난 직후의 감정, 감정, 경험, 계획, 욕구를 적어보세요. 그 순간 당신에게 중요해 보이는 모든 것을 적어보세요.</p>
<h3>저녁 일기</h3>
<p>저녁 일기는 효과적인 자조 연습입니다. 이 앱을 사용하면 하루를 마치고 잠자리에 들기 직전에 자신의 감정, 느낌, 생각을 추적할 수 있습니다. 이 정신 건강 추적기를 사용하면 하루를 분석하고 근거 없는 걱정, 스트레스 및 긴장, 불안 및 우울증을 없앨 수 있습니다. 이 모든 것이 긴장을 풀고, 숙면을 취하고, 회복하는 데 도움이 됩니다.</p>
<p>지난 날의 사건과 인상을 적어보세요. 자신의 감정, 감정, 자존감, 신체 상태를 자세히 설명하십시오. 오늘 배운 교훈을 적어보세요. 정확하게 쓰려고 노력하지 말고, 그 순간에 당신에게 중요하다고 생각되는 것들을 솔직하게 기록하세요.</p>
<p>CBT 치료 저널이자 정신 건강 추적기인 Moodi를 다운로드하세요. 귀하의 서비스에 가장 효과적인 자기 관리 관행 중 하나를 적용하십시오. 부정적인 상황과 긍정적인 순간을 추적 및 분석하고, 아침 일기와 저녁 기분 일기를 작성하세요. 긍정적인 감정을 아끼고 소중히 여기며 불안과 우울증을 없애는 방법을 배우세요.</p>",건강/운동,https://play.google.com/store/apps/details?id=com.moodi&hl=ko&gl=kr,,,,,,
android,kr,com.mabopractice.app,"마보 - 마음챙김 명상, 수면, 불안, 스트레스 관리","괜찮은 척 버티느라 지친 마음, 이제 마보가 돌봐 드립니다!

마보(mabo)는 심리학자·정신과 전문의·심리상담사가 현장에서 가장 많이 추천하는 대한민국 대표 마음챙김 명상앱입니다. 하루 10분, 과학적으로 검증된 명상으로 불안, 수면, 스트레스를 관리하고 마음의 근육을 키워보세요.

🧘 1,000개 이상의 전문 명상 콘텐츠
석·박사급 명상 전문가들이 한국인의 정서와 언어에 맞춰 직접 기획·제작합니다. 번역 콘텐츠가 아닌, 한국어로 태어난 명상이기에 ""괜찮은 척하다 지쳤어"", ""마음이 답답해"" 같은 우리의 감정을 제대로 이해합니다.

🌙 잠 못 드는 밤을 위한 수면 명상
수면 유도 명상, 수면 동화, 수면 ASMR, 굿나잇 사운드 등 풍부한 수면 콘텐츠를 제공합니다. 잠들기 전 몸의 긴장을 풀어주는 바디스캔부터 편안한 낭독까지, 깊은 잠으로 안내합니다.

💆 불안·우울·스트레스, 기분에 맞는 명상
지금 내 기분에 딱 맞는 명상을 찾아보세요. 불안, 우울, 분노, 공황, 외로움 등 감정별 맞춤 명상과 마음 처방 콘텐츠를 제공합니다. 아침·점심·저녁 하루 세 번 추천되는 오늘의 명상으로 하루 동안 마음을 케어해보세요.

🔥 도전! 명상 챌린지
명상 습관 만들기가 어렵다면, 과학적으로 설계된 명상 챌린지에 도전하세요. 7일 기초 훈련부터 도파민 디톡스, 자애 명상, 핵심 믿음 리셋까지 단계별 프로그램이 준비되어 있습니다.

✍️ 명상 일기 커뮤니티
명상을 마친 후 느낀 소감을 기록하고, 다른 사람들의 따뜻한 이야기를 읽어보세요. 52만 건 이상의 명상 일기가 쌓인 마보만의 커뮤니티에서 혼자가 아니라는 위로를 받을 수 있습니다.

🏥 의료 전문가가 인정한 과학적 명상
마보의 효과는 국제학술지 Current Psychology에 게재되었으며, 세브란스병원과의 fMRI 뇌영상 연구, SBS 다큐멘터리 <20분의 기적>에서도 과학적으로 검증되었습니다.

📅 일상 속 마음챙김
아침에 눈 뜨자마자, 출퇴근 지하철 안에서, 잠들기 전 침대에서 — 언제 어디서든 3분부터 시작할 수 있습니다.

🎵 명상 음악·ASMR·낭독
가이드 명상 외에도 마음을 편안하게 하는 명상 음악, 자연 사운드, ASMR, 따뜻한 낭독 콘텐츠를 즐길 수 있습니다.

🏢 기업·기관도 선택한 마보
보건복지부, LG U+, 현대자동차 등 100개 이상의 기업과 기관이 직원 멘탈케어를 위해 마보를 도입했습니다.

■ 주요 기능 요약
• 1,000개 이상의 한국어 명상 콘텐츠
• 아침·점심·저녁 오늘의 추천 명상
• 수면 유도 명상, 수면 동화, 굿나잇 사운드
• 도전! 명상 챌린지 (습관 형성 프로그램)
• 명상 일기 커뮤니티
• 기분별·상황별·대상별 맞춤 명상
• 명상 음악, ASMR, 자연 사운드, 낭독
• 자유 명상 타이머
• 명상 알림 및 루틴 설정

🏆 수상 및 선정 이력
• 2026 국제 학술지에 마보 8주 fMRI 변화 논문 게재
• 2024 구글플레이 '가정의 달' / '발렌타인 데이' 프로모션 선정
• 2023 구글플레이 '패밀리 위크 앱' / '설날 프로모션 앱' 선정
• 2020 구글플레이 '정신 건강을 위한 앱' 선정
• 2018 구글플레이 '올해를 빛낸 숨은 보석앱' 선정

■ 구독 안내
마보는 정기 구독 서비스로, 최초 구독 시 7일간 무료 체험이 가능합니다. 무료 체험 기간 내 언제든 해지할 수 있으며, 1개월 또는 12개월 구독을 선택할 수 있습니다.

■ 문의
• support@mabopractice.com
• 인스타그램: @mabotime

하루 10분, 마음보기 습관. 마보와 함께 시작하세요.
----
개발자 연락처 :
Mabo Inc. Rm 119
133 Segeomjeong-ro 4-gil
서대문구, 서울특별시 03621
South Korea 142-87-00891 제2020-서울강남-01672호 서울강남",건강/운동,https://play.google.com/store/apps/details?id=com.mabopractice.app&hl=ko&gl=kr,,,,,,
android,kr,com.calm.android,"Calm - 명상, 수면, 휴식","Calm - 명상, 수면, 휴식
Calm은 수면과 명상 부문 1위 앱입니다. 명상, 굿나잇 스토리, 음악 등 다양한 콘텐츠를 통해 더 행복하고 건강해진 삶을 느껴보세요. 

누가 Calm을 쓰면 좋을까요?
Calm은 모든 사람에게 적합합니다. 명상을 처음 접하신 분부터 이미 수련을 거친 전문가까지 전부 Calm의 도움을 받으실 수 있어요. 마음이 차분해지는 소리, 평화로운 수면 시간이 필요하신 분께도 안성맞춤이죠. 가이드와 함께하는 명상 프로그램 역시 3분~25분 길이로 다양하게 준비되어, 나의 일정에 맞는 코스를 선택할 수 있습니다. 

Calm이 도와드리는 주제는 다음과 같습니다.

* 불안감 완화
* 스트레스 관리
* 숙면
* 집중력 향상
* 대인관계
* 습관 교정
* 행복 증진
* 감사
* 자존감

* 자애
* 용서
* 판단하지 않기
* 직장 출퇴근이나 등하교
* 대학에서의 마음챙김
* 직장에서의 마음챙김
* 걷기 명상
* Calm 키즈
* 바디 스캔

이외에도 다음과 같은 콘텐츠가 있습니다.

하루하루 새로운 명상
새로운 Daily Calm을 매일 들으며 인생을 바꿔주는 명상의 기술을 배워보세요. 10분 길이의 짧고 간단한 명상 프로그램이 준비되어 있답니다. 일하거나 공부할 때, 잠들기 전 긴장을 풀 때 편안하게 쉴 수 있도록 도와드립니다.

굿나잇 스토리
100개가 넘는 굿나잇 스토리와 함께 꿈나라로 떠나보세요. 유명 성우부터 가수, 명상 전문가에 이르기까지 다양한 내레이터가 여러분과 함께합니다.

음악
매주 풍성해지는 음악 라이브러리를 만나보세요. Keith Urban, Lindsey Stirling 등 다양한 해외 아티스트와 친숙한 Disney 애니메이션 주제곡까지 준비되어 있습니다. 모든 음악은 편안히 쉬고 현재에 집중하면서 있는 그대로 흘러가는 상태를 유지할 수 있도록 편집된 버전입니다.

운동
복잡한 생각에서 빠져나와 몸을 느껴보세요. 모든 체형에 맞추어 마음챙김 운동과 가벼운 스트레칭을 알려드리는 동영상 레슨을 들으며 짧은 시간 동안 활력을 되찾을 수 있습니다. 

마스터클래스
명상을 습관으로 들여보세요. 인생을 바꿔주는 7일 프로그램과 21일 프로그램이 준비되어 있습니다. 세계적으로 유명한 마음챙김 명상 전문가가 차근차근 안내해드립니다.

사운드스케이프
바짝 곤두선 신경을 가라앉히고 편안하게 쉬도록 도와줄 30가지 이상의 사운드스케이프를 만나보세요. 명상이나 요가를 할 때, 아니면 잠자리에 누웠을 때 자연의 소리와 풍경이 여러분의 휴식을 도와드립니다. 농구 스타인 르브론이 가장 좋아하는 사운드스케이프는 ""나뭇잎 위로 떨어지는 빗소리""라는데, 함께 들어보시겠어요?

기타
호흡 운동을 통해 긴장을 풀어보세요. 가이드 없이 진행되는 명상 프로그램에서는 나 자신이 세션을 이끄는 가이드가 될 수 있습니다. 마음챙김 시간 기록을 살펴보면서 명상을 얼마만큼 배웠는지 확인할 수도 있죠.

Calm은 무료로 다운로드하고 사용이 가능합니다. 광고가 일절 없으며, 일부 프로그램과 기능은 항상 무료로 제공됩니다. 일부 콘텐츠는 선택형 유료 구독을 통해서만 이용 가능합니다. 유료로 구독하시는 경우, 구독 요금은 구매 확정 시 사용하신 Google 계정으로 청구됩니다.

Wear OS 기기를 위해 새롭게 출시한 앱도 살펴보세요.

Calm은 무엇인가요?
Calm은 세상을 더 행복하고 건강한 곳으로 만든다는 목표를 추구합니다. 간단하면서도 거대한 목표죠. 명상, 굿나잇 스토리, 음악, 운동 등 다양한 콘텐츠로 가득한 Calm 웹사이트, 블로그, 앱은 정신 건강을 챙기는 방법을 재구성하고 있습니다. 전 세계 1억 명 이상이 Calm을 사용하며, 매일 100,000명의 신규 사용자가 이 흐름에 함께하고 있답니다. 또, 주요 기업들과 점점 더 많은 파트너십을 맺으면서 매일 더 많은 사람들에게 긍정적인 삶을 선사하고 있습니다. Calm의 핵심은 디지털이지만, 베스트셀러인 Sleep Mist, 마음챙김을 도와주는 퍼즐 컬렉션, Tuft and Needle 명상 베개와 같은 컬래버레이션으로 오프라인 세계까지 제품군을 확장하고 있습니다. 이를 통해 건강과 행복을 전 세계로 전한다는 Calm의 목표를 오늘도 꾸준히 실천 중입니다. 

유명 심리학자, 테라피스트, 정신 건강 전문가, 언론사에서 Calm을 추천했습니다. 

* “보통 명상 앱을 보면 의심부터 하곤 했어요. 제가 보기에는 뜬구름 잡는 얘기를 하는 앱이 너무 많았거든요. 그런데 Calm은 내 몸에 집중하라는 가이드를 제시해 주더군요."" - New York Times

* “정신 없는 디지털 세계에 살고 있는 요즘, 가끔은 한 걸음 물러나서 장미꽃 향기를 감상하는 시간이 필요합니다.” – Mashable

* “산만한 정신을 진정시키고 푹 쉬면서... 스트레스를 받던 모든 일이 사실 큰 문제가 아니었다는 사실을 깨닫게 해줍니다.” - Tech Republic

* “명상하고 나니 한결 가뿐해진 기분이 들었습니다.” - TechCrunch",건강/운동,https://play.google.com/store/apps/details?id=com.calm.android&hl=ko&gl=kr,,,,,,
android,kr,com.getsomeheadspace.android,Headspace: Sleep & Meditation,"Headspace는 정신 건강, 마음 챙김, 명상, 수면 및 웰빙을 위한 길잡이입니다. 스트레스, 우울증 또는 불안감을 겪고 있더라도 Headspace는 여러분의 정신 건강, 웰빙 및 마음 챙김을 지원합니다. 과학적으로 검증된 다양한 명상 연습을 통해 마음을 돌보고, 매일 명상하며, 정신 건강을 증진해 보세요.

명상하고, 마음 챙김을 실천하고, 휴식을 취하며, 정신 건강, 수면 및 자기 관리를 우선시하세요. Headspace는 단 10일 만에 스트레스와 불안을 줄이는 데 도움을 줍니다. 무료 체험을 시작하여 명상의 효과를 경험하고 정신 건강 팁을 확인해 보세요.

🧘‍♂️ 명상 및 마음 챙김
스트레스와 불안을 줄여주는 마음 챙김 명상을 통해 균형, 휴식, 숙면 및 평온을 찾아보세요. 3분 정도의 짧은 명상부터 10분 정도의 긴 명상까지, 다양한 마음 챙김 명상을 통해 정신 건강과 마음 챙김을 경험하고, 웰빙 루틴을 완성하고 숙면을 취해 보세요. 마음 챙김 호흡법, 진정 호흡 기법, 그리고 감정 건강, 스트레스 해소 및 불안 관리를 위한 가이드 명상을 통해 명상 호흡을 배워보세요.

🌙 편안한 수면 명상
수면 도구, 수면 유도 명상, 잔잔한 수면 음악, 불안과 스트레스 해소를 위한 수면 유도 오디오를 통해 명상하고 수면의 질을 개선하여 더 나은 휴식을 취하세요. 편안한 수면 소리로 잠들고, 편안한 취침 지원으로 숙면을 유지하세요. 밤에 불안을 완화하고 회복적인 휴식을 취하도록 고안된 잔잔한 사운드스케이프와 마음 챙김 연습을 통해 규칙적인 수면 습관을 만드세요.

🌬️ 스트레스 해소 및 호흡
불안한 호흡을 파악하고, 편안한 호흡 운동과 명상 유도를 통해 스트레스를 해소하고 불안을 완화하여 정신 건강, 수면 및 스트레스 해소를 지원하세요. 복식 호흡, 사각 호흡과 같은 호흡법을 배워 스트레스 관리, 수면 개선, 그리고 어려운 감정을 다스리는 데 도움이 되는 명상 연습을 통해 마음의 평정을 유지하세요.

👥 정신 건강 지원
개인 맞춤형 정신 건강 지원을 통해 불안 관리, 스트레스 해소 및 슬픔 극복에 도움을 받아 정신 건강에 대한 인식을 높이세요. Headspace는 일상적인 감정적 웰빙을 위한 명상 가이드를 제공하며, 과부하를 줄이고 회복력을 강화하며 어려운 순간에도 감정적 균형을 유지하는 데 도움이 되는 간단한 수면 루틴도 포함합니다.

💖 정신 건강 셀프케어
스트레스와 불안을 줄이고 균형을 유지하는 데 도움이 되는 실용적인 셀프케어, 진정 기법 및 웰빙 자료를 살펴보세요. 마음의 안정을 유지하고 건강한 수면 습관을 통해 감정적 안정, 마음챙김 습관, 그리고 더욱 강한 일상의 웰빙을 누릴 수 있는 간단한 셀프케어 아이디어를 배워보세요.

🚀 웰빙 & 균형
음악, 호흡 운동 및 명상을 통해 집중력을 향상시키고 차분하고 맑은 정신을 유지하세요. 마음챙김 루틴, 명상 가이드 및 호흡 도구가 어떻게 균형을 잡고, 정신적 명료함을 향상시키며, 스트레스를 줄이고, 수면과 생산성을 높이는 데 도움이 되는지 알아보세요.

💪 마음챙김 움직임 & 명상 요가
마음챙김 움직임, 호흡 가이드 및 명상 운동을 통해 스트레스와 불안을 해소하고 몸과 다시 연결하여 회복력, 웰빙 및 균형을 지원하세요. 명상과 운동을 통해 마음을 진정시키고 집중력을 강화하며 건강한 일상 습관을 만들어보세요.

📈 진행 상황 추적
진행 상황 추적 기능과 간단한 명상, 마음챙김, 수면 루틴을 통해 정신 건강을 관리하세요. 동기 부여를 유지하고 감정 상태를 되돌아보며 장기적인 균형과 웰빙을 유지하는 데 도움이 되는 도구를 활용하여 꾸준한 습관을 만들어보세요.

Headspace로 정신 건강을 관리하세요. 불안 관리, 스트레스 감소, 수면 개선, 웰빙 증진 등 Headspace의 명상 및 마음챙김 프로그램은 여러분의 마음을 돌보는 데 도움을 줄 수 있습니다. 명상하고, 마음챙김을 강화하고, 감정적 균형을 구축하고, 매일 명상하고 일상생활을 개선하는 데 도움이 되는 실용적인 도구를 살펴보세요.

무료 체험을 시작하고 명상, 마음챙김, 숙면, 정신 건강의 이점을 경험해 보세요. 구독 옵션: 월 9.99파운드, 연 49.99파운드. 가격은 변동될 수 있습니다. 구매 확인 시 Google 계정으로 결제됩니다.",건강/운동,https://play.google.com/store/apps/details?id=com.getsomeheadspace.android&hl=ko&gl=kr,,,,,,
android,kr,com.appmindfulness.appmindfulness3,"하루명상 - 명상, 수면, 건강 관리 습관","누구나 안심하고 무료로 이용할 수 있는 하루명상!

하루명상이 지난 수년간 쌓아온 마음챙김 명상, 국내 최정상급 전문가들의 주옥 같은 클래스, 수면, 사운드, 음악 등 1,000개 이상의 오리지널 콘텐츠를 무료로 경험하실 수 있습니다.


명상 초보자부터 숙련자까지 
나이, 직업, 성별, 명상 경험에 관계 없이 누구든 쉽게 사용할 수 있어요. 명상이 처음이어도 괜찮아요. 단계별 맞춤명상 콘텐츠가 제공됩니다. 

인생을 바꾸는 나의 하루 습관만들기
쉽고, 빠르게 나에게 필요한 부분을 하루 루틴으로 만들 수 있도록 도와드려요. 

개인별 감정, 상황에 맞는 맞춤형 콘텐츠 
우선, 지금 이 순간 자신의 감정을 알아차리는 것에서부터 시작해봐요. 

잠시 쉬어가도 괜찮아요 
매일 밤 정해진 시간동안만 오픈되는 공간에서 하루를 마무리합니다. 오로지 나만을 위한 시간을 갖거나 친구들과 모여 자유롭게 명상하는 시간을 보낼 수도 있어요. 

몸으로 하는 명상 무브먼트 
일반 홈트와 컨셉부터 다른 몸으로 하는 명상콘텐츠를 경험해보세요. 마음챙김 기반 타이치, 요가 등 홈트로도 활용할 수 있는 동영상이 준비되어 있어요. 

하루명상 오리지널 음악과 사운드
차별화된 음악과 사운드를 경험해보세요! 하루명상만의 ASMR, 국악 감성연주, 클래식, 트로트 명상음악을 즐길 수 있습니다. 24시간 켜놓아도 좋은 자연의 소리와 힐링사운드가 준비되어 있어요.

전문적이고 과학적인 마음챙김 기반 콘텐츠 
하루명상은 과학적으로 검증된, 전문적이고 다양한 마음챙김 기반 콘텐츠를 제공합니다. 하루명상이 지난 수년간 쌓아온 마음챙김 명상, 국내 최정상급 전문가들의 주옥같은 클래스, 수면, 사운드, 음악 등 1,000개 이상의 오리지널 콘텐츠를 무료로 경험하실 수 있습니다. 


[ 이런 분들께 하루명상을 권합니다 ] 
• 번아웃, 불면, 우울, 불안을 경험하고 있다면
• 마음챙김 명상을 제대로 배우고 싶다면 
• 일상에서 스트레스 조절이 필요하다면 
• 주변 사람들과 좋은 관계를 맺고 싶다면 
• 마음의 치유와 안정이 필요하다면 
• 집중력을 높이고 싶다면
• 건강한 식습관을 만들고 싶다면
• 몸과 마음의 균형을 찾고 싶다면
• 하루 하루 행복한 삶을 살고 싶다면

‘나’부터 시작해, 가족, 친구, 타인, 그리고 우리 생활터전인 지구별에게도 고맙고 사랑하는 마음을 표현하며 살면 좋겠어요. 그래서 우리 모두가 편안하고 건강한 삶을 살게 되면 정말 좋을 것 같아요. 

[ 하루명상에 대해 더 알고 싶다면 ]
- 인스타그램 www.instagram.com/haru.meditation
- 블로그 https://blog.naver.com/appmindfulness
- 고객센터 appsupport@mujinassociates.com 
- 홈페이지: www.harumeditation.com

[ 이용약관 ]
https://api.mindfulharu.com/web/term

[ 개인정보 정책 ]
https://api.mindfulharu.com/web/policy

영문 HARU Meditation - mindfulness, meditation, sleep, daily ritual
----
개발자 연락처 :
무진어소시에이츠(주) 경운동 89-4 운현궁SK허브
102동 406-1호
종로구, 서울특별시 03147
South Korea 5738600614 2018-서울종로-1120 종로구청",건강/운동,https://play.google.com/store/apps/details?id=com.appmindfulness.appmindfulness3&hl=ko&gl=kr,,,,,,
android,kr,com.abdula.pranabreath,Prana Breath: 호흡과 명상,"예부터 지금까지, 현대 과학을 통해 그리고 수 많은 사용자들을 통해 그 효능이 증명되어 온 호흡 테크닉에 빠져 봅시다! 호흡과 명상의 힘을 통해 스스로의 마음챙김 능력을 향상 시키고 더 나은 삶을 사세요. 요가, 다이어트, 운전 혹은 다른 무엇이든 어떤 상황에서도 가능합니다. 당신은 하루에 7-15분만으로도 긍정적인 효과를 보게 될 겁니다!

<b>이게 무슨 효과가 있을까?</b>
* 두뇌 활동의 향상: 기억력, 주의력, 집중력
* 불안의 해소
* 스트레스에 대한 저항력을 높여주며, 육체적 인내력을 길러줍니다
* 늦은 밤에 찾아온 식욕을 제거함으로써, 건강한 체중을 유지하는데 도움이 됩니다
* 빈번한 감기나, 편두통, 호흡 곤란의 빈도를 줄여줍니다
* 숙면에 도움이 됩니다
* 발성을 향상 시키고 숨을 참는 시간을 길게 해주기 때문에, 가수와 다이버에게 좋습니다

<b>왜 프라나 호흡일까요?</b>
* 광고가 전혀 없습니다
* 빠르고, 최적화되어있으며, 배터리 효율적 입니다
* 쉬워요 - 그냥 ""시작"" 버튼을 누르세요, 두 눈을 감고 소리가 일러주는 대로 따라가세요
* 훈련 중, 화면을 끄는 옵션이 있습니다
* 여러 효과를 목적으로 한 8가지 호흡 패턴이 있습니다
* 사용자가 훈련 패턴을 스스로 만들 수 있습니다
* 풍부한 통계 자료
* 알람을 통해 편한 훈련 계획을 만드세요
* 대부분의 훈련 패턴들은 프라나야마, 수피 그리고 티베탄 호흡법으로부터 유래되었습니다
* 구글 플레이에 있는 독창적인 ""식욕 억제"" 훈련으로 정서에 기인한 과식을 억제합니다
* Simone Righini에 의해 고안된, 독점적인 ""흡연 대체 훈련""이 당신의 금연을 도울 것 입니다

<b>추가적으로 구루 버전에는:</b>
* 점진적 향상 & 섬세한 패턴들을 포함한 다이내믹 트레이닝들이 있습니다
* 다양한 호흡 방식들과 찬트가 있습니다
* 세부적인 진척도 관리 도표와 훈련 일지가 있습니다
* 건강 테스트
* 다양한 세팅과 더 많은 음향 효과들이 있습니다
* 예들 들어 4-7-8 호흡, 정뇌호흡, 아눌로마-빌로마호흡, 교호호흡, 툼모호흡, 웃짜이호흡 등과 같은, 50여 개가 넘는 훈련 패턴들이 주기적으로 업데이트가 됩니다.

과학적 근거: https://pranabreath.info/wiki/Research_articles
포럼: https://pranabreath.info/forum
페이스북: https://facebook.com/OlekdiaPranaBreath",건강/운동,https://play.google.com/store/apps/details?id=com.abdula.pranabreath&hl=ko&gl=kr,,,,,,
android,kr,app.meditasyon,"Meditopia: 명상, 마음 챙김","Meditopia는 전 세계 3백만 명 이상의 사용자가 이용하는 한국어 명상 앱으로, 과학자와 요가 및 명상 전문가가 개발한 명상 훈련과 7일 프로그램, 수면에 도움을 주는 슬립 뮤직 등의 서비스를 제공합니다.

Meditopia는 아름다운 앱 디자인과 고품질의 사운드로 완성된 100가지 이상의 컨텐츠를 통해 마음을 차분하게 하고 스트레스를 줄이며 숙면을 돕고, 깊은 내면에서 사랑과 마음의 평화를 발견할 수 있도록 도와줍니다.
 
 최고 품질의 사운드로 100가지 이상의 명상 세션을 청취할 수 있습니다. 명상과 마음 챙김을 배우고, 자연의 소리와 함께 음악을 들으며 휴식을 취하고, 타이머를 사용해 전문적인 프로그램을 바탕으로 한 다양한 주제에 초점을 맞춰 명상할 수 있습니다.
 
 다음과 같은 주제가 준비되어 있습니다.
 환영 인사
 기초 1-2
 나의 몸 인식하기
 스트레스 해소하기
 잘 자기
 받아들이기
 자신감
 연민
 감사
 
 지금 시작하기에는 짧은 명상 프로그램이 준비되어 있습니다.
 아침
 수면
 짧은 휴식
 걷기
 이완
 외로움
 퇴근 후
 고통
 긴장 완화
 이동
 
명상 세션 뿐만 아니라, 타이머 옵션을 사용해 네레이션 없이 배경음악과 함께 명상할 수 있습니다. 또한 좋아하는 명상 세션을 즐겨찾기 및 다운로드하시면 오프라인으로 감상할 수 있습니다!
 
 구매를 확정하시면 iTunes 계정을 통해 결제가 완료됩니다. 이용 기간이 끝나기 전 24시간 이내에 구독을 취소하지 않으면 자동으로 갱신됩니다.

 사용자가 구독을 관리할 수 있습니다. Google Play 계정 설정에서 자동 갱신 기능을 끌 수 있습니다.
 이용 기간 중에는 환불되지 않습니다.
 다음 링크에서 구독을 비활성화할 수 있습니다. https://support.google.com/googleplay/answer/7018481?co=GENIE.Platform%3DAndroid&hl=ko

 개인정보보호정책: https://meditopia.com/terms-en.html",건강/운동,https://play.google.com/store/apps/details?id=app.meditasyon&hl=ko&gl=kr,,,,,,
android,kr,br.com.lojong,Lojong: Meditation & Sleep,"불안은 줄이고, 마음은 평온하게. 숙면을 취하고, 현재에 집중하며 살아보세요.

로종(Lojong)은 정신 건강 및 마음챙김 전문가들이 개발한 명상 및 마음챙김 앱입니다. 하루 단 몇 분만 투자하면 스트레스를 줄이고, 숙면을 취하며, 감정의 균형을 찾을 수 있습니다.

이미 200만 명이 넘는 사람들이 로종으로 일상을 변화시키고 있습니다. 지금 바로 경험해 보세요.

🧘 마음을 돌보는 새로운 방법
삶을 그저 기계적으로 살아갈 필요는 없습니다. 로종과 함께 잠시 멈추고, 심호흡을 하며, 현재에 집중하는 법을 배워보세요. 다음과 같은 상황에 도움이 되는 수백 가지의 명상 및 마음챙김 프로그램을 제공합니다.
- 불안과 스트레스
- 집중력 부족 및 복잡한 생각
- 불면증 및 수면 장애
- 분노, 죄책감 및 감정 과부하
- 슬픔 및 우울감

🌙 숙면과 재충전
긴 하루를 보낸 후에는 휴식이 필요합니다. 수면 프로그램은 마음을 진정시키고 깊고 편안한 수면으로 이끌어주는 명상과 편안한 소리를 제공합니다. 밤에 잠들기 어렵거나 불면증으로 고생하는 분들에게 특히 좋습니다.

✅ 무료로 시작하세요
앱을 다운로드하시면 다음 기능을 무료로 이용하실 수 있습니다.
- 감사 일기
- 평온, 집중력 및 웰빙을 위한 명상 가이드
- 자애 명상 및 이완 연습
- 마음챙김 입문 프로그램

💎 프리미엄 혜택
프리미엄 회원은 다음 기능을 이용하실 수 있습니다.
- 모든 전체 연습 및 프로그램
- 더욱 몰입감 있는 경험을 위한 배경 음악
- 수면 이야기
- 요가 연습
- 오프라인 다운로드
회원님의 구독은 경제적으로 어려운 분들을 위한 무료 프리미엄 이용권 제공에도 도움이 됩니다. 💛

💬 사랑과 과학, 그리고 목적을 담아 개발되었습니다
Lojong은 명상적 지혜와 현대 신경과학을 결합하여 강사, 치료사 및 웰빙 전문가들이 개발했습니다.

✨ 지금 Lojong을 다운로드하세요. 숨을 쉬고, 긴장을 풀고, 다시 시작하세요.",건강/운동,https://play.google.com/store/apps/details?id=br.com.lojong&hl=ko&gl=kr,,,,,,
android,kr,com.simplehabit.simplehabitapp,Simple Habit: Meditation,"Simple Habit은 심리학자, 치료사 및 정신 건강 전문가가 추천하는 웰빙 및 수면 앱입니다. 오늘 Simple Habit을 무료로 사용해 보고 인생을 바꾸는 이 여정에 500만 명이 넘는 사람들과 함께하세요. 더 잘 자고 인생, 결혼, 육아, 일, 건강에서 더 행복해지세요.

우리의 웰빙 및 수면 요법 세션은 마음 챙김 및 명상, 일일 동기 부여, 수면 안내 세션 및 세계적으로 유명한 전문가의 코칭을 제공하며 귀하의 삶의 방식에 맞게 개인화됩니다. 아침에 5분, 통근 중 20분, 빨리 잠들어야 할 때 스트레스를 덜 받고 더 나은 수면을 취하고 최선을 다할 수 있도록 도와드리겠습니다. 오늘 무료로 간단한 습관을 시작하고 매일 더 나은 생활을 하십시오.

----

특집
* 2018 Google Play Awards 뛰어난 웰빙 앱 수상작
* 2018 구글 머티리얼 디자인 어워드 수상작
* 2017 Google Play 최고의 앱 수상작
* 샤크 탱크 시즌 프리미어 2017

왜 단순한 습관인가?

마음챙김과 명상
• 하루에 5분만 마음챙김과 명상을 하면 스트레스 해소와 수면 개선을 통해 삶을 개선할 수 있습니다.
• Google의 마음챙김 전문가부터 전직 승려에 이르기까지 세계 최고의 전문가가 안내하는 새로운 명상
• Mindful Minutes로 진행 상황을 추적하고 동기 부여 유지
• 프리미엄 구독으로 오프라인에서 명상에 액세스하여 언제든지 명상할 수 있습니다.

바쁜 라이프스타일을 위한 웰니스
• 바쁜 라이프스타일에 안성맞춤 - 잠에서 깰 때, 운전 중 또는 잠자리에 들 때 듣기
• 삶의 일상적인 문제를 위해 고안된 세션
• Simple Habit의 On-the-Go 기능을 사용하여 불안을 빠르게 진정시켜 마음챙김을 달성하세요.

건강과 휴식
• 숙면
• 스트레스 해소
• 불안과 우울증 관리
• 그리고 더

동기 부여 찾기
• 코칭 콘텐츠
• 동기 부여 대화
• 진행 상황을 추적하기 위한 연속 추적 및 마음챙김 시간

단순한 습관의 이점
• 명상 습관 만들기
• 숙면 취하기
• 주머니 속의 동기부여
• 집중력 향상
• 스트레스와 불안 감소
• 차분하고 편안하게 지내세요
• 자기 인식 향상
• 유능한 리더 되기
• 더 깊고 쉽게 호흡
• 원근감 향상
• 이동 중에 마음챙김 달성
• 긴장을 풀고 긴 하루를 마무리하며 휴식을 취하세요.
• 차분하고 집중적인 방식으로 다양한 삶의 문제에 대처
• 관계 개선
• 더 행복해지고, 더 편안해지고, 차분해집니다.

프리미엄으로 무제한 액세스
Simple Habit은 마음챙김을 달성하고 더 쉽게 호흡하는 데 도움이 되는 두 가지 자동 갱신 구독 옵션을 제공합니다. 구독은 각 기간이 끝날 때마다 자동으로 갱신되며 Play 스토어 계정을 통해 신용 카드에 요금이 청구됩니다. Play 스토어 계정 설정에서 언제든지 자동 갱신을 끌 수 있지만 사용하지 않은 기간에 대해서는 환불되지 않습니다. 무료 평가판 기간 중 사용하지 않은 부분은 구독 구매 시 소멸됩니다. 이 가격은 미국 고객을 위한 것입니다. 다른 국가의 가격은 다를 수 있으며 실제 요금은 거주 국가에 따라 현지 통화로 변환될 수 있습니다.

간단한 습관으로 연결
페이스북 - https://www.facebook.com/simplehabitapp/
인스타그램 - https://www.instagram.com/simplehabitapp/
트위터 - https://twitter.com/simplehabitapp

질문이나 의견이 있으십니까? feedback@simplehabit.com으로 문의하세요.

심플해빗을 이용해 주셔서 감사합니다 :)

개인 정보 보호 정책 - https://www.simplehabit.com/privacy
이용 약관 - https://www.simplehabit.com/tos",건강/운동,https://play.google.com/store/apps/details?id=com.simplehabit.simplehabitapp&hl=ko&gl=kr,,,,,,
android,kr,de.iab.meditationtimer,Meditation Time: 명상 타이머,"Meditation Time은 매일의 명상과 마음챙김 연습을 도와주는 단순하고 완전히 무료인 명상 타이머입니다. 시간을 설정하고 싱잉볼, 종 또는 공 소리를 선택한 뒤 방해 없이 명상하세요. 부드러운 소리가 명상의 끝을 알려줍니다.

Meditation Time은 명상 중 현재 순간에 머물 수 있도록 도와줍니다. 시간을 계속 확인할 필요 없이 명상에 집중하고, 타이머가 시간을 관리하도록 맡길 수 있습니다.

🌿 Meditation Time 기능

▸ 단순하고 유연한 명상 타이머
▸ 고품질 명상 종, 싱잉볼, 공 소리
▸ 선택 가능한 간격 마음챙김 종 알림
▸ 편안한 자연 배경 소리
▸ 전문 성우의 가이드 명상
▸ 세 번 울리는 Zen 공 소리
▸ 최대 4시간 명상을 위한 마스터 모드
▸ 광고 없음
▸ 구독 없음, 자발적 후원 방식

간격 종 기능은 명상 중 마음이 다른 곳으로 흐를 때 현재 순간으로 부드럽게 돌아오도록 도와줍니다. 이 명상 타이머는 자연스럽게 마음챙김을 깊게 할 수 있도록 돕습니다.

주변이 시끄럽거나 마음이 특히 불안정할 때는 자연 소리가 차분한 분위기를 만들어 명상에 집중하도록 도와줍니다.

앱에 포함된 가이드 명상은 명상 연습을 위한 방향과 동기를 제공합니다. 초보자와 경험이 있는 명상 수행자 모두에게 적합합니다.

🌿 명상으로 스트레스와 불안 완화

규칙적인 명상은 스트레스를 줄이고 마음의 긴장을 완화하며 집중력을 높이는 데 도움을 줄 수 있습니다. 긴장이 풀리고 내면의 갈등이 차분해질 수 있습니다.

많은 사람들이 스트레스가 많은 하루를 보낸 후 휴식을 위해, 더 나은 수면을 위해, 또는 더 큰 평온과 균형을 위해 명상을 합니다.

명상을 처음 시작하는 사람도, 이미 경험이 있는 사람도 이 명상 타이머 앱을 통해 꾸준하고 편안한 명상 습관을 만들 수 있습니다.

🌿 명상의 기본 이해하기

앱의 학습 섹션에서는 명상 수행의 중요한 요소를 간단하고 이해하기 쉽게 설명합니다. 종교적 요소 없이 명상 연습을 위한 영감과 방향을 제공합니다.

🌿 일상 속 명상과 마음챙김

명상 앱은 마음챙김을 일상생활에 더 쉽게 통합하도록 도와줍니다. 하루 몇 분의 명상만으로도 이완, 집중력, 감정적 균형을 높이는 데 도움을 줄 수 있습니다.

많은 명상 연습은 과학적으로 연구된 스트레스 감소 방법인 MBSR(마음챙김 기반 스트레스 감소 프로그램)의 원리를 기반으로 합니다. 이 방법은 명상, 호흡 연습, 신체 인식을 함께 사용합니다.

Meditation Time은 이러한 접근을 하나의 단순하고 효과적인 명상 타이머에 담아 일상 속에서 더 많은 평온, 집중, 마음의 명료함을 경험하도록 도와줍니다.",건강/운동,https://play.google.com/store/apps/details?id=de.iab.meditationtimer&hl=ko&gl=kr,,,,,,
android,kr,se.lichtenstein.mind.en,The Mindfulness App,"일상 생활에서 압도되거나 스트레스를 느끼십니까? 더 균형 잡히고 더 즐거운 느낌을 원하십니까?

The Mindfulness App과 함께 더 편안한 수면을 취하고 스트레스를 덜 받고 불안을 줄이십시오. 전 세계 전문가가 제공하는 400개 이상의 가이드 명상 및 코스를 통해 모든 기분, 시간 및 초보자부터 경험자까지 모든 사람을 위한 옵션이 있습니다.

• 10개 이상의 언어로 안내되는 명상 및 코스.
• 부드럽게 하루를 마감하는 수면 이야기.
• 개인화된 사용자 통계.
• 명상을 기억하는 데 도움이 되는 개인화된 미리 알림.
• 시간 및 위치 기반 알림.

조용한 명상을 즐기고 있거나 개인화된 명상을 수행에 포함하고 싶다면 다음 중에서 선택하여 선택할 수 있습니다.

• 3-99분 명상.
• 자동 또는 가이드 옵션.
• 벨과 가이드 소개가 포함됩니다.
• 부드럽게 하루를 마감하는 수면 이야기.
• 숲, 비, 파도 등과 같은 다양한 배경 소리.
• 빠른 액세스를 위해 즐겨찾기를 저장할 수 있습니다.

신규 사용자는 7일 동안 앱을 테스트하고 모든 프리미엄 콘텐츠에 액세스할 수 있는 무료 평가판을 이용할 수 있는 옵션이 있습니다.

프리미엄 구독에 포함된 사항:
• 20개 이상의 다양한 주제에 대한 모든 명상 및 코스에 대한 무제한 액세스.
• 명상 및 코스 세션을 오프라인에서 사용할 수 있도록 합니다.
• 정기적으로 업데이트되는 콘텐츠를 통해 좋아하는 새로운 명상과 교사를 발견할 수 있습니다.

이제 1주일 무료 평가판으로 모든 프리미엄 콘텐츠를 사용해 볼 수 있는 옵션이 있습니다.

우리는 귀하의 필요에 맞는 것을 찾고 내면의 웰빙을 향상시키기 위해 일상 생활에서 명상을 할 수 있도록 도와드립니다.

우리는 당신이 어디에 있든 명상을 가능하게 하는 마음챙김 여정의 일부가 되고 싶습니다!",건강/운동,https://play.google.com/store/apps/details?id=se.lichtenstein.mind.en&hl=ko&gl=kr,,,,,,
android,kr,com.imeditate.equaapp,Equa,"주머니 속의 마음챙김 코치인 Equa와 함께 주의력 제어, 정신 회복력 및 최고 성능을 위한 기술을 배우십시오.

많은 새로운 명상가가 낙담하는 주요 이유는 학습 과정에서 피드백을 받지 못하기 때문입니다. 이것은 혼란, 동요, 그리고 종종 그들의 관행에서 완전히 단절될 수 있습니다.

Equa의 대화형 경험은 교육 경험을 관련성 있고 영향력 있게 만드는 데 필요한 피드백을 제공합니다. 명상은 혼자 하는 것이 아니기 때문입니다.

테스트 대기열에 참여하거나 팀이 Equa Health로 마음챙김을 배울 수 있는 방법에 대해 알아보려면 info@equahealth.io로 이메일을 보내주십시오.",건강/운동,https://play.google.com/store/apps/details?id=com.imeditate.equaapp&hl=ko&gl=kr,,,,,,
android,kr,com.mobiointeractive.wildflowers2,Dawn DTx,"Dawn은 삶의 스트레스 요인이 증가함에 따라 정신적 기반을 강화하는 데 필요한 도구를 제공합니다. Dawn은 스트레스에 대한 회복력을 높이고, 기분을 개선하고, 집중력을 향상시키고, 지속적인 자기 관리 능력을 기르는 데 도움을 주기 위해 설계되었습니다.
Dawn을 통해 실시간으로 스트레스를 측정하고 시각화할 수 있습니다. 이러한 지표를 이해함으로써, 주어진 순간에 가장 효과적인 콘텐츠를 찾을 수 있습니다.
Dawn 경험:
스트레스 및 기분 정량화: Dawn만의 고유한 도구를 사용하여 내면의 상태를 명확하고 시각적인 데이터로 변환하세요. 이러한 지표를 추적함으로써 진행 상황을 확인하고 다양한 상황에 어떻게 반응하는지 더 잘 이해할 수 있습니다.
맞춤형 추천: 추측은 이제 그만. Dawn은 객관적인 필요에 따라 적합한 명상이나 연습을 찾을 수 있도록 맞춤형 추천을 제공합니다.
방대한 라이브러리: 평정심과 정신적 명료함을 유지하는 데 도움이 되도록 설계된 1,000개 이상의 명상 및 웰빙 경험 모음을 이용하세요.

일관성을 위한 간소화: 새롭게 디자인된 인터페이스와 온보딩 과정을 통해 앱 사용이 더욱 간편해지고, 장기적인 목표 달성에 도움이 되는 루틴을 쉽게 만들 수 있습니다.
Dawn은 바로 당신이 사랑하는 당신의 모습입니다.
지금 Dawn을 다운로드하고 여정의 다음 단계를 시작하세요.",건강/운동,https://play.google.com/store/apps/details?id=com.mobiointeractive.wildflowers2&hl=ko&gl=kr,,,,,,
android,kr,com.unplug.meditation,언플러그: 명상,"플러그 뽑기: 행복감, 차분함, 그리고 더 나은 수면을 위한 가이드 명상 영상. 매일 10분 변신.

우리는 여러분이 계속 참여하고 동기를 부여받을 수 있는 영감을 주는 과정을 통해 여러분의 웰빙 목표를 달성할 수 있도록 도와드립니다. 여러분이 어떤 삶의 도전에 직면하고 있든, 1,300개 이상의 영상 라이브러리에서 그에 맞는 명상을 찾을 수 있을 것입니다. 무엇이든 검색해 보세요. 버튼 하나만 클릭하면 기분을 바꿀 수 있습니다.

우리는 명상을 간단하고 현대적이며 재미있게 유지하는 방법을 아는 세계 최고의 명상 교사들과 함께 일하게 되어서 여러분이 실제로 명상하고 싶어질 것입니다. 우리는 로스앤젤레스의 세계 최초의 세속적 명상 스튜디오인 언플러그에서 앱의 모든 영상을 촬영, 제작, 큐레이션합니다.

최고의 의사, 미국 심장 협회, 심리학자, 불임 치료 전문의, 치료사, 정신 건강 전문가가 '언플러그'를 권장합니다.

* * * * * * * * * * * * * *

우리를 차별화하는 것은 무엇인가?

- 세계적으로 유명한 선생님들과 개인적으로 연결된 느낌을 주기 위해 영상을 사용합니다. - 세계 최초의 세속적 명상 스튜디오인 Unplug Meditation에서 촬영하고 제작합니다. - 저희는 단순한 마음챙김 앱이 아닙니다. 사운드 욕조, 최면, 가이드 여행, 아로마테라피, 요가, 피트니스 등 다양한 프로그램을 제공합니다. - 130명 이상의 선생님, 40개 이상의 주제, 수많은 기법을 통해 여러분이 믿을 수 없을 만큼 다양한 프로그램을 제공하므로 자신에게 가장 적합한 프로그램을 찾을 수 있습니다. - 어떤 상황에도 맞는 가이드 명상 (정말입니다) - 다양한 테마로 진행되는 재미있고 쉬운 월간 명상 챌린지 - 저희 명상 전문가들은 매일 명상하도록 영감을 주기 위해 간단하고 현대적이며 재미있는 방식으로 진행합니다. - 1분에서 45분까지의 영상으로 짧고 강력하며 효과적으로 진행합니다. - 자가 주도 세션을 위한 명상 타이머 및 주변 소리 - 명상 수행을 시작하기 위한 7일 명상 소개 - 좋아하는 수행을 꾸준히 하기 위한 30일 명상 챌린지 - 명상 알림, 목표를 설정하고 프로필 통계를 추적하여 동기를 유지하세요. - 배우기 코스 라이브러리를 통해 명상하고 거기에서 성장하고 탐색하세요 - 사용자 지정 재생 목록에 좋아하는 명상을 모두 저장하세요 - 긍정적으로 하루를 시작하고 마무리할 수 있는 감사 일기 - 정기적으로 새로운 콘텐츠가 추가됨 - 어른과 아이 모두에게 좋음 - 동적 텍스트와 호환 - Siri 단축어와 호환하여 하루나 밤의 명상을 재생하세요 - Apple Health와 명상 통계를 동기화하세요 - FaceTime 통화 중 SharePlay와 호환

*어린이는 계정을 생성하기 전에 부모와 상의해야 합니다.


* * * * * * * * * * * * * *

언론에서:

뉴욕 타임즈, 보그, 로스앤젤레스 타임즈, 엘르, CBS, NBC, GMA, 투데이 쇼, 구프, 패스트 컴퍼니, 포브스 등 여러 매체에 소개되었습니다.

* * * * * * * * * * * * * *

과학적으로 입증된 명상의 이점

- 기분 개선 - 존재감과 인식 증가 - 평온함과 행복감 증가 - 기억력과 집중력 향상 - 수면 개선 - 성적과 시험 점수 향상 - 우울증 감소 - 불안과 스트레스 감소 - 통증에 대한 민감도 감소 - 혈압 감소

* * * * * * * * * * * * * *

개인정보 보호정책: www.unplug.com/privacy-policy 이용약관: www.unplug.com/terms-of-use",건강/운동,https://play.google.com/store/apps/details?id=com.unplug.meditation&hl=ko&gl=kr,,,,,,
android,kr,com.pettersonapps.yogastream,YogaStream: Yoga & meditation,"힘, 평온 및 웰빙을 위한 YogaStream

YogaStream의 앱을 사용하면 2000개 이상의 요가 및 명상 비디오에 액세스할 수 있으므로 원하는 시간과 장소에서 요가를 연습할 수 있습니다. 따라서 YogaStream의 앱은 일상 생활에서 더 많은 힘, 평온 및 웰빙을 위한 도구입니다.

앱을 다운로드하면 10개의 무료 요가 동영상에 무료로 액세스할 수 있습니다. YogaStream의 2000개 이상의 요가 및 명상 비디오에 대한 전체 액세스 권한을 얻으려면 Google을 통해 YogaStream 멤버십을 생성해야 합니다. 월 회비는 DKK 129/월이며 연간 회비는 DKK 1099/년입니다. 생성 시 30일 무료 평가판으로 시작합니다. 회원가입 시 의무사항은 없으며, 언제든지 다시 회원탈퇴가 가능합니다.

이미 YogaStream 회원이고 당사 웹사이트를 통해 등록한 경우 이메일 주소와 비밀번호를 입력하여 기존 사용자로 로그인할 수 있습니다.

YogaStream 앱의 장점:

- 2000개 이상의 요가 및 명상 동영상 무제한 이용
- 150개의 맞춤형 요가 코스
- 지속적으로 새로운 요가 비디오
- 주간 라이브 스트림
- 오프라인 스트리밍을 위해 다운로드
- 휴대폰에서 TV로 비디오 재생
- 연습 추적 및 계획
- 개인 즐겨찾기 저장
- 독점 혜택 및 제안

더욱 균형잡힌 일상을 위해 더욱 향상된 접근성과 앱을 즐기시기 바랍니다. 앱 사용 방법에 대한 질문이 있으면 info@yogastream.dk로 도움을 드릴 준비가 되어 있습니다.

사랑
팀 요가스트림",건강/운동,https://play.google.com/store/apps/details?id=com.pettersonapps.yogastream&hl=ko&gl=kr,,,,,,
android,kr,com.konradhopek.medystacja,Zencast - sen rozwój medytacja,"Zencast와 함께 명상하고, 숙면을 취하고, 웰빙을 달성해 보세요.

Zencast는 명상, 호흡 운동 및 좋은 생활 강좌를 위한 폴란드어 응용 프로그램입니다. 스트레스를 극복하는 방법, 일하도록 동기를 부여하는 방법이 궁금하거나 단순히 개인 및 직업적 발전에 대한 지원을 찾고 있다면 올바른 위치에 있습니다.

우리의 응용 프로그램을 사용하면 감사 연습, 감정 일기, 호흡 휴식과 같은 일상의 좋은 실천 덕분에 삶의 만족도를 높이는 방법을 배우게 됩니다. 감정을 관리하고 더 잘 이해하는 방법을 배우게 되며 웰빙, 스트레스 및 동기 부여에 대한 며칠간의 개발 과정인 Zencasts 덕분에 자신도 발전할 수 있습니다.

우리의 명상 앱은 당신이 더 나은 삶을 살 수 있도록 해주는 기술을 제공합니다:

더 건강하고 더 나은 수면을 취하세요 - 수면 명상을 사용하고 숲이나 바다의 편안한 소리를 들으며 잠들어 보세요.

생산성과 집중력 달성 - 에스프레소보다 효과적인 호흡 운동을 통해 산만함을 제거하고 더욱 효과적으로 작업할 수 있습니다.

평화를 이루고 감정을 조절하세요. 전문가와 정신 건강 전문가의 강좌를 통해 건강한 습관을 기르고 감정을 다루는 방법을 배우세요.

명상 앱에서도 Zencast를 찾을 수 있습니다.
다음은 개인 생활과 직업 생활에서 다양한 기술을 제공하는 전문가와 함께하는 며칠 간의 과정입니다.

- 건강한 습관을 키우는 방법은 무엇입니까?
- 두려움에 대처하는 방법은 무엇입니까?
- 정신적 탄력성을 키우는 방법은 무엇입니까?
- 소중한 인연을 어떻게 만들 수 있을까?
- 명상하는 방법?

귀하가 젊은 부모이거나 부정적인 자아상으로 어려움을 겪고 있는 경우에도, 우리는 귀하의 어려움을 극복하는 데 도움이 되는 강좌를 지속적으로 추가하고 있습니다.

우리의 전문가는 실무자이자 경험이 풍부한 개인 개발 트레이너, 심리학자, 치료사, 호흡 및 명상 교사입니다.

우리는 Zencast가 폴란드어 최고의 명상 애플리케이션이 되기를 바랍니다. 명상을 시작하는 방법, 잠을 잘 자는 방법, 호흡 운동 등을 배우게 됩니다.

우리의 사명은 모든 사람에게 무료 명상과 개인 개발에 대한 접근권을 제공하는 것입니다. 따라서 우리는 21세기 질병인 스트레스에 대한 무료 강좌를 포함하여 무료 버전을 지속적으로 지원하고 개발할 것입니다.

또한 며칠에 걸쳐 진행되는 개발 과정인 Zencasts를 포함한 모든 콘텐츠에 무제한으로 액세스할 수 있는 프리미엄 버전을 구매할 수도 있습니다. 모든 지원과 구독은 귀하의 더 나은 웰빙을 위해 콘텐츠를 계속 제공할 가치가 있다는 확인이 됩니다.

구독은 자동으로 갱신되며 이는 매장에 따라 다릅니다. 구독 기간이 만료되기 전에 언제든지 구독을 취소할 수 있습니다. 스토어 애플리케이션의 계정 설정에서 이 작업을 수행할 수 있습니다.

함께하는 여행에 여러분을 초대합니다! Zencast로 매일 Zen을 느껴보세요.",건강/운동,https://play.google.com/store/apps/details?id=com.konradhopek.medystacja&hl=ko&gl=kr,,,,,,
android,kr,com.simple.srm,SRM - Wisdom by Sri Guru,"SRM은 자기 성장을 위한 지혜와 프로세스를 홍보하는 글로벌 비영리 단체입니다. 명상 기법부터 통찰력 있는 콘텐츠까지, SRM 앱은 여러분의 삶을 영적으로 변화시킬 수 있는 다양한 도구를 제공합니다.
– 가이드 트랙을 통해 매일 명상을 수행하세요.
– 매주 업데이트되는 통찰력 있는 비디오 및 강연을 시청하세요.
– 경건한 음악을 통해 마음에 연결
– 영적인 콘텐츠를 매일 피드로 받아보세요
– SRM의 라이브 이벤트 및 일정 살펴보기
– 오프라인 사용을 위한 콘텐츠 다운로드",건강/운동,https://play.google.com/store/apps/details?id=com.simple.srm&hl=ko&gl=kr,,,,,,
android,kr,com.mauna,Mauna - cu Anca & Cristi,"Mauna는 루마니아 최고의 명상 앱입니다. 더욱 균형 잡힌 삶을 향한 당신의 길잡이가 되어줄 것입니다. Mauna는 인간관계, 외로움, 스트레스, 자존감, 면역력, 건강 등 삶의 모든 영역에 걸쳐 다양한 명상 가이드를 제공합니다. 언제든 찾아와 마음의 평화와 정신적 회복력을 키우는 데 도움이 되는 팁과 도구를 얻을 수 있는 안식처를 Mauna가 만들고자 합니다.

모든 명상은 20년 이상의 경력을 자랑하는 루마니아 최고의 명상 강사, Anca Jugănaru와 Cristi Lazar가 제작했습니다.

지금 Mauna 앱을 다운로드하고 하루 단 몇 분으로 스트레스를 관리하고, 숙면을 취하고, 더 많이 웃는 법을 배워보세요.

모든 기능을 경험하고 싶으신가요? Mauna Premium을 무료로 이용하시면 모든 명상 콘텐츠를 즐기실 수 있습니다.

무엇을 제공받으시나요?

다양한 가이드 명상 콘텐츠와 매주 추가되는 새로운 콘텐츠
명상을 통해 삶이 변화된 사람들의 인터뷰가 매주 진행되는 비공개 마우나 그룹 이용 권한
다음과 같은 주제의 명상 콘텐츠:
명상의 기초
스트레스 해소
긍정적인 확언
면역력 및 건강 증진
수면
집중력 향상
____________________________________________

마우나 프리미엄 구독료

월간 - 29.99 RON - 외식 한 끼 가격
연간 - 219.99 RON - 하루 50 바니로 행복을 누리세요
6개월 - 149.99 RON

** 월간 구독 시 첫 달 무료, 6개월 및 1년 구독 시 첫 7일 무료 혜택이 제공됩니다. 언제든지 구독을 취소할 수 있습니다.

마우나 이용약관
https://www.mauna.ro/termeni

마우나 개인정보처리방침
https://www.mauna.ro/confidentialitate

문제가 발생하면 contact@mauna.ro로 언제든지 문의해 주세요.",건강/운동,https://play.google.com/store/apps/details?id=com.mauna&hl=ko&gl=kr,,,,,,
android,kr,com.ata.activebt,활성 숨쉬기 운동: 호흡과 명상,"미니멀한 디자인의 간단한 호흡 운동용 앱입니다. 명상과 가이드 호흡 운동을 위한 필수 도구입니다.

호흡 운동 또는 횡경막 호흡을 연습하면 스트레스 감소, 불안 완화, 수면, 에너지 및 기분 개선 등 많은 이점이 있는 것으로 알려져 있습니다.

30개 이상의 호흡 운동이 있는 대규모 호흡 운동 라이브러리에서 선택하거나 자신만의 맞춤형 운동을 만드십시오.

또는 제스처(길게 누르기 또는 스와이프)로 호흡 시간을 제어하는 완전히 새로운 대화형 모드를 사용합니다. 이는 호흡 인식을 개선하고 호흡 지침을 따르도록 압력을 줄이는 데 도움이 됩니다.

각 운동은 흡입, 유지, 내쉬기 및 다음 주기 대기의 네 단계를 포함하는 타이머입니다. 다음과 같은 호흡 운동이 포함됩니다.
- 균등 호흡
- 상자 호흡
- 478 호흡
- 7/11 호흡
- 안심하다
- 침착한
- 나머지
- 깨끗한 마음
- 비트 중독
- 집중하다
- 불안 완화
- 고통을 줄이다
- 스트레스 해소
- 잠
- 딥 릴렉스
- 깊은 진정
- 깊은 휴식
- 깊은 잠
- 깨어 있는
- 균형
- 활성화
- 새로 고치다
- 에너자이즈
- 집중하다
- 빠른 활성화
- 빠른 새로 고침
- 빠른 에너지
- 폐 훈련(쉬움, 중간, 어려움)
- 스태미나 훈련(쉬움, 중간, 어려움)
- 가수용(크게, 빠르게)

각 운동은 각 단계(들이쉬기, 참기, 내쉬기, 대기)의 지속 시간과 관련하여 완전히 사용자 정의할 수 있습니다. 호흡 스타일과 폐활량에 맞게 속도를 설정할 수도 있습니다.

이 앱은 오프라인에서 작동하며 인터넷 연결이 필요하지 않습니다. 이 앱은 밝은 테마와 어두운 테마를 지원합니다.",건강/운동,https://play.google.com/store/apps/details?id=com.ata.activebt&hl=ko&gl=kr,,,,,,
android,kr,com.omf.android,Oxford Mindfulness,"Oxford Mindfulness 앱은 성인을 위해 설계되었으며, 개인의 웰빙을 위한 마음챙김 수련을 개발하고 유지하는 데 도움을 줍니다. 앱을 통해 다음을 수행할 수 있습니다. 다양한 실천을 통해 마음챙김에 접근하고 실시간 일일 마음챙김 세션에 참여하고, 자기 주도형 입문 과정을 완료하고 현장의 최신 정보와 연구를 포함한 리소스에 액세스하세요.

이 앱은 옥스포드 마음챙김 재단(Oxford Mindfulness Foundation)과 영국 옥스퍼드 대학교가 공동으로 개발한 콘텐츠를 제공하며, 연구 기반 마음챙김 프로그램을 가르치기 위해 훈련받은 평가된 교사들이 제공합니다.
이 앱에 대한 후원은 Visual Snow Syndrome의 영향을 받는 개인을 지원하는 데 전념하는 비영리 조직인 Visual Snow Initiative(VSI)에서 제공했습니다.",건강/운동,https://play.google.com/store/apps/details?id=com.omf.android&hl=ko&gl=kr,,,,,,
android,kr,com.rockalabs.bambu,Bambú: Meditación y Relajación,"Bambú ®-스페인어로 명상하는 # 1 앱-수백 가지의 안내 명상-수면에 도움이되는 콘텐츠-불안과 스트레스 감소-집중력과 집중력 향상-고품질 콘텐츠.

Bamboo로 명상하는 것은 매우 쉽습니다. 명상하고 긴장을 풀고 수면을 돕는 최고의 콘텐츠를 찾으십시오. 안내 된 명상과 편안한 소리로 구성된 큰 카탈로그를 통해 매일 휴식을 취하고 잠을 자고 깊이 잠을 자고 상황을 관리 할 수 ​​있습니다.

Bamboo는 초보자, 전문가 모두에게 명상과 마음 챙김을 제공합니다. 건강 전문가가 권장하며 내용의 품질에 대한 언급을 받았습니다.

안내 명상은 몇 가지 지속 시간이 있으며, 3 분부터 시작하여 일정과 가용성에 따라 각 세션에 가장 편리한 지속 시간을 선택할 수 있습니다.

스페인과 스페인의 라틴어를 강조하여 다양한 음성 및 악센트 중에서 선택할 수 있습니다.

모두를위한 완벽한

Bamboo에는 몇 달 동안 할 수있는 기본 명상 과정이 있습니다. Bamboo를 즐기기 위해 이전 경험이 필요하지 않으며 매일 몇 분만 보내면됩니다.

안내 명상을 통해 단계적으로 마음을 훈련하고 밝게하는 법을 배우게됩니다. 조용히 명상하려면 타이머 또는 타이머를 사용하십시오.

자녀가있는 가족에게도 적합합니다.

쓰기 매일

디지털 포켓 다이어리를 사용하여 감정을 기록 및 해제하고 매일 자신의 감정에 대해 글을 쓰십시오.

스페인 최고의 콘텐츠

짧고 안내 된 명상에서 길고, 유도되거나 안내되지 않은 명상에 이르기까지 모든 종류의 컨텐츠가 있으므로 매일 자신의 스케줄에 가장 적합한 것을 선택할 수 있습니다.

이미 경험이 있다면 고급 명상과 비 가이드 타이머 명상 옵션이 있습니다.

우리의 내용은 다음과 같습니다.

· 명상 코스
· 매일 빠른 명상
· 수면 및 수면 개선
· 진정 불안
· 초점과 생산성
· 스트레스 관리
바디 스캔
· 호흡 운동
· 걷기와 명상
· 일과 집중
우울증
· 훈련 및 스포츠
· 기업가
· 휴일과 휴식
· 휴식을 취할 음악과 자연 소리
· 비 가이드 타이머 명상
· 훨씬 더 ...

또한 : 여분의 에너지가 필요하거나 이동 중에 집중하거나 휴식을 취하는 하루의 상황에 맞는 명상을 찾으십시오.

하루 중 특정 시간에 대한 명상 : 깨어나 기, 잠자기, 식사, 걷기, 어려운 시간.

수면이나 스트레칭, 요가에 적합합니다.

당신의 진행

당신은 또한 당신의 진행 상황을 추적하고 연습에서 일관성을 유지하는 데 도움이 매일 알림을 설정할 수 있습니다.

대나무 말

- ""간단하고 접근하기 쉬운 방법으로 하루에 몇 분 정도 명상하고 더 많이 참석할 수 있도록 도와주는 모바일 응용 프로그램""-여성 건강

-“휴식, 명상, 참석, 호흡 및 호흡”-Retina, El País

-“Bambú는 이제 승객을위한 명상 코스와 함께 항공편에서 80 분의 명상을 제공합니다”-Iberia Airline Spain

명상의 이점

오늘날 명상과 마음 챙김의 실천이 더 나은 삶의 질과 더 큰 육체적, 정신적 안녕으로 이어지는 변화에 책임이 있음을 나타내는 300-400 건의 과학 연구가 매년 있습니다. 효과 중 일부는 다음과 같습니다.

-더 큰 관심, 집중력 및 정신 선명도
-의사 결정 능력 향상
-다른 사람들에 대한 더 큰 공감
-삶의 질 향상과 정서적 균형
-자존감과 자비의 개발
-업무 관련 스트레스에 대처하는 능력 향상
-관계에서 공감과 창의성의 개발",건강/운동,https://play.google.com/store/apps/details?id=com.rockalabs.bambu&hl=ko&gl=kr,,,,,,
android,kr,com.yivana.android,Yivana Meditación guiada,"<b> Yivana는 스페인어로 된 쉬운 명상 응용 프로그램으로, 마음 챙김과 자기 개선 및 건강을 통해 더 완전하고 행복한 삶을 성취 할 수있는 휴식을 제공합니다. 
가이드 명상 갤러리를 통해 Yivana는 명상과 건강을 손끝에 놓을 수 있습니다.

이바나와 함께 명상은 그 어느 때보 다 쉬워 질 것입니다 : 마음 챙김, 이완, 자기 개선 및 건강이 최고의 동맹이 될 것입니다.

<h2> Yivana와 함께 명상과 수면 배우기 : 마음 챙김, 이완, 자기 개선 및 수면 
Yivana 갤러리는 명상을 배우거나 마음 챙김을 알고 싶은 사람들과 이미 경험이있는 사람들을 위해 설계되었습니다. 신체적, 정신적 건강을 개선하고자하는 사람들을 대상으로합니다.

지금 시작하여 마음 챙김과 명상을 배우십시오. 휴식을 취하십시오.

우리 갤러리에서 마음 챙김, 자기 개선, 휴식, 건강에 초점을 맞춘 가이드 명상 및 명상 프로그램을 찾을 수 있으며, 필요한 것에 맞게 조정됩니다. Yivana는 또한 이미 경험이 있다면 무지도 명상을 제공합니다.

Yivana 프로필에서 명상 기록, 명상 한 시간, 완료 한 세션, 명상 한 연속 날짜 및 기분의 역사를 찾을 수 있습니다.

Yivana에서 우리는 자기 개선, 마음 챙김, 웰빙을 더 풍성한 삶을 살 수있는 도구로 믿습니다. 그렇기 때문에 감사를 기록 할 수있는 감사 일지를 가지고 있습니다. 감사로 연결하면 부정적인 감정이 사라지고 건강이 좋아지고 편안해집니다.
Yivana 앱을 사용하면 불안감을 진정시키고 더 완전한 휴식의 삶을 사는 법을 배울 수 있습니다. 마음 챙김의 이점을 누리십시오.

우리는 심신의 이완을 장려하기 위해 음악적 배경을 개발했습니다. 당신은 그들을 듣고 가장 좋아하는 것을 선택하고 원할 때마다 변경할 수 있습니다. 앱이 당신의 휴식에 대한 아이디어처럼 보이도록 배경 화면을 사용자 정의 할 수도 있습니다.

<b> Yivana는 건강, 휴식 및 자기 개선을위한 명상 응용 프로그램입니다. 명상과 마음 챙김을 통해 더 충만하고 차분한 삶으로 이끄는 다리입니다. 

<h3> 광범위한 가이드 명상 갤러리가 있습니다  :
🧘 Yivana by Ily에서는 매주 새로운 명상을 업로드합니다.

🕯️ 특정 주제에 대한 명상 프로그램, 예를 들어 16 일 안에 명상하는 법을 배우게되는 ""시작하기""프로그램과 마음 챙김 실천에 대한 ""마음 챙김 철학"", ""꿈에 도달""또는 ""더 잘 수면""과 같은 기타 프로그램 ”.

🫁 Yivana를 사용하면 다양한 주제와 기술을 다루는 다양한 기간의 안내 된 마음 챙김 및 자기 개선 명상에 액세스 할 수 있습니다. 속도를 늦추고 더 침착하게 생활하십시오!

🧒 연령대별로 나눈 어린이를위한 건강 및 이완 명상 안내.

📅 연속, 세션, 명상 날짜를 보여주는 명상 프로필. 완료된 세션의 이력이있는 달력입니다. 기분을 선택하고 휴식, 자기 개선, 건강 및 더 나은 수면을 얻을 수 있습니다. 달성 한 목표에 따라 상금이 있습니다 (예 : 10 일 연속, 24 시간 명상 등).

💤 ""Bedtime Stories""는 성인과 어린이를 위해 녹음 된 원래 Yivana 이야기이며, 다른 분야의 전문가들이 녹음 한 팟 캐스트 또는 마스터 클래스 인 ""Genius Mind""입니다.

📘 감사의 글을 쓰고 역사를 볼 수있는 일지 감사합니다.

🎵 다른 음악과 배경 화면을 선택할 수 있습니다.

Yivana와 함께 당신은 명상 기술을 연습하고, 마음 챙김을 알고, 긴장을 풀고, 더 잘 자고, 삶의 건강을 향상시킬 수 있습니다. 당신의 건강과 평온이 우리의 목표입니다. Yivana와 함께 당신은 휴식의 진정한 의미를 알게 될 것입니다.

<b> 명상, 마음 챙김, 이완, 자기 개선을 연습하고 건강을 강화하십시오. 

Yivana는 삶을 의미하고 우리의 슬로건은 ""연결""입니다.

저희 웹 사이트는 www.yivana.com입니다.</b></h3></b></h2></b>",라이프스타일,https://play.google.com/store/apps/details?id=com.yivana.android&hl=ko&gl=kr,,,,,,
android,kr,com.alittlebitofchill.limitless,Limitless Guided Visualization,"불안과 스트레스의 악순환은 우리의 마음을 같은 패턴에 갇히게 할 수 있습니다. 리미틀리스(Limitless)는 내면의 대화를 바꾸고 정신 건강을 위한 새로운 패턴을 구축하도록 돕는 맞춤형 마음가짐 가이드입니다.

신경과학에 기반한 이 프로그램은 심상 유도, 마음챙김, 명상, 호흡법, 신체 인식 등을 결합하여 사고 패턴을 재구성하고 차분하고 긍정적인 내면의 목소리를 만들어냅니다.

리미틀리스의 효과
리미틀리스 명상 가이드는 반복되는 생각에서 벗어나 마음과 새로운 관계를 맺도록 도와줍니다.

걱정, 자기비판, 압도감에 휩싸이는 대신, 리미틀리스 세션은 당신을 차분함, 마음챙김, 그리고 정신적 명료함으로 이끌면서 도움이 되지 않는 사고 패턴을 인식하고 바꾸도록 도와줍니다.

지속적인 연습을 통해 메타인지, 즉 생각에 휘둘리지 않고 생각을 관찰하는 능력이 향상됩니다. 이는 스트레스를 줄이고 집중력을 높이며 감정 조절 능력을 강화하는 데 도움이 됩니다.

리미트리스 프리미엄은 다음과 같은 상황에 적합합니다.

일상적인 마음가짐 지원

스트레스, 불안, 부정적인 자기 대화가 밀려올 때마다 리미트리스를 사용하세요. 리미트리스 세션은 반복되는 생각을 잠재우고, 정신 건강을 증진하며, 마음이 향할 새로운 방향을 제시하여 한 번의 연습으로 회복력을 키워줍니다.

치료 및 회복 환경

리미트리스 프리미엄은 치료 및 회복 과정에서 환자와 클리닉에서 마음가짐을 다잡는 데 도움을 주는 도구로도 활용됩니다.

많은 치료 과정에서 일정 시간 동안 앉거나 누워 있어야 하는데, 이로 인해 마음이 걱정, 불편함, 또는 반추에 사로잡히기 쉽습니다. 가만히 앉아 스트레스를 더 받는 대신, 그 시간 동안 마음이 집중할 수 있는 건설적인 활동을 찾아보세요.

다음과 같은 경우에 리미트리스를 활용할 수 있습니다.
• 정맥 수액 및 주입 요법
• 케타민 요법
• 치과 진료
• 항암 치료 및 회복 지원
• 만성 통증 관리 및 주사
• 환각제 요법
• 경두개 자기 자극(TMS)
• 고압 산소 치료(HBOT)

리미트리스에서 사용하는 기술은 신체가 투쟁-도피 반응에서 벗어나 보다 회복적인 ""휴식 및 재생"" 상태로 전환하도록 도와줍니다.

웰빙 및 자기 관리 활동
많은 사람들이 다음과 같은 웰빙 활동 중에도 리미트리스를 사용합니다.
• 사우나 또는 적외선 사우나
• 마사지 요법
• 침술
• 적색광 요법
• 요가 또는 스트레칭
• 일기 쓰기 및 성찰
• 호흡 운동 또는 이완

이러한 활동은 마음챙김 및 명상과 자연스럽게 어우러져 이완을 심화시키고 자기 관리 활동의 효과를 극대화합니다.

앱 내부 구성
가이드 시각화
짧은 일일 연습(마이크로도스)과 더 긴 몰입형 세션(매크로도스)은 사고 패턴을 바꾸고 정서적 회복력을 강화하도록 설계된 기법들을 결합합니다.

편안한 음악
휴식, 명상, 치료 세션 또는 숙면을 지원하는 해리성 장애 친화적인 사운드스케이프입니다.

리미틀리스의 과학적 배경
리미틀리스는 마음챙김, 명상, 유도 심상 및 인지 심리학 연구를 기반으로 합니다. 이러한 접근 방식은 정신 건강을 지원하고 스트레스를 줄이기 위해 임상 및 치료 환경에서 널리 사용됩니다.

유도 심상 및 관련 수련에 대한 연구는 다음과 같은 이점을 보여줍니다.
• 스트레스 관리
• 불안 감소
• 우울증 완화
• 감정 조절 능력 향상
• 통증 인지 감소
• 수면의 질 개선
• 기분 및 웰빙 증진
• 마음 챙김 및 자기 연민 증진
• 집중력 향상

구독 가격 및 약관
두 가지 자동 갱신 옵션: 월 9.99달러 또는 연 99.99달러.
국가별로 가격이 다를 수 있습니다.

이용 약관:
https://www.limitlessguidedvisualizations.com/terms-of-use-app

개인정보 보호정책:
https://www.limitlessguidedvisualizations.com/privacy-policy

면책 조항
Limitless Guided Visualizations는 웰빙 지원 도구이며, 의학적 또는 심리적 질환을 진단, 치료, 완치 또는 예방하기 위한 목적으로 사용되지 않습니다. 의료 조언이나 전문적인 치료를 대체할 수 없습니다. 건강 관련 문제 또는 치료 결정에 대해서는 항상 자격을 갖춘 의료 전문가와 상담하십시오.",라이프스타일,https://play.google.com/store/apps/details?id=com.alittlebitofchill.limitless&hl=ko&gl=kr,,,,,,
android,kr,ipnossoft.rma.free,"BetterSleep: 수면 추적, 고요함 & 명상","Relax Melodies가 BetterSleep으로 리브랜딩됩니다. 
 
스트레스와 불안감을 줄이고 & 쉽게 잠에 들어보세요. 저희의 스마트한 기술로 계속되는 소리와 음악, 수많은 명상 그리고 다양한 이야기들을 들어보세요.
 
제일의 의사들과 신경심리학자들이 추천하는 BetterSleep는 여러분이 더 쉽게 잠들 수 있도록 도와줍니다. 좋은 생각입니다.
 
왜 우리가 독특한가요?
 
여러분 덕분입니다. 같은 방식으로 스트레스를 푸는 사람들은 없습니다. 그래서 BetterSleep는 다음과 같은 것들을 복합적으로 이용하여 자신만의 휴식과 취침 경험을 창조할 수 있는 자유를 드릴 것입니다.
 
- 끝없는 사운드와 음악이 있습니다. 인하우스 소닉 그루스로 디자인된 안정된 소리와 음악으로 편안한 잠자리에 들어보세요.
 
- 가이드 명상이 있습니다. 심플하게 잠에 드는 명상을 발견해보세요 (초보여도 괜찮습니다). 시각화, 최면술, 요가 니드라, 그리고 더 많은 명상들이 여러분의 마음을 진정시키는 데 도움을 줄 것입니다.
 
-다양한 이야기가 있습니다. 취침 시간에 하나 또는 여러 가지 행복한 이야기 속에 빠져보세요. 풍성한 맞춤형 사운드 트랙에 따뜻한 내레이션이 얹어져, 마음을 편안하게 하기 위해 작곡되었습니다.
 
- 차분한 호흡 연습이 가능합니다. 아름다운 자연 소리와 짝을 이룬 단순하고 가이드 된 호흡법으로 평화롭게 들이마시고 내쉬며 잠에 빠져보세요.
 
- 검증된 SleepMoves입니다. 최고의 수면 전문가들로부터 개발된 일련의 부드러운 가이드 된 운동과 이완 기법으로 여러분의 마음과 몸을 연결해보세요 (단절 시킬 수도 있습니다).
 
200개 이상의 소리 & 음악:
*자연 소리
*ASMR 소리
*화이트 노이즈
*물 소리
*명상 소리
*등시적 뇌파
*스테레오 비트
*힐링 뮤직
*3D 소리
 
160개 이상의 명상 & SleepMoves
*편안한 수면
*스트레스와 불안 완화
*이명 완화
*요가 니드라
*감사
*더 나은 수면
*꿈
*아이들
*몇 가지 운동
*여행
*쿨 다운
*아침
 
잠자리 이야기:
*동화
*미스터리
*공상 과학
*판타지
*아동용
*여행
*논픽션
 
다음과 같은 기능이 제공됨:
 
취침 시 주의사항: 좀 더 편안한 잠을 잘 수 있도록 매일 밤 하나씩 설정 가능합니다
타이머: 설정된 시간 후 앱 사용이 중단됨
즐겨찾기: 즐겨 찾는 믹스를 추가할 수 있음
 
그리고 더 많은 것들이 제공됩니다!
  
Ipnos이 제공하는 것
앱을 사용하는 데 도움이 필요하나요? 이메일: support@bettersleep.com
 
당사의 약관에 대해 자세히 알아보세요.
개인 정보 보호 정책: https://www.bettersleep.com/legal/privacy-policy/
서비스 약관: https://www.bettersleep.com/legal/terms-of-service/",건강/운동,https://play.google.com/store/apps/details?id=ipnossoft.rma.free&hl=ko&gl=kr,,,,,,
android,kr,org.heartfulness.heartintune.prod,Heartfulness: Daily Meditation,"명상이 처음이신가요? 명상하는 방법을 모르십니까?
괜찮아요! Heartfulness는 편안하고 행복한 삶을 위한 무료 간단한 가이드 명상을 제공합니다.

평온함, 더 나은 수면 및 집중을 경험하고 스트레스와 불안을 극복하십시오.

이 모든 것이 무료입니다!

Heartfulness의 간단한 방법은 15분 미만이 소요되며 건전한 과학적 연구를 기반으로 합니다.

일상 생활에 쉽게 적응하고 자신의 속도로 진행하도록 설계된 이러한 명상 기법은 정신 건강, 정서적 웰빙, 내면의 평화 및 고요함을 향상시킵니다.

전 세계 어디에서나 연중무휴 24시간 무료 트레이너가 진행하는 라이브 명상을 위해 진심으로 인증된 트레이너와 즉시 연결하세요.

가이드 수면명상을 통해 긴장을 풀고 즐기며 ""마음 챙김""의 진정 효과로 스트레스를 줄이세요.

일상의 일부로 Heartfulness 가이드 명상은 당신을 활기차게 하고 젊어지게 할 것입니다.

Heartfulness를 사용하여 전 세계 수백만 명의 사람들과 함께 매일 재충전하고 새로 고침을 받으세요.

Heartfulness는 다음을 통해 명상 여정을 지원합니다.
* 강사 주도 명상 세션
* 글로벌 라이브 명상 세션
* Heartfulness 명상으로의 여행을 쉽게 해주는 무료 마스터 클래스
* 하루의 스트레스, 긴장 및 무거움을 제거하는 안내식 청소/회춘 기술을 통해 더 가볍고 행복하며 차분한 느낌을 받을 수 있습니다.
* 세계적으로 유명한 전문가의 라이프 핵 세션
* 앱 내에서 목표 설정, 알림, 명상 타이머 및 저널링 기능을 통해 명상을 습관화
* 구체적인 명상 기법
- 스트레스를 줄이다
- 두려움과 불안을 극복하라
- 내면의 평화와 고요함 만들기
- 집중력 개발
- 화를 이겨내다
- 의식의 깊이 탐구
- 수면 개선
- 세계 평화를 위한 명상

전 세계 수백만 명이 Heartfulness의 실천을 통해 매일 경험하는 평화와 행복을 즐기십시오.

Heartfulness Institute는 Heartfulness의 모든 기능을 완전히 무료로 제공합니다.

Heartfulness Institute는 130개국 이상에서 100만 명 이상의 명상가를 돕는 수천 명의 공인 자원 봉사자 트레이너가 있는 글로벌 비영리 조직입니다. 마음 챙김 이완 및 명상 기술은 스트레스와 불안을 줄이고, 수면을 개선하고, 감성 지능을 향상시키고, 인간 의식의 폭을 탐색하고 향상시키는 데 효과적인 것으로 연구되고 입증되었습니다.

추가 정보:
- Heartfulness 명상에 대해: <a href=""https://www.google.com/url?q=https%3A%2F%2Fheartfulness.org&sa=D&sntz=1&usg=AOvVaw0-MTWqzYtmqJoWxDNe6nQa""> https://heartfulness.org </a>
- Heartfulness Institute 정보: <a href=""https://www.google.com/url?q=https%3A%2F%2Fwww.heartfulnessinstitute.org&sa=D&sntz=1&usg=AOvVaw1vpZ6fkEdUkwyLuBduXomW""> https://www.heartfulnessinstitute.org </a>
- Heartfulness 앱 정보: <a href=""https://www.google.com/url?q=https%3A%2F%2Fwww.heartfulnessapp.org%2F&sa=D&sntz=1&usg=AOvVaw3NjsohaQ41sjGhwI2pJo-o""> https://www.heartfulnessapp.org </a>",건강/운동,https://play.google.com/store/apps/details?id=org.heartfulness.heartintune.prod&hl=ko&gl=kr,,,,,,
android,kr,com.app.mindfulivf,Mindful IVF : Meditate & Relax,"마음챙김 IVF: 최고의 IVF 명상 및 출산 코치

IVF로 인한 감정적, 신체적 어려움을 겪고 있는 여성을 지원하도록 특별히 설계된 앱인 Mindful IVF를 사용하여 자신감 있고 차분하게 IVF 여정을 진행하세요.

왜 마음챙김 IVF인가? 
IVF는 최고와 최저, 그리고 그 사이의 순간들로 가득 찬 여느 때와는 다른 여행입니다. Mindful IVF는 모든 단계를 안내하여 편안하고 탄력 있고 몸과 마음의 연결을 유지하도록 돕습니다. 과학적으로 뒷받침되는 명상과 전문가 주도의 안내를 통해 IVF를 보다 쉽게 ​​관리할 수 있으므로 진정으로 중요한 일에 집중할 수 있습니다.

최고 사용자 리뷰

“인크레더블” – 별 5개.
3일 동안 바쁜 마음으로 12분 동안 차분하고 현존하는 나 자신을 발견했습니다. 기록! 다가오는 IVF 주기에 이 제품을 계속 사용하고 싶습니다.”

""한 푼도 아깝지 않은 가치"" - 별 5개.  
이 앱은 IVF를 통해 나를 제정신으로 유지했습니다. 그것은 내가 차분하고, 통제력 있고, 연결된 느낌을 갖는 데 도움이 되었습니다. 이제 나는 아들의 축복을 받았고 아들 없이는 IVF 이식을 다시 하지 않을 것입니다.”

“내 인생을 바꾸었습니다” – 별 5개
“이 앱은 제가 IVF 여정 내내 기반을 유지하고 연결을 유지하는 데 도움이 되었습니다. 저는 성공적인 IVF 주기가 Mindful IVF 덕분이라고 생각합니다.”

IVF 관련 기능

● 안내 명상: 준비, 이전 및 그 이후를 포함하여 IVF 주기의 각 단계에 맞게 조정되었습니다.

● 2주 대기 지원: 이 중요한 IVF 단계에서 스트레스를 완화하고 긍정적인 상태를 유지하는 데 도움이 되는 명상입니다.

● 냉동 배아 주기: 독특한 문제를 해결하기 위한 전문 명상입니다.

● 임신 명상: IVF 성공 후 각 3개월 동안 지원됩니다.

● 유산 지원: 치유와 희망을 촉진하기 위한 친절한 안내.

● 남성의 경우: IVF 여정에 파트너를 참여시키고 지원하기 위한 명상입니다.

추가 혜택

● 일일 명상: 스트레스 해소, 불안 관리 및 정신 건강을 위해 설계된 짧은 10분 세션입니다.

● 수면 명상: 차분한 수면 습관을 통해 깊은 휴식을 취하고 휴식을 개선하세요.

● 정신-신체 연결: 회복력을 키우고 정신과 신체 사이의 균형을 만들어 출산 능력을 향상시킵니다.

IVF 여정에 마음챙김 IVF가 필수적인 이유

● IVF 전용 명상: 일반 명상 앱과 달리 Mindful IVF는 가임기 여행 전용으로 만들어졌습니다.

● 전문가 지도: IVF 명상 전문가 Gordon Mullins에게 배우세요.

● 유연한 실천: 하루에 10분씩 10일간만 투자해도 변화를 만들 수 있습니다.

● 정서적 지원: IVF 과정의 모든 단계에서 침착함과 안정감을 유지하십시오.

Mindful IVF가 IVF 성공을 지원하는 방법

명상은 단지 휴식이 아닙니다. IVF의 어려움에 대비해 몸과 마음을 준비하는 것입니다. Mindful IVF는 정신 건강을 육성하고 스트레스를 줄여 임신을 위한 최적의 환경을 조성하는 데 도움을 줍니다. 


7일 무료 IVF 명상 여행을 시작하세요
오늘 Mindful IVF를 다운로드하고 더욱 차분하고 건강한 IVF 경험을 향한 첫 걸음을 내딛어 보세요.

출산을 위한 여정에서 마음챙김의 힘을 발견한 수천 명의 여성들과 함께 하세요.

구독 옵션

● 월간 요금제
● 평생 계획


현재 기간이 끝나기 24시간 전에 iTunes 계정 설정에서 취소하지 않으면 구독이 자동으로 갱신됩니다. 
iTunes 계정을 통해 구독을 관리하세요.

자세히 알아보기

● 이용약관: mindfulivf.com/terms-and-conditions
● 개인정보 보호정책: mindfulivf.com/privacy-policy

지금 Mindful IVF를 다운로드하고 '더 차분하고 행복한 IVF 여행을 경험해 보세요!'",의료,https://play.google.com/store/apps/details?id=com.app.mindfulivf&hl=ko&gl=kr,,,,,,
android,kr,com.fiton.android,FitOn Workouts & Fitness Plans,"무료 가정 운동 운동 비디오, 맞춤형 피트니스 계획 및 가이드 명상을 통해 언제 어디서나 체중을 줄이고 땀을 흘리며 건강을 유지하세요. 집, 야외 또는 체육관에서 할 수 있는 운동으로 건강을 유지하세요.

차분한 요가 연습으로 스트레스를 줄이고, 재미있는 유산소 운동으로 체력을 늘리고, 수백 개의 다른 무료 피트니스 동영상으로 기분을 좋게 하세요.

야외나 체육관에서도 즐길 수 있는 피트니스 계획과 가정 운동을 찾아보세요. Jeanette Jenkins 또는 Cassey Ho(Blogilates)와 같은 유명 트레이너와 함께 땀을 흘리고 정신적으로나 육체적으로 자신을 돌보는 방법에 대한 조언 기사를 읽으십시오.

최고의 가정 운동 및 운동 비디오에 대한 무제한 액세스로 개인화된 건강 및 피트니스 목표를 달성하십시오. 심장강화 운동부터 근력 운동, HIIT, 요가, 필라테스, 바레 등에 이르기까지 땀을 흘리며 좋아하는 수업을 찾을 수 있습니다. 또한 Cassey Ho(Blogilates), Jeanette Jenkins, Katie Dunlop, Christine Bullock, Kenta Seki, Danielle Pascente 등과 같은 최고의 유명 트레이너와 함께 운동하게 됩니다.

또한 Gabrielle Union, Julianne Hough 및 Jonathan Van Ness가 진행하는 독점 운동 비디오에 액세스하십시오.

또한 짧고 효과적인 명상으로 스트레스를 줄이고, 더 나은 수면을 취하고, 호흡을 개선하고, 몸을 이완하고 마음을 재충전하십시오.

유산소 운동, 요가, 필라테스, 바레 등! 당신만을 위한 홈 트레이닝
• Jeanette Jenkins, Cassey Ho(Blogilates 소속) 등과 같은 유명 트레이너의 빠르고 효과적인 피트니스 동영상!
• Gabrielle Union, Julianne Hough, JVN과 함께하는 독점 운동
• 체육관이 없습니까? 괜찮아요. 휴대폰, 노트북 또는 TV로 집을 피트니스 스튜디오로 바꾸십시오.

맞춤형 피트니스 계획 및 운동 비디오
• 맞춤형 운동 계획으로 목표 달성
• 나에게 맞는 계획으로 체중 감량, 근육 강화, 심장 지구력 증가, 건강 관리 또는 스트레스 감소

모두를 위한 피트니스 비디오
• 유산소 운동, HIIT, 요가, 필라테스, 바레, 근력 운동, 댄스 등 즐기기
• 운동 카테고리, 신체 부위, 길이 및 강도별로 찾아보기
• 시간이 부족합니까? 빠른 HIIT 10분 운동을 통해 운동을 빠르게 시작할 수 있습니다!
• 주문형으로 언제든지 운동하고 라이브 수업에 참여하고 땀을 흘릴 준비를 하십시오!

가이드 명상
• 스트레스와 불안을 줄이는 데 도움이 되는 진정 명상
• 개선된 호흡을 위한 지침
• 더 나은 수면을 위한 휴식 증가

운동 비디오로 동기 부여 및 건강 유지
• 선의의 경쟁을 위해 라이브 리더보드에 참여
• 진행 상황을 추적하고 친구와 공유
• 친구 또는 운동 파트너와의 실시간 문자 메시지

FitOn은 WearOS와 호환됩니다.
• Wear OS 기기에서 실시간 심박수 모니터링

또한 TV나 컴퓨터에서 온라인으로 운동에 액세스할 수 있습니다: https://app.fitonapp.com

나에게 맞는 피트니스 계획을 찾으십시오. 최고의 개인 트레이너가 제공하는 짧고 재미있고 효과적인 최고의 운동입니다. 항상 켜져 있습니다.

바레, 필라테스 및 더 많은 흥미진진한 피트니스 비디오와 가이드 명상! 지금 FitOn을 다운로드하고 새로운 피트니스 루틴을 시작하세요!",건강/운동,https://play.google.com/store/apps/details?id=com.fiton.android&hl=ko&gl=kr,,,,,,
android,kr,org.monroeinstitute.expand,Expand: Beyond Meditation,"세계적으로 유명한 Monroe Institute에서 더 큰 의미와 목적을 육성하고, 스트레스를 해소하고, 수면을 개선하고, 원치 않는 패턴을 해제하기 위해 수년간의 헌신적인 연습을 통해 일반적으로 달성되는 확장된 인식의 심오한 상태에 액세스하세요. Expand의 가이드 명상에는 목표 음파 패턴을 사용하여 고유한 의식 상태를 촉진하는 당사의 독점 오디오 기술인 Monroe Sound Science가 있습니다. Expand를 사용하면 의식과 잠재의식 속에 깊숙이 묻혀 있는 심오한 지혜와 기쁨에 접근할 수 있습니다.

Expand는 100개 이상의 안내 명상과 함께 여러 날의 미니 코스, 안내 반성 및 저널링, 특정 뇌파 상태를 목표로 하는 맞춤형 생성 사운드스케이프를 제공합니다. 단순히 생각을 비우는 데 집중하는 일반적인 명상과는 달리, Expand 명상은 구체적인 결과를 얻기 위해 적극적인 상상력과 지각을 장려합니다. 명상 주제는 다음과 같습니다.

 - 휴식 및 치유
 - 기쁨과 의미
 - 통찰력과 직관
 - 수면 및 꿈
 - 건강한 관계 육성
 - 창의성 및 발현
 - 육체를 넘어

Expand는 확장된 의식의 연구와 실행을 위한 세계 최고의 센터인 Monroe Institute에서 개발했습니다. Monroe는 1970년대 초에 연구 및 교육 기관으로 설립된 501(c)(3) 비영리 단체입니다. Expand 외에도 Monroe는 300에이커 규모의 버지니아 캠퍼스와 전 세계 12개국 이상에서 가상으로 다양한 체험 휴양지를 제공합니다.

이용약관에 대한 자세한 내용은 여기를 참조하세요.
서비스 약관: https://info.monroeinstitute.org/expand-app-terms-of-use
개인 정보 보호 정책: https://info.monroeinstitute.org/expand-app-privacy-policy",건강/운동,https://play.google.com/store/apps/details?id=org.monroeinstitute.expand&hl=ko&gl=kr,,,,,,
android,kr,com.gaiamtv,Gaia: Streaming Consciousness,"가이아는 의식적인 삶으로 안내하는 길잡이입니다. 주류 매체에서는 접할 수 없는 유익한 영화, 오리지널 쇼, 수련, 다큐멘터리를 발굴하고 제작하는 데 전념합니다. 개인적 변화, 고대 기원, 대체 의학 등을 아우르는 깨달음을 주는 콘텐츠를 통해 여러분의 의식을 고양시켜 드립니다. 가이아는 세상을 바라보는 새로운 방식을 열어주는 창입니다.

가이아는 세계 최고의 사상적 리더와 교사들이 지식과 ​​전문 지식을 공유하여 여러분의 의식적 깨달음을 돕는 최고의 스트리밍 플랫폼입니다. 형이상학, ​​샤머니즘, 심지어 잃어버린 문명의 고대 기원까지, 삶의 가장 중요한 질문들에 대한 답을 찾는 데 초점을 맞춘 8,000개 이상의 비디오, 영화, 다큐멘터리, 시리즈, 라이브 이벤트로 구성된 가이아 라이브러리를 통해 진실을 찾아보세요.

개인적 변화, 요가, 명상 등에 대한 비디오를 스트리밍하고, 가이아를 통해 전체적인 정신 건강과 영성을 찾아보세요. 오늘 가이아의 비디오를 통해 새로운 관점을 발견해 보세요. 가이아는 개인적 변화, 마음 챙김 생활, 그리고 우주 의식을 위한 완벽한 자료입니다.

매일 마음챙김 요가 수련을 즐기고 싶든, 깊은 명상을 하고 싶든, 아니면 형이상학을 통해 진실을 추구하고 싶든, 가이아와 함께 당신의 잠재력을 최대한 발휘하세요.

GAIA 특징

경계를 허무는 매력적인 콘텐츠
- 고대사, 형이상학, ​​요가, 명상, 대체 의학 등을 알아보세요.
- 취향에 맞는 영상을 탐색하고 의식의 여정을 시작하세요.
- 전통의 경계를 허물고 세상을 바라보는 새로운 방식을 장려하는 독점 콘텐츠와 영상을 즐겨보세요.
- UFO부터 별자리, 인류의 고대 기원에 이르기까지 삶에 대한 당신의 지식에 도전하세요.
- 영성에 대해 더 배우고 아스트랄 투영, 타로 카드, 최면의 세계를 탐험하세요.

새로운 사고방식을 탐험하세요.
- 명료몽, 영적 치유, 아우라 건강과 같은 주제를 탐구하는 사상적 리더들과 함께하세요.
- 세상에 대한 당신의 지식에 의문을 제기하게 할 방대한 콘텐츠 라이브러리에 빠져보세요.
- 형이상학, ​​외계 생명체, 점성술 등의 신비에 대해 깊이 생각해 보세요.
- 식물 의학, 최면, 에너지와 같은 복잡한 주제를 탐구해 보세요. 힐링

전체론적 & 영적 웰빙으로 가는 길
- 세계 최고의 스승과 영적 지도자들이 당신의 셀프 케어 여정을 안내합니다.
- 요가 니드라, 명상, 마음 챙김 호흡 등 개인적 성장을 위한 수련을 즐겨보세요.
- 세계 최대 규모의 의식 미디어 네트워크를 통해 정신적, 신체적, 그리고 영적으로 깊은 연결을 경험하세요.
- 간헐적 단식, 차크라 차단 해소, 그리고 기타 전체론적 건강 기법의 불안 완화 효과를 알아보세요.

이용 약관 및 개인정보 보호정책에 대한 자세한 내용은 http://www.gaia.com/terms-privacy를 참조하세요.

*Chromecast에 최적화되었습니다.
**Android 7.0 이상 필요.",라이프스타일,https://play.google.com/store/apps/details?id=com.gaiamtv&hl=ko&gl=kr,,,,,,
android,kr,com.rootd,Rootd: 공황 발작 + 불안,"** 에디터의 선택 ** — Apple
** 오늘의 앱 ** — Apple
** 개인 정보 보호, 보안, 임상 인증 및 안전성 승인 ** — DHAF & ORCHA
Rootd는 불안과 공황 발작을 위한 앱입니다. 여러 상을 수상하고 과학적으로 검증된 이 앱은 여성 주도로 개발되었으며, Time Magazine, Healthline, New York Times, Cosmopolitan 등에 소개되었습니다. 전 세계 300만 명 이상의 사용자가 Rootd를 사용하고 있으며, 점점 더 많은 사람들이 불안과 공황 발작 관리에 이 앱을 선택하고 있습니다.
“저는 거의 10년 동안 공황 발작으로 고생했습니다. 인지 행동 치료(CBT), 약물 치료, 명상을 시도했지만, 공황 발작이 찾아올 때 도움을 주는 건 없었습니다. 그러다 Rootd를 다운받고 나서야 상황이 달라졌어요. Rootd 덕분에 혼자 있어도 누군가와 함께 있는 느낌이 듭니다. 제 안정적인 삶을 이 앱 덕분에 유지하고 있습니다. 공황 발작과 싸우는 모든 분들께 필수 앱이라고 말하고 싶어요.” – RainyNally
Rootd는 공황 발작 전용 SOS 버튼, 깊은 호흡 안내, 불안 일기, 진정 효과가 있는 시각 자료, 개인 통계, 긴급 연락처, 그리고 강의를 통해 불안과 공황 발작을 이해하고 극복하도록 돕습니다.
Rootd는 공황 발작과 불안을 몇 년간 경험한 뒤, 비싼 치료비, 비효율적인 솔루션, 그리고 불편한 디자인에 좌절한 개발자들이 만든 앱입니다. Rootd의 목표는 누구나 접근 가능한 불안 완화 방법을 제공하고, 불안과 공황 발작에 대한 낙인을 없애는 것입니다.
Rootd는 깔끔하고 매력적인 디자인으로 공황 발작과 불안을 극복하는 단기 및 장기 해결책을 제공합니다.

Rootd의 주요 기능:
THE ROOTR – 공황 발작 SOS 버튼
최신 인지 행동 치료(CBT) 기술을 기반으로 공황 발작을 빠르게 멈추는 도구입니다.
강의
불안의 원인, 공황 발작이 몸과 마음에 미치는 영향, 그리고 이를 경험하는 이유를 배우며 안정을 찾을 수 있습니다.
호흡
깊은 호흡을 매일 연습하며 스트레스 상황에서 차분함을 찾을 수 있는 도구입니다.
일기
기분, 습관, 그리고 불안과 공황 발작을 유발하는 무의식적 요인을 기록하고 분석합니다.
시각화
바디 스캔, 시각화 안내, ASMR, 자연 소리를 통해 불안을 진정시킬 수 있습니다.
수면
백색 소음, ASMR, 수면 스토리, 편안한 소리, 음악을 통해 편안한 수면을 도와줍니다.
긴급 연락처
친구, 가족, 또는 가까운 도움센터에 바로 전화를 걸어 위로를 받을 수 있습니다.
개인 통계
회복 과정을 확인하고 지금까지의 성과를 자랑스럽게 느낄 수 있습니다.

Rootd 프리미엄 기능
더 많은 강의를 통해 장기적인 해결책을 배우고 평생 공황 발작 없는 삶을 지향할 수 있습니다.
Rootd는 Apple Health 앱에 호흡, 시각화, 수면 데이터를 저장합니다.

구독 가격 및 조건
Rootd의 모든 콘텐츠와 기능을 사용하려면 월간 또는 연간 자동 갱신 구독을 구매하거나, 일회성 결제로 평생 이용권을 구매할 수 있습니다. 가격은 국가에 따라 다를 수 있습니다.
구매 시 결제는 iTunes 계정을 통해 이루어집니다. 구독은 현재 기간 종료 최소 24시간 전까지 자동 갱신을 해제하지 않으면 자동으로 갱신됩니다. 구독 관리 및 자동 갱신 해제는 구매 후 iTunes 계정 설정에서 가능합니다.
“Rootd는 사실적이고 배려심 있는 접근 방식으로 사용자가 불안과 공황 발작을 관리할 수 있도록 돕습니다. 저는 이 앱을 지원이 필요한 모든 분들께 추천합니다.”
– Wendy Marion-Orienti, PRH 상담사
이용 약관: https://www.rootd.io/terms-conditions
개인정보 보호정책: https://www.rootd.io/privacy-policy",건강/운동,https://play.google.com/store/apps/details?id=com.rootd&hl=ko&gl=kr,,,,,,
android,kr,com.JindoBlu.Antistress,안티스트레스 - 릴렉스 토이,"긴장을 풀고 싶거나 기분을 전환하고 싶을 때, 혹은 잠깐 다른 걸 하고 싶을 때는 이 장난감 컬렉션을 만나보세요. 대나무 풍경 소리를 듣거나 나무 상자를 가지고 놀고, 수면 위를 손가락으로 부드럽게 쓸어보거나 버튼을 터치하고 분필로 그림을 그리는 등 다양한 장난감을 사용해볼 수 있어요! 뭔가를 기다리며 심심풀이로 할 만한 걸 찾고 계시나요? 안티스트레스 앱을 열고 뉴턴의 요람을 가지고 놀아보세요! 누군가 때문에 화가 나시나요? 항상 새로운 15 퍼즐을 풀며 화를 풀어보세요! 공부하다 머리를 식히고 싶으세요? 안티 스트레스 앱을 열고 십수 가지의 장난감 중에서 골라 놀아보세요!


서두르지 말고 잠깐 기분을 전환해 보세요. 게임에는 스트레스를 낮춰주는 대나무 풍경, 핑거 스케일, 더러운 창문 청소하기 등이 포함되어 있어요!

Privacy policy: https://www.jindoblu.com/privacy-policy/",퍼즐,https://play.google.com/store/apps/details?id=com.JindoBlu.Antistress&hl=ko&gl=kr,,,,,,
android,kr,app.limeai.aos.main,라임 Lime: AI 심리상담,"스트레스에서 해방되는 시간

대화를 통해 스트레스를 분석하고 나에게 딱 맞는 대처 전략을 찾아보세요. 뇌과학, 심리학, 정신의학 영역의 최신 연구를 바탕으로 최적화된 대화를 나누실 수 있습니다.

▸ 웰니스 리포트
하루 동안의 대화 주제와 내용을 요약하고 대처 전략을 제안하는 리포트를 받아볼 수 있습니다.

▸ 웰니스 스코어
내가 사용하는 언어에 숨겨진 스트레스, 에너지, 기분을 자동으로 감지하여 그래프로 변화를 확인할 수 있습니다.

▸ 크레디마크
대화 아래 ‘Credible’ 버튼을 누르면 관련 개념, 연구 자료 등 전문 지식을 확인할 수 있습니다.

▸ 보이스 모드
혼자 있을 때는 번거로운 타이핑에서 벗어나 말로 감정을 말하며 스트레스를 해소할 수 있습니다.
----
개발자 연락처 :
블루시그넘(주) 서울특별시 마포구 월드컵북로 44-1, 4층(연남동, 동신빌딩)
마포구, 서울특별시 03991
South Korea 8228701905 2020서울관악2445 관악구청",건강/운동,https://play.google.com/store/apps/details?id=app.limeai.aos.main&hl=ko&gl=kr,,,,,,
android,kr,com.trifoiltrailblazer.anxiety_pulse,불안 기분 트래커 - 스트레스 Pulse,"AnxietyPulse는 나만의 불안·기분·스트레스 트래커입니다. 이제 Health Connect와 연동해 수면, HRV(심박변이도), 활동량이 불안한 하루에 어떤 영향을 주는지 한눈에 보여줍니다. 30초 만에 끝나는 일일 체크인, 내장 감사일기, 30가지가 넘는 대처법으로 불안, 공황발작, 걱정, 강박적 생각, 불면증까지 이해할 수 있어요. 가이드 호흡, 마음챙김, 인지행동치료(CBT) 기반 기법으로 마음의 안정을 찾아보세요.

30초 빠른 체크인
불안 정도를 0-10의 간단한 척도로 기록하세요. 원하면 메모를 추가하고 트리거를 선택할 수도 있습니다. 이게 전부예요. 기록은 1분도 걸리지 않습니다.

근거 기반 8가지 트리거 분류
연구로 검증된 분류를 통해 불안의 원인을 찾아보세요:
• 사회 (직장, 인간관계, 발표)
• 신체 (수면, 배고픔, 질병)
• 환경 (소음, 인파, 날씨)
• 디지털 (뉴스, 알림, 스크린 타임)
• 심리 (과도한 생각, 걱정, 결정)
• 경제 (청구서, 수입 걱정)
• 건강 (증상, 진료 예약)
• 기호식품 (카페인, 술)

검증된 30가지 이상의 대처법
실제로 효과 있는 기법을 활용하세요:
• 시각 애니메이션이 함께하는 가이드 호흡 운동
• 5-4-3-2-1 그라운딩 기법
• 인지행동치료(CBT) 재구성 방법
• 신체·감각 기법
• 사회적 지지 전략

사용할 때마다 효과를 평가하면, 앱이 당신의 기분과 불안에 가장 잘 맞는 방법을 학습합니다.

호흡 운동
인터랙티브 가이드 세션:
• 박스 호흡 (4-4-4-4)
• 수면을 위한 4-7-8 호흡
• 심호흡
• 진정 호흡
• 공명 호흡

세션 전후로 불안 정도를 측정해 나아진 정도를 확인하세요.

스마트 분석
불안과 기분의 패턴을 이해하세요:
• 주간·월간·연간 추세
• 주요 트리거 파악
• 시간대별 패턴
• 요일별 분석
• 대처법 효과 순위
• 월별 비교

신체 신호 & 건강 연동 (신규)
Health Connect(있다면 웨어러블 기기도)를 연결하면, 불안했던 순간 전후로 몸이 어떤 상태였는지 볼 수 있습니다:
• 수면 시간과 다음 날 불안의 관계
• 평온한 날과 불안한 날의 심박변이도(HRV)
• 불안이 높을 때의 활동 에너지와 걸음 수
• 점수를 꾸준히 낮춰 주는 마음챙김 시간

신체 인사이트는 기기 안에만 저장됩니다. 공유할 신호를 직접 고르고, 설정 → 건강에서 언제든 연결을 해제할 수 있습니다.

설계부터 프라이빗하게
당신의 정신건강 기록은 당신의 기기에만 남습니다. 계정도, 기록의 클라우드 동기화도 없습니다. 익명의 선택적 분석은 앱 개선에 도움이 되며, 설정에서 언제든 끌 수 있습니다.

접근성
TalkBack 지원, 고대비 테마, 인지 부담을 줄이는 미니멀 모드, 동적 글자 크기, 그리고 전정기관이 예민한 분을 위한 모션 줄이기 옵션을 제공합니다.

12개 언어
영어, 스페인어, 중국어(간체·번체), 일본어, 독일어, 힌디어, 포르투갈어, 프랑스어, 한국어, 폴란드어, 스웨덴어를 지원합니다.

홈 화면 위젯
• 빠른 체크인: 앱을 열지 않고 불안을 바로 기록
• 통계 위젯: 연속 기록과 기분 추세 확인
• 호흡 위젯: 호흡 운동을 즉시 시작

성취 요소
8개 분류에 걸친 40가지 이상의 업적. 매일의 기록을 이어가며 정신건강 여정에서 동기를 유지하세요.

평생 무료
핵심 기능에는 결제 장벽이 없습니다:
• 무제한 일일 체크인
• 모든 트리거 분류
• 30가지 이상의 대처법
• 5가지 호흡 기법
• 그라운딩 운동
• 30일 기록
• 홈 화면 위젯
• 모든 업적

선택형 프리미엄
유연한 요금제: 주간, 월간, 연간, 또는 평생:
• 무제한 기록
• 연간 차트
• 고급 분석
• 신체 상관관계 (수면, HRV, 활동)
• PDF/CSV 내보내기
• 커스텀 테마
• 음성 메모
• 사진 첨부

상담·치료에 딱 맞게
상세한 PDF 또는 CSV 리포트를 내보내 상담사와 공유하세요. 세션 사이의 진행 상황과 패턴을 꾸준히 살펴볼 수 있습니다.

프라이버시를 존중하면서 정신건강을 실제로 이해하도록 돕는 불안·기분 트래커, AnxietyPulse를 지금 다운로드하세요.

개인정보 처리방침: https://anxiety-pulse.com/privacy
이용약관: https://anxiety-pulse.com/terms
고객지원: contacts@trifoiltrailblazer.com",건강/운동,https://play.google.com/store/apps/details?id=com.trifoiltrailblazer.anxiety_pulse&hl=ko&gl=kr,,,,,,
android,kr,com.switch_android,Stress Therapy: Neurocycle,"최초로 과학적으로 테스트된 두뇌 디톡스 앱으로 스트레스, 불안, 우울증 및 유해한 사고를 제거하세요!

NeuroCycle은 Dr. Leaf의 과학적으로 연구되고 혁신적인 5단계 프로세스를 사용하여 귀하의 생각과 삶에 대한 통제권을 되찾도록 돕습니다.
• 간단한 5단계만 거치면 됩니다.
• 63일 동안 매일 15~45분
• 사람을 즐겁게 하는 것, 지나친 생각, 죄책감 등과 같은 유해한 사고 습관에 대한 30개 이상의 미니 신경주기 가이드!

이 프로그램은 다음과 같은 도움을 통해 불안, 스트레스 및 유해한 사고를 극복하는 방법을 가르치기 위해 고안되었습니다.
• 정신 건강 문제를 일으키는 해로운 생각과 습관의 근원을 찾아보세요.
• 루트 제거
• 건전하고 새로운 사고 패턴과 습관을 다시 구축하세요.

“이 앱은 인생을 바꾸는 앱입니다! 저는 경찰관으로 근무할 때 이 프로그램을 발견하고 사용했습니다. 나는 직장을 그만두고 지치고 우울하고 완전히 망가졌습니다. 이 프로그램은 내 자신을 치유하고 다시 직장으로 복귀시키는 데 중요한 역할을 했습니다. 나는 많은 동료 장교들에게 이 책을 추천했습니다.” - Aaron Smith

“이것이 나에게 얼마나 도움이 되는지 보고 정말 놀랐습니다. 학교에도 이런 프로그램이 있었으면 좋겠습니다. 젊은이들에게 좋은 생각을 하는 방법을 가르쳐 줄 것입니다. 아직 혼자 할 일이 많지만 괜찮아요. 정말 많은 것을 배우고 있어요.”-Janet

“저는 Leaf 박사에게 그녀의 Neurocycle 프로그램이 저에게 얼마나 도움이 되었는지 알려주고 싶습니다. 2주기 19일째인데 생각에 엄청난 변화가 생겼습니다. 솔직히 말해서 그것이 효과가 있을지 확신할 수 없었지만 이것은 정말로 인생을 변화시켰습니다. 그저 당신이 하고 있는 일에 감사하다는 말을 전하고 싶습니다. 평생 불안에 시달렸는데 이제 58년 만에 자유를 누릴 수 있게 된 것은 정말 기적입니다.”-김

구독 가격 및 약관

Neurocycle은 무료로 다운로드할 수 있으며 3일 무료 평가판이 함께 제공됩니다.
Neurocycle은 3일 무료 평가판이 종료된 후 세 가지 자동 갱신 구독 옵션을 제공합니다.
-월 $14.99
-$29.99 3개월
-$99.99 1년

이 가격은 미국 고객을 위한 것입니다. 다른 국가의 가격은 다를 수 있으며 실제 요금은 거주 국가에 따라 현지 통화로 변환될 수 있습니다.

구독을 선택하면 구매 확인 시 Google 계정으로 요금이 청구됩니다.

여기에서 이용 약관을 읽어보세요: https://www.neurocycle.app/terms-conditions
여기에서 개인정보 보호정책을 읽어보세요: https://www.neurocycle.app/privacy-policy

예상치 못한 동작이 발생하는 경우, 리뷰를 작성하기 전에 help@neurocycle.app으로 직접 문의하거나 앱 베타 Facebook 그룹(http://www.facebook.com/groups/neurocyclebeta/)에 댓글을 남겨주세요. 가능한 한 빨리 문제를 해결하여 경험의 질을 향상시키십시오. 귀하의 직접적인 피드백에 감사드립니다.",건강/운동,https://play.google.com/store/apps/details?id=com.switch_android&hl=ko&gl=kr,,,,,,
android,kr,co.pocketcoach.app,Stresscoach: Reduce Anxiety,"CBT, 마음챙김 및 ACT(수용 및 헌신 치료)를 기반으로 하는 <b>불안, 스트레스 및 공황</b>에 대한 자가 도움.

당신은 부정적인 생각과 압도적인 감정으로 어려움을 겪고 있습니까? 정서적 웰빙을 향상시킬 방법을 찾고 있습니까? Stresscoach는 불안과 스트레스의 시간에 당신을 지원하는 주머니 속의 개인 디지털 코치입니다.

Stresscoach로 하루에 단 몇 분 만에 불안에 대처하는 기술을 배우십시오. 수업과 운동을 통해 불안한 감정, 스트레스 및 공황 발작을 처리하는 방법을 배웁니다. 그들은 모두 어려운 순간에 당신을 지원하도록 설계되었습니다.

Stresscoach를 다운로드하여 주머니에 휴대전화로 나만의 디지털 코치를 보관하세요. 📱


<b>👋 Stresscoach 소개 👋</b>

Stresscoach는 더 많은 행복과 적은 스트레스를 위한 디지털 코치입니다. 불안, 공황 발작, 수면 장애 또는 안절부절 못함을 느낄 때 Stresscoach는 과학적으로 검증된 기술과 자조 프로그램을 제공합니다. Stresscoach 앱을 무료로 다운로드하고 단계별로 수행하면 탄력성을 높이고 스트레스를 덜 받는 방법을 배울 수 있습니다.

○ 부정적인 생각과 압도적인 감정을 버리는 법을 배웁니다.

○ 대처 기술을 구축하는 많은 장, 수업 및 연습을 통해 이동

○ 불안 이면의 심리 이해

○ 인지 행동 치료를 기반으로 한 대규모 운동 라이브러리 확보

○ 스트레스와 불안을 해결하기 위해 마음챙김을 사용하는 법을 배웁니다.


<b>🙌 Stresscoach가 다루는 영역 😊</b>

각 코스에는 삶의 다양한 영역에서 대처 기술과 회복력을 구축하는 데 도움이 되도록 고안된 일련의 수업과 연습 문제가 있습니다. 숨을 쉬는 방법을 제어하고, 불안을 다스리고, 공황 상태를 경험하거나 자신에게 가혹할 때 약간의 안도감을 얻는 기술을 배우십시오.

○ 불안에 대한 마음챙김

○ 자비심

○ 불쾌한 생각과 걱정을 다루기

○ 사회불안 대처

○ 이완 / 이완 학습

○ 행복의 과학으로 진정한 행복을 창조하다


Stresscoach는 무료로 다운로드하여 사용할 수 있습니다. 그리고 광고가 없습니다. 프로그램 및 기능의 하위 집합은 영원히 무료입니다. 모든 코스, 운동 및 명상에 액세스하려면 Stresscoach Plus에 가입하십시오.",건강/운동,https://play.google.com/store/apps/details?id=co.pocketcoach.app&hl=ko&gl=kr,,,,,,
android,kr,com.sparkwave.mindease,CALMzone: Anxiety Support,"CALMzone은 불안감을 해소하고 마음을 다스리는 데 도움을 주는 무료 앱입니다.

CALMzone은 스트레스에 대처하고 감정적 안정을 찾는 데 도움이 되는 실용적인 도구를 언제 어디서든 제공합니다. 좋은 일, 힘든 일, 그리고 그 사이의 모든 감정을 관리하는 데 도움이 되는 다양한 연습과 정보가 가득합니다.

**CALMzone을 선택해야 하는 이유?**

마음을 다스리는 것은 항상 쉬운 일이 아닙니다. 불안감을 관리하든, 부정적인 생각에 대처하든, 머리가 멍해지든, CALMzone은 과학적으로 검증된 도구, 팁, 활동을 통해 감정적 안정을 찾는 것을 더 쉽게 만들어 줍니다. CALMzone은 여러분이 기분 좋게 지낼 수 있도록 친절하게 안내해 드립니다.

**주요 기능**

- 불안감을 진정시키고 과도한 생각에 대처하는 데 도움이 되는 안내 도구
- 매일 명상 연습에 유용한 앱 기능
- 스트레스 감소를 위한 일상적인 불안 완화
- 공황 발작 완화
- 부정적인 생각을 이해하고 처리하는 공간
- 정신 건강 전문가와 함께 개발한 치료 활동
- 마음의 혼란을 해소하고 감정을 안정시키는 부드러운 지원

**ORCHA 브론즈 인증 획득**

“정신 건강을 돌보는 것은 부담스러울 수 있습니다. 바로 그럴 때 저희 앱이 도움이 됩니다. 사용자의 필요에 맞춘 지원을 제공하고 자신에게 맞는 기법을 쉽게 찾을 수 있도록 도와줍니다. 정신 건강은 모든 사람에게 똑같이 적용되는 것이 아닙니다. CALMzone은 자신에게 맞는 방법을 찾도록 도와줍니다.” - 웬디 로빈슨, Campaign Against Living Miserably 서비스 책임자

**내용**

CALMzone은 스트레스와 불안에 대처하는 데 도움이 되는 실용적인 안내형 치료 활동을 제공합니다. 힘든 순간이나 일상적인 자기 관리를 위해 감정적 안정을 위한 맞춤형 지원을 받으세요. 어떤 어려움에 직면하든 CALMzone은 삶의 힘든 순간들을 헤쳐나가는 데 도움을 줄 수 있습니다. CALMzone에는 다음과 같은 콘텐츠가 있습니다.

- 명상 가이드: 전문 강사가 안내하는 명상을 통해 불안감을 관리하고 부정적인 생각과 과도한 생각에 대처하는 방법을 배우세요.

- 호흡법: 신경계를 안정시키고 불안감을 줄이는 호흡법을 배우고 연습하여 공황 발작을 효과적으로 관리하세요.

- 일기 쓰기 도구: 안내에 따라 일기 쓰기를 통해 생각과 감정을 정리해 보세요.

- 일상 불안 ​​완화 도구: 일상생활에 쉽게 적용할 수 있는 활동을 통해 스트레스를 줄이고 대처 능력을 키우세요. 불안 추적기를 사용하여 힘든 감정을 꾸준히 관리하세요.

- 마음챙김 활동: 마음챙김을 배우고 연습하여 긴장을 풀고 일상에서 마음의 안정을 찾으세요.

- 스트레스 관리 기법: 실용적인 스트레스 관리 도구를 활용하여 불안감을 유발하는 어려운 상황을 헤쳐나가세요.

- 공황 발작 지원: 공황 발작이 일어나는 순간에 대처하는 방법을 배우고, 공황 상태에 효과적으로 대처할 수 있는 장기적인 계획을 세우는 데 도움이 되는 맞춤형 연습을 제공합니다.

**자주 묻는 질문(FAQ)**

CALMzone은 정말 무료인가요?

네, 그렇습니다. 저희는 필수적인 정신 건강 도구를 유료화하는 것을 지양합니다. 누구나 도움을 받을 자격이 있으며, 월 구독료를 지불할 여유가 있는 사람만이 이용할 수 있는 것이 아니라고 생각합니다.

명상 앱인가요?

CALMzone에는 명상, 호흡법, 접지 기법 등 다양한 기능이 포함되어 있습니다. 불안 완화와 감정 조절에 도움이 되는 실용적이고 과학적으로 검증된 전략들을 통해 여러분이 기분 좋게 느끼도록 도와드립니다.

공황 발작에도 도움이 되나요?

네. CALMzone에는 근육 이완 및 심호흡과 같은 운동과 접지 기법이 있어 공황 발작을 완화하고 감정을 조절하는 데 도움을 줍니다.

CALMzone은 여러분의 감정 관리에 도움이 되는 전문가들이 만든 다양한 활동과 도구로 가득합니다. 기분 추적부터 공황 및 불안 관리까지, 매일매일 자신의 상태를 점검하고 기분을 개선할 수 있도록 도와줍니다. 지금 바로 CALMzone을 무료로 다운로드하세요.

서비스 약관: https://www.thecalmzone.net/terms-and-conditions-app
개인정보 보호정책: https://www.thecalmzone.net/privacy-statement-app",건강/운동,https://play.google.com/store/apps/details?id=com.sparkwave.mindease&hl=ko&gl=kr,,,,,,
android,kr,io.calmer.anxiety_panic_attack_relief,Anxiety & Panic Relief: Calmer,"Calmer – 주머니 속 불안 완화 툴킷

불안, 공황, 만성 스트레스로 어려움을 겪어 보셨다면, 도움이 되지 않는 조언이 얼마나 답답한지 잘 아실 겁니다.
""그냥 긴장 풀고 쉬세요.""
""에센셜 오일 좀 써 보세요.""
""과민 반응하는 거예요.""

Calmer는 다릅니다.

임상 심리학자들과 함께 만든 이 툴킷은 신경계를 재설정하고, 빠르게 차분함을 되찾고, 장기적인 정서적 회복력을 기르는 데 도움이 되는 연구 기반 툴킷입니다.

Calmer의 특징:

- SOS 진정 기법 – 순간적인 불안과 공황을 관리하는 데 도움이 되는 도구
- AI 치료 챗봇 – 자신을 표현하고 감정을 탐색할 수 있는 지원 공간
- 가이드 호흡 운동 – 과학적으로 뒷받침되는 호흡법을 통한 신경계 조절
- 신경계 학교 – 불안을 장기적으로 이해하고 관리하는 데 도움이 되는 체계적인 프로그램
- 일일 정신 건강 계획 – 스트레스 반응 재훈련에 도움이 되는 간단하고 일관된 습관
- 수면 이야기 – 긴장을 풀고 숙면을 취하는 데 도움이 되는 진정 오디오 경험
- 명상 및 시각화 – 신체 스캔부터 신경계 접지 및 내면의 자아 작업까지

Calmer의 차별점:

- 임상 심리학자들과 함께 개발
- 신경계 조절 과학 기반
- 직장 스트레스, 공황 발작, 건강 관련 두려움, 수면 장애 등 실제 불안을 고려하여 설계
- 간단하고 효과적이며 편견 없는 서비스

회복은 가능합니다. 연구에 따르면 적절한 지원을 받으면 최대 72%의 사람들이 불안 관련 증상에서 완전히 회복할 수 있습니다. Calmer가 첫걸음을 내딛도록 도와드립니다.

Calmer를 다운로드하고 지금 바로 평온함과 통제력을 되찾으세요.

구독 가격 및 약관: 월간 또는 연간 자동 갱신되는 Calmer Premium 구독을 통해 Calmer의 모든 콘텐츠와 기능을 자유롭게 이용하세요. 또는 한 번의 결제로 평생 이용권을 얻을 수도 있습니다. 가격 및 구독 가능 여부는 국가에 따라 다를 수 있습니다.

구매 확인 시 Google Play 계정으로 요금이 청구됩니다. 현재 구독 기간이 종료되기 최소 24시간 전에 자동 갱신을 해제하지 않으면 구독이 자동으로 갱신됩니다. Google Play 스토어 계정 설정에서 언제든지 구독을 관리하고 자동 갱신을 해제할 수 있습니다.

약관: https://gocalmer.com/terms/
개인정보처리방침: https://gocalmer.com/privacy/

면책 조항: Calmer는 휴식과 스트레스 해소를 위해 설계되었지만 의학적 조언이나 치료를 제공하지 않습니다. 정신 건강에 대한 우려 사항이 있는 경우 자격을 갖춘 의료 전문가와 상담하십시오. 이 앱은 전문적인 의학적 조언을 대체하지 않습니다.

이용 약관: https://gocalmer.com/terms/
개인정보처리방침: https://gocalmer.com/privacy/",건강/운동,https://play.google.com/store/apps/details?id=io.calmer.anxiety_panic_attack_relief&hl=ko&gl=kr,,,,,,
android,kr,com.infinitygames.loophex,Hex - 불안 완화와 힐링,"최신 버젼의 Infinity Loop 을 다운받아보세요. 육각형의 게임 판에서 무한한 레벨을 즐길 수 있는 최신 콜렉션을 구매하세요!

사람들은 이 게임이 편안하고 스트레스를 풀어주며, 두통 문제를 해결해준다고 말합니다.

최신 HEX 게임은 유저가 고리를 새로운 방식으로 건설하게 도와줍니다. Infinity Loop 의 구조는 이전과 마찬가지로 여려분의 휴식과 집중력 향상을 위하여 깔끔하고 간단하게 설계되었습니다. 

Infinity HEX는 각 레벨의 모든 조각들을 연결함으로서 유저가 일정한 모양의 무한한 패턴을 창조하게 도와줍니다. 이 게임은 퍼즐이지만, 휴식과 끝없는 재미를 위해 섬세하게 개발되었습니다. 

저희는 HEX 가 여러분의 스트레스와 불안감을 풀어주리라 강하게 확신합니다. 무엇보다 주변의 압박에서 벗어날수 있고, 빨리빨리를 강요하는 타이머도 없습니다. 

타이머를 설치하지 않은 것은 모두 각자의 속도로 게임을 즐길 수 있어야 하고, 그게 스트레스 해소와 불안 해소에 도움이 되며, 빠른 문제 해결이 지능의 척도가 되어서는 안되기 때문입니다. 퍼즐을 푸는 능력은 따지고 보면 개인의 능력과 지능을 유일한 척도는 아닙니다. 

느긋한 게임을 찾으신다면 불안을 풀고 두통 문제를 해결하고 싶으시다면, 최신의 Infinity Loop: HEX를 즐겨보세요!

스트레스를 날려버리고, HEX를 즐겨보세요!

<b>HEX 사용법</b>

게임의 기본 사용법은 메인 게임과 같습니다. 목표가 같기 때문이죠 (완벽함을 추구함)
•	모든 선과 모서리를 연결하여 일정한 모양을 만드세요.
•	사용 설명 영상을 시청하세요. 
•	문제가 너무 어렵다면, YouTube에서 해결책을 찾아보세요.

HEX? 를 좋아하시나요? 아래의 링크에서 저희를 찾아주세요!

• 페이스북 좋아요! https://www.facebook.com/infinitygamespage

• 트위터 팔로우하기! https://twitter.com/8infinitygames

• 홈페이지 방문하기! https://www.infinitygames.io/

Infinity Loop도 스트레스를 풀기 좋은 게임입니다: https://play.google.com/store/apps/details?id=com.balysv.loop

참고: 이 게임은 Wear OS에서도 사용할 수 있습니다. 그리고 매우 재미있습니다!

Concept, development, design and copyrights: Badly Interrogated & Infinity Games",퍼즐,https://play.google.com/store/apps/details?id=com.infinitygames.loophex&hl=ko&gl=kr,,,,,,
android,kr,com.hono.StressLess,StressLess: Stress Relief Cat,"스트레스는 감당하기 힘들죠. 스트레스와 싸우는 게 마치 모험처럼 느껴진다면 어떨까요?

스트레슬리스는 고양이 친구와 함께 모험을 떠나는 유일한 스트레스 해소 앱입니다. 6가지 감정 세계를 탐험하고, 치료 퀘스트를 완료하고, 스트레스 패턴을 상징하는 보스전을 물리치세요. AI 코치 샘이 맞춤형 전략을 안내해 드립니다.

스트레슬리스가 특별한 이유

숙제처럼 느껴지는 명상 앱과 달리, 스트레스슬리스는 스트레스 관리를 정말 재밌는 게임으로 만들어 줍니다.

🐱 나만의 고양이 친구
처음에 픽셀 고양이를 선택하세요. 건강한 습관을 들이면서 고양이가 성장하는 모습을 지켜보세요. 퀘스트를 완료하면 고양이가 반응하고, 승리를 함께 축하해 줍니다. 단순한 앱이 아니라, 당신을 진심으로 아끼는 친구입니다.

🗺️ 6가지 감정의 세계
각 세계는 당신의 스트레스 프로필에 맞춰 변화합니다.
• 안개 숲 - 모든 것이 불확실하게 느껴질 때
• 폭풍의 산 - 분노가 치밀어 오를 때
• 불타는 사막 - 탈진과 피로
• 얼어붙은 툰드라 - 감정이 마비될 때
• 깨어나는 평원 - 자신감을 되찾을 때
• 영원한 정원 - 내면의 평화를 유지할 때

당신이 있는 세계는 실제 스트레스 데이터를 기반으로 변화합니다. 일반적인 콘텐츠가 아닌, 모든 것이 개인 맞춤형입니다.

⚔️ 보스전
당신의 스트레스 패턴이 보스로 나타나 당신을 물리칩니다. 5~7일 동안 5가지 마이크로 액션을 완료하여 각 보스를 물리치세요. 승리할 때마다 새로운 고양이 동료와 보상이 잠금 해제됩니다.

🤖 샘 - 당신의 AI 스트레스 코치
샘은 고급 AI를 기반으로 당신의 모험, 습관, 스트레스 유발 요인을 파악합니다. 언제든 채팅을 통해 개인 맞춤형 가이드를 받아보세요. 정해진 스크립트 답변이 아닙니다.

📊 스트레스 및 기분 추적
몇 초 만에 스트레스 수준을 기록하세요. 시간 경과에 따른 패턴을 확인하세요. 어떤 요인이 동기를 부여하는지 파악하고 시각적 분석을 통해 개선 사항을 추적하세요.

📓 맞춤형 일기
감정 상태에 맞춰 조정된 일일 성찰 질문. 연속 기록 추적 및 기분 분석 기능을 통해 일기 쓰기 습관을 기르세요.

🧘 호흡 및 운동
언제든지 이용 가능한 맞춤형 운동. 2분 호흡부터 전신 운동까지, 스트레스 해소를 위해 고안된 운동입니다.

✅ 일일 습관 및 퀘스트
전역에 맞춰 조정되는 맞춤형 제안으로 개인에게 맞는 습관을 만드세요. 일일 퀘스트를 완료하여 코인을 획득하고, 고양이를 성장시키고, 연속 기록을 유지하세요.

무료 제공 기능
• 안개 숲(첫 번째 월드) 전체 이용
• 스트레스 기록 및 감정 추적
• 호흡 운동(하루 2회)
• AI 샘과의 채팅(하루 10개 메시지)
• 일일 질문이 있는 일기
• 고양이 친구 및 일상 습관

프리미엄 잠금 해제 기능
• 6개의 모든 감정 월드 및 보스전
• 무제한 운동 및 AI 채팅
• 고급 분석 및 전체 기록
• 우선 순위 퀘스트 생성

영어, 프랑스어, 스페인어, 일본어 지원

스트레스가 당신을 정의하지 않습니다. 당신의 모험이 당신을 정의합니다. 지금 StressLess를 다운로드하고 고양이 친구를 만나보세요.",건강/운동,https://play.google.com/store/apps/details?id=com.hono.StressLess&hl=ko&gl=kr,,,,,,
android,kr,world.dobra.bearroom,Bear Room: stress relief,"첫 터치부터 스트레스 해소를 느껴보세요!

심한 스트레스와 불안의 순간, 당신만의 안식처, 베어룸에 오신 것을 환영합니다. 삶의 어려움을 헤쳐나가는 데 도움을 줄 수 있도록 아늑하게 디자인된 공간에서 평온함과 상쾌함을 느껴보세요.

호흡, 태핑, 허밍, 긍정 확언, 짧은 명상, 치료적 사운드스케이프 등 과학에 기반한 다양한 기법들이 스트레스 상황 전, 도중, 후에 당신을 지원합니다.

베어룸이 효과적인 이유:
• 편안함을 최우선으로 고려한 디자인 – 따뜻하고 생동감 넘치는 공간에 들어서는 순간 안전감을 느끼고 코르티솔 수치가 낮아집니다.

• 맞춤형 세트 – 감정 카드, 텍스트 또는 음성으로 현재 감정을 설명하면 AI가 즉시 최적의 기법 순서를 추천해 드립니다.

• 즉각적인 효과 – 21일 챌린지 같은 부담 없이, 스트레스 해소가 필요할 때 언제든 앱을 열어보세요.

• 과학적 근거에 기반한 방법 – 인지행동치료(CBT), EMDR, 다미주신경 이론, 신체 중심 치료, 마음챙김 등을 활용한 기법을 제공합니다.

사용 방법:
1. 현재 상태 설명하기 – 감정을 선택하거나 현재 상황을 설명해 주세요. 2. 맞춤형 세트를 받아보세요 – 과학적 근거에 기반한 짧은 연습 세트가 즉시 제공됩니다. 저희 AI가 사용자의 단어와 적합한 짧은 연습들을 연결해 드립니다.

3. 변화를 느껴보세요 – 안내에 따라 차분함을 되찾고 일상으로 돌아가세요.

포함된 내용:
• 상황에 맞춰 즉시 맞춤 제공되는 짧은 가이드 연습 세트 – 몇 분 만에 일상으로 복귀할 수 있습니다!

• 과거, 현재, 그리고 미래의 다양한 상황에 맞춘 전문가 제작 프리셋.

• 스트레스 모니터링 기능 – 웨어러블 기기를 연결하여 개인별 상태 분석 및 맞춤형 세트 추천을 받아보세요.

• 공황과 과부하를 해소하는 다양한 기법.

• 미니 연습 – 1분부터 시작하여 초보자나 시간이 부족한 분들에게 적합합니다.

• 치료적 사운드스케이프 – 지붕에 떨어지는 빗소리, 장작 타는 소리, 브라운 노이즈 등 불안 완화와 집중력 향상을 위해 설계되었습니다.

• 진행 상황 추적기 – 운동하고, 기분을 기록하고, 개인 보상을 받고, 분석 정보를 확인하고, 스트레스 유발 요인을 파악하세요.

• 그 외에도 다양한 기능을 제공하며, 각 상황에 맞춘 새로운 도구들을 지속적으로 추가하고 있습니다.

모든 스트레스 상황에 맞춰 설계되었습니다:
• 갈등 또는 감정 과부하
• 공황 발작 또는 공포증
• 면접 또는 시험 전 긴장감
• 예상치 못한 사건
• 퇴근 후 휴식 시간
• 취침 전 걱정 또는 불안한 생각

과학적 근거 기반
연구에 따르면, 느린 횡격막 호흡, 미주신경 자극(콧노래 및 두드리기), 그리고 긍정적인 청각 자극은 교감신경계 활성화를 낮추고 감정 조절 능력을 향상시킵니다. Bear Room은 이러한 과학적으로 입증된 방법들을 하나의 편안한 인터페이스에 통합하여 사용자가 안정감 있고 차분하며 생산적인 상태에 빠르게 도달할 수 있도록 도와줍니다.

주요 이점:
• 부정적인 영향으로부터 해방
• 불안 및 스트레스 감소
• 집중력 및 생산성 향상
• 수면의 질 개선
• 데이터 기반 개인 맞춤형 인사이트
• 예방적 스트레스 관리

소중한 시간을 되찾으세요!
Bear Room의 '라이프 미닛(Life Minutes)' 기능을 통해 스트레스로부터 되찾은 소중한 시간을 확인해 보세요. 연습이나 필로우 세트를 완료하면 되찾은 시간을 확인할 수 있으며, 이는 스트레스가 당신에게 미치는 영향을 얼마나 줄일 수 있는지에 대한 예상치입니다. 더 많은 시간을 온전히 당신의 것으로 만들어 보세요.

지금 Bear Room을 다운로드하여 언제든 편안하게 스트레스를 해소하세요. 당신만의 평화로운 공간이 기다리고 있습니다.

Bear Room의 효과를 경험해 보신 후, 회사 복지 프로그램으로 제안해 보세요. 프리미엄 액세스를 통해 팀원들의 일상적인 스트레스 해소를 지원하고, 회사 또한 혜택을 누릴 수 있습니다.
자세한 내용은 teams.bearroom.co에서 확인하세요.

Bear Room과 함께라면 무엇이든 견딜 수 있습니다!",건강/운동,https://play.google.com/store/apps/details?id=world.dobra.bearroom&hl=ko&gl=kr,,,,,,
android,kr,uk.co.serenity.guided.meditation,Serenity: Guided Meditation,"평온: 안내 명상 및 마음챙김은 삶에 평화, 고요함, 그리고 행복을 가져다주는 다양한 명상 및 마음챙김 기법을 배울 수 있도록 도와줍니다.

무료로 제공되는 따라하기 쉬운 7일 오디오 코스를 통해 기초를 익히고, 마음챙김 명상을 일상생활의 일부로 만드는 데 필요한 기술을 습득하세요.

기초: 마음챙김, 자기 인식, 가치관 및 목표에 대해 배우고 실력을 향상시키세요.

수면 가이드: 편안한 음악과 고요한 소리를 활용하여 숙면을 유도하는 다양한 명상 가이드를 제공합니다.

스트레스 해소: 이완 및 마음챙김 기법으로 불안감을 완화하고 심신을 안정시키세요.

짧은 명상: 짧은 시간 동안 명상 실력을 연습하거나 일상의 스트레스에서 벗어나 평온함을 되찾으세요.

매일 명상: 매일 다른 명상을 통해 꾸준한 명상 습관을 유지하세요.

앱에 새로운 콘텐츠가 지속적으로 추가됩니다.

기타 기능:

가입/로그인 필요 없음 - 바로 명상 시작 가능

2시간 이상의 무료 오디오를 제공하여 초보자에게 적합합니다.

구독료 없이 이용 가능 - 추가 콘텐츠는 일회성 구매 또는 구독을 통해 모든 콘텐츠를 이용할 수 있습니다.

쉽게 따라할 수 있는 세레니티는 초보자부터 숙련된 명상가까지 모두에게 적합합니다.

고요한 마음 - 생각을 잠재우는 기법을 배워보세요.

명상 및 마음챙김 기술 - 생각과 감정을 분리하는 방법을 배워 정서적 안정감을 향상시키세요.

감사 - 감사하는 마음을 통해 삶에 대한 관점을 바꾸고 주변 세상에 대한 새로운 감사를 느껴보세요.

추가 기능

일상 알림을 설정하여 꾸준히 명상하세요.

도전을 완료하고 진행 상황에 따라 더 많은 무료 세션을 잠금 해제하여 동기를 유지하세요.

통계와 그래프로 진행 상황을 모니터링하세요. 마음챙김 명상이 당신의 삶을 어떻게 변화시킬 수 있는지 확인해 보세요. 지금 설치하세요!",건강/운동,https://play.google.com/store/apps/details?id=uk.co.serenity.guided.meditation&hl=ko&gl=kr,,,,,,
android,kr,com.surfcityapps.endanxiety,Anxiety Relief Apps & Hypnosis,"스트레스, 공황 상태, 불안한 밤을 위해 고안된 불안 완화 최면으로 마음의 평온을 찾아보세요. 안내 최면 요법 세션을 듣고, 배경 음악에 맞춰 편안하게 휴식을 취하며, 집에서, 잠자리에 들기 전, 또는 다운로드 후 오프라인에서 사용할 수 있는 간단한 루틴을 만들어 보세요.

불안 완화 최면은 공인 최면 치료사가 직접 작성하고 읽어주는 하나의 안내 오디오 세션으로 구성되어 있습니다. 이 세션은 최면 요법, 잔잔한 음악, 자연의 소리, 그리고 선택적으로 바이너럴 비트를 통해 긴장을 풀고, 몸을 이완시키며, 불안을 관리하는 데 도움을 줍니다.

스트레스가 쌓일 때, 조용한 휴식 시간에 안내를 받고 싶을 때, 또는 불안한 생각 때문에 잠들기 어려울 때 이 앱을 사용해 보세요. 이 앱은 불안 추적기, 일기 또는 치료를 대체하는 것이 아닙니다. 조용하고 개인적인 공간에서 호흡하고, 마음을 가라앉히고, 이완을 연습하고 싶은 사람들을 위한 간단한 청취 앱입니다.

주요 기능

- 매일 들을 수 있는 불안 완화 최면 가이드 세션
- 공인 최면 치료사가 직접 작성하고 읽어주는 최면 오디오
- 편안한 목소리, 잔잔한 배경 음악, 자연의 소리
- 이완을 통한 스트레스 해소 및 공황 발작 완화 지원
- Wi-Fi 연결 없이도 다운로드 후 오프라인 청취 가능
- 바이너럴 비트가 포함된 최면 부스터(선택 사항)
- 음성, 배경 음악, 최면 부스터 볼륨 개별 조절
- 취침 시간 맞춤 설정: 종료 시 깨우기 기능 비활성화, 세션 반복, 수면 중 반복 재생
- 오디오 세션 종료 후에도 배경 음악 계속 재생

이 앱은 다양한 방식으로 활용할 수 있습니다. 숙면을 취하고 싶을 때 잠자리에 들기 전에 들어보세요. 긴장될 때 조용한 휴식 시간에 사용해 보세요. 마음의 평온을 위한 일상 루틴의 일부로 만들어 보세요. 또는 질문에 답하거나, 증상을 추적하거나, 복잡한 프로그램을 관리할 필요 없이 안내에 따라 스트레스를 해소하고 싶을 때 열어보세요.

불안 완화 최면은 기본 설정으로 무료로 체험해 볼 수 있습니다. 기본 설정을 변경하려면 일회성 인앱 구매가 필요합니다. 각 Surf City Apps 최면 앱에는 자체 인앱 구매 기능이 있으므로 구매 내역을 다른 앱과 공유할 수 없습니다.

SURF CITY APPS 소개

Surf City Apps는 마음의 평온, 휴식, 집중력 향상, 자신감 증진, 그리고 건강한 일상 습관 형성을 돕는 오디오 앱을 개발합니다. 이 앱은 불안 완화, 스트레스 해소, 이완, 그리고 불안 최면에 초점을 맞추고 있으며, 누구나 쉽게 반복해서 사용할 수 있도록 구성되어 있습니다.

최상의 효과를 위해 방해받지 않고 안전하게 들을 수 있는 조용한 장소를 선택하세요. 운전 중, 기계 조작 중, 또는 집중력이 필요한 활동을 하는 동안에는 이 앱을 사용하지 마세요.

고객 지원 문의

http://support.surfcityapps.com

이용 약관

http://surfcityapps.com/terms

참고 자료

https://en.wikipedia.org/wiki/Hypnosis

https://en.wikipedia.org/wiki/Binaural_beats

면책 조항

본 앱의 효과는 임상적으로 입증되지 않았습니다. 본 앱의 콘텐츠 및 서비스는 교육 목적으로만 제공되며, 전문적인 의료 조언, 진단 또는 치료를 대체할 수 없습니다. 전문적인 의료 조언을 구하는 대신 본 앱의 정보에 의존하지 마십시오. 심장 질환, 기분 장애, 간질 또는 정신 질환이나 신경 질환이 있는 경우, 본 앱을 사용하기 전에 의사와 상담하십시오.",라이프스타일,https://play.google.com/store/apps/details?id=com.surfcityapps.endanxiety&hl=ko&gl=kr,,,,,,
android,kr,com.soothfy,"Soothfy: ADHD Planner, Anxiety","Soothfy는 ADHD를 가진 사람들을 위해 설계된 플래너이자 정신 건강 앱입니다. 불안, 강박 장애, 외상 후 스트레스 장애(PTSD), 공황 발작으로 일상생활이 힘들다면, Soothfy가 도움이 될 수 있습니다.

대부분의 정신 건강 앱은 ADHD와 불안을 가진 사람들의 실제 뇌 작동 방식을 고려하지 않았습니다. 공황 발작이 일어날 때 일반적인 명상을 권하거나, 실행 기능이 완전히 마비되었을 때 할 일 목록을 제공하는 경우가 많습니다. Soothfy는 이러한 질환을 안고 살아가는 현실을 바탕으로 개발되었습니다.

사용자들이 매일 찾는 기능은 '즉각적인 안정'입니다. 불안감이 극심해지거나, ADHD 때문에 집중이 불가능하거나, 공황 발작이 시작될 때 Soothfy를 열고 네 단계를 거치면 됩니다. 먼저 자신의 상태를 선택하고, 35가지 증상 중에서 정확한 증상을 고른 후, 현재 상황을 설명하면,
2분 타이머와 함께 해당 상황에 맞춘 세 가지 인지행동치료(CBT) 활동을 제공합니다. 일반적인 활동이 아닌, 구체적인 상황에 맞는 활동을 선택할 수 있습니다. 당신의 현재 상황에 맞춰 설계된 프로그램입니다. 효과를 추적하면 Soothfy는 시간이 지남에 따라 무엇이 실제로 도움이 되는지, 무엇을 건너뛰어야 하는지 학습합니다.

매일 ADHD 플래너는 새로운 주기로 재구성됩니다. AI는 당신의 상태, 기분, 에너지 수준, 시간대를 고려하여 20일 계획을 새로 생성합니다. 모든 계획에는 인지행동치료(CBT) 연습, 집중력 타이머, 실행 기능 과제, 습관 형성, 행동 활성화, 일기 쓰기 세션이 포함됩니다. 모든 내용은 중복되지 않으며,
ADHD 뇌는 일관적이지 않다는 점을 이해하고 있기 때문에 힘든 날에도 당신을 벌주는 대신 계획을 조정합니다.

CBT 교육 라이브러리는 ABC 모델, 자기주장 훈련, 행동 활성화, 행동 추적을 당신의 상태에 맞춰 실용적이고 구체적인 방식으로 안내합니다. 치료사들이 세션에서 가르치는 바로 그 도구들을 일상생활에 통합하여 단순히 읽는 것이 아니라 실생활에 적용할 수 있도록 합니다.

기분 추적기와 불안 추적기는 매일의 점검을 진정으로 유용한 활동으로 만들어 줍니다. 매일 감정, 불안 수준, 수면의 질을 기록하면 Soothfy가 주간 및 월간 추세 차트를 생성하여 실제 패턴, 유발 요인, 수면이 집중력, 불안 및 기타 모든 것과 어떻게 연결되는지 보여줍니다. 기분 및 불안 보고서를 다운로드하여 치료사나 의사에게 제공하면 전문가가 해당 데이터를 활용하여 도움을 줄 수 있습니다.

불안 일기를 사용하면 글을 쓰거나 음성 메모를 녹음하고 치료 효과가 있는 소리를 직접 첨부할 수 있습니다. 수면 추적기는 시간이 지남에 따라 휴식이 ADHD 집중력과 불안에 미치는 영향을 보여줍니다. 신경다양성을 가진 사용자나 불면증, 스트레스 또는 감정 조절 장애를 겪는 모든 사람에게 잠들기 전에 하루의 무게를 털어놓을 수 있는 공간은 매우 중요합니다. 사운드 테라피 라이브러리는 일반적인 소음이 아닌 ADHD 및 불안에 맞춰 특별히 제작된 오디오를 제공합니다. ADHD 타이머는 실행 기능이 저하될 때에도 집중력을 유지하도록 도와줍니다.

앵커 습관은 정신 건강 활동을 기존의 일상과 연결해 줍니다. Soothfy는 아무것도 없는 상태에서 새로운 습관을 만드는 대신, 이미 매일 하고 있는 일에 인지행동치료(CBT) 연습을 덧붙일 수 있도록 도와줍니다. 바로 이 때문에 이 앱에서 만들어지는 습관은 실제로 오래 지속됩니다.

Soothfy ​​커뮤니티는 ADHD, 불안, OCD, PTSD, 우울증, 감정 조절 장애를 겪고 있는 사람들이 모이는 공간입니다. 실제 사용자들이 어떤 방법이 효과가 있었는지, 어떤 방법이 효과가 없었는지, 그리고 이러한 질환을 안고 살아가는 일상이 어떤지 솔직하게 공유합니다. 커뮤니티는 관리자의 감독 하에 운영되며, 진솔한 소통을 통해 당신이 혼자가 아니라는 것을 일깨워주는 든든한 지원의 장이 될 것입니다.

Soothfy는 ADHD, 불안, 우울증, OCD, PTSD, 스트레스, 불면증, 분노, 감정 조절 장애 등 9가지 질환을 하나의 앱으로 다룹니다. 하나의 구독으로 모든 기능을 이용할 수 있으며, 각 질환마다 다른 앱을 사용할 필요가 없습니다.

앱은 무료로 다운로드할 수 있으며, 첫 번째 명상 세션은 2분도 채 걸리지 않습니다.

법적 링크
개인정보 보호정책: https://soothfy.com/privacy_policy.html
이용약관: https://soothfy.com/terms_and_conditions.html",건강/운동,https://play.google.com/store/apps/details?id=com.soothfy&hl=ko&gl=kr,,,,,,
android,kr,com.leesolbrain.sleepisol.c,"슬리피솔C: 수면/집중/스트레스/힐링, 사운드테라피","왜 슬리피솔 C를 선택해야 할까요? 
• 맞춤형 솔루션: 나에게 맞게 1단계부터 5단계까지 자극 강도와 시간을 조절하여 관리를 할 수 있습니다.
• 다양한 모드: 수면, 스트레스, 힐링, 집중의 다양한 모드를 제공하여 상황에 맞게 활용할 수 있습니다.
• 사운드 테라피: 4가지 모드(수면, 집중, 스트레스, 힐링)의 바이너럴 비츠 (Binaural beats) 기능을 사용할 수 있습니다. 
  - Binaural Beats 란? 특정 음파로 뇌의 뇌파를 조절하는 소리 ( 슬리피솔 기기와 함께 사용하면 극대화 된 효과를 누릴 수 있습니다. )
• 자동 연결: App 실행 시 슬리피솔 기기가 자동으로 연결되어 번거로운 설정 없이 바로 사용 가능합니다. 
• 편리한 사용성: 간편하고 직관적인 UI로 누구나 쉽게 사용할 수 있습니다. 



슬리피솔 C와 함께 건강한 삶을 시작하세요!
• 숙면: 편안하게 잠에 들고 숙면을 하고 싶은 분들에게
• 집중력 향상: 학업이나 업무에 집중하기 어려운 분들에게
• 스트레스 완화: 바쁜 일상 속에서 스트레스를 해소하고 싶은 분들에게
• 힐링: 편안한 휴식을 통해 심신을 안정시키고 싶은 분들에게



슬리피솔 기기 연결을 위해서는 다음 권한이 반드시 필요합니다.
• BLE(Bluetooth) 검색 및 연결에 대한 권한



슬리피솔 기기는 아래 사이트 혹은 슬리피솔 C App  내에서 구입이 가능합니다.
• 슬리피솔 웹 사이트: http//sleepisol.com
----
개발자 연락처 :
(주)리솔 동구 중앙대로214번길 7-8 24층 (초량동,아스티호텔부산)
동구, 부산광역시 48733
South Korea 6558600901 제2021-서울용산-0076호 용산구청",건강/운동,https://play.google.com/store/apps/details?id=com.leesolbrain.sleepisol.c&hl=ko&gl=kr,,,,,,
android,kr,com.mindday.app,MindDay: Therapy & Well-being,"정신적으로 지치셨나요? 🌪
MindDay는 한 번에 조금씩 기분을 개선하도록 도와줍니다.

심리학자들이 설계하고 과학적으로 검증된 MindDay는 인지 행동 치료(CBT), 마음 챙김, 일기 쓰기를 결합하여 언제 어디서든 스마트폰으로 이용할 수 있는 명확하고 체계적인 경험을 제공합니다.

MindDay를 통해 다음을 실천할 수 있습니다.
✔ ​​스트레스 감소 🧘‍♂️
✔ 불안 관리 🌼
✔ 더 차분하고 자신감 넘치는 마음 😊
✔ 건강한 일상 습관 형성 📅
✔ 명상 및 자기 최면 연습 🧠

구성 요소:

🎥 불안, 스트레스 및 감정 균형에 대한 안내 영상
✍ 감정 처리를 위한 일기 쓰기 프롬프트
📊 감정 패턴 및 유발 요인 파악을 위한 감정 추적 기능
🧘 재충전을 위한 명상 및 자기 최면 기능
📅 실질적이고 지속적인 변화를 위한 일상 루틴

사용 방법:

MindDay는 과학에 기반한 정신 건강 관리를 간편하고 쉽게 이용할 수 있도록 도와줍니다.
체계적이고 유연한 프로그램으로 두뇌를 훈련하세요. 예약이나 부담 없이 이용할 수 있습니다.

🎯 14일에서 30일에 걸쳐 단계별로 진행되는 프로그램(예: ""불안 완화"")
📖 특정 감정 문제에 대한 자가 치료 세션
🧘‍♂️ 언제 어디서든 도움을 주는 이완 도구

MindDay를 선택해야 하는 이유

일반적인 웰빙 앱과 달리 MindDay는 검증된 치료 방법을 사용하는 정신 건강 전문가들이 공동 개발했습니다. MindDay는 당신만의 공간에서 속도를 늦추고, 성찰하고, 정신적 회복력을 강화할 수 있도록 도와줍니다.

지금 7일 무료 체험을 시작하고 진정한 평온함을 경험해 보세요. 🌿

⚠️ 중요: MindDay는 전문적인 치료를 대체할 수 없습니다. 심각한 불안이나 고통을 겪고 있다면, 반드시 자격을 갖춘 정신 건강 전문가의 도움을 받으십시오.",건강/운동,https://play.google.com/store/apps/details?id=com.mindday.app&hl=ko&gl=kr,,,,,,
android,kr,bot.touchkin,Wysa: Mental Wellbeing AI,"감정 일기, 마음챙김 코치, 일상 속 불안 해소 도우미, 그리고 기분 전환 친구가 하나로 합쳐진 것을 상상해 보세요. 바로 당신의 행복 친구, 위사(Wysa)입니다. 위사는 친절하고 다정한 챗봇으로, 매일매일 웰빙을 향상시키는 명상 콘텐츠를 제공하며 명상 연습에도 안성맞춤입니다. 언제든 누군가와 이야기하고 싶을 때 위사는 친근한 대화를 통해 당신의 감정 상태를 점검하고, 과학적 근거에 기반한 기법과 마음을 진정시키는 명상 및 마음챙김 오디오를 통해 일상 속 스트레스와 불안을 해소하도록 도와줍니다. 위사와 정기적으로 소통하면 감정 습관을 개선하고 행복과 기분을 더 잘 관리할 수 있습니다. 지금 바로 위사와 대화하며 일상의 스트레스를 이겨내 보세요. 위사는 또한 자신의 기분과 웰빙을 되돌아볼 수 있는 자가 진단 도구도 제공합니다.

위사는 무료로 대화할 수 있는 AI 가이드입니다. 귀여운 펭귄과 대화하거나 무료 마음챙김 연습을 통해 일상 속 불안, 우울감, 스트레스를 효과적으로 해소해 보세요. Wysa는 인지행동치료(CBT)와 변증법적 행동치료(DBT)와 같은 치료법에서 사용되는 접근 방식을 기반으로 한 과학적 근거에 입각한 자가 치유 기법을 제공하여 일상적인 스트레스, 우울감, 또는 단순히 생각을 정리할 공간이 필요할 때 정서적 웰빙을 지원합니다.

Wysa는 과학적 기반을 통해 정신 건강을 강화하고 일상의 불안과 걱정을 극복하도록 돕습니다. 회복탄력성을 키우고, 수면의 질을 개선하며, 일상적인 어려움을 헤쳐나갈 수 있도록 지원합니다.

일상적인 스트레스, 불안, 우울감, 또는 낮은 자존감으로 어려움을 겪고 있다면 Wysa와의 대화를 통해 긴장을 풀고 마음의 안정을 찾을 수 있습니다. Wysa는 차분하고 과학적 근거에 기반한 기법을 통해 정신적 회복탄력성을 증진시켜 마음의 평정을 유지하도록 도와줍니다. 사용자의 신원은 익명으로 유지되며 모든 대화 내용은 안전하게 보호됩니다.

수백만 명이 24시간 내내 신뢰하는 Wysa는 인공지능 기반의 웰빙 챗봇으로, 구조화된 대화를 통해 자신을 돌아보고 성장할 수 있도록 지원합니다. 재미있고 편안한 대화 방식을 통해 어려움을 극복하는 데 도움이 되는 다양한 도구와 기법을 만나보세요. 더욱 효과적인 지원을 위해, 전문 코치의 지도를 받을 수 있습니다. 숙련된 코치가 여러분의 필요에 맞는 고급 코칭 세션을 제공해 드립니다.

Wysa를 통해 마음가짐을 재구성하여 감정 건강을 개선할 수 있습니다. 인지행동치료(CBT) 기법에서 영감을 받은 다양한 기법과 최적의 수면을 위한 명상 등을 활용하여 일상적인 감정이나 슬픔을 관리하고 마음의 안정을 찾으세요. Wysa를 어떻게 활용할 수 있는지 아래에서 확인해 보세요 👇

👂 Wysa의 가이드 저널링 도구를 사용하여 조용한 공간에서 하루를 되돌아보고 생각을 정리해 보세요.
💪 인지행동치료(CBT)와 변증법적 행동치료(DBT) 원리에 기반한 자기 계발 기법을 활용하여 재미있고 쉽게 회복력을 키워보세요.
📝 일상적인 스트레스, 우울감, 수면 문제, 걱정, 어려움을 극복하는 데 도움이 되는 대화형 코칭 도구를 사용해 보세요.
💆🏻 20가지 마음챙김 명상 연습을 통해 긴장을 풀고 집중력을 높이며 편안한 숙면을 취해 보세요.

Wysa를 사용해 본 사람들의 93%가 도움이 되었다고 응답했습니다.

* 자신감을 키우고, 자기 의심을 줄이고, 자존감을 향상시키세요: 핵심 명상 및 마음챙김, 시각화, 자신감 시각화 기법, 자존감 향상을 위한 고급 마음챙김
* 분노를 다스리세요: 연민을 위한 마음챙김 명상, 생각을 진정시키는 방법, 호흡 연습
* 일상적인 불안과 걱정을 관리하세요: 생각 관찰을 위한 심호흡 기법, 시각화, 긴장 완화
* 피곤하세요? 활력을 되찾으세요! 긍정적인 마음가짐을 키우고 숙면을 취하는 데 도움이 되는 시각화 및 명상 연습, 활동적인 생활을 위한 간단한 요가 및 신체 운동
* 일상적인 걱정 다루기: 마음챙김 관찰, 문제 해결 기법, 부정적인 생각 극복, 호흡법 연습
* 직장, 학교 또는 인간관계에서 갈등 관리: 빈 의자 연습, 감사 명상, 어려운 대화를 효과적으로 이끌어가는 기술 훈련과 같은 특별한 마음챙김 및 시각화 기법",건강/운동,https://play.google.com/store/apps/details?id=bot.touchkin&hl=ko&gl=kr,,,,,,
android,kr,com.bstro.MindShift,MindShift CBT - Anxiety Relief,"MindShift CBT로 불안, 스트레스, 공황을 극복하세요. 인지행동치료(CBT) 기반의 과학적으로 검증된 무료 도구를 활용하여 생각을 재구성하고, 마음을 편안하게 하고, 두려움에 맞서세요.

불안감으로 힘드신가요? 혼자가 아닙니다. MindShift CBT는 전문가들이 개발한 무료 정신 건강 앱으로, 불안 완화에 효과적인 도구를 제공합니다.

인지행동치료(CBT)의 과학적 근거에 기반한 전략을 통해 MindShift CBT는 긴장을 풀고 마음챙김을 실천하며, 보다 효과적인 사고방식을 개발하고, 불안에 적극적으로 대처하는 방법을 배우도록 도와줍니다.

제공되는 기능:

• 강력한 도구 모음: 생각 일지, 두려움 사다리, 명상 가이드, 그리고 도움을 주는 커뮤니티 포럼까지.

• 과학적으로 검증된 전략: 모든 도구는 검증된 인지행동치료(CBT) 기법을 기반으로 합니다.

• 진행 상황 추적: 매일 점검하고 분석하며 정신 건강 여정을 시각화하세요.

• 언제나 무료: 구독료나 숨겨진 비용 없이, 효과적이고 편리한 지원을 제공합니다.

일반적인 걱정, 사회 불안, 공황 발작, 공포증 등 어떤 어려움을 겪고 있든, MindShift CBT는 더 나은 정신 건강을 위한 맞춤형 길잡이가 되어 드립니다.

지금 다운로드하고 마음의 평온을 향한 여정을 시작하세요.",건강/운동,https://play.google.com/store/apps/details?id=com.bstro.MindShift&hl=ko&gl=kr,,,,,,
android,kr,stop.overthinking.app,CBT for Anxiety & Overthinking,"소음을 잠재우세요. 어디서든 사용할 수 있는 인지 행동 치료(CBT)로 불안을 극복하고 과도한 생각을 멈추세요.
불안 및 과도한 생각에 대한 CBT는 인지 도구, 행동 기술, 기분 추적기, 마음챙김 수련을 결합하여 더욱 명확하게 생각하고 진정한 안도감을 느낄 수 있도록 도와줍니다.

할 일

CBT 단계별 안내 - 생각을 재구성하고, ""그럼 어떻게 할까""의 고리를 따라가고, 멘탈 코트를 시도하고, 더 심해지기 전에 끊어보세요. 불안 및 과도한 생각에 대한 CBT 방법을 기반으로 실질적인 완화 효과를 제공합니다.
빠른 진정 도구 - 접지(5-4-3-2-1), 박스 호흡/4-7-8 호흡/페이스 조절 호흡, 바디 스캔, 마음챙김 일시 정지를 통해 빠른 스트레스 해소
기분 및 불안 추적 - 매일 점검, 트리거, 간단한 기분 추적 차트. 어떤 습관이 실제로 스트레스를 줄이고 안도감을 주는지 확인하세요.
스마트 저널 프롬프트 - 브레인 덤프, ""친구가 되어주세요"", 증거 기록. 생각을 나선형으로 처리하지 않고; 진행 상황을 일기에 기록하세요.
마음챙김 루틴 - 짧은 마음챙김 세션과 마음챙김 호흡을 통해 루프가 시작될 때 집중력을 유지하세요. 마음챙김은 알아차리고 놓아주는 데 도움이 됩니다.

효과적인 이유
인지 패턴은 감정과 행동을 주도하고, 행동 연습은 반응의 방향을 바꿔줍니다. 근거 기반 치료는 도움이 되지 않는 믿음에 도전하고 더 차분한 습관을 기르는 데 도움이 됩니다. 치료사의 도움을 받아 설계된 구조로, 치료사가 없을 때에도 치료의 효과를 누릴 수 있습니다. 세션 사이 또는 치료사 없이도 사용할 수 있는 명확하고 실용적인 단계입니다.

대상
학생, 전문가, 부모, 야간 불안 환자 등 반추, 완벽주의, 침입적 사고, 결정 마비와 같은 불안 및 과잉 사고 문제에 대한 인지행동치료(CBT)를 관리하는 모든 분.

숨을 쉬고 앱을 열고 3분 운동을 시작하세요. 인지적 명확성 + 행동적 후속 조치 = 지속적인 완화.

이 앱은 의료 기기가 아니며 전문적인 진단이나 치료를 대체할 수 없습니다.",건강/운동,https://play.google.com/store/apps/details?id=stop.overthinking.app&hl=ko&gl=kr,,,,,,
android,kr,com.free.hospital.story,Hospital Story:Clinic Game,"이 멋진 병원 게임에 참여하여 행복한 의료 센터를 건설해 보세요. 병원 게임을 즐겨보세요.

병원 스토리에 오신 것을 환영합니다! 의료 관리의 세계로 뛰어들어 꿈의 병원을 건설하세요. 전략, 의사, 의료 게임 팬이라면 시간 관리와 의료 시뮬레이션이 독특하게 결합된 이 게임을 통해 무한한 즐거움을 누릴 수 있을 것입니다.

게임 특징:
- 독특한 목표와 앞으로 더 많은 게임 레벨이 있어 색다른 즐거움을 선사합니다.
- 완벽한 병원 시설 업그레이드 시스템으로 아무리 어려운 레벨이라도 쉽게 통과할 수 있습니다.
- 전 세계 환자를 치료하고 세상에 치유와 희망을 전하다
- 레벨에 따라 다양한 진료과의 의사들이 등장해, 다양한 환자들을 전문적으로 치료할 수 있습니다.
- 다양한 의료: 다양한 의약품과 장비를 연구하고 활용합니다.
- 다양한 스타일과 테마의 독특한 의료 시설과 병원.

다른 어떤 것과도 비교할 수 없는 의학 이야기를 시작해보세요. 다양한 환자를 치료하고 그들의 고통을 덜어주기 위해 의료 센터를 건설, 관리 및 설계하세요. 독특하고 재미있고 캐주얼한 병원 시뮬레이터에 참여하여 경험해 보세요! 

친구들에게 전화해서 함께 다운로드하세요! 

►뉴스와 업데이트를 받으려면 우리를 팔로우하세요.：

► 이메일 주소:
Hospitalstory@letsfungame.com

► 회사웹사이트:
https://www.letsfungame.com",시뮬레이션,https://play.google.com/store/apps/details?id=com.free.hospital.story&hl=ko&gl=kr,,,,,,
android,kr,com.doctorondemand.android.patient,Doctor On Demand,"포함된 건강(Included Health)의 Doctor On Demand는 휴대폰, 태블릿 또는 컴퓨터를 통한 보안 비디오 방문을 통해 위원회 인증 의사, 자격증을 갖춘 치료사 및 정신과 의사에 대한 연중무휴 24시간 액세스를 제공합니다. 몸이 아프거나, 의사의 진단서가 필요하거나, 처방에 대한 도움이 필요한 경우, 보험 유무에 관계없이 언제 어디서나 고품질의 원격 의료를 쉽게 받을 수 있습니다. 시작하려면 무료 Doctor On Demand 앱을 다운로드하세요. 

왜 닥터 온 디맨드를 선택해야 할까요?

<b>온라인 의사에 대한 빠른 액세스</b> – 밤낮 언제든지 원격 의료 예약을 통해 위원회 인증을 받은 미국 기반 의료 서비스 제공자를 만나보세요.

<b>치료 및 정신과</b> – 스트레스, 불안, 우울증, PTSD, 트라우마 등과 같은 정신 건강 문제에 대한 가상 방문을 예약하세요.

<b>온라인 긴급 진료, 치료, 처방</b> – 감기, 독감, 알레르기, 피부 상태, UTI, 두통 등의 경우 의학적으로 적절한 경우 당사 서비스 제공자는 인근 약국에 처방전을 보낼 수 있습니다. 

<b>의사 진단서</b> – 직장이나 학교에서 의사 진단서가 필요하십니까? 우리가 도와드리겠습니다. 도움이 필요하면 긴급 진료 제공자에게 문의하세요. 

<b>보험 또는 자기 부담</b> – 당사는 자격을 갖춘 회원의 방문 비용을 줄이기 위해 주요 건강 보험 및 많은 고용주와 협력하고 있습니다. 보장되지 않는 경우, 갑작스러운 청구서 없이 모든 환자에게 저렴한 방문 비용을 제공합니다. 

작동 방식

 1. 앱을 다운로드하고 무료로 계정을 만드세요.
2. 이용 가능한 첫 번째 제공업체를 확인하거나 방문 일정을 예약하세요.
 3. 온라인 방문을 통해 맞춤형 진료, 처방, 치료 계획을 받아보세요. 

우리가 치료하는 조건
✔️ 감기, 독감 및 부비동염
✔️ UTI 온라인 치료
✔️ 여드름, 발진, 피부 문제
✔️ 알레르기 및 천식
✔️ 고콜레스테롤, 당뇨병 및 갑상선 검사
✔️ 두통 및 편두통
✔️ 정신 건강 지원: 불안, 우울증, 슬픔 등
✔️ 처방전 리필 및 검사실 주문

자주 묻는 질문
🕒 의사는 언제 이용할 수 있나요?
우리의 가상 서비스 제공자는 주말과 공휴일을 포함하여 연중무휴 24시간 이용 가능합니다. 정신 건강 예약은 종종 며칠 내에 가능하며, 몇 주가 걸릴 수 있는 기존 서비스 제공자보다 훨씬 빠릅니다.

💲 방문 비용은 얼마인가요?
항상 정확한 방문 비용을 미리 확인할 수 있습니다. 우리는 대부분의 보험 플랜을 수용하며 귀하의 비용을 낮추기 위해 최고의 고용주 및 건강 플랜과 협력합니다. 보험이 없나요? 우리의 원격 의료 방문 비용은 저렴합니다.

👩‍⚕️ 의사는 누구인가요?
미국에 기반을 둔 위원회 인증을 받은 의사, 자격증을 갖춘 정신과 의사 및 치료사는 평균 15년의 경험을 갖고 있으며 다양한 전문 분야에서 왔으며 귀하가 전문적인 치료를 받을 수 있도록 보장합니다.

🤳어떻게 작동하나요? 
원격 의료 방문에 참여하면 단 10분 만에 휴대폰, 태블릿, 컴퓨터에서 의료 제공자와 대면 연결됩니다. 직접 방문하는 것처럼 귀하의 서비스 제공자는 귀하의 기분, 건강 관리 기록에 대해 논의하고 권장 치료 계획을 제안할 것입니다. 실험실, 검사 및 처방전은 인근 시설로 보내집니다.

⚕️무엇을 치료할 수 있나요? 
우리의 긴급 진료 의사는 감기와 독감, 요로 감염, 알레르기, 두통, 염좌, 피부 상태 등 수백 가지 문제를 치료할 수 있습니다. 또한 예방 치료를 돕고 만성 치료 상태를 관리하는 데 도움이 되는 검사실 및 검사를 주문할 수도 있습니다. 우리의 광범위한 치료사 및 정신과 의사 팀은 불안, 스트레스, 우울증, PTSD, 트라우마 및 상실 관계 등을 치료할 수 있습니다. 

귀하의 개인정보 보호가 우리의 최우선 사항입니다
우리는 귀하의 건강 데이터와 개인 정보를 보호하기 위해 엄격한 HIPAA 지침을 준수합니다.

당사 서비스 제공자는 규제 약물을 처방할 수 없습니다. 

지금 시작하세요
빠르고 편리하며 신뢰할 수 있는 의료 서비스를 위해 Doctor On Demand를 신뢰하는 수백만 명의 환자와 함께 하세요. 지금 앱을 다운로드하고 무료로 가입하세요!",의료,https://play.google.com/store/apps/details?id=com.doctorondemand.android.patient&hl=ko&gl=kr,,,,,,
android,kr,com.yboga.dreamhospital,꿈의 병원: 의사 시뮬레이션 & 병원 게임,"🏥 <b>꿈의 병원: 최고의 병원 타이쿤 & 의료 시뮬레이션 게임!</b>
작은 클리닉에서 세계 최고의 의료 제국으로! 병원 건설부터 의사와 간호사 관리까지, 이 중독성 강한 병원 시뮬레이터에서 최고의 의사 타이쿤이 되어보세요. 꿈의 병원을 직접 건설하고 운영하며 환자들에게 최상의 치료를 제공하세요. 병원운영의 모든 것을 경험하고, 의료 제국의 제왕이 되어보세요!

🌟 주요 기능:
⚡ 긴박한 병원 경영 시뮬레이션으로 몰입감 넘치는 환자 치료 경험을 즐기세요! 닥터로서 의사 게임 중 이토록 중독적인 경험은 없습니다.
🩺 치과, 소아과, 피부과, 외과까지 다양한 진료과를 운영하며 병원 방치형 경영의 재미를 느끼세요! 임신 관련 진료부터 응급 케어까지 각 부서는 고유한 도전과 보상을 제공합니다.
🚑 응급 상황에서 구급차를 출동시키고 환자를 구조하는 응급실 게임 경험을 즐기세요! 생명을 구하는 짜릿함을 느껴보세요.
👑 최신 의료 장비로 클리닉을 업그레이드하고 의료 제국을 확장하세요! X레이, MRI 스캐너, 치과 장비로 병원을 최고로 만드세요.
👥 힐링타이쿤처럼 편안하게 즐기거나 캐주얼 시뮬레이터로 부담 없이 시작하세요! 방치형 경영으로 쉽게 즐기거나 치밀한 전략으로 승부하세요.
🌱 레벨 업으로 새로운 의사 기술과 치료법을 해제하고 병원을 더욱 발전시키세요!
🧪 희귀 질병의 치료법을 연구하고 의료 혁신을 선도하세요! 최첨단 연구소를 운영하며 새로운 치료법을 개발하세요.
🏆 시즌 이벤트에 참여해 리더보드를 정복하고 최고의 병원 타이쿤임을 증명하세요! 다른 타이쿤들과 경쟁하며 성장하세요.

💼 <b>최강의 의료팀을 구성하세요!</b>
의사, 간호사, 치과의사, 외과의사 등 프리미엄 의료진을 고용하고 업그레이드하세요. 간호사 게임 전문가가 될지, 수술 게임의 달인이 될지는 당신의 전략에 달려 있습니다! 외과의사 게임부터 수술 시뮬레이터까지 꿈의 병원 운영의 모든 것을 경험하세요. 닥터 경영인으로서 팀을 이끌고 병원운영 실력을 키우며 의료 게임 역사상 최고의 타이쿤이 되어보세요!

🏰 <b>의료 제국을 건설하세요!</b>
병원 건설 게임의 진수를 경험하세요. 병원을 처음부터 건설하고 최고의 의료 시설로 발전시키세요. dr game의 묘미를 느끼며 병원 재벌로 성장하세요! 의사 시뮬레이터로 경력을 쌓고 병원 타이쿤에서 병원타이쿤으로 거듭나세요. 병원 시뮬레이터에서 시작해 전 세계 최고의 의료 제국을 건설하는 여정이 지금 시작됩니다!

🩻 <b>최첨단 의료 전문 진료과를 마스터하세요!</b>
피부과, 소아과, 외과의사 팀을 이끌며 수술 시뮬레이션을 경험하세요. 치과 게임, dr clinic 운영, 수술 게임, 응급실 게임까지 꿈의 병원은 최고의 병원 시뮬레이터입니다. 치과의사를 고용하고 치과 전문 클리닉을 운영하며 환자들에게 필요한 진정한 닥터가 되어보세요!

🦸 <b>생명을 구하고 최고의 치료를 제공하세요!</b>
정확한 진단으로 환자를 치료하고 이 병원 시뮬레이션 게임에서 명성을 높이세요. 의사 수술부터 응급실 게임 운영까지, 모든 결정이 환자의 건강 회복과 병원 평판을 결정합니다. 캐주얼 시뮬레이터로 즐기면서도 깊이 있는 경영 시뮬레이션을 경험할 수 있습니다!

🌍 <b>의료 연구를 선도하세요!</b>
병원타이쿤으로서 의료 혁신을 이끌고 건강 관련 연구를 통해 병원 운영을 한 단계 발전시키세요. 임신, 희귀 질환, 치과 치료 등 다양한 분야의 새로운 치료법을 연구하고 개발하여 꿈의 병원을 의료계의 선두주자로 만드세요!

👨‍⚕️ <b>진정한 힐링타이쿤으로 성장하세요!</b>
의사, 간호사, 전문의로 이루어진 팀을 이끌어 모든 진료과에서 최상의 치료를 제공하세요. 행복한 환자와 번창하는 클리닉으로 병원 시뮬레이터 어드벤처가 최고의 의료 파라다이스가 됩니다. 의료 게임 팬이라면 꼭 경험해야 할 최고의 병원 경영 시뮬레이션 게임입니다!

🌟 <b>친구들과 함께 성장하세요!</b>
다른 플레이어의 병원을 방문하고 자원을 나누며 의료 커뮤니티를 함께 성장시키세요. 꿈의 병원 경영은 친구들과 함께하면 더욱 즐겁습니다! 함께 병원 운영 경쟁을 즐기며 최고의 타이쿤이 되세요.

🎉 <b>흥미로운 이벤트와 도전 과제!</b>
시즌 퀘스트와 도전 과제로 이 병원 시뮬레이션 게임을 항상 새롭고 재미있게 즐기세요. 의사 게임 중 이보다 더 짜릿한 경험은 없습니다! 이벤트마다 새로운 보상과 도전이 기다립니다.

🗝️ <b>지금 바로 의료 타이쿤 모험을 시작하세요!</b>
꿈의 병원을 다운로드하고 의료 제국을 건설하세요. 수천 명의 타이쿤 플레이어와 함께 최고의 의사 타이쿤 어드벤처를 시작하세요. 병원 건설부터 의료 제국까지, 당신의 꿈의 클리닉이 기다립니다!",시뮬레이션,https://play.google.com/store/apps/details?id=com.yboga.dreamhospital&hl=ko&gl=kr,,,,,,
android,kr,kr.co.helpu.host,HelpU 원격지원,"HelpU 원격지원은 실시간 원격제어 기술을 이용하여, 상담원이 고객의 안드로이드 화면을 직접 보면서 문제를 해결할 수 있는 서비스 입니다.
고객이 A/S센터를 직접 방문하지 않아도 원격으로 간단하고 빠르게 모바일 원격지원 서비스를 받아보실 수 있습니다.

[사용방법]
1. 구글플레이에서 ‘HelpU 원격지원’을 검색하여 설치 및 실행합니다.
2. 상담원에게 안내받은 6자리 원격인증암호를 입력합니다.
3. 상담원이 고객 안드로이드 단말에 접속하여 원격지원을 시작합니다.
4. 원격지원 완료 후 종료합니다.

⚠️ 보이스피싱 악용 주의
최근 금융기관, 금융감독원, 투자기관 등을 사칭한 후 원격 접속하여 악성 앱을 설치하는 경우가 보고되고 있습니다. 투자 목적, 대출 등 금융과 관련된 업무를 지원받을 경우 대면으로 안내받고 진행하기를 권장하며, 원격 접속시 앱 설치 또는 파일 전송 진행 전에 대상 유해 여부에 대해 꼭 확인하시기 바랍니다. 
[보이스피싱 의심신고: 경찰청(112) 또는 금융감독원(1332)]",커뮤니케이션,https://play.google.com/store/apps/details?id=kr.co.helpu.host&hl=ko&gl=kr,,,,,,
android,kr,com.hippo_kids_games.doctor_scientist.hospital_laboratory,하마 의사 : 병원 실험실,"하마 병원은 안과 의사 또는 의사 외과 의사를 찾고있는 것이 아닙니다. 우리의 현대 실험실은 은밀한 과학자와 조수가 필요합니다! 현미경으로 더 빨리 분석하고 위험한 미생물 및 바이러스를 찾으십시오. 거대한 전염병을 예방하십시오! 병원 실험실은 밤낮으로 작동합니다! 의사가 환자를 치료하고 주사와 예방 접종을 할 수 있도록 백신을 만듭니다. 당신의 도움으로 의학은 박테리아의 위험으로부터 세상을 구할 수 있습니다!

게임의 특색 병원, 은밀한 과학자 :

- 놀아나는 수준, 모두를위한 약
- 다른 부서가있는 거대한 실험실
- 현미경을 사용하여 미생물과 바이러스를 찾습니다.
- 병원에서 화학 실험을 수행하십시오.
- 분석 확인, 약 만들기, 백신 확인
- 동물을 치유하기 위해 예방 접종과 주사를하십시오.
- 귀엽고 귀여운 하마 캐릭터들
- 선택할 의사 - 외과 의사, 면역학 자, 외상 학자, 바이러스 학자, 조수
- 흥미롭고 간단한 게임 플레이
- 모든 가족을위한 재미있는 병원

의사 바이러스 학자로부터의 경보! 나만의 현미경을 가지고 실험실에 서둘러! 모든 비밀 과학자들은 이미 병원에 있습니다. 외계인 박테리아의 위험과 싸울 때입니다! 의사는 새로운 질병을 치료하는 방법을 모릅니다. 샘플과 바이러스를 연구하고 세상을 구하십시오!

HIPPO KIDS GAMES 정보
2015년에 설립된 Hippo Kids Games는 모바일 게임 개발 분야에서 두각을 나타내고 있습니다. 어린이를 위한 재미있고 교육적인 게임 제작을 전문으로 하는 당사는 총 10억 회 이상의 다운로드를 기록한 150개 이상의 고유한 애플리케이션을 제작하여 틈새 시장을 개척했습니다. 매력적인 경험을 만드는 데 전담하는 창의적인 팀과 함께 전 세계 어린이에게 즐겁고 교육적이며 재미있는 모험을 손끝에서 제공할 수 있습니다.

웹사이트 방문: https://psvgamestudio.com
좋아요 누르기: https://www.facebook.com/PSVStudioOfficial
팔로우: https://twitter.com/Studio_PSV
게임 보기: https://www.youtube.com/channel/UCwiwio_7ADWv_HmpJIruKwg

질문이 있으신가요?
우리는 항상 귀하의 질문, 제안 및 의견을 환영합니다.
문의: support@psvgamestudio.com",캐주얼,https://play.google.com/store/apps/details?id=com.hippo_kids_games.doctor_scientist.hospital_laboratory&hl=ko&gl=kr,,,,,,
android,kr,com.minerva_medical.minerva,Full Code Medical Simulation,"Full Code는 의대생, 레지던트, 의사, 간호사, NP, PA, EMT, 응급구조사 등 더 나은 의료 전문가가 되고자 하는 사람들을 위해 의료 전문가들이 설계한 직관적인 모바일 기반 시뮬레이션입니다.

이 플랫폼은 200개 이상의 사실적인 가상 케이스와 흥미진진하고 게임과 같은 인터페이스를 제공합니다. 이 개방형 의료 시뮬레이션에서 급성 질환 환자를 진단하고 치료하면서 수백 가지의 가능한 행동 중에서 선택할 수 있습니다.

매일의 계획적인 연습은 임상 기술을 유지하고 향상시키는 데 중요합니다. 지금 무료 케이스를 다운로드하여 플레이해 보세요!

귀하의 조직이나 기관에 Full Code를 도입하고 싶으신가요? fullcodemedical.com에서 더 자세히 알아보세요!

특징:
• 전문 임상의가 작성하고 동료 평가를 거친 200개 이상의 사례 라이브러리
• 응급의학, 산부인과, 소아과를 포함한 30개 이상의 진단 분야
• 소아 및 성인 환자를 포함한 20개 이상의 사실적인 아바타
• *새로운* 응급의료 서비스 사례 및 병원 전 환경
• 상세한 점수 및 전체 사례 분석 - 강점과 약점 파악
• 환자 AI를 통한 병력 청취 연습 가능
• Full Code Pro + CME는 100시간 이상의 공인 CME 제공
• 빈번한 신규 사례 및 정기 업데이트

맞춤형 교육
Full Code의 사실적인 가상 환자를 활용한 온디맨드 시뮬레이션 교육을 통해 언제 어디서든 이미 소유한 기기에서 복잡한 사례를 연습하고 실력을 향상시킬 수 있습니다.

자신감 향상
Full Code의 무한 반복 가능한 사례는 진단 및 관리 능력을 측정하여 위험 없는 환경에서 실수로부터 학습할 수 있도록 지원합니다. 복잡한 실제 사례에 자신감을 가지고 대처할 수 있도록 역량을 키우세요.

연습이 실무자를 만듭니다
빈번하고 계획적인 연습은 임상적 성공과 임상적 의사 결정 능력 향상의 핵심입니다. Full Code는 의대생이든 임상 의사든 어떤 일정에도 쉽게 적용할 수 있습니다.

새로운 도전
Full Code에서는 일상적인 진단부터 희귀 질환까지 모든 사례에 새로운 도전이 찾아옵니다. 병원에만 국한되지 않습니다. Full Code는 병원 전 단계 및 응급 의료 서비스 콘텐츠까지 확장되었습니다. 응급실을 벗어나 새로운 시나리오를 위해 구급차에 오르세요!

최고의 의료 전문가에게 배우세요
미국 최고의 병원 의료 교육자들이 개발하고 면허를 소지한 의료 전문가들의 동료 평가를 거친 Full Code 시뮬레이션은 업계 표준 의료 모범 사례를 기반으로 설계되어 전 세계 의대생과 전문가들에게 높은 기준을 제시합니다.

CME 학점 획득
ACCME(Accreditation Council for Continuing Medical Education)의 인증을 받은 유연하고 흥미로운 시뮬레이션 과제를 통해 CME(Continuing Medical Education) 요건을 충족하세요. PRO+CME 구독을 통해 최대 100 CME 학점을 획득할 수 있습니다. 시작하려면 Pro+CME 정식 코드를 구독하세요.

추천 Google Play 리뷰

★★★★★
""제가 플레이해 본 최고의 의료 시뮬레이션 앱입니다.""
—Huw Gyver

★★★★★
""이건 게임이 아닙니다! 제가 본 응급실 로테이션 중 가장 사실적인 묘사입니다.""
—Caroline K

★★★★★
이 게임은 제가 오랫동안 플레이해 본 게임 중 가장 디테일하고 실감 나는 게임 중 하나입니다. […] 가족과 친구들이 모두 서로의 점수를 뛰어넘으려고 노력할 정도로 중독성이 강합니다.
—Anna Douglas

★★★★★
""의대생과 간호대생을 위한 훌륭한 앱입니다. 정말 매력적이고 재미있고 교육적이에요. 정말 좋아요.""
—Bodhi Watts

★★★★★
""제가 본 최고의 학습 시뮬레이션 앱입니다. 지금 바로 다운로드하세요! 후회하지 않으실 거예요!""
—Rya K

FULL CODE 팔로우하기

Facebook: facebook.com/fullcodemedical
Twitter: @fullcodemedical
Instagram: @fullcodemedical
TikTok: @fullcodemedical
웹사이트: fullcodemedical.com
데스크톱에서 플레이: app.fullcodemedical.com",의료,https://play.google.com/store/apps/details?id=com.minerva_medical.minerva&hl=ko&gl=kr,,,,,,
android,kr,com.practo.fabric,Practo: Doctor Appointment App,"프락토(Practo)는 인도 최고의 헬스케어 앱으로, 의사 예약, 온라인 상담, 화상 상담, 가족 건강 관리 등을 제공합니다. 가까운 의사를 찾거나, 전문적인 의료 조언을 구하거나, AI 기반 건강 관리 가이드를 활용하고 싶을 때, 프락토는 쉽고 편리하게 양질의 의료 서비스를 이용할 수 있도록 지원합니다.

프락토를 통해 다음을 수행할 수 있습니다.
🔆 디지털, 채팅 및 화상 상담을 통한 온라인 의사 상담
🔆 가까운 의사를 찾아 예약하기
🔆 조건에 맞는 병원 찾기
🔆 증상 및 전문 분야에 따라 적합한 치료법 찾기
🔆 AI 기반 건강 가이드 및 의료 관련 기사와 팁 읽기

프락토는 의사에게 건강 관련 질문을 하고 전문적인 의료 조언을 받을 수 있는 헬스케어 앱입니다. 인도 전역의 사용자에게 서비스를 제공하는 프락토는 최고의 병원과 클리닉의 의사 및 의료 전문가로 구성된 최대 규모의 네트워크를 보유하고 있습니다.

프락토 프락토(Practo) 네트워크는 벵갈루루, 뭄바이, 푸네, 하이데라바드, 첸나이, 델리와 같은 1급 도시와 아메다바드, 부바네스와르, 찬디가르, 코임바토르, 마이소르, 러크나우, 수랏, 칸푸르, 루디아나, 나시크, 에르나쿨람과 같은 2급 도시를 모두 아우릅니다.

이제 인도인들은 화상 진료, 온라인 진료 또는 의사 채팅을 통해 건강 문제와 증상을 치료받을 수 있습니다. 25개 이상의 전문 분야에 걸쳐 온라인 의사 진료를 예약하고 집에서 편안하게 빠르고 신뢰할 수 있는 의료 조언을 받아보세요.

주요 전문 분야에서 흔히 나타나는 증상은 다음과 같습니다.
• 일반의: 감기 및 기침, 발열, 두통 🤧 🤕
• 산부인과: 불규칙한 생리, 무좀, 생리통 🙅‍♀️ 🙆
• 치과: 치통, 잇몸 출혈, 구내염 🦷 🥴
• 소아과: 발열, 아동 영양 상태, 야뇨증 👨‍👦
• 피부과: 가려움증, 색소침착, 여드름, 피부 발진 😰 😥
• 정형외과: 무릎 통증, 오십견, 근육통 💪 🦵
• 정신과: 불안, 정신 건강 문제, 우울증 🤯 😣
• 비뇨기과: 요로 감염, 빈뇨, 골반 통증
• 성의학: 전문적인 성 건강 상담 (비밀 보장)

개인 전화 상담, 의사 채팅 또는 화상 상담을 통해 건강 관련 문의 사항을 의사와 상의하세요. AI 기반 의료 안내를 통해 Practo는 여러분에게 맞는 전문의를 더 빠르게 찾아드립니다.

Practo는 다음과 같은 기능도 제공합니다.
✔ ​​최고의 의사 연결
✔ 100% 안전하고 보안이 강화된 온라인 의료 상담
✔ 무료 의사 채팅 후속 상담
✔ 집에서 편안하게 온라인 의사 예약
✔ AI 기반 건강 추천 및 AI 의료 지원으로 맞춤형 건강 관리 안내
✔ 일상적인 건강 문제에 대한 빠른 의료 상담을 위한 화상 상담 옵션

환자들이 Practo를 선택하는 이유

✔ 인도 전역 수백만 명이 사용하는 신뢰할 수 있는 의사 상담 앱
✔ 24시간 연중무휴 즉시 온라인 의사 상담 및 화상 상담
✔ 검증된 의사, 실제 환자 후기 및 투명한 진료비
✔ 안전한 디지털 의료 기록 및 처방전 보관
✔ AI 의료 지원으로 더욱 빠르게 적합한 의사 찾기

Practo에서 당신과 당신의 가족에게 맞는 의사를 찾아보세요. 거주 지역 내외의 모든 의사와 온라인으로 진료 예약을 하세요. 인도 전역 7만 개 이상의 병원과 클리닉에서 20만 명이 넘는 의사와 전문의를 만나보세요. Manipal, Fortis, Max, Kavery, Medicity, Cloudnine, Apollo, Rainbow Children's Hospital, Ovum, AIG, Sparsh 등 유수의 병원에서 진료 예약을 도와드립니다.

다음 세 가지 간단한 단계를 따라하세요.
🔎 이름, 전문 분야 또는 진료 절차로 거주 지역의 의사/전문의를 검색하세요.
🏨 환자 후기, 의사의 온라인 프로필, 위치, 진료비 및 경험 정보를 확인하세요.
👩🏽‍⚕️ 간편하게 온라인으로 진료 예약을 하세요.

첫 온라인 진료 상담부터 후속 진료까지, Practo는 인도에서 가장 신뢰받는 디지털 헬스케어 네트워크를 기반으로 구축된 AI 기반 헬스케어 경험을 제공합니다.

지금 Practo 앱을 다운로드하고 건강 커뮤니티에 참여하세요! 문의 사항은 support@practo.com으로 보내주세요. www.practo.com, Facebook, Twitter에서도 만나보실 수 있습니다.",의료,https://play.google.com/store/apps/details?id=com.practo.fabric&hl=ko&gl=kr,,,,,,
android,kr,com.react_viphealth,iClinicHealth,"iClinicHealth: 언제 어디서나 의료

환자를 위해 설계된 iClinicHealth(구 VIPHealth)는 언제 어디서나 의사와 연결할 수 있도록 하며 원격 검진 및 건강 관리 관리를 위한 원격 의료 서비스를 포함합니다. 이 응용 프로그램은 치료 조정을 개선하고 환자 치료 및 안전을 향상시키기 위한 목적으로 협업 및 커뮤니케이션을 위한 플랫폼입니다.",의료,https://play.google.com/store/apps/details?id=com.react_viphealth&hl=ko&gl=kr,,,,,,
android,kr,ai.thedeep.droracleandroid,Dr.Oracle AI Medical Assistant,"Dr.Oracle은 증거 기반 의학을 다른 어떤 리소스보다 빠르게 마스터할 수 있도록 설계된 세계에서 가장 강력하고 신뢰할 수 있는 의료 AI 도구입니다. 의과대학생, 레지던트, 간호사, 의사 보조원에게 절대적으로 필요한 기능입니다. 다음 의료 관리 단계에 대해 항상 알고 싶으시면 Dr.Oracle에 문의하세요. 지침에서 권장하는 내용을 알아보세요. 1차 문헌의 이면에 있는 합의를 즉시 이해합니다. 질문만 하면 복잡한 의학 주제를 이해하실 수 있습니다.

모든 의료 하위 전문 분야의 모든 의료 지침과 실시간 대화를 나누세요. 또한 당사의 AI는 PubMed에서 직접 의학 문헌을 읽고 이해하며 질문에 답할 때 실제 증거를 활용합니다. 우리는 답변에 대한 텍스트 내 인용을 제공하므로 귀하가 출처를 확인하고 인용할 수 있습니다. 우리의 AI는 출판된 문헌에 따라 말하는 모든 것이 100% 정확한지 확인하기 위해 스스로 사실을 확인합니다.

Oracle 박사는 사용자에게 다음을 허용합니다.
- 모든 임상 시나리오에 대한 지침 중심 의료 관리를 신속하게 결정합니다.
- 빠른 학습을 위해 어떤 주제에 대해서도 사실을 찾아보거나 완전한 대화를 나눠보세요.
- 출판된 문헌을 평가하고 연구 과정의 일부로 연구 결과, 강점 및 약점을 논의합니다.

참고: 생성된 답변을 활용할 때는 항상 최선의 임상적 판단을 내리십시오. 사실을 직접 확인하는 것을 잊지 마세요. 정보에 따라 조치를 취하기 전에 항상 의료 전문가와 상담하십시오. 이것은 의사를 대신할 수 있는 의학 교육 도구가 아닙니다.

당사 서비스는 유료 구독으로만 제공됩니다. 처음 사용자에게는 무료 평가판이 제공됩니다.",의료,https://play.google.com/store/apps/details?id=ai.thedeep.droracleandroid&hl=ko&gl=kr,,,,,,
android,kr,us.mobidoc.patient,"모비닥 - 건강기록, 혈압기록, 복약기록","매일 챙기는 내 건강, 한 곳에 모아두면 얼마나 편할까요?

오늘 잰 혈압, 어제 챙긴 약, 작년에 받은 건강검진 결과, 지난주 다녀온 병원 진료 기록까지 — 흩어져 있던 내 건강 정보를 모비닥 한 앱에 모아둘 수 있어요. 평소엔 내 손으로 건강을 기록하고, 필요한 순간엔 의사 선생님과 편안하게 연결될 수 있도록 도와드릴게요.

모비닥은 의사 선생님들과 함께 메디컬 플랫폼을 만들어가고 있어요. 환자와 의료기관 사이를 편안하고 믿을 수 있는 다리로 잇기 위해 계속 단장하고 있어요.

※ 모비닥은 의료기기가 아니에요. 어떤 질환도 진단·치료·예방하지 않으며, 의학적 판단은 의사 선생님께서 진료를 통해 직접 해주세요.

■ 흩어진 내 건강 기록, 한 곳에 모아요

- 혈압 기록
오늘의 혈압을 손쉽게 입력하고 그동안 어떻게 변해왔는지 한눈에 확인할 수 있어요.

- 약 복용 기록
처방전을 사진으로 찍으면 어떤 약을 언제 먹어야 하는지 자동으로 정리해드려요. 매일의 복용 여부도 체크할 수 있어요.

- 건강검진 결과 보관
지난 검진 결과를 모비닥에 보관해두면 시간이 지나도 다시 꺼내볼 수 있어요. 작년과 올해의 수치 변화도 비교해볼 수 있고요.

- 라이프로그
걸음 수와 운동량을 기록해서 매일의 활동을 돌아볼 수 있어요.

- 통증 기록
오늘의 통증을 가볍게 기록해두면 다음 진료 때 의사 선생님께 보여드리기 좋아요.

- 건강 참고 정보
의료 자문단이 검수한 최신 가이드라인을 바탕으로 혈압 단계 안내, 심혈관 건강 참고 정보를 보여드려요. 의사 선생님의 진단을 대신하는 건 아니지만, 내 건강을 이해하는 데 도움이 될 수 있어요.

■ 필요한 순간엔 의사와 연결돼요
평소 병원에서 받던 진료를 모비닥에서도 받을 수 있어요. 직접 병원에 가서 기다리는 불편함을 덜고, 내가 편한 시간과 장소에서 의사 선생님을 만날 수 있어요.

- 병원·의사 검색과 예약
지역, 진료과목, 증상으로 의료기관과 의사를 찾아 예약할 수 있어요. 새로운 UI에서는 예약한 병원 날짜도 한눈에 확인할 수 있어요.

- 비대면 진료 신청
의료법 비대면진료 시범사업 범위 안에서 의사 선생님과 화상·전화·채팅으로 진료를 받을 수 있어요. 진료 가능 여부와 의학적 판단은 의사 선생님께서 직접 결정해주세요.

- 처방전 약국 전송과 약 배달
진료 후 처방전이 발급되면 약국으로 보내드리고, 약사 선생님이 조제하신 약을 댁으로 배달해드릴 수 있어요.

- 진료비·약값 결제
원무과 수납 줄에 서지 않아도 모비닥에서 바로 결제할 수 있어요.

- 의사 선생님이 보내주는 칼럼
진료 후 의사 선생님이 따로 보내주시는 건강 콘텐츠와 칼럼을 모비닥 피드에서 받아볼 수 있어요.

■ 이럴 때 모비닥을 켜보세요
- 감기약을 3일 동안 챙겨 먹었는데 아직 몸이 좋아지지 않을 때
- 일주일 뒤로 예약했지만 그 사이에 진료가 더 필요해진 때
- 거동이 불편한데 약을 또 받아야 할 때
- 보채는 아이를 데리고 나가기 어려운 때
- 병원에서 한 시간 넘게 기다려야 할 때

이런 순간에 모비닥을 켜보세요. 나를 잘 아는 의사 선생님과 얼굴을 보며, 아픔을 덜어낼 수 있도록 모비닥이 도와드릴게요.

■ 의사 선생님들과 함께 만들어가요
모비닥의 의사 선생님들은 어떻게 하면 환자분들의 건강을 위해 잘 활용할 수 있을지 깊이 고민하고 계세요.
----
개발자 연락처 :
(주)플라잉닥터 덕양구 의장로 144 302호 (도내동,테마타워)
고양시, 경기도 10551
South Korea 4588702436 2021-고양덕양구-2701 고양시 덕양구청장",의료,https://play.google.com/store/apps/details?id=us.mobidoc.patient&hl=ko&gl=kr,,,,,,
android,kr,com.soldocapp,솔닥 - 비대면진료 소비자만족지수 1위,"[비대면진료 소비자만족지수 1위, 솔닥]

※ 2024 한경비지니스 비대면진료 소비자만족지수 1위
※ 2023 보건복지부 장관상 수상, 4차 산업혁명 파워코리아

🏥 모든 진료의 시작, 솔닥
- 비대면진료부터 비대면약처방까지 한 번에!
- 근처 병원찾기, 병원접수는 물론, 처방전, 진료확인서 등 각종 서류 자동 발급까지 올인원 디지털 의료 솔루션

📞 병원 대기 없는 원격진료
- 원하는 병원, 시간대 선택해 병원 방문 없이 비대면진료 받고, 가까운 약국에서 약 받으세요!
- 병원, 약국에서 기다리는 시간이 줄어듭니다.

💳 진료비 자동 결제
- 딱 한번, 자주 사용하는 결제수단을 등록하면 진료 완료 후 진료비를 앱에서 결제할 수 있어요!
- 진료 완료 후 처방전과 진료확인서, 진료비 영수증 등 서류를 모바일로 받아보세요!

🚚 모든 보습제 처방/배송 가능
- 더이상 보습제 찾아 헤매지마세요. 최다 보습제 라인업 보유한 솔닥에서 피부 건강을 위한 최적의 처방을 받아보세요.
- 처방 받은 보습제MD 제품은 택배로 수령 가능합니다.

💊 원하는 진료 과목 처방/진료 가능
- 피부과, 소아과, 내과, 가정의학과, 이비인후과, 안과, 산부인과 등 비대면진료 가능
- 탈모, 여드름, 안구건조증, 비만치료 등 직관적인 증상별 병원예약 가능

서비스 이용 중 불편 사항은 문의주세요.
이메일 : info@soldoc.co.kr
고객센터 : 02-6954-7676
솔닥(주)
서울시 강남구 학동로33길 17 3층
----
개발자 연락처 :
솔닥 주식회사 학동로33길 17
강남구, 서울특별시 06025
South Korea 284-87-00967 2021-서울강남-06329호 서울특별시 강남구",의료,https://play.google.com/store/apps/details?id=com.soldocapp&hl=ko&gl=kr,,,,,,
android,kr,com.aiforpet.pet,텔레벳 - 국내 최초 반려동물 비대면진료,"반려동물 비대면 진료, 텔레벳
 
● 국내 최초! 반려동물 비대면 진료 
- 오직 텔레벳에서만! 내원 스트레스 없이 1:1 영상 통화로 수의사와 만날 수 있어요.
- 안과질환으로 병원에 방문했다면, 비대면으로 진료 가능해요.
- 텔레벳의 비대면 진료 서비스는 과학기술정보통신부 ICT 규제샌드박스 심의위원회에서 승인된 실증 특례 사업입니다.

○ 텔레벳 앱 이용을 위한 접근 권한 및 목적 안내
- 카메라(필수) : 건강 체크 및 내 프로필, 반려동물 사진을 위한 촬영
- 마이크(필수) : 건강 체크를 위한 동영상 촬영
- 위치(필수) : 내 주변 병원/약국 검색
- 알림(필수) : 동영상 체크 결과 알림
- 알림(선택) : 건강 체크 주기, 접종 정보, 기념일, 상담, 이벤트 및 혜택 알림
- 사진(선택) : 건강 체크한 사진 임시저장, 사진 등록
- 선택 접근 권한은 특정 기능을 사용할 때 허용이 필요하며, 허용에 동의하지 않으셔도 텔레벳을 이용하실 수 있습니다.
- 텔레벳은 Android 9.0 버전 이상에서 사용 가능합니다.
 
○ 의료 서비스 면책 조항
- 본 서비스는 동물의 증상을 확인하여 진단에 도움을 주기 위한 보조 장치로, 수의사법에 저촉되지 않는 범위에서 사용할 수 있으며 질병의 진단은 반드시 전문 수의사가 수행하여야 합니다.
- 본 서비스와 관련하여 어떤 내용을 읽었다는 이유로 전문적인 의학적 조언을 무시하지 않아야 하며 전문적인 의학적 조언을 구하는 일을 지체하지 않아야 합니다.
- 본 서비스는 여하한 실수나 누락 혹은 의도하지 않은 기술적 오류, 제공된 자료의 오타에 대한 책임이 없습니다.
- 비대면 진료 서비스는 재진 환자를 대상으로 안과 질환에 한정하여 제공됩니다.
 
○ 문의사항이 있으신가요?
• 대표메일 [contact@aiforpet.com](mailto:contact@aiforpet.com)
----
개발자 연락처 :
(주)에이아이포펫 대한민국 서울특별시 서초구
서초구 방배천로2길 10 5층 (방배동,제이비아이빌딩)
06693 4698601629 제2024-서울서초-3260호 서초구청",라이프스타일,https://play.google.com/store/apps/details?id=com.aiforpet.pet&hl=ko&gl=kr,,,,,,
android,kr,com.cvrn.hold,"홀드 - 탈모 비대면 진료, 관리까지 한번에","<b>[탈모엔 홀드]</b>
병원진료예약부터 탈모관리까지
탈모 걱정은 홀드가 해결해드리겠습니다.

<b>[믿을 수 있는 탈모 전문 비대면 진료]</b>
 - 원격으로 편하게 받는 탈모전문의사의 진단과 처방을 받으세요.
 - 병원과 약국에 대한 탈모인들의 솔직한 평가를 확인할 수 있습니다.
 
<b>[탈밍아웃! 커뮤니티를 통한 고민상담]</b>
 - 익명 커뮤니티를 통해 탈모 고민은 나누고, 관리 노하우를 받아보세요.
 - 자문의사가 엄선한 매거진과 홀드의 탈모관리 최신뉴스를 확인해보세요.
 
<b>[탈모관리상품 전문 커머스]</b>
 - 홀드 회원에게만 제공되는 할인혜택과 함께, 홀드가 엄선한 상품들을 경험해보세요.
 
 
<b>키워드</b>
탈모, 탈모성지, 탈모성지 검색, 탈모시술, 탈모약",의료,https://play.google.com/store/apps/details?id=com.cvrn.hold&hl=ko&gl=kr,,,,,,
android,kr,com.bbros.sayup,"똑닥 - 병원 예약/접수, 실시간 대기순서","병원에서 힘들게 기다리지 말고, 원하는 곳에서 편하게 기다리세요!

""지금 병원에 가면 얼마나 기다려야 할까?""
▶ 병원 별 실시간 대기현황

""내 대기순서도 앱으로 알려주면 안되나?”
▶ 바로 접수+내 순서 확인

""다음 주에 영유아검진 받아야 되는데..""
▶ 원하는 날짜, 시간 예약

""주말, 공휴일에 문 여는 병원 어디지?""
▶ 전국 병원 검색

[서비스 이용 중 불편사항 문의]
- 앱 내 고객센터 챗봇 및 채팅 상담 제공
- 이메일 : cs@bbros.kr

[선택접근 권한]
- 알림: 푸시 알림 기능에 사용
- 위치: 현재 위치 기준 정확한 병원/약국 정보 표시
- 카메라: 사진 촬영, 처방전 QR코드 인식을 통한 등록 기능 제공
- 저장: 서비스 이용을 위해 필요한 사진 및 파일 저장

※ 선택적 접근 권한은 해당 기능 사용 시 요청하며, 동의하지 않아도 서비스 이용 가능
※ 휴대폰 설정 > 애플리케이션(앱) > 똑닥 > 앱 권한 메뉴에서 설정 변경 가능

[서비스 이용 필수 사양]
Android 9.0 이상
----
개발자 연락처 :
(주)비브로스 31/F
241 Wangsimni-ro
성동구, 서울특별시 04765
South Korea 114-87-13917 제 2025-서울성동-1848호 본인직접신고",의료,https://play.google.com/store/apps/details?id=com.bbros.sayup&hl=ko&gl=kr,,,,,,
android,kr,com.lukekorea.hello100,"헬로100 - 병원접수,진료예약,비대면진료,실손보험청구","헬로100 _내 손안에 병원 필수 앱!

◎ 비대면 진료: 병원 방문이 어려울 땐 언제 어디서나 앱으로 간편하게 비대면 진료받을 수 있어요.
◎ 오늘접수: 집에서 접수하고 순서에 맞춰 병원 방문하여 원내대기시간을 최소화할 수 있어요.
◎ QR접수: 병원 고유 QR코드 스캔으로 데스크를 거칠 필요 없이 앱으로 간편하게 진료접수 할 수 있어요.
◎ 진료예약: 병원진료를 원하는 날짜와 시간을 선택하여 진료예약이 가능해요.
◎ 진료수첩: 검사결과와 처방전, 진료비 영수증을 기록하고 편하게 관리해 보세요. 국가검진 문진표를 사전 작성하고, 앱에서 병원으로 전송할 수 있어요
◎ 실손보험청구: 번거로운 서류를 첨부하지 않고 앱에서 즉시 실손보험청구가 가능해요.
◎ 병원찾기: 내 근처 또는 내 증상에 맞는 병원을 쉽게 검색할 수 있어요.

*비대면진료는 보건의료기본법 제44조에 근거한 보건복지부 시범사업에 맞춰 운영되고 있습니다.


[헬로100 서비스 이용 및 제휴 문의]
- E-mail : hello100@eghishc.co.kr


※ 앱 접근 권한 안내
헬로100 APP은 서비스 제공을 위해 아래의 접근 권한을 필요로 합니다.

◎ 선택적 접근권한 (선택적 접근권한에 동의하지 않아도 서비스 이용이 가능합니다)
- 알림: 진료접수 안내, 순번 안내 등 서비스 이용 안내 알림을 제공하기 위해 필요합니다.
- 위치정보: 맞춤형 의료/병원정보 제공과 주변 병원과 약국을 찾기 위해서 위치정보가 필요합니다.
- 카메라:  QR코드를 스캔하여 진료접수, 비대면 화상통화 진료를 위해 필요한 권한입니다. 
- 사진: 프로필 작성, 비대면진료 접수 시 업로드할 사진 첨부를 위해 필요한 권한입니다.
- 전화: 병원/약국/고객센터 전화 걸기 기능 사용을 위해 필요한 권한입니다.
- 저장 : 서비스 이용을 위한 필요한 사진 및 파일 저장을 위해 필요한 권한입니다. 
※ 휴대폰의 설정 > 앱 정보 > 헬로100 > 앱 권한 에서 설정 변경이 가능합니다.

[고객센터]
- 주소 : 서울 강서구 마곡중앙5로 22, 8층 이지스헬스케어
- 전화번호 : 1566-9474
- E-mail : hello100@eghishc.co.kr",의료,https://play.google.com/store/apps/details?id=com.lukekorea.hello100&hl=ko&gl=kr,,,,,,
android,kr,com.kbsmc.mindoncare,강북삼성병원 비대면 온라인 심리상담 서비스 마음ON케어,"강북삼성병원의 기업정신건강 연구소와 함께하는 기업형 정신건강 케어 서비스.
모바일앱을 통하여 기업정신건강과 관련된 컨텐츠들을 제공받고 나의 고민도 매일매일 체크하면서 관리할 수 있습니다.

나의 마음상태가 힘이들거나 괴로울 때, 직장내 고민거리가 있을 때 전문 선생님과 직접 화상채팅을 통하여 도움을 받을 수 있습니다.

[앱 접근권한에 대한 고지]

[선택권한]
 알림(푸시메세지) : 공지사항, 2주케어, 힐링라이브, 전문가 상담 및 그룹케어 상담 진행 상태 등...의 정보 알림을 위함

* 선택적 접근권한은 관련 기능 사용 시 동의하실 수 있으며, 미동의 시에도 해당 기능 외 앱 서비스는 이용가능합니다.

* 접근권한 변경 방법 : 휴대폰 설정 > 애플리케이션 > 권한
* 알림(푸시메시지) 권한 변경 방법 : 앱 로그인 > 좌하단 메뉴 > 설정

■안드로이드 OS 6.0 미만 버전 스마트폰을 이용하시는 경우, 선택적 접근 권한 없이 모두 필수적 접근권한으로 적용될 수 있습니다.
  이 경우 운영체제를 6.0 이상으로 업그레이드 하고 앱을 재설치 하셔야 접근권한 설정이 정상적으로 가능합니다.


■ 기존 설치된 앱을 사용하시는 경우에는 앱을 삭제 후 재설치 하셔야 접근권한 설정이 가능합니다",라이프스타일,https://play.google.com/store/apps/details?id=com.kbsmc.mindoncare&hl=ko&gl=kr,,,,,,
android,kr,com.mdsqr.hospitalgo,아포 – 국내 최초 비대면 진료 앱,"**기존 MDTalk 에서 AHPO로 돌아온 대한민국 최초 비대면 진료앱! 아프면 ""아포""!**

정부가 허용한 비대면 진료 처방! 집에서 편하게 상담 받고, 처방전을 받아 보세요. 
언제 어디서나 의사 선생님과 모바일로 만날 수 있습니다.

[AHPO 주요기능]
▶ 다양한 진료과목 : 내과, 피부과, 소아과 등 원하는 전문의를 선택 
- 집에서 편하게 의사 선생님과 상담 받고, 처방전을 받으세요.

▶ 전자 처방전 발급 : 진료 후 인근 약국으로 바로 전송
- 대기시간 없이, 미리 약국에 전자 처방전 보내, 약 재고 확인 및 수령 시간 확인하세요.

▶ 가족 건강 기록 : 자녀·부모님 건강도 함께 관리  
- 간편하게 부담없이 궁금한 점을 의사 선생님에게 직접 물어보세요.
- 병원 갈 시간이 없을 때, 여행 중 병원 가기가 어려울 때 나만의 주치의를 만나보세요.

▶ 검증된 의료 네트워크 : 전문 의료진 프로필∙경력 투명 공개, 사용자 리뷰 제공
- 진문성과 신뢰를 기반으로 한 친절한 의료진 구성
- 상담 후 평가와 리뷰를 통해 선정되는 베스트 의사/병원 

▶ 1년 365일 24시간 언제든지
- 국내 뿐 아니라 해외에서도 24시간 실시간 예약 상담

AHPO, 이런 분들을 위해 만들어졌습니다! 
• 병원 갈 시간이 없는 바쁜 직장인  
• 자녀 또는 부모님의 진료가 필요한 가족 건강관리  
• 시간과 장소에 구애 받지 않는 스마트한 건강 관리를 원하는 누구나  
 
AHPO는 단순한 비대면 진료 앱이 아닙니다!  
지속 가능한 건강 관리를 위한 당신만의 헬스 파트너입니다. 

지금 바로 시작해보세요  
바쁜 일상 속 건강을 놓치지 않도록 AHPO와 함께 지금 바로 의사와 상담해보세요.  

지금 다운로드하고, 첫 상담을 바로 받아보세요! 
 
지금 AHPO를 다운로드하고 바쁜 일상 속에서도 건강을 챙겨보세요.  
언제 어디서나 의료진과 안전하게 상담할 수 있는 당신의 헬스 파트너, AHPO! 

앱 사용 중 불편하신 점이 있다면 언제든지 연락 주세요. 
ask@mdsqr.com 
전화번호 : 02-6953-3693
----
개발자 연락처 :
(주)엠디스퀘어 Rm 105 2/F
586 Gangnam-daero
강남구, 서울특별시 06043
South Korea 455-88-00381 2017-서울강남-00882 본인직접신고",의료,https://play.google.com/store/apps/details?id=com.mdsqr.hospitalgo&hl=ko&gl=kr,,,,,,
android,kr,com.sokdoc.medisol,속닥속닥 - 쉽고빠른 병원예약/빠른접수/비대면진료,"쉽고 빠른 병원예약 속깊은닥터 '속닥속닥'

진료가 필요한 순간, 속닥속닥이 가장 빠르게 도와드릴게요.
----
개발자 연락처 :
(주)메디쏠 대한민국 서울특별시 송파구
송파구 법원로 128, C동 1010호(문정동, 문정에스케이브이운엘지메트로시티)
05854 7978801455 1661500242744311 송파구청장",의료,https://play.google.com/store/apps/details?id=com.sokdoc.medisol&hl=ko&gl=kr,,,,,,
android,kr,com.opusone.doctoron,닥터온 (DoctorOn),"전문의를 만나는 가장 빠른 방법
종합병원 및 대학병원 근무 이력이 있으신 전문의를 중심으로 온라인 종합병원을 구축하여 세부적인 온오프라인 진료 서비스를 제공합니다.

[환자중심의 비대면진료]
전문이의 판단에 따라 비대면 진료후 처방전을 통한 약 배달이 가능합니다. 병원내원이 필요하다면 환자의 상태에 따라 가장 적합한 병원을 안내합니다.
* 현재 약 당일 배송은 서울 전지역, 성남시에 한해 제공되며 그외 지역은 택배발송이 가능합니다. 또한 처방전을 개별 인쇄 하시면 원하시는 근처약국에서 조제가 가능합니다.

[국가건강검진 전문의 해석]
국내 정상급 전문의가 1년간 연구하여 건강검진 결과를 최신 학회 가이드라인에 맞춰 재해석 해드립니다. 내과선생님께 직접 들었을 개인건강 종합보고를 받아보세요.

[내 손안에서 이루어지는 정말의학 DTC 유전자 검사]
타액으로 약 70종의 유전자 분석을 통해 당신이 몰랐던 피부 컨디션, 탈모 가능성, 영양소등 다채로운 정보를 확인해보세요. 정밀의학의 새로운 시작을 실현합니다.

[쉽고 빠르고 편하게]
등록된 카드로 진료비, 약제비, 배송비 결재가 가능합니다.
가족등록을 통해 아이들이나 부모님들을 편하게 진료할수 있습니다.

[안전한 복약지도]
앱과 배송되는 약 패키지에 복약지도가 들어있습니다. 꼭 복약지도를 숙지하고 복용하시기 바랍니다.

[앱 사용 및 서비스 협력 문의]
㈜ 오퍼스원 대표 김기영 사업자등록번호168-86-00111
주소경기도 성남시 분당구 판교로 289번길 20 2동 2층
전화031-717-1425 이메일info@doctoron.kr

[의료 컨텐츠 제공]
㈜ 티엘씨헬스케어 대표이의성 사업자등록번호848-87-01998

*닥터온은 보건복지부 공고 제2020-177호, 제2020-889호에 따라 감염병의 예방 및 관리에 관한 법률 제4조 및 제 49조의3, 보건의료기본법 제39조, 제40조 및 제44조, 의료법 제59조 제1항에 근거하여 이용 가능합니다.",의료,https://play.google.com/store/apps/details?id=com.opusone.doctoron&hl=ko&gl=kr,,,,,,
android,kr,com.lemonhc.mcare.dongkang,동강병원,"동강병원 모바일 환자용앱은 진료예약에서 부터 처방전 전송 및 실손보험청구까지 병원의 모든 의료서비스를 모바일앱을 통해 편리하게 이용하실 수 있습니다. 

ㅇ 내 일정
 병원에서의 진료일정을 한번에 보실 수 있습니다.
 오늘 일정 및 미래의 일정을 조회할 수 있어요.

ㅇ 진료예약
 모바일앱에서 진료예약을 간편하게 할 수 있습니다.
 예약내역도 조회/취소 할 수 있어요.

ㅇ 검사결과조회
 과거의 검사결과를 모바일앱을 통해 간편하게 조회 할 수 있습니다. 

ㅇ 진료내역
 병원에서 진료 본 내역을 간편하게 확인할 수 있습니다.
 외래, 입원 모두 확인 가능해요.

ㅇ 처방약조회
 병원에서 처방 받은 약을 한눈에 확인할 수 있습니다.


# 환자경험과 관련한 서비스가 계속 추가될 예정입니다.",의료,https://play.google.com/store/apps/details?id=com.lemonhc.mcare.dongkang&hl=ko&gl=kr,,,,,,
android,kr,com.bit.baro_doctor_android,"바로닥터 - 비대면진료, 병원 예약 및 접수",어디서든 손쉽게 바로닥터 어플리케이션을 통해 비대면진료 및 방문진료를 예약 혹은 접수를 진행하세요.,의료,https://play.google.com/store/apps/details?id=com.bit.baro_doctor_android&hl=ko&gl=kr,,,,,,
android,kr,com.isam,이샘병원,"진료 후 실시간진료예약 및 검사 후 혈액,영상검사등의 서비스를 제공합니다
----
개발자 연락처 :
마케팅코리아 대한민국 부산광역시 해운대구
해운대구 센텀중앙로 97, A동 10층 1011호 (재송동,센텀스카이비즈)
48058 6172774398 2020-부산해운대-0300 부산시 해운대구청",의료,https://play.google.com/store/apps/details?id=com.isam&hl=ko&gl=kr,,,,,,
android,kr,com.evidnet.medi_pangpang,메디팡팡 - 터치 몇 번으로 비대면 진료,"메디팡팡에서 쉽고 편하게 비대면 진료를 받으세요~
병원에 직접 방문하기 어려운 분들을 위해 비대면 진료 서비스를 쉽고 편하게 강화했습니다.
전국 어디에서나, 평일 저녁과 주말에도 의사 선생님과 화상으로 원격진료가 가능합니다

● 언제 어디서나 쉽고 편리한 비대면 진료
질환, 진료과를 선택하여 나에게 맞는 의사 선생님을 선택할 수 있어요. 
평일은 물론, 저녁과 주말에도 메디팡팡에서 비대면 진료 서비스를 이용해보세요. 

● 앱 사용이 어려운 가족을 위한 대리 예약
스마트폰 사용이 힘든 부모님, 자녀를 위해 가족으로 등록 후 비대면 진료 대리 예약이 가능해요. 이제 가족관리를 통해 메디팡팡에서 온 가족이 함께 비대면 진료를 받아보세요. 

● 퀵서비스로 더욱 빠르고 편리한 약 배송
처방전을 받으셨다면 가까운 약국에 방문하여 보여주거나, 약국에 택배 배송을 요청할 수 있어요.
더욱 빠른 약 배송을 원한다면 메디팡팡 앱에서 퀵서비스를 이용해보세요. 

● 지난 진료 내역, 약 처방전도 쉽고 간편하게 관리
언제 어느 병원에서 진료를 받고, 어떤 약이 처방 되었는지 한눈에 확인할 수 있어요 

● 흩어져있는 내 진료내역과 건강검진 기록을 한번에 조회
’내 건강기록 가져오기’를 통해 국민건강보험공단에서 제공하는 진료 및 조제, 건강검진 기록은 물론, 국내 20여개 대형 병원에서 진료받은 내역도 한번에 모아볼 수 있어요.

● 이전에 진료받았던 내역, 건강검진 결과를 의사에게 바로 공유
’스마트진료(내 건강기록 공유하기)’를 이용하면 병원을 옮기거나 다시 검사를 받아야 할 때, 예전 의사에게 소견서를 받을 필요 없이 내 진료내역과 건강검진 기록을 새로운 의사에게 바로 공유할 수 있어요.

● 보험금 청구도 간편하게, 보험 가입심사도 쉽고 빠르게
제휴 보험사에서 서류없이 간편 보험금 청구가 가능하고, 보험 가입심사에 필요한 의료서류를 앱에서 쉽고 빠르게 제출할 수 있어요.

앞으로도 건강기록을 활용한 맞춤 건강 서비스를 더 많은 고객이 더욱 편리하게 경험할 수 있도록 계속 노력할 테니 지켜봐 주세요!


(주)에비드넷
경기도 성남시 분당구 판교로 323 투썬벤처포럼빌딩 5층 / contact@evidnet.com

메디팡팡은 국내 50여개의 대형 종합병원 및 의료기관과 협약하여 6,000만명 환자의 300억 건이 넘는 의료 빅데이터를 빠르고 정확하게 분석/활용하여 의료 연구 솔루션과 다양한 서비스를 제공하고 있는 ‘(주)에비드넷’에서 운영하고 있습니다. 
메디팡팡에서는 국내 대형병원과 함께 진행한 마이데이터 실증사업을 기반으로 개인 맞춤형 토탈케어 서비스를 제공합니다. 나의 의료데이터를 조회하고 이를 바탕으로 비대면 진료 서비스를 제공하고 있으며, 건강 나이 및 질병 예측 시스템 등 다양한 AI 큐레이션 서비스를 준비하고 있습니다.",의료,https://play.google.com/store/apps/details?id=com.evidnet.medi_pangpang&hl=ko&gl=kr,,,,,,
android,kr,com.lemonhc.mcare.andong,안동병원,"안동병원을 편리하게 이용할 수 있는 모바일 어플리케이션 입니다
설치하시면 안동병원에서 아래와 같은 다양한 서비스를 받으실 수 있습니다.
-내일정
병원에서의 진료일정을 한번에 보실 수 있습니다.
진료와 관련된 단계별 설명을 볼 수 있어요
-진료예약
모바일앱에서 진료예약을 간편하게 할 수 있습니다.
예약내역도 조회할 수 있어요
-진료비결제
진료비 수납을 모바일에서 편리하게 결제 할 수 있습니다.
-진료대기순서
진료대기순서를 어디에서든 확인할 수 있습니다.
진료실 앞이 아니라 커피숍에서 기다리셔도 돼요
-진료내역
병원에서 진료 본 내역을 간편하게 확인할 수 있습니다
외래, 입원 모두 확인 가능해요
-처방약조회
병원에서 처방 받은 약을 한눈에 확인할 수 있습니다
 
환자경험과 관련한 서비스가 계속 추가될 예정입니다.",의료,https://play.google.com/store/apps/details?id=com.lemonhc.mcare.andong&hl=ko&gl=kr,,,,,,
android,kr,com.lemonhc.mcare.jesuh,예수병원,"예수병원을 편리하게 이용할 수 있는 모바일 어플리케이션 입니다
설치하시면 예수병원에서 아래와 같은 다양한 서비스를 받으실 수 있습니다.

-내 일정
병원에서의 진료일정을 한번에 보실 수 있습니다.
진료와 관련된 단계별 설명을 볼 수 있어요
-진료예약
모바일앱에서 진료예약을 간편하게 할 수 있습니다.
예약내역도 조회할 수 있어요
-진료대기순서
진료대기순서를 어디에서든 확인할 수 있습니다.
진료실 앞이 아니라 커피숍에서 기다리셔도 돼요
-진료이력
병원에서 진료 본 내역을 간편하게 확인할 수 있습니다
외래, 입원 모두 확인 가능해요
-처방약조회
병원에서 처방 받은 약을 한눈에 확인할 수 있습니다

환자경험과 관련한 서비스가 계속 추가될 예정입니다.",의료,https://play.google.com/store/apps/details?id=com.lemonhc.mcare.jesuh&hl=ko&gl=kr,,,,,,
android,kr,com.lemonhc.mcare.bobathh,보바스병원,"설치하시면 병원 내에서 편리하게 진료를 받는 것은 물론, 병원 밖에서도 쉽게 병원의 서비스를 이용할 수 있도록 다양한 기능을 제공합니다.
 
- 내 일정
병원에서의 진료 일정을 한 번에 보실 수 있습니다.
진료와 관련된 단계별 설명을 볼 수 있어요
- 진료 예약
모바일 앱에서 진료 예약을 간편하게 할 수 있습니다.
예약 내역도 조회할 수 있어요.
- 검사결과조회
환자 본인의 검사결과를 쉽고 간편하게 조회 할 수 있습니다.
- 진료내역조회
병원에서 진료 본 내역을 간편하게 확인할 수 있습니다.
외래, 입원 모두 확인 가능해요.
- 처방약조회
병원에서 처방 받은 약을 한눈에 확인할 수 있습니다.
 
환자 경험과 관련된 병원 서비스가 계속 업데이트 예정입니다.",의료,https://play.google.com/store/apps/details?id=com.lemonhc.mcare.bobathh&hl=ko&gl=kr,,,,,,
android,kr,com.persly.app,퍼슬리: 내 병원 기록 학습한 AI 닥터 건강 상담,"<font color=""#0000FF"">▶ 내 모든 병원 기록을 학습한 AI, 퍼슬리 (AI 닥터 건강 상담)
▶ OpenAI의 HealthBench Hard 기준 65점 달성, GPT-5(45점)보다 44% 정확한 성능을 보여요.</font>

■ 주요 기능 및 지원 질환

<font color=""#2BC298""><b>1️⃣ 클릭 한 번으로 당신의 모든 병원 의무기록을 불러올 수 있어요.</b></font>
클릭 한 번에 당신의 80년치 병원 의무기록을 불러오세요. 의사 진료노트, 검사결과 수치, 상세 처방내역 등 모든 기록을 무료로 가져올 수 있어요! (전국 대학/종합병원 지원)

<font color=""#2BC298""><b>2️⃣ AI 주치의는 당신의 건강상태를 기억해요</b></font>
당신의 질문과 장기적인 건강 상태 및 추이를 기억해, 내 상태에 정확히 필요한 답변을 제공해요.

<font color=""#2BC298""><b>3️⃣ 전 세계 의료기관/대학 병원의 검증된 답변</b></font>
AI의 거짓말에 지치셨나요? 퍼슬리는 의료 답변에 최적화된 에이전트 방식을 통해 1억개가 넘는 전 세계 의료기관/병원의 데이터에서만 정답을 찾아드려요. 

<font color=""#2BC298""><b>4️⃣ 문장별 출처 표기로 팩트체크 필요 X</b></font>
AI 답변, 다시 검증하느라 번거로우셨죠? 퍼슬리는 문장별로 공식 출처를 제공해 팩트체크가 전혀 필요 없어요.

<font color=""#f00""><b>5️⃣쉽고 정확한 검사결과 해석을 도와드려요.</b></font>
병원에서 받은 검사결과지를 사진으로 찍어 올려보세요. 복잡한 내용을 쉽게 이해하도록 정확한 해석을 제공하는 것은 물론, 비교 추이도 분석해주고 추가적인 질문에도 답변해드려요. OCR 전용 AI모델을 활용해 챗GPT보다 더 정확한 검사결과 해석을 제공해요.

<font color=""#f00""><b>6️⃣ 민감한 건강정보, 철저한 3중 보안</b></font>
퍼슬리는 접근 통제, 안전 저장, 강력한 사용자 통제 권한이라는 철저한 3중 보안 원칙으로 운영됩니다. 
[1st] 접근 통제: ​사용자의 대화·업로드 정보는 개인 식별 정보와 철저히 분리되어 저장되며, 권한 있는 최소한의 인원만이 서비스 운영에 필수적인 경우에만 확인 가능하도록 통제됩니다.
[2nd] 안전 저장: ​퍼슬리는 모든 전송·저장 과정을 철저한 보안 조치를 통해 관리합니다. 모든 개인정보는 외부에 무단 공개되지 않습니다.
[3rd] 강력한 사용자 통제: ​사용자는 언제든 대화·업로드 기록 삭제를 요청할 수 있습니다. 개인정보 활용 동의 및 범위도 언제든 변경하거나 철회 할 수 있습니다.​

<font color=""#2BC298""><b>📌 증상부터 복약까지, 투병 과정에 진짜 도움을 드려요.</b></font>
병원 진료 전후, 궁금한 점이 생기셨나요?
복약 관리, 의료 상담, 검사 및 치료 정보, 약 부작용, 건강 관리 정보 등에 도움이 필요하신가요?
당신의 그 어떤 질문에도 답변해드려요.

--
주요 질환 별 추가 관리 정보까지 제공해요!

1. 암 케어 및 종양 관리
암환자 여러분, 진단 후 막막하신가요? 퍼슬리는 다양한 암 종류에 대한 정보와 체계적인 건강 관리 방법을 제공합니다.
- 유방암 수술 후 관리 및 항암 부작용 기록
- 흑색종 등 피부암 증상 및 조기 발견 정보
- 췌장암, 간암, 담낭암 등 소화기 계통 암 정보 제공
- 고환암 및 각종 육종, 골육종 등 희귀 암 정보 제공
- 체내 종양 발견 시 대처법 및 아만자 맞춤형 답변
- 증상 및 부작용, 약, 식단 가이드 및 의료 상담

2. 뇌질환 및 신경계 건강
장기적인 관리가 필요한 뇌 질환, 퍼슬리가 함께 기록하고 지켜봅니다. 뇌졸중 및 치매 예방을 위한 파트너입니다.
- 치매 및 알츠하이머 환자 보호자를 위한 증상 기록 및 진행 단계 체크
- 파킨슨 병의 진행 단계별 관리 정보 및 운동 가이드
- 뇌졸중 전조증상 파악 및 발병 후 재활 가이드
- 만성적인 편두통 패턴 분석 및 이명 증상 관리
- 간질 발작 대처법 및 루게릭 병, 수두증 등 난치성 신경 질환 정보 제공
- 증상 및 부작용, 약, 식단 가이드 및 의료 상담

3. 심장 및 혈관 건강
생명과 직결되는 심장과 혈관, 꼼꼼하게 체크하세요. 심장질환은 꾸준한 수치 관리가 필수입니다.
- 심혈관 질환 위험도 분석 및 심장 건강 수치 관리
- 고혈압 및 저혈압 환자의 혈압 수첩 및 식단 가이드
- 고지혈증 관리를 통한 혈관 건강 개선 및 합병증 예방
- 부정맥 및 심방세동 증상 모니터링과 응급 상황 대처법
- 심부전 환자의 일상 생활 수칙 및 심장질환 관리 정보
- 증상 및 부작용, 약, 식단 가이드 및 의료 상담

4. 정신건강 및 마음 챙김
말 못 할 마음의 병, AI에게 털어놓고 위로받으세요. 당신의 정신건강을 최우선으로 생각합니다.
- 우울증 자가 진단 및 기분 일기 작성을 통한 마음 관리
- 불면증 개선을 위한 수면 패턴 분석 및 숙면 가이드
- 성인 ADHD 증상 체크 및 자폐 스펙트럼 정보 제공
- PTSD (외상 후 스트레스 장애) 및 트라우마 극복 지원
- 거식증 및 폭식증 등 섭식 장애 고민 상담과 스트레스 관리
- 증상 및 부작용, 약, 식단 가이드 및 의료 상담

5. 비뇨기, 희귀질환 및 시크릿 존
남에게 묻기 부끄러운 성병 고민도 익명으로 편하게 질문하세요. 희귀 질환 정보도 정확하게 알려드립니다.
- 헤르페스, 매독, 에이즈 등 각종 성병 증상 체크 및 예방 가이드
- 크론 병 등 만성 염증성 질환 및 희귀 질환 정보 제공
- 증상 및 부작용, 약, 식단 가이드 및 의료 상담

6. 의료 기록 연동 지원 가능한 병원
- 국내 ""모든 병원""의 의료기록을 연동 가능해요.
- 모든 대학 병원: 아산병원, 서울대학교병원, 세브란스병원, 삼성서울병원, 분당서울대병원, 고대 안암병원, 강북삼성병원, 성모병원, 가톨릭병원, 부산대병원, 아주대학교병원, 차병원, 서울대병원 등 모든 상급 종합 병원과의 연동 지원
- 전국 지방 병원: 건양대병원, 부산대병원, 전북대병원, 충북대병원, 충남대병원, 인하대병원, 아주대병원, 전남대병원 등 모든 지방 병원과의 연동 지원
- 전국 동네 병원: 전국 9만 7천개의 모든 병원과의 연동 지원

자가진단, 챗봇, 건강검진 후 질문, 의약품, 의학 용어 해석, 약 정보, 건강데이터, 치과, 혈당, 당뇨 관리, 의료기록 분석, 환자, 건강기록, 병원정보, 처방 내역, 병원상담, 전화진료, 주치의, 비대면진료, 병원 최저가, 최저가 병원 찾기, 다이어트, 처방약, 성형수술, 성형, 우울증, 백신, 주사, 약국 찾기, 마음 건강,

*본 서비스는 질병의 진단·예방·치료를 목적으로 하지 않으며, 의료진의 전문적 판단을 대체하지 않습니다. 공신력 있는 기관의 자료를 검색/요약해 사용자에게 맞춤형 건강정보를 제공하는 것을 목적으로 합니다. 개별 의료 상담은 반드시 전문 의료인과 상의해 주세요.

----
서울 AI 허브 (강남데이터센터) B동 406호 주식회사 퍼슬리 (서울시 서초구 양재동 224)
South Korea 241-81-03586 제2025-용인기흥-01304호 본인 직접 신고
개발자 연락처 : contact@perslyai.com

이용약관 : https://www.perslyai.com/agreements/terms
개인정보처리방침 : https://www.perslyai.com/agreements/privacy
----
개발자 연락처 :
주식회사 퍼슬리 중구 퇴계로36길 2, 905호 (필동2가, 동국대학교 충무로 영상센터)(필동2가, 본관)
중구, 서울특별시 04626
South Korea 241-81-03586 제2025-용인기흥-01304호 본인 직접 신고",의료,https://play.google.com/store/apps/details?id=com.persly.app&hl=ko&gl=kr,,,,,,
android,kr,it.doctor40.app,Doctor 4.0,"당신의 의사는 항상 당신과 함께 있습니다!
Doctor 4.0 애플리케이션을 사용하면 DOCTOR와의 완전하고 무료 인터페이스가 가능합니다.

위치 파악, 기계의 정상적인 작동 이해, 온도, 진동, 소리 및 유량 임계값 확인 및 관리, 비정상적인 추세에 대한 푸시 알림 수신, 켜기, 끄기, 속도 변경 명령 ​​보내기 등이 가능합니다.

안내된 등록 절차를 통해 의사를 신속하고 실용적이며 기능적으로 추가할 수 있습니다.",생산성,https://play.google.com/store/apps/details?id=it.doctor40.app&hl=ko&gl=kr,,,,,,
android,kr,com.gamehouse.hm4gp,하트의 묘약 - 의사의 선서,"광고와 함께 무료로 플레이하거나 gamehouse+ 앱에서 더 많은 게임을 즐기세요! GH+ Free 회원으로 광고 덕분에 100개 이상의 게임을 무료로 잠금 해제하거나, GH+ VIP로 업그레이드하여 이 게임 및 다른 게임에서 독점 혜택을 얻고, 광고 없는 플레이와 대부분의 게임에서 오프라인 접근, 그리고 더 많은 VIP 혜택을 누리세요!

GameHouse와 Blue Giraffe가 인기 의사 캐릭터 앨리슨 하트가 출연하는 최신 스토리 게임을 선보입니다!
하트의 묘약 - 의사의 선서는 진지한 의학 드라마에 캐주얼 게임의 요소가 어우러진 감동적인 이야기입니다. 본 게임은 긴장감 넘치고 개성 있는 이야기, 오리지널 싱어송라이터의 음악, 섬세한 아트워크와 애니메이션, 중독성 강한 게임 플레이, 따뜻한 감동을 선사합니다. 훌륭한 이야기에 초점을 맞춘 게임을 좋아하신다면, 이 게임도 즐겁게 플레이할 수 있을 겁니다!

*  정체 불명의 질병 치료약을 찾기 위해 동분서주하면서 의사의 삶을 경험해 보세요!
*  외래병동부터 시체안치소까지 6가지 흥미진진한 신규 병원 부서를 누비면서 치료약을 찾아내세요
*  저희의 무료 플레이 플랜을 통해 추가 요금 없이 전체 게임을 플레이하세요
 *   더욱 많은 레벨을 플레이할 수 있습니다! 출시와 함께 240개의 레벨이 제공되며, 앞으로 더 많은 레벨이 추가될 예정입니다!
*  다양한 부가 콘텐츠! 새로운 스토리를 잠금 해제하고, 캐릭터 레벨을 올려서 유용한 보너스를 받고, 당신이 원하는 업그레이드를 구입하세요
*  기니피그 친구들인 올리버, 펑키, 올리브와 함께 파티를 즐기세요
*  진정한 의사가 되어 새로운 의료 미니게임을 마스터하세요
*  향후 새로운 레벨이 추가되기 때문에 더 오랫동안 게임을 즐길 수 있습니다!

정식 의사가 되기에 앞서 퀸스버로우 브릿지 병원에서 인턴 마지막 순환 근무를 시작하는 앨리슨을 따라가세요! 하지만 안타깝게도, 앨리슨에게는 시련이 끊이지 않습니다. 외래병동 과장인 어미 박사는 앨리슨이 마음에 들지 않는지 낙제 점수를 주겠다고 으름장을 놓고 있습니다. 시간이 갈수록 의사의 꿈이 멀어지는 것을 직감한 앨리슨은 해결책을 강구하지만, 도저히 찾을 수가 없습니다.
그러던 어느 날, 수수께끼의 병을 가진 환자가 병원에 입원을 하고, 결국 코너, 소피아, 어미 박사 등 몇 명의 의사들도 그 병에 감염되고 맙니다. CDC는 급기야 퀸스버로우 병원을 격리시키고, 이제 감염자들의 죽음을 막을 수 있는 치료약을 만들기 위해 시간과의 싸움이 시작됩니다.
앨리슨이 시간 내에 치료약을 찾아서 사람들을 구할 수 있도록 도와주세요! 하트의 묘약 – 의사의 선서에서 사랑, 치열한 액션, 현실감 넘치는 드라마, 우스꽝스러운 순간, 삶의 기적을 모두 경험하세요.

<b>새로운 소식! Gamehouse+ 앱으로 완벽한 플레이 방법을 찾아보세요!</b> GH+ 무료 회원으로 광고와 함께 100개 이상의 게임을 무료로 즐기거나, 광고 없는 플레이, 오프라인 접근, 독점 인게임 혜택 등을 위해 GH+ VIP로 업그레이드하세요. gamehouse+는 단순한 게임 앱이 아닙니다—모든 기분과 '나만의 시간' 순간을 위한 플레이타임 목적지입니다. 지금 구독하세요!",캐주얼,https://play.google.com/store/apps/details?id=com.gamehouse.hm4gp&hl=ko&gl=kr,,,,,,
android,kr,homeworkout.homeworkouts.noequipment,홈 트레이닝 - 기구가 필요 없습니다,"홈 트레이닝 은 모든 주요 근육 그룹을 위한 일일 운동 플랜을 제공합니다. 하루에 몇 분만 투자하면 헬스장에 갈 필요 없이 집에서 근육을 키우고 건강을 유지할 수 있습니다. 기구나 트레이너가 필요 없습니다. 모든 운동은 자신의 몸무게를 이용해 할 수 있습니다.

이 앱은 복근, 가슴, 다리, 팔, 그리고 신체 전체를 위한 운동을 선보입니다. 모든 운동은 전문가들이 디자인했습니다. 기구가 필요한 운동은 아무것도 없기 때문에 헬스장에 가지 않아도 됩니다. 집에서 하루에 몇 분만 투자해도 효과적으로 근육을 키우고 선명한 복근을 만들 수 있습니다.

준비운동 및 스트레칭은 과학적으로 운동할 수 있도록 디자인되었습니다. 각 운동을 위한 애니메이션 및 동영상 가이드로 올바른 자세로 운동 할 수 있게 됩니다.

저희 앱을 꾸준히 이용하면 단 몇 주만에 신체가 변하는 것을 느낄 수 있게 됩니다.

기능
- 준비운동 및 스트레칭 루틴
- 운동 진행 상황 자동 저장
- 차트로 체중 변화 추적
- 운동 시간 알림 사용자 정의
- 자세한 동영상 및 애니메이션 가이드
- 개인 트레이너로 체중 감량
- SNS에서 친구들과 공유",건강/운동,https://play.google.com/store/apps/details?id=homeworkout.homeworkouts.noequipment&hl=ko&gl=kr,,,,,,
android,kr,homeworkoutapp.homeworkout.fitness.workout.loseweight,홈트레이닝: 운동,"홈트레이닝은 근육을 빌드하거나 체중 감량, 또는 건강 유지와 같은 여러분의 고유한 목표를 충족시켜주는 종합적인 피트니스 솔루션입니다. 집에서 편안하게, 체육관이나 운동기구가 필요 없이, 특정한 주요 부위를 목표로 하는 매일의 운동 루틴을 즐겨보세요.

체중을 감량하고 근육을 빌드하려고 노력하고 있지만 결과가 나오지 않나요? 목표 부위를 효과적으로 운동하고 싶으신가요? 피트니스 전문가가 설계한 맞춤 계획을 통해, 단 4주 만에 집에서도 쉽게 뚜렷한 결과를 얻을 수 있습니다. 또한, 홈 트레이닝 앱은 복근, 가슴, 엉덩이와 다리, 팔, 그리고 전신을 위한 매우 효과적인 목표 지향적인 운동을 제공하여 이러한 특정 근육 그룹에 대한 최대의 훈련 혜택을 보장합니다.

<b>놓칠 수 없는 특징과 혜택:</b>
🔥 개인 맞춤형 운동 계획:
체중 감량, 근육 증가, 또는 체력 유지를 목표로 맞춤 설정됩니다.
📌 특정 부위 집중:
복근, 가슴, 엉덩이 및 다리, 팔, 전신에 초점을 맞춘 운동.
💪 모든 피트니스 레벨에 적합:
초보부터 프로까지 수준에 맞게 조절됩니다.
🏠 집에서 운동:
운동 장비가 필요하지 않고 집에서 결과를 얻을 수 있습니다.
🎓 전문가가 설계한 운동:
최대 결과를 얻기 위한 유산소, 근력, 회복 훈련의 조합.
🧩 다양한 홈 워크 아웃:
보디빌딩 및 근력 훈련, 체중 감량 운동. 복근, 상체, 다리, 전신, HIIT, 워밍업 및 스트레칭 등의 운동을 포함합니다.
📊 스마트 프로그레스 추적:
진행 상황을 자동으로 기록하고 동기를 부여합니다.
⏰ 매일 알림:
운동을 놓치지 않고, 헌신을 유지할 수 있도록 합니다.
🔝 상세한 비디오 안내:
안전하고 효과적인 운동을 위한 전문가 지도.

<b>효과적인 근육 증가 및 근력 훈련 앱</b>
가장 효과적인 근육 증가 운동을 준비하셨나요? 우리 앱은 입문자부터 피트니스 전문가까지 가장 포괄적인 피트니스 경험과 최고의 결과를 제공하도록 설계되었습니다.

<b>체중 감량 및 지방 연소 앱</b>
여분의 지방을 제거하고 조각난 체형을 달성하고 싶다면, 여기에서 가장 효과적인 지방 연소 운동을 찾을 수 있습니다! 고도로 효과적인 지방 연소 운동을 연속으로 조합하여 더 적은 시간에 더 많은 칼로리를 태우고 HIIT 통합을 통해 결과를 극대화할 수 있습니다!

<b>편리한 홈 워크 아웃 앱</b>
저희 앱을 이용하여 집을 떠나지 않고 편안함 속에서 피트니스 목표를 달성하세요. 저희는 일상 생활에 편리한 루틴을 위해 기구가 필요 없는, 체중만을 이용하는 다양한 홈 운동을 제공합니다.

<b>다양한 운동</b>
저희는 근력 훈련, 여섯 팩 복근 운동, 체중 감량 등을 포함하여 여러분의 모든 운동 요구를 충족시킬 수 있는 다양한 목표 지향적인 운동을 제공합니다... 더불어 버피, 푸쉬업, 플랭크, 마운틴 클라이머, 스쿼트, 시트업 등 다양한 운동도 제공합니다.

<b>프로 트레이너</b>
맞춤형 계획 및 운동은 모두 전문 피트니스 트레이너에 의해 설계되었습니다. 전문가의 지시에 따라 진행되는 교육 동영상을 따라가세요. 마치 개인 피트니스 트레이너와 함께하는 것과 같습니다!

건강한 여정은 여기에서 시작됩니다! 홈트레이닝을 다운로드하고 오늘부터 피트니스 여정을 시작하세요. 더 건강하고 강한 자신을 받아들이세요!",건강/운동,https://play.google.com/store/apps/details?id=homeworkoutapp.homeworkout.fitness.workout.loseweight&hl=ko&gl=kr,,,,,,
android,kr,loseweightapp.loseweightappforwomen.womenworkoutathome,여성용 체중 감량 앱 - 홈 트레이닝,"집에서 지방을 연소시켜 체중을 감량하는 최고의 여성용 체중 감량 앱입니다! 여성을 위한 <b>간단하고 효과적인</b> 지방 연소 운동으로, <b>뱃살</b>, 허벅지, 팔뚝 살을 뺄 수 있습니다. 30일 플랜을 따라 하루에 몇 분만 투자하여 체중을 감량하고 예쁜 몸매를 만들어보세요! 

언제 어디서나 할 수 있는 <b>2~7분 가량의 빠른 운동</b>과 HIIT 운동으로 체중을 감량하고 멋진 몸매를 유지할 수 있어요. 변명은 이제 그만! 

<b>연소된 칼로리</b>와 체중 감량 과정을 그래프로 확인할 수 있습니다. 헬스장에 갈 필요도, 장비도 필요 없어요. 그냥 체중을 이용하는 것만으로도 몸 전체를 탄력 있게 만들고 <b>탄탄한 근육</b>을 만들 수 있어요.

<b>4개의 난이도</b>
피트니스 전문 강사가 설계한 4개의 난이도로 초급자와 프로 모두 이용할 수 있습니다. 매일 다양한 유산소 운동이 진행되기 때문에 플랜을 쉽게 따라갈 수 있습니다. 

<b>여성을 위한 빠른 운동</b>
언제 어디서나 2~7분이면 끝낼 수 있는 '빠른 운동'은 바쁜 일정으로 시간이 별로 없는 분들을 위해 특별히 설계되었습니다. 사무실, 침대, 집 등 어디서나 이 운동을 할 수 있어요.

<b>신체 집중</b>
살 빼기 운동은 뱃살, 허벅지, 팔뚝, 엉덩이 등 여성들이 신경쓰는신체 부위를 모두 다룹니다. 신경쓰이는 부위에 집중하고, 스마트하게 운동하여 지방 연소를 극대화하세요. 

<b>여성을 위한 HIIT 운동</b>
고강도 인터벌 트레이닝(HIIT)은 애프터번 효과를 보이는 최고의 지방 연소 운동으로, 2~7분 분량으로 압축되어 언제 어디서나 이 운동을 통해 체중을 감량할 수 있습니다. 

<b>집에서 하는 운동</b>
규칙적인 운동으로 주요 근육을 단련해 멋진 몸매를 만들어보세요. 헬스장 또는 값비싼 피트니스 트레이너가 필요 없습니다. 집에서 하는 간단한 운동으로 체중을 감량하세요!

여성용 체중 감량 앱 - 홈 트레이닝 참여하고 30일 홈트 챌린지로 체중을 감량하세요. 집에서 모든 수준의 홈트.",건강/운동,https://play.google.com/store/apps/details?id=loseweightapp.loseweightappforwomen.womenworkoutathome&hl=ko&gl=kr,,,,,,
android,kr,com.fitifyworkouts.bodyweight.workoutapp,Fitify: 한국어 홈 트레이닝,"Fitify 계획에 따라 운동하는 20백만 명 중 한 사람이 되어 보세요., 체중만을 이용하여 집에서 운동하세요(기구 없이!) 하지만, 우리는 다음 운동기구를 통한 운동 프로그램을 제공합니다.
• 케틀벨
• 전신저항 운동
• 보수 볼
• 스위스 볼
• 의학 공
• 튜빙 밴드
• 양손 덤벨
• 바벨
• 폼 롤러
• 풀업 바

피티파이는 체중감량, 지방연소, 근육증가 및 강화를 위한 궁극의 어플리케이션입니다. 900가지가 넘는 프로그램이 당신의 일일 운동은 신선하고, 즐겁고 무엇보다 효과적입니다. 언제 어디서든 운동 기구에 제약 없이 운동하세요. 운동기구가 필수는 아니지만, 이미 갖고 있는 것이 있다면 이용하세요!


우리가 당신을 위해 제공하는 것은 다음과 같습니다.

• 900가지가 넘는 바디웨이트 및 운동기구를 통한 운동 – 당신의 운동을 항상 재밌고, 독특하고 무엇보다 효과적으로 만들어줍니다.
• 맞춤형 운동계획 – 당신의 경험, 목표 그리고 시간을 기반으로 한 맞춤형 운동계획. 매 운동은 당신이 갖고 있는 최고의 결과를 기반으로 하여 맞춤 형성됩니다.
• 20개가 넘는 사전 운동 – 운동할 부분, 형식 그리고 시간을 설정하세요.
• 15개가 넘는 사전 운동 회복 세션 – 스트레칭, 요가 그리고 폼 롤링 수업
• 대량 운동 데이터베이스를 기반으로하여 ""맞춤형 운동"" 설정 기능
• 오프라인 운동
• 음성 코치
• 선명한 HD 비디오 설명

피트니스 계획
• 주간 운동 및 사전운동 계획
• 15~25분 안에 끝내는 운동
• 비디오를 보며 쉽게 따라할 수 있는 전신저항 운동
, 타바타, 근력운동, 유산소 운동 그리고 회복운동
• 이력을 보며 당신의 훌륭한 진도관리

셀프 운동
바디웨이트든 케틀벨과 같은 도구를 이용한 운동을 선택하든, 당신은 계획을 따르거나, 우리의 사전 운동계획을 선택할 수 있습니다. 체형, 운동 타입, 시간을 선택하세요. 간단합니다

<u>강화 운동</u>
• 전신 근력
• 슈퍼 식스팩
• 복합 코어 운동
• 등 강화
• 복합 상체 운동
• 가슴, 팔
• 어깨, 윗
• 복합 하체 운동
• 파워 점프
• 브라질리언 엉덩이 리프트

<u>체력 및 살빼는 운동</u>
• 전신 저항운동
• 가벼운 카디오
• 타바타
• 카디오-근력 간격
• 플라이오메트릭 점프
• 관절 건강 고려

<u>근육 이완 및 스트레칭</u>
• 전신 유연성
• 육상선수를 위한 요가
• 등 건강을 위한 요가
• 아침 요가
• 수면을 위한 요가
• 전신 스트레칭
• 하체 스트레칭
• 상체 스트레칭
• 등 스트레칭

<u>특수 운동</u>
• 워밍업
• 쿨다운
• 전신 롤링
• 등 롤링
• 다리 롤링
• 목 풀기
• 균형, 조정
• 과학적 7분

Fitify 트레이닝
저희는 체코에서 탄생한 운동 앱입니다 - 저희앱은 한국어 서비스를 종합적으로 제공합니다.저희 앱은 특히 운동기구와 함께하는 운동들을 중점으로 합니다. 저희가 제공하는 다른 앱도 한번 써보세요! ( 전신 저항운동, 케틀벨, 스위스 볼, 폼 롤러, 튜빙밴드나 보수 볼).",건강/운동,https://play.google.com/store/apps/details?id=com.fitifyworkouts.bodyweight.workoutapp&hl=ko&gl=kr,,,,,,
android,kr,com.axiommobile.dumbbells,덤벨 홈 트레이닝,"덤벨 운동으로 근육을 만들고 힘을 키우세요.

앱을 다운로드하고 필요한 모든 기능을 이용하세요.

✔ 사전 설정 트레이닝 계획
✔ 각 근육군에 대한 그림 설명 운동
✔ 음성 피드백
✔ 자세한 기록
✔ 아름답고 알맞은 몸매와 강력한 근육

팁:
편안하게 느껴지는 무게를 선택하세요.
세트가 더 이상 힘들지 않게 느껴질 때만 무게를 늘리세요.",건강/운동,https://play.google.com/store/apps/details?id=com.axiommobile.dumbbells&hl=ko&gl=kr,,,,,,
android,kr,losebellyfat.flatstomach.absworkout.fatburning,"30일만에 뱃살 빼기 - 홈트레이닝, 평평한 배 만들기","하루에 단 10분만 땀을 흘리세요! 집에서 할 수 있는 <b>간단하고 효과적인</b> 지방 연소 운동을 통해서 <b>뱃살을 빼고</b> 배를 평평하게 만드세요! 단 몆 주 안에 평평한 배를 만들 수 있습니다!

뱃살은 복근을 덮으며 건강에 해롭습니다. 고혈압, 암 등 각종 질환을 유발할 우려가 있습니다. 전문가들은 유산소 운동이 칼로리를 연소하고 신진대사를 촉진시키는 데 도움이 된다고 합니다. 이 앱이 제안하는 유산소 운동을 통해서 귀찮은 뱃살을 없애고 건강을 증진시키세요.

저희가 준비한 체계적이고 과학적으로 입증된 운동 계획을 통해서 간단하고 재미있게 뱃살을 빼고 평평한 배를 만드세요. 장비나 코치는 필요 없습니다. 간편하게 집에서 운동을 하거나 언제 어디에서든 손쉽게 복근 운동을 하세요.

뱃살을 빼려면 이 운동 앱을 선택해야 하는 이유
-빠르고 효과적인 운동으로 지방 연소를 극대화시킵니다.
-장비가 필요하지 않습니다. 간편하게 뱃살을 빼고 체중을 감량하고 건강을 유지하세요.
-전문가가 설계한 3가지 난이도(쉬움, 중간, 어려움)에 기반한 복근 운동.
-초보자 및 전문가 모두에게 적합.
-초보자에게 안성맞춤.
-개인 PT와 같은 애니메이션 및 동영상 가이드.
-체중 감량 진행 상황 추적.
-소모된 칼로리를 추적하는 일일 운동 추적기.
-운동 시간을 알려주는 사용자 정의 운동 알림.
-체중 감량 또는 건강을 위해 균형 잡힌 식단을 짜도록 도와주는 건강 팁.
-평평한 배와 날씬한 몸매를 만들기 위한 배 운동, 뱃살 빼기 운동, 복근 운동 및 코어 운동.
-이 복근 운동을 매일 10분간 수행해서 뱃살을 빼고 평평한 배를 만드세요.

도움이 안 되는 방법으로 시간을 낭비하지 마세요. 뱃살 빼기 앱을 다운로드해서 집에서 운동을 시작하세요. 지방을 연소하고 배를 날씬하게 하고 몸무게를 줄이고 더 빠르게 근육을 키우세요. 곧 해변에서 자랑하고 싶은 복근을 만들 수 있을 겁니다.",건강/운동,https://play.google.com/store/apps/details?id=losebellyfat.flatstomach.absworkout.fatburning&hl=ko&gl=kr,,,,,,
android,kr,fitnesscoach.workoutplanner.weightloss,휘트니스 - 집에서 운동 | 피트니스 플랜,"<b>피트니트 코치</b>가 피트니스 목표에 도전하는 여러분을 도와 드립니다. 여러분의 피트니스 염원을 달성하기 위해 다양한 플랜을 준비하고 있습니다. 근육을 키우고, 지방을 연소하고, 건강을 유지하고 싶으세요? 저희가 이뤄 드립니다! 코어, 엉덩이, 다리, 팔, 가슴, 아니면 전신, 어디를 목표로 하셔도, 원하는 것을 완전 얻으실 수 있습니다.

제일 좋은 건? 어떤 레벨로 운동을 하셔도, 집 또는 어디든 원하는 장소에서, 장비나 트레이너 없이, 나만의 특수 일일 루틴에 바로 뛰어들 수 있다는 점입니다. 거기다, 단 2분 동안의 물리적, 시간적으로 효율성 좋은 세션을 찾으실 수 있어요.

또한 피트니스 코치에서는 애니메이션 및 동영상 안내, 그리고 여러분의 웰빙 데이터를 제공해서 최고의 워크아웃을 진행할 수 있도록 도와 드립니다.

유명 피트니스 개발자들이 개발한 저희 앱으로 워크아웃 플랜을 짜고, 노리는 피트니스 목표를 달성하고, 수백만 명의 행복한 LEAP 사용자들과 함께 성공 사례를 나눠 보세요.

<b>여러분을 위해 설계된 환상적인 기능:</b>

🏃‍♂️ 여러분의 피트니스 목표에 맞춘 특별 플랜 및 운동
🏠 자택에서 장비 없이 할 수 있는 체중 감량 워크아웃
👨‍👩‍👧‍👦 초심자, 중급, 고급 레벨 중 필요에 따라서 선택
🎓 전문가들이 설계한, 100 종류가 넘는 다양한 워크아웃
🎥 전문 코치 과 애니메이션 동영상 지도
📊 여러분의 개인 데이터 추적 차트
💬 피트니스 여정을 친구들과 공유

✨<b>나에게 가장 잘 맞는 홈 워크아웃을 커스텀</b>
어떤 워크아웃을 선택하면 좋을지 모르시겠어요? 저희 앱으로 여러분의 피트니스 목표를 한 단계 높여 보세요. 100 종류가 넘는 워크아웃, 최신 유행 운동 중에서 나에게 가장 잘 맞는 운동을 찾으세요. 또는 덤벨 워크아웃 & 스트레치가 포함된 HIIT를 시도하셔도 좋습니다.

✨<b>30일 플랜으로 나 자신에게 도전</b>
전문가들이 여러분의 30일 플랜을 확인하고 본인의 검토를 거쳐 즉시 수정됩니다. 9개 유형의 플랜을 통해 칼로리 소모, 면역 계통 개선 등의 효과를 보실 수 있습니다. 휴식일과 다양한 운동 등을 통해 신체를 고루 단련하면서 더욱 합리적인 피트니스 여정을 즐기세요.

✨<b>모든 레벨에서 집중형 지원 제공</b>
초심자에서 피트니스 전문가까지, 본인의 능력에 맞는 루틴을 제공해 드립니다. 다양한 난이도의 플랜 레벨 중에서 난이도를 선택하여 나 자신에게 도전해 보세요.

✨<b>장비 없이, 언제 어디서나 운동</b>
여러분의 바쁜 일상에 맞춰서 체중을 활용하는 워크아웃을 제공합니다. 2분 분량의 루틴에서 30분이 넘는 풀 워크아웃까지, 어디서든 운동하는 습관을 기르실 수 있어요.

✨<b>프로페셔널 코치 및 지도를 받으며 운동</b>
음성 및 동영상 안내를 통해 코치의 지도를 받으실 수 있습니다. 세밀한 안내와 준비 팁을 받고, 워크아웃 효율을 높이고 부상의 위험을 줄이는 등 올바른 운동이 가능합니다.

✨<b>여러분의 피트니스 여정을 자세히 파악하세요</b>
여러분의 최신 데이터, 걸음, 수분 섭취, 운동 기록, 소진한 칼로리 등이 일일/주간/월간으로 표시돼서 과정을 확인하실 수 있습니다. 또한 이런 데이터를 Google Fit에 동기화시킬 수도 있죠.

✨<b>자신의 성과를 공유해서 동기 부여를 하세요</b>
피트니스의 세계에서는, 홀로 있을 필요가 없습니다. 신나는 순간은 물론이고 조그마한 성과도 친구들과 공유하면서 응원을 받을 수 있어요. 행복을 공유하며 즐겨 보세요!

이제 목표를 달성하기 위해 지금 저희 앱을 다운로드할 시간입니다!",건강/운동,https://play.google.com/store/apps/details?id=fitnesscoach.workoutplanner.weightloss&hl=ko&gl=kr,,,,,,
android,kr,fat.burnning.plank.fitness.loseweight,"플랭크 운동 - 홈트레이닝, 플랭크 30일 챌린지","이 앱은 다양한 플랭크 방법을 제시하여 살도 뻬고 힘도 기르고 <b>코어 근육을 강화</b>시켜 줍니다. 정적인 플랭크와 다이나믹한 플랭크를 혼합 구성하여 <b>지방을 빠르게 태워</b>줍니다. 하루에 7분만 투자하여 칼로리도 태우고 날씬해지세요!

3단계 난이도로 구성된 30일 체중 감소 플랜은 모든 운동 레벨, 그리고 남성 및 여성 모두에게 적합합니다. 자신의 스타일에 맞게 훈련 계획을 설정할 수 있습니다. 운동 기구도 체육관도 필요 없습니다. 언제 어디서나 플랭크 운동을 할 수 있습니다.

<b>왜 플랭크 운동인가?</b>
플랭크는 가장 인기 있고 효과적인 지방 연소 운동입니다. 쉽게 운동 효과를 낼 수 있고 코어 근육과 어깨, 둔근 등을 비롯한 모든 근육을 발달시킬 수 있습니다. 플랭크는 무릎에 압박을 주지 않아 무릎이 약한 사람들에게 최적화된 운동입니다.

<b>복부 지방 연소 최대화:</b>플랭크는 복부 지방을 연소하는 데에 크런치보다 더 효과적입니다. 크런치가 복근의 64%만 쓰게 되는 데에 반해 플랭크는 100%를 쓰게 됩니다.

<b>코어 근육 강화:</b>플랭크 운동은 코어 근육 그룹 모두를 쓰게 하여 코어 근육을 강화하고 강력한 코어를 만들어줍니다.

<b>허리 통증 감소:</b>플랭크 운동으로 허리 근육을 강화하여 허리 통증을 완화하고 허리 및 척추 부상을 줄일 수 있습니다.

<b>자세 & 균형 향상:</b>플랭크 운동을 하려면 머리와 등, 발이 일자가 되어야 합니다. 따라서 플랭크 운동을 규칙적으로 하면 앉거나 서 있을 때 몸의 균형과 자세가 좋아집니다.

<b>신진대사 강화:</b>플랭크 운동을 하면 하루 종일 신진대사가 높게 유지됩니다. 그 결과 드라마틱하게 지방을 연소시키게 됩니다.

<b>유연성 향상:</b>플랭크 운동을 하면 견갑골과 둔근, 햄스트링 등의 뒤쪽 근육 그룹 모두가 늘어나면서 부상의 위험 없이 유연성을 기를 수 있습니다.

<b>특징:</b>
- 다양한 플랭크 운동 유형 제공
- 자신에게 맞는 운동 설정으로 매일 운동을 규칙적으로 할 수 있도록 도움
- 상세 지시사항과 애니메이션, 동영상 가이드로 모든 운동을 안내
- 운동 기간 및 난이도에 따라 단계별 향상
- 몸무게 감소 자동 추적
- 소비한 칼로리 자동 추적",건강/운동,https://play.google.com/store/apps/details?id=fat.burnning.plank.fitness.loseweight&hl=ko&gl=kr,,,,,,
android,kr,com.mih.planfit,플랜핏 - 헬스 홈트 운동 루틴 추천과 피트니스 기록,"<font color=""#40CA8C""><b>헬스, 다이어트, 플랜핏 하나면 고민 끝! 운동이 쉬워진다.</b></font> 헬스장에서든 집에서든 언제 어디서나 똑똑하게 운동하고 기록하고 나의 운동 고민을 해결하세요! AI가 설계한 맞춤 헬스 루틴으로 체계적인 운동과 다이어트를 경험해보세요!

🏆 전세계 114개국가 앱스토어 ""오늘의 앱"" 선정 🏆 건강/피트니스 1위 🏆 글로벌 누적 사용자 160만 명

◆<b>나에게 필요한 것 들만. 정확하게.</b>

당신에게 필요한 운동들만 중량, 횟수, 쉬는 시간까지 맞춤 루틴으로 추천해드립니다. 매일 새롭지만 체계적으로 제공되는 헬스, 운동 루틴으로 지루하지 않게 똑똑하게 운동 하세요! 체중, 수준 등을 비롯해 인바디(inbody) 같은 체성분을 기반으로 나에게 꼭 맞는 운동을 추천합니다. 또한 내가 다니는 헬스장을 등록하면 이용할 수 있는 기구로만 운동을 추천합니다. 홈트와 스트레칭까지도! 다이어트, 헬스, 운동이 쉬워진다, 플랜핏

◆ <b>나만의 커스텀 운동 루틴</b>

나에게 꼭 맞는 헬스 루틴을 가지고 있나요? 이젠 나만의 루틴으로 자유롭게 기록하며 헬스 할 수 있어요. 헬스, 다이어트, 벌크업 등 목적에 맞게, 나만의 루틴을 커스텀하고 나의 운동 기록 일지를 확인할 수 있어요. 쉽고 간편한 운동 기록, 다이어트, 헬스 기록 앱 플랜핏.

◆ <b>함께 운동하기</b>

피드를 통해 수많은 사람들과 연결될 수 있어요! 서로를 팔로우하고 공유하고 소통하며 응원해보세요. 서로 긍정적인 자극이 되어 더 꾸준하게 운동을 할 수 있어요. 같은 목적을 가진 사람들과 소통하고 서로의 운동 루틴을 공유해보세요. 체중 감량, 다이어트를 원하는 사람들끼리, 3대 운동 증량을 원하는 사람들끼리!

◆ <b>운동 영상과 가이드</b>

매번 영상 찾아보고 공부하기 귀찮지 않으신가요? 플랜핏에는 헬스 기구 설명과 운동 영상, 운동 가이드가 있습니다. 이제 초보자도 쉽게 따라하고 변화할 수 있어요. 내가 다니는 헬스장에 딱 맞춘 추천과 같은 효과를 낼 수 있는 대체 운동도 알려드립니다.

◆ <b>한 눈에 확인하는 나의 변화</b>

쉽고 간편하게 기록하고 한 눈에 돌아보세요. 캘린더와 그래프로 인바디(inbody) 같은 체성분 분석 성장과 다이어트 체중 상황을 직접 확인하세요! 그리고 기록한 나의 데이터는 다시 AI알고리즘에 반영되어 운동 추천을 더욱 정확하고 정교하게 만듭니다.



편리한 앱 이용을 위해 다음의 접근권한을 사용합니다.

[선택 접근권한]
- 신체 활동: 걸음 수 등 활동 데이터를 운동 기록에 표시하고 운동 추천에 반영하기 위해 사용됩니다.
- 알림: 운동 리마인더, 새 소식 등 푸시 알림을 보내기 위해 사용됩니다.
- 위치: 다니는 헬스장을 쉽게 찾고 선택할 수 있도록 주변 헬스장을 제안하는 데 사용됩니다.
- 카메라: 운동 사진이나 프로필 사진을 직접 촬영할 때 사용됩니다.
- 사진 및 저장공간: 운동 기록이나 게시물에 사용할 사진을 앨범에서 선택하거나 저장할 때 사용됩니다. Android 13 이상에서는 시스템 사진 선택 도구를 사용하므로 저장공간 권한이 필요하지 않습니다.
- 캘린더: 운동 일정을 기기 캘린더에 자동으로 연동하는 데 사용됩니다.
- 건강 데이터 (Health Connect): 걸음 수, 운동 기록, 칼로리, 체중 등을 건강 앱과 동기화하는 데 사용됩니다. 읽어온 데이터는 더 개인화된 운동 추천을 생성하는 목적으로만 사용되며, 그 외 목적으로 사용되지 않습니다.

* 선택 접근권한은 허용하지 않아도 앱을 사용하실 수 있으며, 해당 권한이 필요한 기능만 이용이 제한됩니다.
* 접근권한은 해당 기능을 처음 사용하는 시점에 요청하며, 휴대폰 설정 > 애플리케이션 > 플랜핏 > 권한에서 언제든지 동의를 철회할 수 있습니다.

포그라운드 서비스 Foreground Service 목적:
- 앱이 백그라운드에 있을 때도 음성 코칭과 운동 기록 같은 핵심 기능이 중단되지 않도록 보장하기 위해 사용됩니다.
- 이 서비스는 실행되는 동안 알림 표시줄을 통해 사용자에게 고지됩니다.



[개발자 연락처]
email : hello@planfit.ai
전화번호 : 070-4010-1341 
이용약관 : https://planfit.ai/terms-and-conditions
개인정보처리방침: https://planfit.ai/privacy

(주)플랜핏 대한민국 서울특별시 마포구 와우산로29가길 84 3층 301호 (서교동,고샅빌딩)
04054 262-87-02081 2022-서울마포-1704 마포구청
----
개발자 연락처 :
Planfit 2/F 85 Yanghwa-ro,
마포구, 서울특별시 04034
South Korea 262-87-02081 2022-서울마포-1704 마포구청",건강/운동,https://play.google.com/store/apps/details?id=com.mih.planfit&hl=ko&gl=kr,,,,,,
android,kr,menloseweight.loseweightappformen.weightlossformen,뱃살 빼기 - 30일만에 체중 감량,"<b>집에서</b> 사용하는 지방 연소 및 체중 감량을 위한 최고의 남성 용 체중 감량 앱! 매우 효과적인 지방 연소 운동으로 뱃살을 빼고, <b>남성 유방</b>을 없애고, 옆구리 살을 빼세요. 30일 플랜을 따라 하루에 단 <b>5-10분</b>을 투자해 체중을 감걍하고 건강해지세요!

비만이거나 관절에 문제가 있는 사람들을 위한 <b>충격이 적은 옵션</b> 제공. 헬스장도 필요 없고, <b>장비도</b> 필요 없습니다. 자신의 체중을 사용해 지방을 빼고 근육을 키우세요. 그래프로 <b>태운 칼로리를 추적하고</b> 체중 감량 진행을 확인할 수 있습니다.

<b>3개의 난이도</b>
초보자 및 프로 모두를 위한 3 단계의 난이도가 있습니다. 전문 피트니스 코치가 디자인한 이 앱은 남성의 문제 부위, 배, 가슴을 집중 공격해 빠른 체중 감량 및 복근 만들기를 도와줍니다. 매일 다른 운동으로 쉽게 따라할 수 있습니다.

<b>충격이 적은 옵션</b>
충격이 적은 모드는 쉽고 효과적인 체중 감량 운동으로 관절에 힘이 가는 것을 최소화하고 부상 위험을 줄여줍니다.

<b>남성 유방 없애기</b>
남성 유방 때문에 티셔츠를 자꾸 내리게 되나요? 가슴 대상 운동은 가슴 지방을 빼고 창피한 남성 유방을 없애는데 도움을 줍니다.

<b>뱃살 빼기</b>
남성은 테스토스테론 때문에 몸의 중심 부분에 지방을 축적할 가능성이 더 큽니다. 최고의 복근 운동을 혼합해 보다 빨리 뱃살을 제거하세요.

<b>맞춤화된 훈련</b>
30개가 넘는 운동 중 자신만의 운동 루틴을 짜보세요. 무릎이나 허리를 다쳤다면, 걱정 할 필요 없이, 원하지 않는 운동을 다른 운동으로 바꾸면 됩니다. 운동 순서 및 휴식 시간도 조정할 수 있습니다. 최고의 결과를 얻기 위해 저칼로리 식단을 유지하는 것을 추천합니다.

<b>기능</b>
- 남성, 여성, 초보자 및 프로 모두를 위한 3단계 난이도.
- 적은 충격 운동, 뱃살빼기, 30일만에체중감량
- 나만의 운동 루틴 짜기
- 헬스장도 장비도 필요 없는 체중 운동
- 지방 감소 운동, 복근 운동, 가슴 운동, 다리 운동, 팔 운동, 뱃살빼기, 30일만에체중감량
- 운동 알림으로 빼먹지 않고 운동하기
- 구글 피트에 운동 및 칼로리 정보 동기화
- 체중 감량 및 칼로리 연소 추적
- 애니메이션 및 동영상 가이드
- 천천히 운동 강도 높이기, 뱃살빼기, 30일만에체중감량",건강/운동,https://play.google.com/store/apps/details?id=menloseweight.loseweightappformen.weightlossformen&hl=ko&gl=kr,,,,,,
android,kr,dumbbellworkout.dumbbellapp.homeworkout,Dumbbell Workout at Home,"덤벨🔩 한 쌍으로 <b>가정 운동</b>과 <b>근력 훈련</b>을 시작하여 근육과 근력을 빠르게 키우고 강해지고 <b>더 나은 몸매를 만드세요</b>! <b>초급, 중급 및 고급</b>에 적합한 3가지 난이도로 남성과 여성 모두를 위한 30일 운동 계획을 제공합니다.

이 앱의 수백 가지 운동은 어깨, 팔, 가슴, 등, 복근, 다리 등 <b>모든 주요 근육 그룹을 다룹니다</b>. 2개의 운동 데이터베이스인 <b>덤벨</b>과 < b>체중. 코치는 목표, 체력 수준 등에 따라 훈련을 선택하고 <b>맞춤형 계획</b>을 만듭니다. 필요에 따라 보디빌딩 계획을 맞춤화할 수도 있습니다.

남성용 덤벨 운동 💪
☆ 단단한 근육을 만들고 파쇄하십시오.
☆ 큰 팔, 강한 이두근 및 삼두근, 더 넓은 어깨, 펌핑된 가슴, 찢긴 식스팩 복근, 강철처럼 단단한 등, 강한 다리를 얻으세요.

여성을 위한 덤벨 운동 👙
☆ 근육과 힘을 키우고 완벽한 몸매를 만드세요
☆ 날렵한 팔, 날씬한 다리, 풍만한 가슴, 90° 어깨, 멋진 복근을 얻으세요.

웨이트 트레이닝은 아나볼릭(근육 형성) 호르몬 생성을 자극하는 것으로 입증되었으며, 이는 아령으로 운동하는 것이 근육 형성 과정을 효과적으로 향상시킬 수 있음을 의미합니다. 지금 움직여! 덤벨 홈트레이닝으로 하루에 몇 분씩 땀을 흘리세요. <b>단시간에</b> 훌륭한 결과를 얻을 수 있습니다!

<b>3D 애니메이션</b> 및 동영상을 통해 올바른 형식을 사용하는지 확인할 수 있습니다. 운동을 할 때마다 운동과 이득을 극대화하는 데 도움이 되는 <b>실시간 팁</b>을 제공합니다.

이 운동 추적기를 사용하여 일일 운동, 소모된 칼로리 및 체중 감량 진행 상황을 추적하세요. <b>Google 피트니스</b>와 데이터를 동기화합니다. 우리는 매일 운동 강도를 높이므로 몸이 적응할 수 있도록 3일마다 휴식을 취하십시오.

☆ 개인 피트니스 코치 ☆
√ 개인 운동 트레이너와 같은 3D 애니메이션 및 비디오 안내
√ 모든 운동의 코치 팁은 올바른 자세를 사용하여 최상의 결과를 얻을 수 있도록 도와줍니다.
√ 개인 운동 계획 만들기
√ 목표, 성별, 체력 수준, 집중 영역 등에 따라 맞춤형 계획을 설계합니다.

☆ 효과적인 덤벨 운동 ☆
√ 효과적으로 체중 감량, 근육 생성 및 근력 강화
√ 덤벨 운동은 남성, 여성, 초보자, 전문가 모두에게 적합합니다.
√ 집이나 체육관에서 효율적으로 운동
√ 가중치를 사용하거나 사용하지 않는 2개의 데이터베이스
√ 초점 영역을 타겟팅하고 운동 결과를 극대화합니다.
√ 운동 데이터베이스에 지속적으로 새로운 운동 추가
√ 팔 덤벨 운동, 가슴 덤벨 운동, 덤벨 등 운동, 덤벨 다리 운동, 덤벨 어깨 운동, 덤벨 스쿼트, 덤벨 데드리프트로 근육량 만들기

☆ 유용한 기능 ☆
√ 운동 알림을 통해 운동을 일상 습관으로 만들 수 있습니다.
√ Google 피트니스와 데이터 동기화
√ 체중 감량 진행 상황 추적
√ 칼로리 소모량 추적, BMI 계산
√ 운동의 속도, 라운드, 3D 코치 캐릭터 변경
√ 운동 날짜를 자동으로 표시하는 캘린더
√ 보고서는 운동 진행 상황, 지속 시간, 칼로리 소모량을 명확하게 기록합니다.

더 강한 몸을 위한 근력 운동
한 쌍의 덤벨로 근력 운동을 시작하십시오. 우리의 잘 짜여진 계획에 따라 덤벨 무게와 운동을 변경함으로써 의심할 여지없이 다양한 신체 부위를 잘 단련하여 보다 효과적인 근력 훈련을 할 수 있습니다.",건강/운동,https://play.google.com/store/apps/details?id=dumbbellworkout.dumbbellapp.homeworkout&hl=ko&gl=kr,,,,,,
android,kr,stretching.stretch.exercises.back,"스트레칭 운동 - 홈트레이닝, 유연성 훈련, 준비운동","근육 긴장과 경직을 줄이고 싶습니까?
통증을 완화하고 몸을 이완하고 싶습니까?
유연성과 이동성을 향상시키고 싶으십니까?
그렇다면 정직한 웰빙 파트너인 이 간단하고 효과적인 스트레칭 운동 앱을 놓칠 수 없습니다.

스트레칭은 운동 계획이 없을 경우에도 일상 생활에 매우 중요합니다. ACSM은 건강한 생활을 위해 매 주 2-3번 스트레칭을 권하고 있습니다. 일반 스트레칭이 근육 <b>경직 감소, 통증 완화, 유연성 향상 및 스트레스 완화에 도움이 된다는</b> 것이 과학적으로 증명되었죠.

♥스트레칭 운동은 다음을 제공합니다:♥

1. 일일 루틴
- 아침 준비 운동
- 취침 스트레칭

2. 사무직 근로자의 경우
- 일반적인 요통 완화
- 구부정한 직장인을 위한 휴식

3. 러너들을 위해
- 달리기 전 준비 운동
- 달리기 후 쿨 다운

4. 유연성 및 통증 완화를 위해
- 상체 스트레칭
- 하체 스트레칭
- 전신 스트레칭
- 허리 스트레칭
- 목 및 어깨 스트레칭
- 등 스트레칭

5. 높이
- 키 증가(18세 이전)
- 키 증가(18세 이후)

...... 

♥풍모♥
1. 스트레칭 운동은 모든 근육 그룹을 커버하고 모든 사람, 남성, 여성, 젊은 나이들에게 적합합니다
2. 운동 대체, 운동 순서 조절 등 자신 만의 스트레칭 운동 루틴을 만듭니다
3. 자세한 애니메이션 및 비디오 데모가 포함 된 음성 코치
4. 장비없이 언제 어디서나 집에서 운동하십시오
5. 운동 알림은 매일 스트레칭 운동의 좋은 습관을 개발하는 데 도움이 될 수 있습니다
6. 칼로리 소모량 추적
7. 자동으로 훈련 진행 기록
8. 차트가 체중 추세를 추적합니다
9. 다이내믹 스트레칭, 유연성을위한 스트레칭 운동, 유연성 훈련, 워밍업 운동, 스트레칭 루틴, 유연성 훈련, 주자를위한 스트레치",건강/운동,https://play.google.com/store/apps/details?id=stretching.stretch.exercises.back&hl=ko&gl=kr,,,,,,
android,kr,se.perigee.android.seven,Seven - 7 Minute Workout,"건강 관리가 이보다 더 쉬울 순 없죠! 하루 7분으로 최대의 효과를 얻을 수 있도록 과학적 연구를 기반으로 한 세븐 운동이 준비되어 있습니다.

세븐은 맞춤형 운동 계획을 통해 트레이닝 효과를 극대화합니다. 건강 관리, 체중 감량, 또는 근력 강화를 원하시나요? 목표와 체력 수준을 선택하시면 나머지는 세븐이 알아서 처리해 드립니다.

세븐을 선택해야 하는 이유
- 언제 어디서나 운동하세요. 장비는 필요 없습니다.
- 매일 7분 운동 챌린지로 운동 습관을 길러보세요.
- 친구들과 경쟁하며 더 많은 격려와 응원을 받아보세요.
- Wear OS 기기와 동기화하여 시계의 타일 또는 컴플리케이션을 통해 세븐에 간편하게 접속하세요.
- 자신의 필요와 취향에 맞는 운동을 만들어 보세요.
- 드릴 서전트, 치어리더 등 세븐의 개인 트레이너들과 함께 땀을 흘려보세요!

세븐 클럽에 가입하세요
- 자신의 체력 수준에 맞춰 최적화된 운동 계획으로 더 빠른 결과를 얻으세요.
- 200가지 이상의 운동과 워크아웃으로 트레이닝을 더욱 다채롭게 만들어 보세요.
- 공인 퍼스널 트레이너의 특별 지원과 지도를 받아보세요.

Seven을 다운로드하고 하루 7분 만에 효과를 경험하세요!",건강/운동,https://play.google.com/store/apps/details?id=se.perigee.android.seven&hl=ko&gl=kr,,,,,,
android,kr,weightloss.weightlossforwomen.workoutforwomen.womenworkout,체중 감량 운동어플 - 여성의 홈트레이닝,"특히 여성을 위한 <b>간단하고 효율적인</b> 가정용 체중 감량 앱! 운동으로 체중을 줄이고 지방을 빠르고 효율적으로 연소시켜 이상적인 몸매를 만드세요. 초보자와 프로 모두에게 맞도록 <b>다양한 난이도가</b> 준비돼 있습니다. 자신의 타겟 부위, 몸 상태, 피트니스 수요에 따라 개인 맞춤형 플랜을 커스텀하고, 신체 부상을 당한 분들께서도 조절이 가능합니다.

언제 어디서나, 장비 없이 운동해 보세요. <b>매일 4~8분만 투자하시면 되므로</b> 꾸준히 지속하기 너무 쉽고, 변하는 모습이 확실하게 보입니다! 저희와 함께 체중 감량의 여정을 시작할 준비가 되셨나요?


<b>이런 문제로 고민해 보신 적이 있으신가요?</b>

<b>- 체중을 어떻게 줄이면 좋을지 모르겠다?</b>
여러분을 위해 효율적이고 과학에 기반한 체중 감량 플랜을 준비해 드렸어요! 자신의 체중 감량 목표, 몸 상태, 피트니스 레벨에 따라 개인에게 맞도록 커스텀됩니다. 초보자에서 프로까지 누구에게나 적절한 플랜이 준비돼 있으며, 원하시는대로 워크아웃 난이도를 조절하실 수 있습니다. 3D 애니메이션, 실제 인물이 제공하는 동영상 안내, 글로 설명한 동작 지침 등을 보면서 자세를 교정하실 수 있습니다

<b>- 체중 감량을 자꾸 포기하게 되시나요?</b>
하루에 4~8분만 운동해 보는 건 어떠실까요? 장비는 필요 없으며, 언제 어디서나 운동할 수 있습니다. 매일 다양한 플랜을 시도하면 절대 지겹게 느껴지지 않을 거예요. 저희 워크아웃 리마인더를 쓰시면 너무 간단하게 매일 운동하는 습관을 만드실 수 있어요.

<b>- 만족스러운 결과가 보이지 않나요?</b>
과학적으로 증명되고, 전문가들이 설계한 워크아웃 플랜을 시도해 보세요. 장기적인 지방 연소를 위한 HIIT 워크아웃으로 신진대사를 촉진해서, 하루 종일 지방을 연소시켜 보세요. 문제 부위나 기타 특정 신체 부위에 집중하실 수도 있습니다. 저희가 제공하는 깔끔한 그래프에서 자신의 체중과 BMI 변화가 뚜렷이 변화하는 것을 트래킹하면서 보실 수 있어요. 체중 감량을 위한 최고의 동기 부여는 빠르고 긍정적인 피드백입니다.


<b>그 외에도 놀라운 기능이 여러분을 위해 준비돼 있습니다:</b>
- 장비 불필요. 언제, 어디서나 할 수 있는 워크아웃
- 4 종류의 효율적인 플랜으로 다양한 수요를 충족. 빠른 체중 감량과 몸매 만들기, 문제 부위 없애기
- 초보에서 프로까지, 난이도 레벨 3 종류. 누구나 자신에게 알맞는 워크아웃 플랜을 찾을 수 있어요
- 하루 종일 칼로리 소모를 촉진할 수 있는 여성용 HIIT 워크아웃
- 결제 없음
- 3D 애니메이션, 동영상 안내, 텍스트 설명으로 정확한 자세를 숙달
- 힘들지 않은 자기 수양. 매일 단 4~8분으로, 쉽게 따라하고 쉽게 지속하기
- 부상을 당한 분을 위한 저충격 워크아웃
- 워크아웃 리마인더로 일일 목표 달성
- 체중 감량 과정 및 소모한 칼로리를 명확하게 트래킹

<b>다양한 종류의 체중 감량 플랜을 즐기세요</b>
전신 감량, 뱃살 태우기, 예쁜 엉덩이 & 허벅지 완성, 튼튼하고 & 날씬한 몸 완성 등, 다양한 수요에 따라 설계된 4 종류의 유용한 플랜이 있습니다. 나만의 필요와 몸 상태에 따라서 가장 잘 어울리는 워크아웃 플랜을 만들어 보세요. 매일 다른 종류의 운동을 하면 워크아웃이 더욱 즐거워집니다. 

프로페셔널 트레이너들이 과학에 기반하여 워크아웃 플랜을 설계하고, 전문가들의 검토를 거쳤습니다. 운동만이 아니라 쉬는 날도 일정에 포함시켜서, 여러분의 노력에 대해 최고의 결과를 도출합니다.

<b>다양한 형태의 상세한 안내에 따르세요</b>
정확한 자세를 익히면 워크아웃에서의 부상 위험을 줄이고 최대한의 결과를 얻으실 수 있습니다. 그런 이유에서, 저희는 운동 움직임을 안내해 드리기 위해 애니메이션, 동영상, 텍스트 등을 제공해 드립니다. 개인 피트니스 트레이너와 함께 운동하는 만큼의 효과가 있어요.

<b>체중 감량 여정을 명확하게 트래킹합니다</b>
목표 체중을 설정하고 실시간으로 체중 변화를 작성하세요. 체중 그래프에서 매일 체중 목표에 가까워지는 것이 보이게 됩니다. 저희 BMI 계산기는 전문가 수준의 건강 안내를 제공해 드립니다. 일일 칼로리 소모를 확인하면서 전반적인 진도를 확인하실 수 있어요. 또, 저희는 여러분의 체중을 넘어서 더 많은 것들을 신경 쓰고 있어, 본인의 다른 피트니스 데이터를 기록하실 수 있습니다.",건강/운동,https://play.google.com/store/apps/details?id=weightloss.weightlossforwomen.workoutforwomen.womenworkout&hl=ko&gl=kr,,,,,,
android,kr,com.sugarapple.workout,홈 트레이닝,"🚀 Fithy: 홈 트레이닝 – 집에서 하는 피트니스

집에서 간편하게 운동을 시작하고 건강한 몸을 만들어 보세요. 헬스장이나 장비 없이도 가능합니다. 하루 몇 분만으로도 지방을 태우고 근력을 키우며 전반적인 건강을 개선할 수 있습니다.

바쁜 사람들을 위해 설계된 간단하면서도 효과적인 홈 트레이닝 프로그램을 제공합니다. 초보자부터 숙련자까지 모두에게 적합하며, 체중 감량, 근력 향상, 일상적인 활동 유지 등 다양한 목표를 쉽게 달성할 수 있습니다. 언제 어디서나 자신의 속도에 맞게 운동할 수 있습니다.

💪 언제 어디서나 운동 가능

장비나 인터넷 연결 없이 집에서 자유롭게 운동할 수 있습니다. 모든 동작에는 이해하기 쉬운 설명과 이미지가 포함되어 있어 꾸준히 운동을 이어가기 쉽습니다.

다양한 운동 프로그램 제공:

전신 운동
복부, 가슴, 팔, 다리, 등, 어깨
짧은 일일 운동

🔥 지방 연소 & 체력 향상

더 빠른 결과를 위한 프로그램:

HIIT 트레이닝
타바타 트레이닝
유산소 운동

집에서 지방을 효과적으로 태우고 지구력을 높이는 데 적합합니다.

⭐ 주요 기능
100개 이상의 홈 트레이닝 운동
남녀 모두 사용 가능
다양한 난이도 제공
장비 필요 없음
오프라인 사용 가능
짧고 효과적인 일일 운동

🧠 지금 바로 피트니스 시작

하루 몇 분의 운동으로도 큰 변화를 만들 수 있습니다. 꾸준히 실천하고 목표를 달성해 보세요.

👉 지금 바로 홈 트레이닝을 시작하세요!",건강/운동,https://play.google.com/store/apps/details?id=com.sugarapple.workout&hl=ko&gl=kr,,,,,,
android,kr,com.tv.lifebuddy,홈트 덤벨 운동,"홈트 덤벨 운동으로 빠르게 근육을 만들고 실제 변화를 경험하세요.
LifeBuddy는 집에서 명확한 계획에 따라 구조적인 덤벨 운동을 할 수 있도록 도와줍니다. 근육을 키우고, 힘을 높이고, 꾸준히 운동할 수 있도록 설계되었습니다.

이 홈트 앱은 효과적인 덤벨 홈트 프로그램을 제공하여 다음에 무엇을 해야 하는지 항상 알 수 있게 해줍니다. 이러한 집에서 하는 덤벨 운동은 근육을 만들고, 규칙적으로 운동하며, 더 강하고 균형 잡힌 몸을 만드는 데 도움이 되도록 설계되었습니다.

부위별 덤벨 운동으로 근육 만들기

효과적인 덤벨 운동으로 주요 근육 부위를 모두 훈련하세요. 예를 들면:

덤벨 가슴 운동

이두근 및 팔 운동

더 강한 팔을 위한 삼두근 운동

상체 힘을 위한 어깨 운동

더 강한 몸을 위한 등 운동

전신 발달을 위한 하체 운동

코어 강화를 위한 복근 운동

그립과 컨트롤 향상을 위한 전완근 운동

이러한 덤벨 홈트는 간단하고 효과적인 동작을 사용해 근육을 키우고 실제 변화를 만들 수 있도록 도와줍니다.

효과적인 홈트 계획

무작위 운동 대신 결과를 위한 완전한 홈트 계획을 따라가세요.

구조가 명확한 일일 운동 계획

더 빠른 근육 성장을 위한 점진적 훈련

초보자부터 상급자까지 가능한 덤벨 운동 계획

15–30분 안에 끝낼 수 있는 효율적인 운동

각 덤벨 홈트 운동은 꾸준함을 유지하고 계속 발전할 수 있도록 설계되었습니다.

맞춤형 덤벨 운동

당신의 홈트 프로그램은 현재 수준에 맞게 조정됩니다.

초보자용 덤벨 운동

중급 근육 성장 계획

고급 덤벨 운동 훈련

처음 시작하든 이미 경험이 있든, 근육을 만들고 체력을 향상시키는 구조적인 경로를 따라갈 수 있습니다.

간단한 장비로 집에서 운동하기

기구는 필요 없습니다. 복잡한 세팅도 필요 없습니다. 필요한 것은 효과적인 집에서 하는 덤벨 운동뿐입니다.

준비물은 간단합니다.

덤벨 한 쌍

의자 하나

이렇게 하면 언제든지 완전한 덤벨 홈트를 쉽게 할 수 있습니다.

왜 이 홈트 앱이 효과적인가

근육 성장을 위한 집중형 덤벨 운동

전신 홈트 계획

가슴, 팔, 어깨, 등, 하체, 복근, 전완근을 위한 부위별 운동

항상 무엇을 해야 하는지 알 수 있는 명확한 안내

꾸준함과 장기적인 결과를 위해 설계됨

오늘 바로 홈트를 시작하세요

간단하고 효과적이며 실제 변화를 위해 설계된 덤벨 홈트 운동으로 근육을 만들고, 힘을 키우고, 몸을 바꿔보세요.

LifeBuddy를 다운로드하고 오늘 바로 홈트 덤벨 운동을 시작하세요.

SUBSCRIPTION DETAILS
LifeBuddy offers monthly and yearly subscriptions that renew automatically and provide unlimited access to all programs while your subscription remains active. Payment will be charged to your Google Play account upon confirmation of purchase. Your subscription will automatically renew at the applicable monthly or yearly rate unless canceled before the end of the current billing period. You can manage or cancel your subscription at any time through the Subscriptions section in Google Play.",건강/운동,https://play.google.com/store/apps/details?id=com.tv.lifebuddy&hl=ko&gl=kr,,,,,,
android,kr,pilatesworkout.yogaworkout.loseweight.workoutapps,집에서 필라테스 운동 - 피트니스,"필라테스는 핵심 근육을 강화하고 유연성, 균형, 그리고 전체적인 신체의 피트니스를 향상시키는 것에 초점을 맞춘 전반적인 운동 체계입니다. 필라테스 운동은 복부, 아랫등, 다리, 엉덩이 및 골반 바닥 근육과 같은 핵심 근육 및 기타 주요 부위를 효과적으로 활성화하고 강화합니다.

필라테스를 실천하는 것에는 많은 이점이 있습니다. 요가와 유사하게 필라테스 운동은 근육 강도 향상, 균형과 유연성 향상, 체중 감량을 돕는 것뿐만 아니라 에너지 증진, 이완 촉진 및 수면 품질 향상까지 가능합니다.

🌟 <b>근육 강화</b> 
필라테스는 복부, 하부등, 그리고 골반에 있는 깊은 근육을 대상으로 하는 정밀하고 제어된 움직임을 통해 근육을 강화하는 데 매우 효과적이며, 특히 핵심 근육을 강화하고 전체적인 체형 조절을 촉진합니다.
🌟 <b>효과적인 체중 감량</b>
30일 동안의 필라테스 계획만으로 당신의 몸을 더 탄탄한 체형으로 변화시킬 수 있습니다. 필라테스는 과다 체중을 떨어뜨리려는 분들에게 효과적인 도구입니다. 이 저영향 운동은 여러 근육 그룹을 동시에 활성화하여 열량 소모를 효과적으로 높입니다.
🌟 <b>유연성 향상</b>
몸이 너무 뻣뻣하다고 걱정하고 계신가요? 부드럽지만 효과적인 움직임을 통해 필라테스는 점진적으로 근육을 늘리고 뻗어 유연성과 움직임 범위를 증가시키며, 몸이 더 유연하고 민첩해집니다.
🌟 <b>자세 개선 및 통증 완화</b>
근육을 강화하고정렬을 촉진함으로써, 필라테스는 자세가 나쁜 상태를 효과적으로 해결하여 여러분이 더 곧게 서고 우아하게 보이게 해줍니다. 또한, 그것은 잘못된 자세로 인한 어깨, 목, 등 통증을 효과적으로 완화시킬 수 있습니다.
🌟 <b>에너지 증진</b>
필라테스는 스트레스 호르몬을 대사하고 근육을 이완시키며 특별한 호흡 운동을 통해 전체적인 순환을 향상시키므로 에너지를 증진시킵니다.

집에서 필라테스 운동 으로 준비한 특별한 경험:
💗 <b>당신만을 위한 개인화된 계획</b>
귀하의 피트니스 여정을 위해 독점적으로 설계된 맞춤 계획.

💗 <b>목표 부위에 집중</b>
복부, 가슴, 엉덩이, 다리, 팔 및 전신에 대한 목표 지향적인 운동.

💗 <b>모든 레벨에 적합</b>
다양한 계획과 운동은 초보자부터 경험 많은 애호가까지 맞춤 제공됩니다.

💗 <b>운동 기구 불필요</b>
집, 직장 또는 야외에서 필라테스를 언제 어디서나 실천할 수 있습니다.

💗 <b>전문가가 설계한 계획과 운동</b>
필라테스 루틴에서 최고의 품질과 효과를 보장합니다.

💗 <b>모든 요구 사항을 충족하는 다양한 운동</b>
당신의 모든 피트니스 요구를 충족시키며, 당신의 기호에 맞는 루틴을 선택할 수 있습니다.

💗 <b>상세한 비디오 안내</b>
각 운동을 안내하여 올바른 자세와 기술을 보장합니다.

💗 <b>스마트 진전 추적기</b>
당신의 피트니스 여정과 진행 상태를 시각화하여 동기를 부여하는 데 도움을 줍니다.

💗 <b>매일 알림</b>
일정을 유지하도록 도와주어 꾸준한 필라테스 루틴을 유지하기 쉽게 만듭니다.

매일 몇 분 동안 자기 관리에 시간을 내어 필라테스의 세계에 몰입하세요! 당신의 몸은 더 날씬하고 탄탄해지며, 더욱 건강해질 것입니다. 또한 더 즐거운 마음 상태를 경험하게 될 것입니다.",건강/운동,https://play.google.com/store/apps/details?id=pilatesworkout.yogaworkout.loseweight.workoutapps&hl=ko&gl=kr,,,,,,
android,kr,com.home.workouts.professional,"홈트레이닝 - 전신 운동, 운동루틴","집에서 하는 운동 - 건강 및 피트니스 앱은 보디 빌딩과 같은 모든 주요 근육 그룹에 대한 일일 트레이닝을 제공합니다. 당사의 몸무게 데일리 운동 계획으로 집에서 건강을 유지하세요.

전신 운동 앱은 집에서 하는 운동에 이상적이지만 체육관에서 근육을 강화하고 건강을 유지하는 데 사용할 수도 있습니다! 당사의 운동 루틴은 도전적이며 뱃살을 빼고 근육 부스터와 같은 기능을 하도록 설계되었습니다. 이 전신 운동 및 운동 루틴은 기능적인 힘, 폭발적인 힘 및 확실한 몸을 제공합니다.

<b>집에서 하는 운동 - 기능</b>
- 원하는 몸을 만들기 위해 전문가가 개발한 <b>525</b>개 이상의 최고의 집에서 하는 운동
- 하체 운동(장비 없이 집에서 운동)
- 집중적인 개선을 위한 일일 운동 - 근육 부스터!
- 개별 운동 세트, 개인 맞춤 반복 및 휴식이 포함된 맞춤 운동 - <b>보디빌딩</b>
- 동기를 부여하는 다양한 일일 운동 과제
- 운동 수행에 도움이 되는 영상 가이드
- 집에서 하는 운동에 영감을 주는 개인 음악 재생 목록
- 구글 피트니스 지원
- 대체 체중 추적기는 체중 감량 접근법에 도움이 됩니다.
- 소모 칼로리 및 완료 결과를 포함한 자세한 통계
- 신진대사율, 질량지수, 이상체중 등의 건강정보 접근
- 기기 간 동기화를 위한 백업 업적 백업
- 일어서서 홈트레이닝을 하기 위한 일일 운동 알림
- 인터넷 접속이 필요하지 않습니다. 집에서, 사무실에서, 언제 어디서나 운동하세요!

<h2><b>집에서 하는 운동 - ABS 운동</b></h2>
식스팩은 몇 인치의 아첨 아래 숨어있을 수 있습니다. 근육 부스터 과정을 수행하려면 전반적인 코어 근력과 기능을 개발하는 운동 루틴을 통해 체지방의 전체 비율을 줄여야 합니다. 식스팩 복근을 얻으려면 상복부, 하복부, 사선(측복부) 운동을 하는 것이 가장 좋습니다. 이 복근 운동은 복부 세 부위 모두를 대상으로 합니다.

<h2><b>집에서 하는 운동 - 다리 운동</b></h2>
가장 경험이 풍부한 트레이너가 다리를 튼튼하게 하고 다리 근육을 개선하며 빠르게 지방을 빼도록 도와드립니다. 효과적인 하체 운동은 공인 개인 트레이너가 개발한 이 과학적 방법을 기반으로 합니다. 따라서 햄스트링, 대퇴사두근 및 종아리를 위한 이 훌륭한 운동으로 다리 운동을 향상시키세요.

<h2><b>집에서 하는 운동 - 팔 운동</b></h2>
필수 이두박근, 삼두근 및 팔뚝 운동으로 팔을 강화하고 성장시키세요. 더 크고 근육질인 팔을 위한 중요한 트레이닝 팁, 운동 및 가정 운동. 가장 효과적인 팔 운동이 있습니다! 각각은 팔 발달을 최대화하기 위해 이두박근이나 삼두근을 약간 다르게 칩니다.

<h2><b>집에서 하는 운동 - 가슴 운동</b></h2>
이 미친듯이 효과적이고 전문가가 승인한 보디 빌딩 가슴 운동으로 더 크고 강력한 가슴을 만드세요. 장비가 필요 없는 가정 운동 앱에서 많은 운동 팔굽혀펴기, 플랭크 및 가슴 스트레칭으로 가슴과 이두박근 부위의 근육과 힘을 개발하세요. 이 보디 빌딩 앱은 근력과 파워를 증가시키면서 두껍고 강한 근육 세트를 만드는 데 도움이 되는 최고의 가슴 운동을 다룰 것입니다.

<h2><b>집에서 하는 운동 - 핵심 운동</b></h2>
근육 부스터 앱의 강력한 등 및 어깨 운동으로 근력과 인상적인 V-테이퍼를 만드세요. 넓은 등 상부와 좁은 허리까지 좁아지는 넓은 어깨는 신체 미학의 정의입니다. 나르기, 비틀기, 돌리기, 들기, 구부리기는 허리와 어깨 근육이 강할 때 크게 향상됩니다.

<h2><b>지방 연소 운동</b></h2>
최고의 지방 연소 근육 부스터 운동은 이 집에서 하는 운동 앱에 있습니다. 더 나은 몸매를 위한 매일 운동. 집중 훈련으로 칼로리를 태우고 근육 강화 운동과 결합하여 최상의 결과를 얻으세요.

장비 없이 집에서 할 수 있는 운동 프로그램을 계속 진행하면 단 몇 주 만에 몸의 변화를 느낄 수 있을 것입니다.

<i><b>!! 면책 조항 !!</b>
이 앱은 정보 제공 목적으로만 사용되며 전문적인 의학적 조언의 대체물이 아닙니다. 이 앱 사용은 사용자 본인의 책임 하에 이루어집니다. 이 앱 사용으로 인해 발생하는 어떠한 상해나 건강 문제에 대해서도 당사는 책임을 지지 않습니다. 새로운 운동 프로그램을 시작하기 전에, 특히 기존 건강 상태가 있는 경우, 항상 건강 전문가와 상의하십시오. 제공되는 운동은 일반적인 권장 사항이며 모든 사람에게 적합하지 않을 수 있습니다. 운동 중 통증, 어지러움, 불편함을 경험할 경우 즉시 중단하십시오. 이 앱을 계속 사용함으로써, 이러한 조건을 인지하고 동의합니다.</i>",건강/운동,https://play.google.com/store/apps/details?id=com.home.workouts.professional&hl=ko&gl=kr,,,,,,
android,kr,fitness.workouts.home.workoutspro,홈 스포츠 체육관 프로,"비디오 애니메이션 3D로 모든 운동 가이드 (이해하기 쉽습니다)

홈 워크 아웃 장비 없음 Pro는 모든 주요 근육 그룹에 매일 운동 루틴을 제공합니다. 매일 몇 분이면 체육관에 갈 필요없이 집에서 근육을 만들고 운동을 할 수 있습니다. 장비 나 코치가 필요하지 않습니다. 모든 운동은 체중으로 만 할 수 있습니다.

이 응용 프로그램에는 복근, 가슴, 다리, 팔뿐만 아니라 신체 훈련을위한 연습이 포함됩니다. 모든 연습은 exeperts에 의해 설계되었습니다. 필요 장비가 없으므로 체육관에 갈 필요가 없습니다. 매일 몇 분 밖에 걸리지 않지만 효과적으로 근육을 조율하고 집에서 6 팩 복근을 얻을 수 있습니다.

우리의 가정 운동을 고수하면 몇 주 만에 몸의 변화를 느낄 것입니다.

<b> 기능 
* 예열 및 신축 계획
* 자동으로 기록 진행 기록 및 기록 추적
* 차트 무게 트랙
* 알림 운동은 계속 진행됩니다.
* 상세 비디오 3D 애니메이션
* 체중과 보디 빌딩을 잃을 수있는 식사 계획
보디 빌딩 앱
보디 빌딩 앱을 찾고 계십니까? 빌드 근육 앱을 사용해보십시오! 이 빌드 근육 앱은 효과적인 근육 건물 운동을하며 모든 근육 건물 운동은 전문가가 디자인합니다.
<b> 워밍업 교육 앱 
워밍업은 성능을 향상시키고 부상을 줄이는 데 중요하지만 스트레칭은 선택 사항입니다. 우리가 할 수는 있지만 그렇게하지 않으면 대부분의 문제가 발생하지 않습니다. 그럼에도 불구하고 매우 좋습니다.

<b> 강도 훈련 앱 
그것은 단지 근육 앱을 개발하는 것이 아니라 강도 훈련 앱이기도합니다. 당신이 여전히 근육 건물 운동, 근육 건물 어플리케이션 또는 힘 훈련 어플리케이션을 찾고 있다면,이 근육 건물 어플리케이션은 근육 건물 어플리케이션 중에서 찾을 수있는 최상의 것입니다.

남성을위한 홈 운동
남성을위한 효과적인 가정 운동을 원하십니까? 우리는 남성들이 집에서 운동하기 위해 다른 가정 운동을 제공합니다. 남성을위한 가정 운동은 단기간에 6 팩 복근을 얻는 데 도움이되는 것으로 입증되었습니다. 가장 적합한 남성을위한 가정 운동을 찾을 수 있습니다. 이제 남성을위한 가정 운동을 해보십시오!

뚱뚱한 불타는 운동 및 Hiit 운동
더 나은 체형을위한 최고의 지방 연소 운동 및 운동. 뚱뚱한 불타는 운동으로 칼로리를 태우고 최고의 결과를 얻으려면 운동을 함께하십시오.

여러 운동
푸시 업, 웅크림, 앉아서, 판자, 위기, 벽에 앉아, 점프 잭, 삼두근 딥, lunges ...

피트니스 코치
모든 운동은 전문 피트니스 강사가 디자인합니다. 주머니에 개인 피트니스 트레이너가있는 것처럼 운동을 통한 운동 가이드! 3D 비디오 자습서로 쉽고 이해하기 쉽습니다.

<b> 기억하십시오 : 
의사와 상담하여 신체 상태에 가장 적합한 운동을 알려주십시오.
육체 운동 전, 운동 중 및 운동 후에 수분을 섭취하십시오.
근육 부상을 피하기 위해 15 분 먼저 워밍업하십시오.
운동을 마친 후 10 분간 스트레칭을하십시오.</b></b></b></b>",건강/운동,https://play.google.com/store/apps/details?id=fitness.workouts.home.workoutspro&hl=ko&gl=kr,,,,,,
android,kr,com.popularapp.thirtydayfitnesschallenge,30일 피트니스 도전,"누구나 원하는 시간에 집에서 운동할 수 있습니다. 전문 피트니스 코치에 의해 설계된 이 ‘30일 피트니스 도전’은 과학적으로 체력과 건강을 개선시켜줍니다. 포기하지 않고 진행하면 놀라운 결과를 볼 수 있습니다.

'30일 피트니스 도전'은 운동 규칙을 고려해 단계적으로 운동 강도를 높혀, 거르지 않고 매일 운동을 할 수 있게 도와줍니다. ‘30일 피트니스 도전’은 효과적으로 체력을 유지하고 체중을 줄이는데 큰 도움이 됩니다.


특징
-운동 과정 자동 저장
-매일 운동 알림
-디테일한 안내 영상
-점진적인 운동 강도 증가
-30일 복근 챌린지
-30일 전신 챌린지
-소셜미디어로 친구들과 공유

각 챌린지는 초심자부터 프로까지 3개 난이도로 구성되었습니다. 당신에게 최적인 운동을 찾아보세요. 최고의 운동 앱을 시도해보세요. 30일 챌린지를 지금 시작하여, 30일 후 신체적 건강 향상은 물론 감정적, 지적 건강의 변화도 발견해보세요.",건강/운동,https://play.google.com/store/apps/details?id=com.popularapp.thirtydayfitnesschallenge&hl=ko&gl=kr,,,,,,
android,kr,com.nike.ntc,Nike Training Club,"Nike Training Club은 단순한 운동 앱이 아닙니다. 나이키 최고의 트레이너, 운동선수, 전문가를 만나는 특별한 공간입니다. 그리고 업계 최고의 운동 프로그램과 검증된 코칭을 무료로 이용할 수 있는 곳입니다. 피트니스 센터나 집, 어디서 땀 흘리든 NTC가 여러분의 성장을 이끌어 줍니다. 진정한 피트니스를 원한다면, NTC와 함께 훈련해 보세요.

나이키 멤버는 최신 근력 트레이닝, 컨디셔닝, 요가, 필라테스, 회복 및 마음챙김 콘텐츠를 무료로 이용할 수 있습니다. Nike Training Club과 함께 원하는 방식으로 훈련하고 목표를 달성하세요.

모든 수준에 적합한 전문가 프로그램
• 피트니스 센터 운동: 피트니스 센터 환경에 맞춰 구성된 근력 및 컨디셔닝 운동과 프로그램 
• 홈 트레이닝: 작은 공간, 여행지, 장비가 없는 상황에서도 즐길 수 있는 화이트보드 및 트레이너 가이드 운동
• 전신 근력 운동: 근력, 근육량, 파워, 지구력을 고르게 키우는 프로그램
• 컨디셔닝: 고강도 인터벌 및 스프린트 인터벌 트레이닝을 포함한 고강도 운동 
• 코어 운동: 강력한 복근과 그 이상을 위한 운동
• 요가와 필라테스: 유연성과 근력을 동시에 기르는 플로우와 자세
• 회복: 자가 근막 이완, 스트레칭, 걷기 등 회복을 위한 루틴
• 마음챙김: 퍼포먼스 및 경험 향상을 위해 지금 이 순간에 집중하도록 돕는 가이드

쉽게 시작하고 단계적으로 성장하는 운동
• 모두를 위한 선택: 초급에서 고급 운동에 이르기까지 모두를 위한 운동 프로그램 제안
• 나만의 방식대로 운동: 트레이너가 이끄는 온디맨드 클래스에 참여하거나 혼자 화이트보드 운동하기
• 목표에 맞춘 운동: 피트니스 센터나 집에서 몇 주간 진행하는 운동 프로그램으로 목표 달성
• 트레이닝 가이드: 깊이 있는 트레이닝 정보가 가득한 라이브러리를 손끝에서 만나보기
• 나이키만의 영감: 나이키 최고의 트레이너, 운동선수, 전문가가 전하는 조언과 인사이트
• 가장 좋아하는 운동 선택: 근력 트레이닝, 컨디셔닝, HIIT, 요가, 필라테스 등
• 모든 근육 강화: 팔, 다리, 복부 등 전신을 겨냥한 운동
• 바디웨이트 트레이닝: 기구가 필요 없는 운동으로 근육 만들기
• 달성 기록 추적: 완료한 운동을 기록하고 성과를 기념

온디맨드 운동
• 모든 수준에 적합한 운동: 트레이너가 이끄는 다양한 온디맨드 동영상(VOD) 클래스 선택*
• 모든 종류의 운동: 근력 트레이닝, 컨디셔닝, 요가, 필라테스 등 다양한 영역에 집중한 운동을 경험
• 프리미어 운동: 엘리트 운동선수 및 엔터테이너와 함께 운동*
• NTC TV: 기기 조작 없이 운동에만 집중하고 집에서 그룹 클래스 체험**

Nike Training Club을 다운로드하고, 함께 훈련해 보세요.

모든 운동 기록하기
활동 탭에서 모든 운동을 추가해 여러분의 트레이닝 여정을 정확하게 기록해 보세요. Nike Run Club 앱을 활용하면 모든 러닝 내역이 활동 기록에 자동으로 기록됩니다.

NTC는 Google Fit과 연동하여 운동 기록을 동기화하고 심박수 데이터를 기록합니다.

*온디맨드 동영상(VOD)은 US, UK, BR, JP, CN, FR, DE, RU, IT, ES, MX, KR에서 이용할 수 있습니다.
**NTC TV는 미국에서만 이용 가능합니다.",건강/운동,https://play.google.com/store/apps/details?id=com.nike.ntc&hl=ko&gl=kr,,,,,,
android,kr,com.popularapp.sevenmins,7분 운동,"2016년 베스트 어플, 트렌드를 선도하는 어플, 구글플레이가 선정한 최고의 자기 계발 어플.

<b>구글 피트니스</b>가 지원하는 7분 운동!

3백만 명 이상의 사용자에게 사랑받는 7분 운동, <b>과학적으로</b> 입증된 체중 감량과 심장혈관 개선 기능.

당신이 체중 감량과 평평한 배, 복근 강화를 원한다면, 7분 운동을 사용해보세요. 
각각의 운동 방법을 설명하는 동영상과 함께, 코어를 강화하고 복근을 탄탄히 하면서 식스팩을 만들어 보세요.

최고의7분 운동이 찾아왔습니다! 평범한 사람 누구든지 가장 적절한 운동을 언제 어디서나 즐길 수 있습니다. 딱 7분만 투자하세요.

7분 운동 앱은 당신의 근육과 에어로빅 피트니스를 향상시키고, 당신을 더 건강하게 하는, <b>“가장 안전하고, 가장 효과적이고, 가장 효율적인”</b> 방법으로 증명된 HICT(고강도 서킷 트레이닝)에 기초합니다.

앱은 30초 운동 12가지와, 각 운동 사이 휴식시간들로 구성되어 있습니다. 당신에게 필요한 것은 의자와 벽 뿐입니다. 당신의 시간적 여유에 따라 2~3회를 반복하세요.

특징:

음성 안내
회차 조정 가능
휴식시간 조정 가능
운동 중 화면 꺼짐 방지
예쁜 캐릭터와 UI 디자인
운동 완료 시간 기록
운동 일시 정지, 이전이나 다음 동작으로 건너뛰기
매일 운동 알림

사용 권한 설명:

저장:
SD 카드 또는 휴대폰에 데이터 저장

네트워크 통신:
Google Fit 데이터 저장 지원

전화:
운동 중에도 중요한 전화를 받을 수 있습니다.

시스템 도구:
이 권한은 전화 리부팅 후 알림을 시작하기 위한 것입니다.

하드웨어 컨트롤:
알림 진동 지원",건강/운동,https://play.google.com/store/apps/details?id=com.popularapp.sevenmins&hl=ko&gl=kr,,,,,,
android,kr,musclemonster.fitness.workout.home.gym.planner,Muscle Monster Workout Planner,"더욱 빠르고 스마트한 결과를 위한 최고의 AI 기반 운동 앱:
Muscle Monster 운동 플래너로 피트니스 목표를 달성하세요! 체중 감량, 근육량 증가, 근력 강화 등 어떤 목표를 원하시든, 이 운동 프로그램은 최고의 가이드가 되어 드립니다. 근육량 증가에 전념하는 남성에게 안성맞춤인 이 운동 플래너 앱은 꿈꿔왔던 몸매를 만들고 새로운 차원의 퍼포먼스를 달성할 수 있도록 도와줍니다. 잠재력을 최대한 발휘하고 진정한 칼리스테닉스 마스터가 되어 보세요!

다음과 같은 이점을 경험해 보세요.
- 내 손안에 들어오는 맞춤형 운동 플래너
- 신체의 주요 부위를 정확하게 타겟팅하는 300가지 이상의 피트니스 동작 마스터
- 21일 무료 운동 챌린지
- 다양한 칼리스테닉스 운동 및 루틴 제공
- 더욱 강하고 유연한 몸을 만들어 보세요
- 맞춤형 AI 트레이너
- 몰입형 피트니스 교육
- 언제 어디서든 운동 가능

Muscle Monster는 당신의 가상 개인 트레이너로, 당신의 피트니스 수준과 목표에 맞춰 다양한 칼리스테닉스 운동 및 루틴을 안내해 드립니다. 초보자든 숙련된 칼리스테닉스 전문가든, 이 앱이 당신을 도와줄 것입니다.

칼리스테닉스 애호가를 위한 최고의 남성 피트니스 앱. Muscle Monster와 함께라면 손끝에서 완전히 새로운 칼리스테닉스 훈련의 세계를 열어갈 수 있습니다.

[ 기본 근육 앱 0개: 기초부터 시작 ]
피트니스 수준에 관계없이, Muscle Monster 앱은 모든 운동 요구를 충족하는 최고의 솔루션입니다. 피트니스 애호가든 칼리스테닉스 초보자든, 이 운동 플래너 앱은 장비 유무와 관계없이 누구나 쉽게 운동 여정을 시작할 수 있도록 도와줍니다.

[ 운동 플래너: 21일 운동 챌린지 무료 ]
획일적인 운동 루틴과 작별하세요. 21일 운동 챌린지에 무료로 참여하세요. 최첨단 AI 기술이 탑재된 Muscle Monster 앱은 체중 감량, 근육 증가 또는 두 가지를 모두 달성하는 등, 당신의 목표에 맞춰 운동 플래너를 무료로 맞춤 설정해 줍니다.

[클릭 한 번으로 트레이닝 운동 플래너 시작하기]
더 이상 복잡한 설정이나 복잡한 운동은 필요 없습니다. 원하는 운동 시간을 선택하고 ""시작""을 클릭하면 바로 피트니스의 즐거움에 푹 빠져보세요. 근육량 증가, 칼리스테닉스, 체중 감량, 또는 단순히 몸매 관리까지 - Muscle Monster는 여러분의 목표와 라이프스타일에 딱 맞는 맞춤형 일일 운동 플랜을 제공합니다.

[피트니스 트렌드 리뷰]
피트니스 여정을 간편하게 추적하세요. 저희 앱은 운동 기록을 자세히 기록하여 목표를 향해 나아가는 동안 꾸준함의 놀라운 힘을 경험하도록 도와줍니다.

Muscle Monster 운동 플래너 - 남성을 위한 최고의 근육 강화 앱
무엇을 공유하고 싶으신가요?
- 피트니스 목표를 설정하세요: 칼리스테닉스, 체중 감량, 근육량 증가, 또는 둘 다.
- 신체 정보(나이, 키, 몸무게)를 공유하세요.
- 일상 루틴(활동량, 자세 문제 등)을 알려주세요.

전문가 팁: 솔직하게 답변해 주시면 여러분의 특별한 니즈에 맞는 피트니스 플랜을 받으실 수 있습니다.

이러한 요소들을 바탕으로, 눈에 띄는 신체 변화를 달성할 수 있도록 설계된 맞춤형 21일 운동 플랜을 제작합니다. 저희의 방대한 운동 라이브러리에는 다양한 목표에 맞는 다양한 운동이 포함되어 있습니다. 특정 근육군 강화, 체중 감량, 근육 증가 등 어떤 목표든 저희가 도와드리겠습니다. 매일 진행 상황을 꼼꼼하게 추적하고, 피트니스 데이터를 기록하며, 목표 달성을 위한 여러분의 헌신을 응원합니다.

다음을 포함하여 200개 이상의 운동 라이브러리를 이용하실 수 있습니다.
- 헬스장 및 홈 트레이닝 플래너
- 21일 운동 챌린지
- 피트니스 트레이너
- 근력 강화 운동
- 홈 트레이닝
- 근육 증가 또는 체중 감량 운동
- 최소한의 장비만 사용하거나 전혀 사용하지 않는 헬스장 또는 홈 루틴
- 칼리스테닉스 또는 덤벨 홈 트레이닝

놓치지 마세요! 곧 진행될 피트니스 이벤트와 특별 혜택을 살펴보고 운동 루틴에 활력을 더하세요. 지금 바로 Muscle Monster 운동 플래너에 가입하고 간편하게 몸을 변화시키세요. 클릭 한 번으로 건강, 웰빙, 피트니스 목표를 달성하세요.",건강/운동,https://play.google.com/store/apps/details?id=musclemonster.fitness.workout.home.gym.planner&hl=ko&gl=kr,,,,,,
android,kr,com.bodbot.trainer,BodBot 개인 트레이너:운동 & 피트니스 코치,"진정한 디지털 개인 트레이너, BodBot이 목표, 상황, 신체 능력, 원하는 난이도 등에 맞추어 운동을 계획해드립니다. 각 운동은 개별 운동의 수준에 맞춰 조정되며, 세션을 완료하거나 놓칠 때마다 계획이 점차 조정됩니다.

좋은 개인 트레이너가 개인별 운동 계획을 제공하는 것처럼, 저희도 사용자가 개별 맞춤 프로그램에 따라 계속 운동하면서 조정할 수 있는 개별 맞춤 프로그램을 만들었습니다. 어깨를 제한된 범위로만 움직일 수 있나요? 이를 바로잡을 수 있어요. 가슴 쪽보다 등 쪽이 더 취약한가요? 이것도 해결할 수 있지요. 햄스트링이 너무 뻣뻣한가요? 이두박근이나 둔근을 발달시키고 싶으세요? 일주일에 단 몇 번밖에 운동할 시간이 없으세요? BodBot에서 이를 해결할 수 있습니다. 여러분의 운동에 이 모든 필요한 요소가 다 반영됩니다. 저희는 최고의 트레이닝 계획과 정말 최고의 운동을 제공해드리기 위해 최선을 다하고 있습니다. 그뿐만 아니라 운동을 빠지거나 갑작스럽게 등산을 하게 되더라도, 저희가 이 새로운 정보를 모두 통합하고 이에 따라 트레이닝 계획을 업데이트합니다. 계획은 여러분과 함께 살아 숨쉬며 여러분을 위해 존재합니다.

그렇다면 어떤 부분이 현대 과학을 기반으로 개인별로 맞춤 제공하는 트레이닝 시스템을 특별하게 만들까요? BodBot이 하는 일은 무엇이고, 이건 왜 중요할까요?
■ 개인별 맞춤은 아주 중요한 요소입니다.
오늘 아침에 다리가 부러졌다면, 밤에 헤비 스쿼트를 시도해서는 안됩니다.
마찬가지로 지난주 동안 제대로 자지 못하거나 갑자기 열이 났다면, (지난주에 최고의 트레이닝 계획을 실천하고 이를 살펴보며) 예측한 건강 상태는 전혀 쓸모가 없어집니다. 새로운 환경 변화를 반영해 권장 사항을 제공해야만 합니다.
■ 커다란 변화는 별로 없더라도, 운동을 놓쳤거나 갑작스럽게 등산을 하게 된 경우, 한동안 불면증이 생기거나 인생의 다른 급락이 발생하기도 합니다. 그렇더라도 이러한 일들이 여러분의 트레이닝 계획과 목표를 어긋나게 내버려둬서는 안됩니다. BodBot은 이러한 변화에 맞춰 대응하는 기능이 있어 알맞게 대응해드립니다.
■ 원래 사람들은 각자 다른 속도로 진행합니다. 너무 느리거나 너무 빠르거나, 너무 비효율적이거나 너무 위험한 프로그램으로 고통받으며 포기할 필요가 없습니다. 나만의 속도에 반응하고 나만의 운동 능력을 반영하여 훈련을 조정할 수 있으니까요. BodBot은 나와 상호작용하며 최적의 페이스와 진행 속도를 제공해드립니다. 이와 반대로, 오늘날 대부분의 앱은 진행 시스템이 전혀 없거나 고정된 평균치 데이터에 얽매여 있습니다.
■ 모든 사람은 각자 다른 삶을 살아왔습니다. 다양한 자세, 근력, 유산소 운동, 움직임 범위, 관절 상태, 관절 움직임 범위 등 모든 것이 다르죠. 이러한 변수는 매우 중요합니다. BodBot은 약하고 불안정한 관절에 부담을 주거나 이미 경직되고 뻣뻣한 근육에 큰 충격을 주는 게 아니라, 여러분과 함께 퍼포먼스를 향상하고 효율성을 향상시킵니다. 목표를 명확하게 설정하는 체력 검사와 객관적인 평가를 활용하니까요.
이는 다른 피트니스 앱에서 하는 보여주기식 개별화 시스템이 아닙니다. 이건 현대적인 인공지능형 트레이닝 권장 사항을 통해 실현하는 아주 뛰어난 최신 생리학과 신체 운동학이죠.
■ 접근성은 중요합니다 - 집에서 운동하더라도 버피, 벽 스쿼트, 크런치를 무작위로 계속 반복하는 것이 아니라, 계속 뛰어난 품질의 운동을 정확하게 실시할 수 있어야 합니다. BodBot은 광범위하고 심도 깊은 운동 프로파일과 정교하며 가장 뛰어난 알고리즘을 함께 적용하여, 위치와 장비가 변경되더라도 이에 맞춰 원활하게 대응합니다. 마찬가지로 일정을 줄이거나 변경하기도 합니다. 기본으로 설정한 월요일, 수요일, 금요일 패턴이 중단되거나 갑자기 예상보다 시간이 모자라다면, BodBot은 즉시 훈련 계획을 조정합니다.
■ 전문성은 중요합니다 - 무릎을 지렛대로 두드리면 아프고 식은땀이 날 수도 있습니다. 그렇더라도 이건 운동 퍼포먼스나 신체 능력을 향상하지 않습니다. (자학이 새로운 유행이 되지 않는다면 말이죠.) 그리고 당연히 건강이 좋아지지도 않지요. 결과를 이끄는 것은 고통의 강도가 아니라 바로 자극의 종류입니다. BodBot은 여러분의 모든 땀방울 하나 하나가 여러분의 목표에 쓰일 수 있도록 도와드리겠습니다.",건강/운동,https://play.google.com/store/apps/details?id=com.bodbot.trainer&hl=ko&gl=kr,,,,,,
android,kr,sixpack.sixpackabs.absworkout,30일만에 식스팩 만들기 - 복근 운동,"여름을 위해 뱃살을 빼고 <b>식스 팩 복근</b>을 만들고 싶으신가요? 정말 효과적인 이 복근 운동 앱으로 복근을 만들기 시작하세요. 모든 레벨을 위한 운동이 준비되어 있습니다. <b>집에서</b> 또는 다른 어느 곳에서 원할 때 운동을 할 수 있습니다. 하루에 몇 분만 투자해 항상 꿈꾸던 복근을 만들어 보세요!

💪 <b>여러 레벨의 운동 계획</b>
뱃살을 빼고 단단한 배, 식스 팩 복근을 만드세요 - 이 3가지 레벨의 운동 계획이 단계적으로 뱃살을 빼고 복근을 만들 수 있게 도와줍니다. 초보와 프로 모두 자신에 맞는 운동을 찾을 수 있습니다. 매일 다른 운동이 준비되어 있어 항상 신선하고 흥미롭습니다.

🏆 <b>30일 운동 루틴</b>
명확한 목표를 세우면 보다 빨리 멋진 결과를 얻을 수 있습니다. '30일만에 식스팩 만들기 - 복근 운동'은 체계적이고 과학적인 30일 운동 루틴을 제공하여 운동 목표를 세울 수 있도록 도와줍니다. 이 운동은 뱃살을 연소시키는 데 도움이 되며, 복근을 단련시키는 데도 좋습니다. 운동 강도가 점차적으로 증가해 운동을 쉽게 매일 할 수 있습니다.

🏠 <b>집에서 내 개인 트레이너와 운동하기</b>
개인 트레이너와 운동하는 것이 너무 비싼가요? 헬스장에 갈 시간이 없나요? '30일만에 식스팩 만들기 - 복근 운동'은 집으로 찾아오는 개인 트레이너입니다. 고강도 회로 훈련 원리를 기반으로한 이 운동은 헬스장 운동만큼 효과적입니다.

🎥 <b>애니메이션 및 동영상 가이드</b>
'30일만에 식스팩 만들기 - 복근 운동'이 복부 근육을 강화시킨다는 것이 과학적으로 입증되었습니다. 애니메이션 및 동영상 가이드로 모든 운동을 안전하고 효과적으로 할 수 있습니다.

⭐ 기능
- 식스 팩 복근 및 보다 강한 몸을 위한 30일 운동 루틴
- 체중 관리 및 근육 키우기를 위한 멋진 운동
- 운동 강도가 단계적으로 증가
- 운동 알림 맞춤 설정
- 자동으로 훈련 진행 기록
- 모든 사람, 초보자, 프로, 남성, 여성, 십대 및 노인에게 적합",건강/운동,https://play.google.com/store/apps/details?id=sixpack.sixpackabs.absworkout&hl=ko&gl=kr,,,,,,
android,kr,homeworkout.fitness.app,운동 계획자・체육관 추적기,"2025년 새로운 목표를 세우고 70% 할인 혜택을 누리세요! 

FitAI는 당신이 새로운 결심을 실현하고 몸과 마음을 변화시킬 수 있도록 돕기 위해 2025년을 맞아 ""새로운 해, 새로운 나"" 캠페인을 선보입니다. 체중 감량, 근육 증가 또는 전반적인 웰빙 증진 등 어떤 목표든 FitAI를 통해 70% 할인을 경험하세요: 지금까지의 최대 할인 혜택입니다! 

FitAI: 궁극적인 AI 기반 개인 트레이너 및 운동 계획 앱 

최신 AI 기술과 방대한 운동 데이터베이스를 결합한 FitAI로 최대의 잠재력을 발휘하세요. 근육을 키우고, 힘을 증가시키며, 체중을 줄일 수 있도록 도와줍니다. 집에서 또는 체육관에서 운동하시든, FitAI는 귀하의 피트니스 목표, 경험 수준 및 사용 가능한 장비에 맞춘 개인화된 운동 계획을 세워드립니다. 

방대한 운동 데이터베이스 
3000개 이상의 운동: 스쿼트, 런지, 플랭크, 푸시업, 크런치, 턱걸이, 버피, 싯업 등 체육관 및 자중 운동에 대한 방대한 라이브러리에 접근하세요. 
모든 근육 그룹 목표: 가슴, 이두근, 삼두근, 복부, 대퇴사두근, 종아리, 햄스트링, 광배근, 둔부, 전완, 승모근, 어깨 등을 위한 운동. 
장비 통합: 덤벨, 바벨, 케틀벨, 저항 밴드 등과 함께 FitAI를 사용하거나 장비가 필요 없는 자중 운동을 선택하세요. 

Wear OS 시계 앱 
운동을 Wear OS 시계에서 바로 기록하고 휴대폰과 실시간으로 동기화하여 심박수를 모니터링하고 휴식 타이머 알림을 받을 수 있습니다.

개인화된 AI 기반 운동 계획 
AI 생성 운동: 우리의 고급 AI가 귀하의 목표, 피트니스 수준 및 사용 가능한 장비를 바탕으로 개인화된 운동 루틴을 생성합니다. 
목표에 맞춤화: 근육을 키우고, 체중을 줄이거나, 전반적인 피트니스를 개선하고 싶어하는지에 관계없이 FitAI는 귀하의 요구에 맞춰 적응합니다.  

운동 추적기 및 체육관 로그 
진행 상황 추적: 세트, 반복, 중량 등을 쉽게 기록하세요. 
성능 분석: 상세한 그래프와 통계로 시간 경과에 따른 진행 상황을 모니터링하세요. 
개인 기록 및 이정표: 성취를 기념하고 피트니스 여정에서 동기를 유지하세요. 

홈 및 체육관용 운동 계획 
홈 운동: 장비가 필요 없는 자중 운동으로 홈 운동에 적합합니다. 
체육관 운동: 개인화된 계획을 통해 덤벨, 바벨 및 케틀벨과 같은 사용 가능한 장비를 포함하여 체육관 세션을 최적화하세요.  
다양한 훈련 모드: 근력 훈련, HIIT, 유산소 운동, 에어로빅, 달리기, 조깅, 자전거 타기 등을 포함하여 루틴을 신선하고 효과적으로 유지하세요. 

AI 개인 코치 & ChatGPT 통합 
개인 피트니스 가이드: ChatGPT 기반의 AI 코치로 피트니스 질문에 대한 답변을 받아보세요. 
AI 생성 운동 계획 및 루틴: AI가 귀하의 몸과 피트니스 수준에 맞춘 최고의 운동을 만들어 드립니다. 

다양한 운동 선택 
사전 구축된 운동 및 회복 세션: 특정 근육 그룹 또는 훈련 스타일을 목표로 한 다양한 사전 설계 운동 중에서 선택할 수 있습니다. 
커스텀 운동 만들기: 우리의 방대한 운동 라이브러리에서 선호도에 맞는 운동을 만들어 보세요. 
고화질 비디오 시연 및 가이드: 효과적인 운동을 위해 텍스트 큐와 명확한 비디오 지침으로 올바른 자세를 유지하면서 동기를 부여하세요. 
모든 피트니스 애호가를 위해: 
남성과 여성: 초보자부터 고급 스포츠인까지 모두에게 적합합니다. 여성을 위한 개인화된 운동 프로그램과 남성을 위한 프로그램 제공. 
목표 지향적 계획: 근육 증가, 체중 감소 또는 힘 향상을 위한 피트니스 목표를 세우고 FitAI가 최적의 경로를 만들어 드립니다. 

FitAI를 선택해야 하는 이유 
FitAI는 개인 트레이너, 근육 코치, 운동 추적기 및 체육관 로그를 편리한 하나의 앱으로 제공합니다. 인공지능을 활용하여 개인화된 운동 계획과 전문가의 안내를 통해 더 빠르게 목표를 달성할 수 있도록 돕습니다. FitAI와 함께라면 운동이 항상 신선하고 재미있으며 효과적입니다.",건강/운동,https://play.google.com/store/apps/details?id=homeworkout.fitness.app&hl=ko&gl=kr,,,,,,
android,kr,increaseheightworkout.heightincreaseexercise.tallerexercise,"키높이 운동 - 높이 증가, 신장 증가 운동","자연스럽게 <b>키를 키우고</b> 게 소원이세요? 키 증가 여정을 원활하게 하기 위해 <b>신장 증가 운동</b> 을 따르십시오! (13세 이상을 대상으로 설계됨)

저희 앱은 <b>18세가 넘어서도</b>라도 키를 늘리고 더 매력적으로 보이게 하여 자신감을 높일 수 있도록 도와줍니다.

연구 결과에 따르면 주기적인 운동, 올바른 영양 섭취, 적절한 수면을 통해 HGH (인간 성장 호르몬) 분비를 높일 수 있습니다. 약물이나 수술은 필요 없습니다! <b>과학에 기반한</b> 이 앱을 활용하면 신장을 키우고 골격을 단단히 만들 수 있습니다. 

<b>효과적인</b> 키높이 운동, <b>식단 계획</b> 및 키높이 <b>팁</b>을 활용하면, <b>가정에서도</b> 자연적인 방법으로 키를 높이고 멋진 몸매를 만드는 데 <b>8주</b>면 충분합니다! 

<b>모든 사람을 위한 키 높이기</b>
- 남성 & 여성 
- 청소년 & 성인 

<b>신장 발달 운동</b>
- 모든 신장 발달 운동은 전문가에 의해 설계됐습니다 
- 이해하기 쉬운 애니메이션 및 동영상 가이드 
- 효과적인 스트레칭 운동, 요가, 에어로빅 운동 등 
- 가정에서 하루 8~14분의 운동을 키를 높입니다 

<b>식단 계획</b> 
- 일일 식단 계획으로 신장 발달 가능성을 최대화 
- 키를 높이는 데 좋은 다양한 권장 영양소 (칼슘, 단백질, 비타민) 

<b>신장 발달 팁</b> 
- 신장 발달에 효과적인 키높이 팁 
- 음식, 운동, 자세, 착장 관련 팁 

<b>신장 발달을 위한 수면 트래커</b> 
- 목표 수면 시간을 설정해서 충분한 수면을 취함 
- 일일 수면 시간 기록
- 그래프에 수면 기록 

<b>특징</b> 
- 전문가에 의해 설계된 신장 발달 운동
- 십대 및 성인을 위한 키 증가
- 효과적이고 과학적인 키높이 운동 
- 키를 높일 수 있는 영양소 제안 
- 성장하기에 최선의 방법인 키높이 팁 제공 
- 8주 운동 플랜으로 자신의 신장 발달을 확인
- 본인에게 맞는 운동 계획 설정 
- 가정 등 언제, 어디서나 쉽게 시작할 수 있는 키높이 운동 
- 일일 알림을 설정해서 운동의 동기를 부여",건강/운동,https://play.google.com/store/apps/details?id=increaseheightworkout.heightincreaseexercise.tallerexercise&hl=ko&gl=kr,,,,,,
android,kr,gymworkout.gym.gymlog.gymtrainer,헬스장 루틴 - 운동일지 & 헬스 기록,"헬스장 루틴 - 운동일지 & 헬스 기록의 전문적으로 설계된 세트, 반복, 중량을 통해 근력과 지구력, 최대 무게를 높이고 근육을 만드세요! 저희 루틴을 따라하면서 자신의 목표와 가용한 헬스 기구에 적응하여 최고의 결과를 얻고 자신의 한계를 높여 보세요.

★ 초심자라서, 헬스 워크아웃을 어떻게 시작하면 좋을지 모르거나 진행할 자신이 없으신가요?
★ 경험 있는 보디빌더로서, 더 높은 챌린지를 달성하고 싶으신가요?
★ 근력, 지구력, 최대 무게를 높이거나 멋진 근육을 갖고 싶으신가요?
★ 기존 워크아웃 기록 앱이 마음에 들지 않아서 더 종합적인 앱을 찾고 계신가요?
★ 비싼 트레이너를 쓰기는 망설여지시나요?
헬스장 루틴 - 운동일지 & 헬스 기록으로 이런 문제를 모두 해결하세요!

<b>초심자용 & 헬스 생쥐</b> - 헬스장 루틴 - 운동일지 & 헬스 기록이 여러분의 1RM을 계산하여 이것을 본인 루틴에서 체중 조절의 주요 지표로 활용합니다. 사람마다 다른 필요성에 맞도록 개인 맞춤형 클래식 루틴을 전문가가 설계하여 안내해 드립니다.

<b>펜과 & 종이는 필요 없음</b> - 각 세트의 중량 및 반복을 연속으로 기록하거나, 모든 세트를 한 번의 클릭으로 기록합니다. 저희가 여러분의 데이터를 저장 및 추적하고, 트레이닝 결과를 직관적인 통계 및 표를 사용해서 한눈에 보여 드립니다.

<b>풍부한 운동 데이터베이스 & 지도</b> - 근육 그룹별, 장비별, 또는 키워드로 검색하실 수 있습니다. 저희에게는 500 종류 이상의 운동에 관한 HD 사진 & 동영상을 보유하고 있어, 여러분의 운동을 조정할 수 있도록 돕고 부상을 예방할 수 있습니다.

<b>횟수 제한 없음</b> - 기존 워크아웃 루틴을 포함해서 편집 횟수는 제한이 없으며, 나만의 루틴을 만들어서 새로운 운동을 저희 데이터베이스에 추가할 수 있습니다.

<b>신묘한 기능:</b>
• 펜 & 종이 없이 내 워크아웃을 빠르고 간단히 기록
• 전문적으로 설계된 루틴으로 내 한계에 도전
• 원할 때 언제든 루틴을 편집 및 재생성
• 명확한 영상 & 언어 지도를 통해 운동 자세 교정
• 명료한 통계 및 도표로 내 진도를 추적
• 유연한 전체 및 특정 휴식 타이머
• 500 종류 이상의 운동으로 신선하고 재밌는 워크아웃을 지속
• 횟수 제한 없이 나만의 워크아웃 루틴을 생성
• 원하는 운동은 무엇이든 저희 데이터베이스에 추가
• 네트워크 없이도 피트니스 여정을 시작 가능
• 비용 없이 사용

<b>- 전문적으로 설계된 루틴을 즐겨 주세요</b>
시간과 노력을 투자하면서도 진도가 나가지 않나요? 전문가들이 설계한 저희 클래식 과정으로 특정 신체 부위를 더욱 효율적으로 단련하세요! 가용 장비와 1RM을 업데이트해서, 만족스럽지 않다면 편집하거나 재생성할 수 있습니다.

<b>- 내 워크아웃 강도의 마스터가 되세요</b>
재래식 평가 시스템으로 제약이 걸리는 게 마음에 들지 않으세요? 걱정하지 마세요. 선택하신 벤치마크에 따라서 여러분의 1RM을 저희가 계산해 드립니다. 그리고 본인 페이스에 맞도록, 언제든 세트나 반복을 변경해서 이를 업데이트하실 수 있습니다.

<b>- 나만의 커스텀 워크아웃 루틴 만들기</b>
나만의 워크아웃 루틴을 만들어 보고 싶으세요? 횟수 제한 없이 저희 데이터베이스를 마음껏 조합해서 마음에 드는 휴식 타이머, 중량, 반복, 세트를 생성하실 수 있습니다.  게다가, 원한다면 저희 데이터베이스에 없는 운동을 추가하실 수도 있습니다.

<b>- 다양한 형태의 기록으로 내 진도를 추적</b>
📝 메모하기 - 각 운동의 느낌과 힌트를 기록합니다
📊 막대 차트 - 각 운동에서 내 최고 1 RM, 최대 중량, 최대치 등을 나타냅니다
📈 선 차트 - 체중 변화를 추적합니다
📆 캘린더 & 히스토리 - 내 워크아웃 빈도, 시간, 강도를 기록합니다
내 워크아웃 진도를 직관적인 기록을 통해서 보면 동기 부여도 될 뿐더러, 나 자신의 데이터 전체를 해석하는 고생을 직접 하지 않으셔도 됩니다.",건강/운동,https://play.google.com/store/apps/details?id=gymworkout.gym.gymlog.gymtrainer&hl=ko&gl=kr,,,,,,
android,kr,com.bunnit.haja.android,번핏 - 헬스 & 운동기록 루틴 운동일지 헬스루틴,"운동 습관, 오늘도 작심삼일로 끝인가요?
운동과 식단 기록부터 데이터 분석까지, 번핏 하나로 꾸준한 변화를 만들어 보세요.
--------------------------------
번핏은 어떤 운동앱인가요?
--------------------------------
기록을 습관으로, 작심삼일 끝!

번핏은 운동 기록과 일지, 데이터 분석, 운동 루틴과 식단 관리까지 한 번에 관리할 수 있는 운동 앱입니다.
기록이 만드는 꾸준한 성장을 경험해 보세요.

▶ 꾸준히 기록하는 번핏 사용자의 평균 기록 기간 22.8개월
▶ Forbes HEALTH ‘최고의 Fitness App’ 5년 연속 선정
▶ 글로벌 누적 사용자 200만+ / 누적 운동 기록 8,500만+

▶ 단 10초, 빠르고 간편한 운동 기록
- 꾸준한 운동과 점진적 과부하, 다이어트를 위한 식단관리까지.
- 세트 복사, 이전 불러오기로 반복되는 운동도 빠르게 시작하세요.

▶ AI 주간 리포트 & 개인화 운동 분석
- 운동 기록에 기반한 개인화된 운동 & 식단 데이터 분석!
- 1RM, 성장 분석, 부위별 피로도까지

▶ AI 식단 관리 : AI 렌즈와 AI 텍스트
- AI 렌즈 : 음식 사진을 촬영하면 메뉴와 영양 정보를 분석
- AI 텍스트 : 메뉴 이름을 입력하면 식단 기록을 빠르게 생성
- 탄수화물·단백질·지방 구성은 물론, 하루 섭취 & 목표 칼로리까지 한눈에 보여요.

▶ 나만의 운동 루틴과 트레이닝 프로그램
* 가슴/등/하체/어깨 등 부위별 헬스 루틴 저장
* 3분할, 4분할, 상·하체 루틴 등 나만의 운동 루틴 저장
* 홈트 루틴, 헬스장 루틴, 유산소 루틴을 각각 프로그램처럼 관리

▶ 글로벌 200만 유저의 피트니스 커뮤니티
* [QnA] 물어보기 쉽지 않았던 질문, 전세계 피트니스 선배들에게 물어보세요!
* [Friends] 친구들과 함께 공유하는 운동 기록, 우리만의 피드를 채워보세요.

▶ 다양하고 유용한 기능
- 주간 및 월간 운동 현황과 밀도, 볼륨, 시간 분석 차트
- 부위별 피로도, 전월과의 비교 등 눈에 보이지 않는 성장까지 체크하세요.
- GIF 운동 가이드와 자동 3대 수치 계산까지!
- 체중·체지방·근육량을 입력해, 신체 변화를 함께 체크하세요.

▶ 이런 분들께 추천해요
- 운동 기록, 운동 일지를 꾸준히 쓰고 싶지만 매번 3일 만에 끝나는 분
- 운동 기록 앱이 필요했던 헬스 입문자
- 운동 일지를 쓰고 있지만 더 체계적으로 관리하고 싶은 분
- 다이어트 캘린더처럼 운동 캘린더를 보고, 주간·월간 패턴을 확인하고 싶은 분
- 운동 루틴과 헬스 루틴을 데이터로 관리해보고 싶은 분
- 식단 기록과 신체 데이터를 함께 관리하고 싶은 분

지금, 오늘 운동부터 기록해 보세요.
번핏으로 운동 기록, 운동 일지, 헬스루틴, 식단을 함께 관리해 보세요.
당신의 꾸준함을, 번핏이 끝까지 기록해 드립니다.

개인정보 처리방침
*https://bunnit.notion.site/BurnFit-Privacy-Policy-eed71734e43b4ad5a1a8bdab7e175e33?pvs=4

이용약관
*https://bunnit.notion.site/BurnFit-Terms-of-Use-0e6029ccf7fb4d8096f0269b3566f45b?pvs=4
----
개발자 연락처 :
주식회사 버닛 12 Gaetbeol-ro,
연수구, 인천광역시 21999
South Korea 788-81-01243 2021-인천연수구-1187 인천광역시 연수구 032-749-7559, 7557",건강/운동,https://play.google.com/store/apps/details?id=com.bunnit.haja.android&hl=ko&gl=kr,,,,,,
android,kr,fitness.online.app,"Fitness: 헬스장 운동, 근육 키우기를 위한 앱","체중 감량, 근육량 증가, 탄탄한 식스팩 복근, 가는 허리 중 목표가 무엇이든 저희의 피트니스 온라인 어플은 여러분의 신체 목표 달성을 돕기 위해 많은 3D 운동과 함께 전신 운동 계획을 무료로 제공하고 있습니다. 허리 운동, 등 운동, 가슴 운동, 복근 운동, 팔 운동, 엉덩이 운동 등 특정 근육군을 대상으로 한 다양한 운동 계획, 그리고 체중 감량 운동과 지방 연소 운동과 같이 특정 목표에 맞춘 운동 계획, 또한 여성 운동과 남성 운동 중에서 선호에 따라 원하는 운동법을 지정할 수 있습니다. 만약 뚜렷한 신체 목표를 가지고 있다면 자신에게 필요한 운동법만 선택하여 집중적으로 해당 부위를 운동할 수 있습니다.
지금까지 다이어트를 할 때마다 실패를 경험했나요? 아니면 다이어트 성공 후 요요가 왔나요? 그렇다면 어플 속에 있는 칼로리 계산기로 당신의 다이어트 식단을 철저하게 감시하고, 전문가에 의해 계획된 체중 감량 운동으로 원하는 신체 부위의 지방을 태우세요. 건강한 다이어트는 식단, 운동, 계획, 칼로리 소모 등 모든 요소가 고려되어야만 달성될 수 있습니다. 전문가가 아닌 이상 혼자 다이어트에 성공하고, 성공했다고 하더라고 다이어트 후의 몸매를 꾸준히 유지하는 것은 절대 쉬운 일이 아닙니다. 저희 피트니스 온라인 어플로 다이어트 시작부터 계획, 성공, 그리고 유지까지 모든 순간에 도움을 받으세요. 저희 어플은 자신의 신체 상황과 목표에 맞는 적절한 운동법을 선택하고 운동 일지를 업데이트하며 다이어트를 철저하게 관리하기에 적합합니다. 또한 성별에 따라 여성 다이어트용 계획과 남성 다이어트용 계획을 각각 확인할 수 있습니다. 다이어트에 필요한 모든 기능들을 제공하는 피트니스 온라인으로 이번 계절, 몸짱이 되기 위한 다이어트 챌린지에 성공하세요.
저희의 피트니스 어플은 개인적인 운동 일지를 보관하고 온라인 피트니스 및 보디빌딩 세션을 위해 어느 도시에서나 최고의 개인 코치를 찾을 수 있기 때문에 다른 피트니스 어플과 차별화됩니다. 당신이 살고 있는 지역에서 건강한 친구들을 만나고, 서로 피트니스 성공 팁을 공유하고, 운동법 및 다이어트에 대한 질문을 던지세요. 분명히 당신은 그들로부터 유용한 답변을 받게 될 것입니다. 피트니스 온라인은 같은 관심사를 가진 건강한 친구들을 연결하고 그들의 소통을 응원합니다. 매일 혼자 고민하는 운동 일상이 지겨웠다면, 주변 이웃들과 함께 다이어트를 하며 동기부여를 받고 싶다면, 다른 회원들에게 도움을 주고 싶다면, 저희 피트니스앱을 통해서 피트니스 친구를 만드세요!
피트니스 온라인 이용 효과:

 - 코치로 활동하는 보디빌딩 챔피언들이 만든 마이피트니스 계획으로 운동할 수 있습니다.

 - 운동 일지: 피트니스 트래커, 다이어트 카운터, 칼로리 계산기어플로 진행 상황을 기록할 수 있습니다.
 - 인-앱 백과사전: 운동, 건강, 다이어트에 대해 더 알아볼 수 있습니다.

 - 고품질 3D 애니메이션으로 850개 이상의 운동을 할 수 있습니다.

 - 다이어트 계획 - 체중 감소: 5000개 이상의 영양가가 높은 식단과 칼로리 계산기가 준비되어 있습니다. 지금 음식 트래커를 설치하여 칼로리 다이어트에 성공하세요!

 - 스포츠 영양: 빠른 근육 형성(체중 증가)을 위한 다이어트에 필수적인 첨가물을 알려줍니다.

 - 개인 피드: 여러분의 운동 기록과 다이어트 일기, 다이어트 다이어리를 공유하고, 운동에 대한 질문을 하고, 커뮤니티의 다른 사용자들과 만나 이야기를 나눌 수 있습니다.

 - 내장된 채팅 기능을 사용하여 코치에게 직접 메시지를 전달할 수 있습니다. 여러분의 친구들에게 추천서를 보내고, 그들이 살을 빼고, 복부 운동과 유산소 운동을 하고, 건강한 식단을 유지하도록 도와주세요.

 - 트레이너 본부: 다른 회원들의 평가와 피드백을 바탕으로 개인 트레이너를 선택할 수 있습니다.
어떻게 사용하나요?

 피트니스 온라인의 피트니스 사용자로서 당신은 스스로 운동을 계획하고 관리할 수 있습니다. 운동 도서관에서 개인용 몸무게 감량 프로그램을 맞추고, 칼로리 추적기와 영양 가이드를 사용하여 다이어트 캘린더를 세우고 몸매 관리를 시작하세요. 앱 내에서 당신의 스케줄을 조정하고 운동 일지에 결과를 실시간으로 업데이트할 수 있습니다. 유산소 운동, 웨이트 운동, 뱃살 빼기 운동, 근육 키우기 운동 등과 같은 여러분의 구체적인 목표를 위한 훈련 프로그램을 선택해 식단부터 운동법까지 철저하게 관리하세요.
더 전문적인 운동을 하고 싶나요?
 다이어트를 넘어 전문적인 피트니스 훈련이 필요하다면 개인 트레이너를 온라인으로 고용하고 함께 훈련하세요. 어플에서 이용료와 회원들의 피드백에 따라 마음에 드는 개인 트레이너를 선택할 수 있습니다. 트레이너를 선택했다면 그/그녀에게 채팅 메시지를 보내고, 스포츠 목표와 조건을 함께 설정할 수 있습니다. 트레이닝에 대한 예약과 결제를 완료한 후, 건강과 원하는 몸매를 위한 피트니스 챌린지를 바로 시작하세요. 당신만 준비가 되었다면 당신의 트레이너는 맞춤형 식단 지침과 함께 운동 계획, 목표에 도달하기 위해 완전한 운동 세트와 식사 계획을 포함한 월간 코스를 개인 맞춤으로 제작해 줄 것입니다. 전문 트레이너와 함께라면 30일 안에 체중을 감량하고 탄탄한 근육과 복근, 굵은 팔, 잘게 다듬어진 몸매를 얻을 수 있습니다. 만약 건강 회복이 목표라면 질병 치료나 임신 후에도 건강 회복을 위한 전문적인 지식과 경험이 풍부한 저희 트레이너들과 함께라면 집에서나 헬스장에서나 어디서든 건강 루틴을 되찾을 수 있습니다. 저희는 결제를 하기 전 트레이너와의 채팅 서비스를 제공합니다. 주저하지 말고 자신의 목표를 함께 달성할 코치들에게 상담을 해보세요.
체중 감량 프로그램과 같은 월간 코스를 선택할 경우, 트레이너는 월 이용료를 알려줌과 동시에 트레이닝 스케줄, 운동과 식단 계획에 대한 권장 사항을 제공하고 있습니다. 필요한 경우 마이 피트니스 프로그램을 조정할 수도 있습니다. 자신의 상황과 목적에 맞게 언제든지 채팅으로 트레이너와 상담하고 당신의 계획에 대해 논의할 수 있습니다.


피트니스 온라인은 오직 분야에서 경험이 풍부하고 전문성이 갖춰진 최고의 피트니스 트레이너들만 피트니스 온라인에 초대하고 있습니다. 트레이너들은 여러분이 체중을 빨리 감량이고, 식스팩 복근을 만들고, 팔과 등 근육을 크게 키우는 등 모든 종류의 운동 목표에 대한 광범위한 지식과 노하우를 가지고 있고, 당장 여러분을 트레이닝할 준비가 되어 있습니다. 그들은 여러분의 전반적인 건강과 웰빙을 위해 가정 운동으로도 할 수 있는 다양한 종류의 유산소&근력 운동법을 제공합니다.


저희 피트니스 온라인의 소속 피트니스 트레이너가 되길 희망한다면 당신의 역량을 증명하고 테스트를 통과하시면 저희와 함께 일할 수 있습니다. 관심이 있다면 coach@fitnessonline.app로 문의를 주세요. 혹시 기술적인 문제가 있나요? 그렇다면 저희에게 연락하여 계정 이름을 알려주고 support@fitnessonline.app에서 문제를 설명해 주세요.",건강/운동,https://play.google.com/store/apps/details?id=fitness.online.app&hl=ko&gl=kr,,,,,,
android,kr,com.hevy,Hevy - 헬스일지 운동기록 피트니스앱,"Hevy로 당신의 운동을 기록하고 진행상황을 추적하여 강해지세요 - 무료입니다!

Hevy는 세계에서 가장 간편하고 가장 직관적인 운동기록 어플로 디자인 되었습니다. 광고가 없고, 무료입니다. 당신의 트레이닝을 기록하고, 시간에 따른 진행상황을 추적하기 위한 광범위한 통계를 확보하며, 운동 성장 커뮤니티에 참여하세요.
Hevy는 당신의 피트니스 목표에 도달할 수 있도록 도와줄 완벽한 웨이트 리프팅 기록어플이자 플래너입니다.

운동기록 & 트레이닝플래너
• 직관적이고 간편하게 사용할 수 있는 인터페이스로 당신의 리프트를 추적하세요.
• 고급 루틴 플래너로 당신의 루틴을 계획하고 운동일지를 작성하세요
• 캘린더를 사용하여 훈련 스케줄을 항상 관리하세요.
• 자세에 집중할 수 있는 무료 고품질 동영상이 포함된 수백 가지 운동들
• 친구의 리프트를 팔로우하며, 루틴을 따라하면서 친구의 진행상황을 확인 하세요
• 운동을 위해 당신만의 맞춤식 운동을 만들어 보세요
• 세트를 워밍업, 일반, 드롭 세트, 실패 또는 슈퍼 세트로 표시할 수 있습니다
• 타이머로 자동 휴식 시간을 맞춤화 하세요
• 근육 그룹 그래프를 통해 당신의 운동 세션을 상세하게 분석해보세요
• 한 회 최고기록 계산
• 제한 없이 루틴을 만들어 보세요
• 볼륨, 최고 중량, 총 횟수의 아름다운 풀스크린 그래프로 리프트 진행상태를 분석해보세요
• 친구들의 운동을 복사해보세요

Wear OS 워치
• Wear OS 워치에서 운동을 쉽게 추적
• Wear OS 워치에서 Hevy 루틴 사용
• Wear OS 워치 운동을 휴대폰과 실시간 동기화
• Hevy Wear OS 타일을 사용하여 Hevy에 쉽게 접근
• 운동 중 심박수 추적 유지
• 지속 시간 운동을 위한 유용한 타이머
• 세트를 웜업, 일반, 드롭 세트 또는 실패로 표시
• 휴대폰에 다시 연결할 때 운동이 자동으로 저장

유저들의 의견
• ""진정으로 내가 써본 가장 좋은 헬스기록 어플. 간편함. 무료. 수많은 그래프. 유용한 인터벌 타이머. 놀랄만한 품질의 동영상들."" - Sam Illaboye
• ""짐에서 친구와 다른 사람들이 운동하는 걸 볼 수 있다는 것이 내 경험을 완전히 바꾸어 놓았어요. 이제 난 내 친구의 헬스기록을 보고스스로 비교해 볼 수 있어요. 최고로 동기부여가 되네요"" - James
• ""Hevy로 내 운동을 추적함으로 내 훈련을 다음 레벨로 끌어올렸고, 매주 난 더 강해지고 있답니다. 운동 플래너를 사용할 수 있다는 것이 효율적으로 홈트를 하는데  큰 도움이 되네요."" - Carlos D.

훈련을 위한 기록 기능
• 짐 추적기는 중량 리프팅, 파워리프팅, 올림픽 운동, 5x5, 근력 훈련, 스트롱리프트, 크로스핏, 그리고 보디빌딩과 같은 다양한 유형의 훈련에 사용될 수 있습니다.
• 3일 워크아웃 스플릿, 전신 스플릿, 보디빌딩 루틴, 5x5, 상하반신 및 푸시 풀레그와 같은 당신의 루틴을 추적해보세요.
• 또한 맨손체조, 유산소 운동 추적, 그리고 HIIT와 같은 체중 운동에도 완벽합니다.
• 시간에 따른 짐 세션을 지속 추적할 수 있도록 짐 추적기 및 운동일지로 사용하세요.
• 짐 루틴 혹은 홈트을 생성하고 루틴 플래너를 사용해 세션을 미리 준비하세요
• 당신의 목표가 웨이트리프팅 운동으로 힘을 늘리는 것이든, 체중을 줄이는 것이든, 또는 당신의 피트니스 레벨을 향상시키는 것이든, Hevy는 당신이 짐 플래너로 계속 운동할 수 있도록 돕습니다.
• 이전 리프트 값을 쉽게 확인하세요, 이것은 당신의 훈련에 점진적으로 중량 추가하는데 도움이 되며, 시간이 지나며 더욱 무거운 중량을 들어올리는데 도움됩니다.
• 벤치 프레스, 스쿼트, 그리고 데드리프트와 같은 200가지 이상의 운동 동영상으로 적절한 자세를 주의깊게 따를 수 있습니다.
• 근육 그룹 및 장비 유형별로 운동을 필터링 해보세요


헬스장에서나집에서 근력운동을 하든, 체력을 향상시키든, 강해지기 위해서든 상관없이 Hevy 운동 추적기와 함게 하시고 커뮤니티의 일원이 되어보세요!


문의해주세요
• https://www.hevyapp.com
• https://www.instagram.com/hevyapp
• https://www.facebook.com/hevyapp
• https://www.twitter.com/hevyapp
• hello@hevyapp.com


Hevy를 다운로드 하시고 당신의 훈련을 한 레벨 업그레이드 하세요!",건강/운동,https://play.google.com/store/apps/details?id=com.hevy&hl=ko&gl=kr,,,,,,
android,kr,com.primero.fleekfrontend,"플릭- 운동일지, 운동기록, 운동일기, 운동루틴, 헬스","""Push Harder Than Yesterday!""
어제보다 나은 오늘을 위해 운동기록을 시작하세요!

턱걸이 10회, 스쿼트 15회, 팔굽혀펴기 20회.. 아직도 메모장에 기록하고 계신가요? 휴식시간을 스톱워치로 재고 계신가요? 친구들의 운동루틴을 공유하고 싶으신가요? 혹시 회원들의 운동일지를 기록하시는 퍼스널 트레이너신가요?

플릭은 운동 루틴, 기록, 성장 차트로 당신의 운동을 더 재미있게 만들고자 합니다.

플릭만의 특별한 헬스 관리 기능

운동 기록의 새로운 패러다임을 제시하는 플릭은 단순한 피트니스 앱을 넘어선 종합 헬스 케어 솔루션입니다. 매일의 운동을 기록하고 저장하여 차트를 통해 성장도를 확인할 수 있으며, 나의 운동 수행 능력을 상대적으로 정량화해 드립니다.

스마트한 운동기록 시스템
> 400여 가지 운동 종목 지원으로 헬스장, 홈트레이닝까지 모든 피트니스 활동 기록 가능
> 개인 맞춤 운동루틴 생성 및 관리
> 세트별 무게, 횟수, 시간을 정확히 기록하여 운동일지 완성
> 나만의 특별한 운동 추가로 개인화된 루틴 구성

전문적인 피트니스 도구
세트간 휴식시간을 정확히 측정하는 타이머 기능으로 효과적인 운동루틴 실행이 가능합니다. 헬스 전문가들이 추천하는 휴식시간을 자동으로 제안하여 최적의 운동 효과를 얻을 수 있습니다.

소셜 헬스 커뮤니티
팔로잉하는 사람의 운동 기록을 살펴보고 루틴을 퍼올 수 있어, 피트니스 목표 달성에 동기부여가 됩니다. 운동기록을 친구들과 공유하며 서로 응원하고 경쟁하는 재미를 느껴보세요.

다양한 운동 카테고리 지원

플릭은 모든 종류의 피트니스 활동을 기록할 수 있도록 설계되었습니다:

> 근력 운동: 웨이트 트레이닝, 머신 운동, 프리웨이트 루틴
> 유산소 운동: 러닝머신, 사이클, 로잉머신 등 헬스장 장비 기록
> 홈트레이닝: 맨몸 운동, 밴드 운동, 홈짐 루틴

각 운동 종목별로 최적화된 기록 방식을 제공하여 정확한 운동일지 작성이 가능합니다.

퍼스널 트레이너를 위한 전문 기능

플릭은 개인 사용자뿐만 아니라 피트니스 전문가들을 위한 고급 기능도 제공합니다:

> 다수 회원의 운동기록 통합 관리
> 개별 맞춤 운동루틴 처방 및 수정
> 회원별 운동일지 분석 및 피드백 제공
> 다이어트 및 식단 상담을 위한 데이터 활용
> 그룹 루틴 관리 및 진도 추적

운동 동기부여와 성취감

플릭의 운동기록 시스템은 단순한 기록을 넘어 지속적인 동기부여를 제공합니다:

> 개인 운동 기록 갱신 알림
> 헬스 목표 달성률 시각화
> 피트니스 레벨 업 시스템

매일의 작은 운동도 기록으로 남기면 큰 변화를 만들어냅니다. 플릭과 함께 체계적인 운동일지 작성으로 헬스 목표를 달성해보세요.

직관적이고 편리한 사용성

플릭의 운동기록 인터페이스는 헬스장에서도 쉽고 빠르게 기록할 수 있도록 최적화되어 있습니다. 복잡한 운동루틴도 몇 번의 터치만으로 기록 완료가 가능하며, 운동 중간에도 끊김 없는 기록 경험을 제공합니다.

체계적인 헬스 데이터 분석

플릭은 운동기록을 바탕으로 개인의 피트니스 향상도를 과학적으로 분석합니다. 운동일지에 축적된 데이터를 통해 개인별 최적의 운동루틴을 추천하며, 다이어트 효과를 극대화할 수 있는 운동 패턴을 제안합니다.

운동을 기록으로 남기기만 해도 당신의 운동이 더 재밌어집니다! 플릭으로 시작하는 스마트한 헬스 라이프를 경험해보세요.

[선택 접근 권한]
- 사진 및 동영상
앱 내에서 저장된 사진/동영상을 업로드하고, 미디어 파일을 처리하기 위해 사용됩니다.
- 마이크
앱 내에서 동영상 촬영시 사용됩니다.
- 신체 활동
건강 관리 및 활동 분석 서비스를 제공하기 위해 필요합니다.
- 위치
앱 내에서 촬영 시 위치를 기록하기 위해 사용됩니다.
- 카메라
앱 내에서 촬영기능을 사용하기 위해 사용됩니다.
* 개발자 이메일 support@fleek.fit
----
개발자 연락처 :
(주)디엘티파트너스 431 Teheran-ro
강남구, 서울특별시 06159
South Korea 572-87-03482 2025-서울강남-00606 서울특별시 강남구
----
개발자 연락처 :
(주)디엘티파트너스 431 Teheran-ro
강남구, 서울특별시 06159
South Korea 572-87-03482 2025-서울강남-00606 서울특별시 강남구",건강/운동,https://play.google.com/store/apps/details?id=com.primero.fleekfrontend&hl=ko&gl=kr,,,,,,
android,kr,com.bodyplusone.android.bodycalendar,바디 캘린더 (Body Calendar) - 운동기록,"- 스마트 워치(Wear OS)로 세트 수정/완료.

- 600종류의 다양한 운동: 세부적인 분류, 주기적인 추가

- 커스텀 운동 생성: 다양한 운동 타입 커버

- 루틴: 반복되는 세션을 루틴으로 쉽게 관리하기

- 하루 3세션: 하루에 여러번 운동하는 날도 분리하여 관리

- 캘린더: 날짜, 요일 별 운동 부위를 한 눈에

- 지난 기록 복사: 캘린더에서 드래그하여 손쉽게 복사

- 이전 기록과 비교: 추정 1RM, 볼륨 등의 기록 증가/감소량을 운동 중 표시

- 세트별 휴식 시간: 운동 타이머, 휴식 타이머

- 슈퍼세트, 컴파운드 세트, 서킷 프로그램

- 웜업/드랍/실패 세트, RIR 기록

- 일괄수정: 여러 세트를 선택해 한번에 수정

- 운동 시간: 세트 체크한 시간을 기반으로 타임라인 제공

- 운동 기록 그래프: 대시보드 화면에서 모아보기

- 운동별 메모

- 날짜별 메모

- 체중, 치수 기록






개발자 연락처: cs@bodycalendar.net
홈페이지: https://bodycalendar.net


* 권한 관련 설명

- READ_EXTERNAL_STORAGE/WRITE_EXTERNAL_STORAGE: 운동 이미지, 메모 이미지, 운동 요약 이미지 등 디바이스에서 이미지를 읽고 쓰기 위한 권한입니다
----
개발자 연락처 :
홍원표 양재대로 1300
올림픽파크포레온, 424동 701호
강동구, 서울특별시 05410
South Korea 321-41-00555 2025-서울강동-0105 정부24에 본인이 직접 신고",건강/운동,https://play.google.com/store/apps/details?id=com.bodyplusone.android.bodycalendar&hl=ko&gl=kr,,,,,,
android,kr,com.sec.android.app.shealth,Samsung Health(삼성 헬스),"나를 위한 건강한 습관, Samsung Health(삼성 헬스)와 시작해 보세요

삼성 헬스에는 당신의 건강 관리에 도움을 주는 많은 기능이 포함되어 있습니다. 앱을 사용하는 것만으로도 다양한 활동이 자동으로 기록되어, 쉽고 간편하게 건강한 라이프스타일을 만들 수 있도록 도와줍니다

홈화면에서는 다양한 건강 기록을 확인할 수 있습니다. 화면을 길게 눌러 걸음 수, 활동시간, 체중 등 관리하고 싶은 항목을 쉽게 추가하고 편집해 보세요

달리기, 자전거 타기, 수영 등 삼성 헬스는 여러분의 피트니스 활동을 기록하고 관리할  수 있도록 도와줍니다. 갤럭시  워치를 함께 사용하면 Life Fitness, Technogym, Corehealth 등의 장비와 쉽게 연결하고 운동기록을 연동할 수 있습니다

매일 하루의 식사와 간식을 기록하고 건강한 식습관을 길러 보세요

내 수준에 맞는 목표를 세우고 활동량, 운동 강도, 수면 상태, 심박, 스트레스, 혈중 산소 등 매일의 상태를 기록하세요

갤럭시 워치를 이용하여 수면 패턴을 더 상세하게 모니터링해 보세요. 수면 단계와 수면 점수를 통해 수면의 질을 개선하고 매일 더욱 상쾌한 기분으로 아침을 맞이할 수 있습니다

더 건강해질 수 있도록 삼성 헬스의 투게더 기능을 사용하여 친구와 가족에게 재밌고 다양한 방법으로 도전하세요

스트레칭, 체중 감량, 지구력 훈련 등 새로운 프로그램을 가르쳐줄 전문 코치들의 동영상을 준비했습니다

하루 동안 쌓인 스트레스를 푸는 데 도움이 되는 마음챙김으로 하루를 마무리하세요

(일부 콘텐츠는 추가 비용이 발생할 수 있습니다. 콘텐츠는 영어, 독일어, 스페인어, 프랑스어, 포르투갈어, 한국어 등으로 제공되며, 추후 변경될 수 있습니다)

생리주기 서비스는 파트너인 Natural Cycles를 통해 월경 주기 트래킹, 관련 증상 관리, 그리고 개인화된 통찰력과 콘텐츠를 활용하여 당신에게 도움을 드립니다. 갤럭시와 모든 웨어러블은 우리가 사랑하는 여성들의 모든 삶을 지원할 준비가 되어 있습니다

Samsung Health 데이터는 더욱 강력히 보호됩니다. 2016년 여름 이후 출시 모델에서는 Samsung Health에 Knox 보안이 적용되어 더 강력한 데이터 암호화가 제공됩니다. 단, 루팅 단말에서 Samsung Health 사용은 불가능해집니다

사용 환경 
안드로이드 기기 OS 10.0 이상 
태블릿과 일부 모바일 기기에서는 지원되지 않으며, 세부 기능은 이용자 거주 국가, 지역, 통신사업자, 기기의 모델 등에 따라 다름 
영어, 프랑스어, 중국어 등 약 70개 언어로 제공되며 그 밖의 언어를 사용하는 지역은 영어 버전 지원 
신체 단련 및 건강을 위한 용도로만 사용해야 하며, 질병이나 기타 상태의 진단 또는 질병의 치유, 완화, 치료, 예방 용도로 사용할 수 없음 

**접근권한 안내
서비스 제공을 위해 다음과 같은 접근권한을 필요로 합니다.
선택적 접근권한의 경우 허용하지 않더라도 서비스의 기본 기능의 사용은 가능합니다.

[선택적 접근권한] 
- 위치 : 운동 또는 걷기 중 사용자의 위치 정보 수집, 운동 경로 지도 표시, 운동 중 날씨 표시
- 생체 신호 센서(인체 감지 센서)  : HR, SpO2, Stress 기능에서 심박센서 사용 (HR&Stress : 해당 센서가 탑재된 플래그십 모델인 Galaxy S5~Galaxy S10에 한정 / SpO2 : 해당 센서가 탑재된 플래그십 모델인 Galaxy Note4~Galaxy S10에 한정)
- 사진 및 동영상(저장공간) : 운동정보를 export/import 하기, 운동사진 저장, 음식 사진 저장 및 로딩 
- 연락처 : 삼성 계정 로그인 여부 확인, 투게더 기능 사용 시, 친구 목록을 생성하기 위해 사용
- 카메라 : 투게더 기능에서 친구 추가 시 QR코드 스캔, 음식 사진 촬영, 혈당/혈압 장치 숫자 인식
- 신체 활동 : 걸음 수 및 운동 인식
- 마이크 : 수면 중 코골이 감지 위해 오디오 녹음
- 근처 기기 : Galaxy Watch 및 기타 액세서리를 포함하여 주변 기기를 검색하고 연결
- 알림 : 상황에 따라 필요한 정보를 제공
- 전화 : 투게더 서비스 사용 시, 사용자 등록을 위한 전화번호 확인
----
개발자 연락처 :
삼성전자(주) 대한민국 16677 경기도 수원시
영통구 삼성로 129 (매탄동) 124-81-00998  2000-경기수원-0515 공정거래위원회",건강/운동,https://play.google.com/store/apps/details?id=com.sec.android.app.shealth&hl=ko&gl=kr,,,,,,
android,kr,sp.repcount,"RepCount - 운동일지, 운동 기록, 헬스 기록","헬스클럽에서 운동 결과를 극대화하려면 운동을 추적할 필요가 있습니다. RepCount는 근력 운동을 빠르고 간단하게 기록하도록 설계되었습니다. 웨이트 리프팅하고, 결과를 추적하고 분석하세요.

RepCount는 30만 회 이상 다운로드되었으며, 전 세계 파워리프터, 보디빌더, 개인 트레이너들이 강력히 추천하는 앱입니다.

광고 없이 무료 RepCount 앱으로 운동을 기록하세요! 무제한 로그 엔트리와 운동 프로그램을 만들고, 원하는 만큼 운동을 추가하세요. 더 많은 기능을 원하세요? RepCount Premium은 직관적인 슈퍼세트 기능, 1RM 계산, 운동량 그래프, 개인 기록 차트 등 고급 운동 통계를 제공합니다.

저희는 일급 고객 지원 서비스를 제공하고, 업데이트를 활발히 하고 있습니다. 문의 메일을 보내시면, 빨리 답변을 드립니다! 저희 팀은 인스타그램과 페이스북에서 활발히 활동하고 있으니, 팔로우해서 최신 뉴스를 놓치지 마세요.

무료 앱 특징:

- 쉽고 빠르게 운동 정보를 기록하여 웨이트 리프팅에 집중할 수 있습니다
- 손쉽게 운동 추가
- 무제한 운동 횟수 기록
- 무제한 운동 프로그램 추가
- 간단한 휴식 타이머
- 마지막 운동을 기반으로 오늘 운동을 채워 시간을 절약하고 동기부여 유지
- 칼로리, 거리 및 시간 등 기본 유산소 운동 정보

프리미엄 앱 특징:

- 각 운동의 렙 기록 테이블
- 운동량, 1RM 계산, 최대 중량, 렙/세트 횟수 등 하드웨어 가속 차트
- 올바른 방식의 슈퍼세트 가이드!
- 드롭 세트 운동 강도 증가

RepCount로 운동을 기록하고, 리프팅 수준을 한 단계 업그레이드하세요.

RepCount - Gym Workout Tracker & Fitness Log is of course also available in English! Track your workouts in the gym, get strong and improve your fitness level!",건강/운동,https://play.google.com/store/apps/details?id=sp.repcount&hl=ko&gl=kr,,,,,,
android,kr,com.lyfta,Lyfta: 헬스일지 운동기록,"Lyfta와 함께 더 강해지고 있는 700만 명 이상의 사용자와 함께하세요.

Lyfta는 운동을 기록하고 루틴을 만들며 성장 과정을 한눈에 확인할 수 있는 무료 헬스 운동 기록 및 트레이닝 플래너입니다.

근력 운동을 처음 시작하는 분부터 다음 개인 기록을 목표로 하는 숙련자까지, Lyfta는 매 운동을 더 체계적으로 만들어 줍니다.

모든 운동을 기록하세요
세트, 반복 횟수, 중량, RPE, 메모 등을 몇 초 만에 기록하고 이전 운동 기록도 바로 확인할 수 있습니다.

• 빠르고 간편한 운동 기록
• 전체 운동 히스토리
• 개인 기록 자동 추적
• 근력, 운동량, 체중 변화 추적
• 워밍업 세트, 드롭 세트, 실패 지점까지 하는 세트, 슈퍼세트 지원
• 휴식 타이머와 운동 알림

성장을 확인하세요
운동 데이터를 보기 쉬운 인사이트로 바꾸고 시간이 지나며 어떻게 발전하는지 확인하세요.

• 근력 및 운동량 그래프
• 주간, 월간, 장기 통계
• 근육 부위별 분석
• 신체 측정 및 변화 추적
• Lyfta Premium 고급 분석

계획에 따라 운동하세요
준비된 프로그램을 선택하거나 나만의 루틴을 만들어 다음 운동을 항상 명확하게 확인할 수 있습니다.

• 근력 및 근성장 프로그램
• Push Pull Legs 등 인기 분할 루틴
• 초보자부터 숙련자까지
• 나만의 루틴 생성 및 편집

5,000개 이상의 운동 동작
영상 데모가 포함된 5,000개 이상의 운동 동작을 확인하세요. 근육 부위나 장비로 검색하거나 직접 운동을 추가할 수도 있습니다.

Wear OS로 운동하세요
Wear OS 시계에서 운동을 기록하고 Wear OS Tiles를 통해 더 빠르게 운동을 시작하세요.

꾸준함을 유지하세요
연속 운동 기록, 목표, 개인 기록, 월간 챌린지, 리더보드를 확인하고 친구들과 진행 상황을 공유하세요.

운동 기록을 연결하세요
완료한 운동을 Strava에 공유하고 Lyfta를 지원되는 건강 및 피트니스 플랫폼과 연결하세요.

LYFTA PREMIUM

Lyfta는 무료로 사용할 수 있습니다. Premium에서는 고급 운동 분석, 무제한 루틴, 추가 프로그램, 더 다양한 진행 상황 추적 도구를 이용할 수 있습니다.

계획대로 운동하고, 변화를 기록하며, 운동할 때마다 더 강해지세요.

이용약관: https://lyfta.app/terms
개인정보처리방침: https://lyfta.app/privacy",건강/운동,https://play.google.com/store/apps/details?id=com.lyfta&hl=ko&gl=kr,,,,,,
android,kr,pro.godok.gymwork,짐워크 - 헬스 홈트 운동일지 운동기록 루틴 다이어트,"헬스장에서 어떤 운동할지 고민이신가요?
운동 루틴 추천, 운동기록, 일지, 분석까지 챙겨주는 필수 피트니스 앱 

■ 전 세계 100만 유저가 선택한 No.1 운동 루틴 & 운동일지 앱
평점 4.8+, 구글 플레이 건강&피트니스 부문 상위 랭크
[ 다이어트 · 벌크업 · 근비대  · 스트렝스 · 홈트 루틴까지 ]
운동 초보부터 상급자까지 모두를 위한 맞춤 피트니스 습관

■ 프로 선수들이 직접 만든 운동 루틴, 이대로 따라오세요.
유명 피트니스 인플루언서와 PRO 선수들의 실전 운동 루틴을 모았어요.
선수들이 추천하는 무게&횟수와 운동 자세를 앱에서 바로 따라 할 수 있어요
[ 권혁, 총총, 조초, 최마루, 키온 등 PRO 선수들의 루틴] 

■ 나만의 커스텀 루틴
이미 나만의 운동 루틴이 있다면 원하는 종목만 골라서, 세트 수·순서·운동 방식까지 자유롭게 루틴을 만들 수 있어요. 루틴 이름도 내 스타일대로 저장해보세요.

■ 휴식 & 세트 타이머
운동 사이 휴식 시간을 자동으로 체크해줘요.
세트 완료 후 타이머가 바로 시작되니, 흐름 끊기지 않고 운동할 수 있어요.
Apple Watch와 연동해 진동 알림도 받을 수 있어요.

■ 무게 & 횟수 추천
몇 kg 들고, 몇 회 해야 할지 고민될 때,
짐워크가 지난 기록을 기반으로 무게와 횟수를 추천해줘요.
운동 강도(RPE)까지 입력하면 다음 루틴은 더 정교해집니다.

■ 나만을 위한 맞춤 프로그램 생성
운동 목표, 빈도 수, 집중하고 싶은 부위를 입력하면 AI가 자동으로 나에게 맞는 프로그램을 만들어줘요. 매일 어떤 운동을 해야 할지 걱정 없이 따라만 하면 됩니다.

■ 운동 영상 가이드
각 운동 종목을 누르면, 프로 선수들이 직접 시범을 보여주는 영상이 바로 나옵니다.
자세가 맞는지 헷갈릴 때, 바로 확인하고 따라 해보세요.

■ 그래프로 한 눈에 보는 운동 성과
내가 얼마나 운동했는지, 얼마나 성장했는지
운동 부위별 볼륨과 RPE 변화를 그래프로 보여드려요.
꾸준히 하면 달라지는 몸, 눈으로 직접 확인해보세요.

■ 친구와 함께 운동 기록 공유하기 
함께 시작하면 오래 갑니다.
내 루틴을 친구에게 공유하고, 서로의 운동 기록도 확인해보세요.
친구들과 볼륨으로 랭킹 경쟁을 할 수 있어요.


--

▶ 이런 분들에게 추천드려요!

- 헬스장 가서 어떤 운동할지 늘 고민인 분
- 매번 다른 루틴, 유튜브 영상으로 헷갈리시는 분
- PT는 부담스럽고 스스로 운동 루틴 만들기 어려운 분
- 루틴을 꾸준히 유지하고 싶은 운동 초보자
- 체계적인 루틴 기록과 분석을 하고 싶은 분


▶ 짐워크를 사용한 유저들의 실제 리뷰

- 정체기를 뚫고 3대 중량이 늘었습니다 by 지***
- 4년 넘게 쓰고있는 최고의 운동일지입니다 by si**
- 운동별로 자세 코칭해주는 영상도 있고 기록저장도 되니 정말 편리했어요  by 김***
- 다른 어플 써보다가 작년부터 짐워크 프로 결제해서 쓰는데 차원이 다른것 같아요. by 박***

--

운동을 시작하는 가장 쉬운 방법, 짐워크와 함께하세요. 헬스장에서 무엇을 할지 고민하는 순간은 이제 끝입니다.
다이어트를 목표로 하는 분, 벌크업을 준비하는 분, 혹은 하루를 루틴 있게 보내고 싶은 분이라면 운동 루틴부터 바뀌어야 합니다.

거창할 필요 없어요. 내 몸에 맞는 루틴을 따라가기만 해도 꾸준한 변화는 반드시 찾아옵니다. 근육을 키우고 싶다면, 체형을 바꾸고 싶다면, 매일 무엇을 해야 할지 명확해야 합니다.

헬린이도 쉽게 시작할 수 있도록, PRO 선수들이 짠 실전 루틴을 그대로 제공하고, 기록과 성장까지 자동으로 추적해드립니다.

운동은 결국 습관입니다. 그 습관을 만드는 가장 빠른 방법이 ""그냥 따라만 하는 것""이라는 걸 아는 분들이 짐워크를 선택하고 있어요.

바뀐 몸, 꾸준한 루틴, 그리고 더 나은 하루 짐워크 하나로 시작해보세요.
짐워크는 단순한 운동 앱이 아닌, 내일을 바꾸는 루틴 메이커입니다.


#운동기록 #운동루틴 #헬스 #운동어플 #gymwork #fitness #피트니스 #다이어트 #홈트 #헬스루틴 #루틴 #gym #workout #홈트레이닝  

--

- 이메일: support@gymwork.pro
- 이용약관: https://gymwork.pro/terms
- 개인정보 처리방침: https://gymwork.pro/privacy
----
개발자 연락처 :
(주)짐워크 남부순환로351길 24, 4층(도곡동, 구정빌딩)
강남구, 서울특별시 06266
South Korea 3158802835 제 2025-서울강남-01021호 본인 직접 신고",건강/운동,https://play.google.com/store/apps/details?id=pro.godok.gymwork&hl=ko&gl=kr,,,,,,
android,kr,kr.co.hoo.workoutdiary,오늘의운동 - 운동 기록 헬스 기록 세트체크,"운동? 기록하고 관리하자
나 저번주 금요일에 무슨 운동 했었지?
이젠 기억 더듬지 말고 앱으로 관리하세요

운동할 때 항상 지금 몇 세트 중이지?
다음 몇 세트 할 차례지?
다음 몇 키로 들어야하지?

이제는 오늘의 운동으로 기록하고 간편하게 관리하세요!
오늘의 운동이 여러분의 운동 매니저입니다.
----
개발자 연락처 :
김윤후 가정로 406, 104동 3101호
(가정동, 루원지웰시티푸르지오)
서구, 인천광역시 22765
South Korea 7487600198 제2024-인천서구-0379호 인천서구",건강/운동,https://play.google.com/store/apps/details?id=kr.co.hoo.workoutdiary&hl=ko&gl=kr,,,,,,
android,kr,com.fnp.fithero,FitHero - 강력하고 간편한 운동 기록앱,"FitHero는 체육관에서 필요한 유일한 운동 추적기가 되는 것을 목표로 합니다. 운동 및 진행 상황을 추적하는 데 도움이 됩니다. 빠르고 간단합니다. 아마추어부터 전문 사용자까지. 그것은 당신의 노트북을 대체할 것입니다.

운동과 진행 상황을 추적하면 더 강해지고 건강한 생활 방식(피트니스 포함!)을 유지하는 데 도움이 됩니다. 근육 및 보디 빌딩, 저항 또는 유산소 운동에 집중하는 동안 나머지는 응용 프로그램이 처리합니다.

당신이 할 수 있는 일:

• 몇 번의 클릭으로 모든 설정이 완료되면 즉시 운동 기록을 시작합니다.
• 운동 운동 및 세트 기록: 무게 x 반복수, 시간 및/또는 거리. 메모도 추가
• +300가지 운동 중에서 검색하고 이에 대한 비디오 지침을 받으세요.
• 맞춤 운동이 필요한 경우 생성하면 됩니다.
• 나만의 루틴 만들기
• 통계: 모든 운동에 대한 진행 차트 보기
• 자신의 최대 1회 반복 횟수(1RM)를 추정하고 1RM을 기준으로 다른 중량에서 수행할 수 있는 반복 횟수를 결정합니다.
• 세트 사이 휴식 타이머. 시간은 완전히 사용자 정의할 수 있습니다. 앱에서 나갈 때도 푸시 알림 받기
• 체중과 체지방률을 추적하려면 Google 피트니스에 연결하세요.
• 이전 운동 복사
• 과거 또는 미래의 날짜에 액세스하려면 캘린더를 확인하세요.
• 어두운 테마 사용 가능
• kg 또는 lb, km 또는 마일 사용
• 사전 추적을 위해 세트를 워밍업, 드롭 세트 또는 실패로 표시
• 데이터 백업 및 복원

하지 않아도 되는 것:

• 등록, 로그인 또는 이와 유사한 작업이 필요하지 않습니다.
• 광고 없음",건강/운동,https://play.google.com/store/apps/details?id=com.fnp.fithero&hl=ko&gl=kr,,,,,,
android,kr,com.anthonyng.workoutapp,"Gym Day: 운동기록,  운동일지, 운동루틴","Gym Day는 체육관이나 집에서의 웨이트 트레이닝을 쉽게 추적할 수 있는 운동 기록, 운동일지 및 운동어플입니다. 벤치 프레스, 바벨 스쿼트, 데드리프트, 다양한 덤벨, 바벨, 올림픽 운동 등의 헬스장 운동 목록에서 선택하여 나만의 운동루틴과 헬스 루틴을 만들 수 있습니다.

또한 이 루틴어플에는 쉽게 시작할 수 있는 체육관 운동 프로그램이 내장되어 있습니다. 스트롱 리프트, 5x5, 매드카우 등의 프로그램이 일부 포함되어 있어 맨몸운동이나 기구 운동 모두를 지원합니다.

운동기록을 통해 체육관 운동 프로그램을 생성하고 웨이트 트레이닝 운동을 기록하면, 진척 상황을 시각화하는 데 도움이 됩니다. 벤치 프레스, 바벨 스쿼트, 데드리프트와 같은 주요 복합 운동의 통계를 볼 수 있습니다.

웨이트 트레이닝을 꾸준히 운동기록함으로써 벤치 프레스, 바벨 스쿼트, 데드리프트의 향상 효과는 과학적으로 입증되었습니다.

다음은 웨이트 트레이닝 및 파워리프팅을 하는 사람들이 Gym Day를 그들의 운동기록과 운동일지로 사용하는 이유입니다:

<b>간편한 운동 기록 및 운동 일지 사용법</b>
💪 운동을 하면서 반복 횟수와 무게를 기록하는 운동어플로서 최적입니다.
💪 체육관에서의 운동에 슈퍼 세트를 추가하세요.
💪 세트와 운동에 노트를 추가하여 나만의 헬스 기록을 남겨보세요.

<b>내장된 운동 프로그램</b>
💪 초보자용 운동 프로그램 (예: 스트롱 리프트 5x5)
💪 고급 운동 프로그램 (예: 매드카우 5x5, PHUL, PHAT)
💪 근육을 구축하고 지방을 태우고 힘을 키우는 데 도움이 되는 프로그램
💪 파워리프팅, 보디빌딩, 웨이트 트레이닝, 힘 훈련 모두 포함

<b>나만의 운동 프로그램 구축</b>
💪 이미지와 지침이 포함된 300개 이상의 체육관 운동 목록
💪 바벨 스쿼트, 벤치 프레스, 바벨 로우, 데드리프트와 같은 헬스장 운동
💪 운동을 슈퍼 세트로 그룹화
💪 헬스 루틴을 원하는 방식으로 커스터마이즈 가능하며, 루틴어플로 적합

<b>운동 세션 동안</b>
💪 운동어플은 각 세트의 반복 횟수와 무게를 쉽게 기록할 수 있게 해줍니다
💪 개인 기록을 깨고 보디빌딩, 힘 훈련, 웨이트 트레이닝 진척을 이루는 데 집중하세요
💪 운동 방법을 지시하는 나만의 체육관 안내자 및 운동 코치

<b>운동 이력</b>
💪 체계적으로 정리된 운동일지와 헬스 기록
💪 파워리프팅, 힘 훈련, 웨이트 훈련 통계 추적
💪 운동 세션을 다시 실시하고 나만의 운동기록과 운동루틴을 자동으로 구성합니다

이 앱은 웨이트 트레이닝, 파워리프팅, 보디빌딩을 추구하는 모든 이들에게 완벽한 운동어플이며, 집에서의 맨몸운동부터 헬스장 운동까지 아우르는 최고의 헬스 기록 및 루틴어플입니다.",건강/운동,https://play.google.com/store/apps/details?id=com.anthonyng.workoutapp&hl=ko&gl=kr,,,,,,
android,kr,com.google.android.apps.fitness,Google 피트니스: 활동 추적,"새로운 Google 피트니스로 건강하고 활기찬 생활을 누리세요.

건강을 유지하기 위해 정확히 어떤 활동이 얼마나 필요한지 알기란 쉽지 않습니다. 그래서 Google 피트니스가 세계보건기구(WHO) 및 미국심장협회(AHA)와 협력하여 건강 증진을 돕는 활동 목표인 심장 강화 점수를 고안했습니다.

심박수를 높이는 활동은 심장 건강은 물론 정신 건강에도 큰 도움이 됩니다. 빠른 걸음으로 반려견을 산책시키는 등 보통 수준의 활동을 하면 1분마다 심장 강화 점수 1점을, 달리기처럼 좀 더 강도 높은 운동을 하면 1분마다 2점을 얻을 수 있습니다. 일주일에 5번 30분씩 빠른 걸음으로 산책만 해도 미국심장협회(AHA)와 세계보건기구(WHO)에서 권장하는 신체 활동량을 채울 수 있는데, 이렇게 하면 심장 질환 발병 확률이 줄고 수면의 질과 전반적인 정신 건강이 개선된다는 사실이 증명되었습니다.

Google 피트니스는 다음과 같은 기능도 제공합니다.

스마트폰이나 시계에서 운동 추적하기

운동 중에 바로 통계를 확인하고 달리기, 걷기, 자전거 타기에 관한 통계를 실시간으로 확인하세요. Google 피트니스가 Android 스마트폰의 센서 또는 Wear OS by Google 스마트시계의 심박수 센서를 사용하여 속도, 페이스, 이동 경로 등을 기록합니다.

목표 모니터링하기

심장 강화 점수와 걸음 수 목표의 일일 진행 상황을 확인하세요. 목표가 너무 쉬운가요? 간편하게 목표를 조정해 끊임없이 한계에 도전하며 심장과 정신을 건강하게 유지하세요.

모든 활동 기록하기

일상에서 걷기, 달리기, 자전거 타기를 하면 Android 스마트폰이나 Wear OS by Google 스마트시계가 자동으로 활동을 감지하여 Google 피트니스 일지에 추가하므로 모든 활동을 기록할 수 있습니다. 추가 점수를 원하세요? 일정한 속도로 걷기를 시작하고 소리에 맞춰 걸으면 걸음 템포를 높일 수 있습니다. 다른 운동을 하시나요? 필라테스, 조정, 스피닝 등의 다양한 활동 목록 중에 선택하세요. Google 피트니스가 모든 심장 강화 점수를 추적합니다.

자주 사용하는 앱 및 기기와 연결하기

Google 피트니스가 자주 사용하는 앱 및 기기에서 정보를 가져와 건강을 한눈에 파악할 수 있어 활동 진행 상황을 놓칠 일이 없습니다. Lifesum, Wear OS by Google, Nike+, Runkeeper, Strava, MyFitnessPal, Basis, Sleep as Android, Withings, Xiaomi Mi 밴드 등이 지원됩니다.

언제 어디서나 기록 확인하기

새롭게 단장한 일지에서 Google 피트니스 및 통합 앱의 활동 기록 스냅샷을 확인하세요. 또는 모든 건강 및 웰빙 데이터를 확인할 수 있는 탐색 탭에서 기록을 자세히 살펴보세요.

건강 상태 진단하기

호흡은 긴장을 낮추고 스트레스를 해소하는 가장 간단한 방법 중 하나입니다. 피트니스를 이용하면 휴대전화 카메라만 사용하여 간단하게 호흡을 확인할 수 있습니다. 호흡수는 물론 심박수도 측정하여 신체 상태를 파악하세요.

일일 통계 한눈에 보기
Android 휴대전화의 홈 화면에 위젯을 추가하거나 Wear OS by Google 스마트시계에 카드와 정보 표시를 설정하세요.

www.google.com/fit에서 Google 피트니스에 관해 자세히 알아보고 지원되는 앱 목록을 확인할 수 있습니다.


선택 접근권한 안내 *
카메라: 운동 일지를 사진으로 공유하고, (특정 기기에서만 해당됨) 휴대전화만을 이용하여 심장박동수 또는 호흡수를 측정하기 위하여 
위치: 활동 위치를 표시하고 보다 정확한 운동 수치를 제공하기 위하여 
신체 활동: 휴대전화 센서를 이용하여 배경에서 걸음수나 거리와 같은 수치를 측정하기 위하여 
알림: 목표 달성을 위해 코칭 메시지와 유용한 도움말을 알림으로 받기 위하여 
헬스 커넥트: (안드로이드 14부터 도입) 구글 피트니스와 다른 앱들 간 섭취 칼로리, 심박수와 신체 측정치수 등 데이터를 공유하기 위하여 

* 선택 접근권한을 허용하지 않더라도 앱은 이용 가능합니다",건강/운동,https://play.google.com/store/apps/details?id=com.google.android.apps.fitness&hl=ko&gl=kr,,,,,,
android,kr,com.taejinketo.inout_webview,"인아웃 - 다이어트 코치 & 식단, 운동, 체중 기록","매일매일 더 재밌는 다이어트 혁명! 쉽고 빠른 기록, AI 코치, 공감 가득 커뮤니티, 동기부여를 위한 게임 요소까지, 다이어터에게 필요한 모든 것들이 준비되어 있어요. 지금 인아웃과 함께 즐거운 다이어트 생활을 시작해 보세요.


■ 칼로리 자동 계산! 간편하고 깔끔한 식단 기록

- 오늘 먹은 음식을 식단에 기록해 보세요. 칼로리와 탄단지 섭취량을 자동으로 계산해 드려요
- 식단 사진과 식사 시간을 저장해 나만의 식단 일기를 완성해 보세요
- 나는 요리왕! 직접 만든 요리가 있다면 ‘나만의 레시피’로 등록할 수 있어요
- 자주 먹는 식단이 있다면? 매번 기록할 필요없이 ‘내 식사’로 저장해서 간편 불러오기도 가능해요
- 검색이 귀찮다면 ‘자유 입력’으로 간단 메모 기록도 할 수 있어요


■ 이 음식 몇 칼로리일까? 검색만 하면 나오는 다양한 영양소 정보

- 간편한 검색만으로 50만 개가 넘는 다양한 음식의 칼로리와 탄단지, 영양소 정보를 볼 수 있어요
- 이 음식, 다이어트에 도움될까? 다른 사람들이 남긴 음식 평점을 확인해 보세요
- 나만의 다이어트템이 있다면 평가를 남겨 다른 사람들에게도 알려주세요
- 찾는 음식 정보가 없다면? 내가 먹은 음식 정보를 직접 등록할 수도 있어요


■ 오늘 몇 칼로리 태웠을까? 운동 기록으로 소모 칼로리 자동 계산

- 오늘 한 운동을 기록해 보세요. 운동 시간과 강도를 입력하면 소모한 칼로리를 자동으로 계산해 드려요
- 신체 부위, 기구별로 2,000여 개의 다양한 운동을 검색할 수 있어요
- 검색이 귀찮다면 ‘자유 입력’으로 간단 메모 기록도 할 수 있어요
- ‘헬스 커넥트’ 앱을 통해 ‘삼성헬스’의 운동, 걸음 수 데이터를 불러올 수 있어요


■ AI와 함께하는 더 똑똑하고 간편한 다이어트! ‘인아웃 Plus’

- 몇 g 먹었는지 몰라도 OK! 먹은 음식을 메모하거나 사진으로 올리면 AI가 자동으로 계량, 영양소 분석 후 기록까지 해드려요
- 무게, 세트, 횟수, 시간 등 다양한 단위로 운동을 메모하면 AI가 깔끔하게 정리해 기록하고 소모 칼로리까지 분석해 드려요
- 식단 추천, 운동 루틴 만들기 등 다이어트와 관련된 주제라면 뭐든지 가능! 나만의 맞춤 코치 ‘말랑 AI’가 내 기록과 정보를 바탕으로 다양한 조언, 상담, 맞춤 플랜을 제공해 드려요
- 지난 주 내 점수는 몇 점? 기록 내용을 바탕으로 문제점 분석과 개선 방안까지 담은 AI 리포트가 매주 발송돼요


■ 얼마나 먹어야 할까? 다이어트 목표 세우기

- 신체 정보를 입력하면 기초 대사량과 추천 칼로리를 자동으로 계산해 드려요
- 일반, 운동, 키토, 비건 등 자신에게 맞는 식단을 선택할 수 있어요
- 선택한 식단별로 적정 탄단지 섭취 비율도 알려드릴게요
- 내가 세운 다이어트 목표와 섭취 & 소모 칼로리를 비교해 얼마나 더 먹어도 되는지 알려드려요


■ 매일매일 미션 완료하고 포인트 쌓기! 귀여운 아이템으로 나만의 앱을 꾸며봐요

- 매일 다양한 미션을 완료할 때마다 인아웃 포인트인 ‘사과’를 모을 수 있어요
- 모은 사과로 스토어에서 다양한 아이템을 구매해 나만의 취향저격 화면을 꾸며보세요
- 개성 있는 나만의 방꾸미기! 수백 가지 아이템으로 ‘마이룸’을 완성하고 채널 방문자들에게 자랑할 수 있어요


■ 서로 응원하고 공감하며 함께 다이어트해요

- 내 식단과 레시피, 일상, 운동, 눈바디, 자극짤까지 피드로 간편하게 공유할 수 있어요
- 다른 사람들의 다이어트 기록을 보며 건강한 자극을 받아보세요
- 치팅 고백, 다이어트 고민 상담 등, 더 마음 편하고 솔직한 소통을 원한다면 익명 게시판 ‘대나무숲’을 이용해 보세요


■ 다함께 갓생 살기! 기록 공유부터 순위 경쟁까지, ‘다이어트 배틀’

- 이제는 즐겁게 다이어트 하자! 다이어트 배틀로 다함께 갓생 살기를 시작해 보세요
- 최대 10명이 함께하는 ‘그룹 배틀’과 단둘이 대결을 펼치는 ‘1:1 배틀’ 중 취향에 맞는 모드를 선택할 수 있어요
- 식단, 몸무게, 운동 등 각자 작성한 다양한 다이어트 기록들이 실시간으로 공유돼요
- 누가누가 더 잘하고 있을까? 멤버간 순위 경쟁은 물론, 매일 업데이트되는 그룹 랭킹을 확인하며 더 재미있게 목표를 달성할 수 있어요
- 기록을 쌓을 때마다 그룹 하우스가 레벨 업! 다함께 No.1 그룹을 노려보세요


■ 간편하고 귀여운 오늘 하루 메모! 나만의 스티커 일기장 꾸미기

- 귀여운 스티커를 붙여 기분, 수면, 배변, 생리 등 다양한 주제로 간편하게 하루를 기록해 보세요.
- 자세히 남기고 싶은 내용이 있다면 직접 일기를 작성할 수도 있어요


■ 몸무게, 물, 영양제, 컨디션까지, 간편하고 깔끔한 건강 기록

- 매일 몸무게를 기록해 보세요. 기록할 때마다 이전에 비해 얼마나 변화가 있었는지 한눈에 알 수 있어요
- 물 섭취량, 먹은 영양제, 오늘의 컨디션까지도 빠짐없이 기록할 수 있어요


■ 내 단식 스케줄 자동 관리

- 목표 단식 시간을 설정하면 시작과 종료 시간에 맞춰 자동 알림을 보내드려요
- 단식 초보라면? 추천 가이드를 확인하고 단계별로 간헐적 단식에 도전해 보세요
- 단식이 끝나면 스스로 난이도를 평가하고 기록할 수 있어요


■ 내 몸의 변화를 한눈에 파악해요

- 식사, 운동 패턴과 단식 시간에 따른 몸무게 변화를 그래프로 한눈에 확인할 수 있어요
- 기간별로 내 몸무게가 어떻게 변화했는지 깔끔한 그래프와 통계로 정리해 드려요
- 일간, 주간, 월간별로 내가 섭취한 칼로리와 영양소 상세 정보도 알 수 있어요


■ 건강한 습관 만들기! 나만의 맞춤 알림 설정

- 몸무게 측정, 물 마시기, 운동하기 등 건강한 습관 만들기에 도전해 보세요
- 나만의 알림을 등록하고 정해진 시간마다 알림을 받을 수 있어요

이외에도 여러분들이 건강하고 즐겁게 다이어트에 도전할 수 있도록 다양한 기능을 준비 중이에요. 필요한 기능이 있다면 주저말고 피드백 남겨주세요. 좋은 리뷰와 의견은 저희에게 큰 힘이 됩니다.

꾸준한 기록은 다이어트 성공의 지름길! 인아웃과 함께 즐거운 다이어트를 시작해 보세요.

—-

원활한 앱 사용을 위해 다음의 접근 권한이 필요합니다

*선택 접근 권한

■ 카메라 : 식단이나 커뮤니티 등에 사진을 촬영하여 업로드하기 위해 필요해요.

■ 사진/미디어/파일 엑세스 : 식단이나 커뮤니티 등에 휴대폰 저장소의 사진을 업로드하기 위해 필요해요.

■ 건강 정보 : 체중, 운동, 걸음 수 데이터를 가져오기 위해 ‘헬스 커넥트’ 또는 '삼성헬스' 앱 접근 권한이 필요해요.

*선택 접근 권한에 동의하지 않아도, 해당 권한의 기능을 제외한 서비스 이용이 가능합니다

—-

- 인아웃에는 무료 버전과 프리미엄 기능이 포함된 구독 버전이 모두 포함되어 있습니다.
- 구입 확정 시 구글 플레이 계정으로 요금이 청구됩니다.
- 신규 사용자 특별 할인가는 구독 갱신 시에도 계속 유지됩니다. 단, 해당 구독을 중단한 후 재구독할 때부터는 정상가로 결제됩니다.
- 구독 취소는 현재 사용 기간이 종료되기 24시간 전까지 가능합니다. 취소할 경우, 사용기간 종료 이후에 자동으로 구독이 중단됩니다.
- 구입 후 ‘구글 플레이 - 인아웃 - 구독 관리‘에서 구독을 관리하고 해지할 수 있습니다.
- 미성년자의 경우 법적 대리인의 구독 및 결제에 대한 동의가 있었음을 확인합니다.

유료 서비스 이용약관 : [https://mynormal.notion.site/Plus-21bc7f5bffa180b980e9cd5c67b03d71?pvs=73](https://www.notion.so/Plus-21bc7f5bffa180b980e9cd5c67b03d71?pvs=21)

개인정보처리방침 : [https://mynormal.notion.site/20fc7f5bffa1806c8ed0e387ec2b6041?pvs=73](https://www.notion.so/20fc7f5bffa1806c8ed0e387ec2b6041?pvs=21)
----
개발자 연락처 :
(주)마이노멀컴퍼니 대한민국 서울특별시 강남구
강남구 강남대로 502 6층 (논현동,서희타워)
06119 612-88-00913 2024-서울강남-05068 서울특별시 강남구  (02-3423-5382)",건강/운동,https://play.google.com/store/apps/details?id=com.taejinketo.inout_webview&hl=ko&gl=kr,,,,,,
android,kr,com.imperon.android.gymapp,"운동 추적기, 체육관 플래너 헬스장 피트니스 일기 수첩","GymRun: 직관적, 포괄적, 맞춤형.

GymRun과 함께 피트니스 여정을 시작하세요. 보디빌딩, 파워리프팅, 일반 피트니스, 유산소 운동, 홈 트레이닝 등 어떤 운동이든 효과적으로 계획하고, 진척도를 명확히 시각화하며, 목표를 향해 꾸준히 나아가고 싶은 모든 분들을 위해 설계되었습니다.

통합 트래커를 통해 모든 운동을 정밀하게 기록할 수 있습니다. 명확하고, 동기 부여가 되며, 신뢰할 수 있는 방식으로 자신의 성장을 완벽하게 관리하세요.

기능 상세
• 맞춤형 운동 계획: 웨이트 트레이닝, 맨몸 운동, 유산소 운동을 위한 루틴 생성 및 공유 — 슈퍼세트, 서킷 트레이닝, 혼합 루틴 지원.
• 방대한 운동 데이터베이스: 완전히 편집 가능하고 자신의 이미지로 확장할 수 있는 거대한 내장 라이브러리 포함.
• 스마트 캘린더: 훈련 일정을 정리하고 지난 및 다가올 세션을 손쉽게 추적.
• 동적 목표 조정: 현재의 컨디션과 에너지 수준에 맞춰 운동 값(무게, 횟수)을 즉시 전체적으로 조정.
• 심층 분석: 상세 통계, 차트, 보고서(예: 1RM, 운동 볼륨, 칼로리, 휴식 시간)를 통해 진행 상황 분석.
• 완벽한 타이밍: 각 운동에 대한 개별 휴식 카운트다운 타이머 및 자동 랩 기능이 있는 스톱워치(타바타에 이상적).
• 스마트 기록: 과거 기록 데이터를 기반으로 한 편리한 자동 채우기 옵션 활용.
• 체육관에서의 유연성: 기구가 사용 중인가요? 즉시 대체 운동으로 전환.
• Warm-Up Pro: 유연한 템플릿을 사용하여 웜업 루틴을 효율적으로 기록.
• 필수 도구: 내장된 원판 계산기(Plate Calculator) 포함.
• 나만의 기록부: 기록 필드 사용자 지정, 메모 추가, 신체 데이터 및 진행 사진 추적.
• 다중 사용자 지원: 하나의 앱에서 여러 프로필 관리.
• 동기 부여 유지: 즐겨찾기 목록, 근육 그룹 필터, 신기록 알림.
• 데이터 자유: 백업 기능, 데이터 전송 및 CSV 내보내기.
• 원활한 연결: Health Connect, Garmin Connect, Google Fit, Samsung Health와 결과 동기화.
• 든든한 지원: 이메일을 통한 빠른 연중무휴(24/7) 지원.
• 커뮤니티 중심: 여러분의 피드백과 기능 제안이 앱을 만들어갑니다!

스마트워치로 트레이닝
• 휴대폰은 사물함에 두세요! GymRun은 Samsung Galaxy, Google Wear OS, Garmin을 위한 최고 수준의 지원을 제공합니다.
• 손목에서 직접 기록: 독립형 워치 앱 사용.
• 두 가지 모드 사용 가능:
• 컴패니언 모드: 운동 중 스마트폰과의 실시간 연결 필요.
• 독립형 모드: 세션 중 스마트폰 불필요! 훈련 전후에 데이터/루틴 동기화.
• 심박수 모니터링: 심박수를 매끄럽게 기록하고 분석.

권한 관련 참고 사항
• 원활한 경험을 제공하기 위해 GymRun은 포그라운드 서비스(Foreground Services)를 사용합니다.
• 이는 휴대폰, 알림 위젯, 스마트워치 앱 간의 실시간 데이터 동기화에 필수적입니다.
• 이를 통해 화면이 꺼져 있거나 위젯을 사용하는 경우에도 운동이 안정적으로 기록되도록 보장합니다.

자신에게서 더 많은 것을 이끌어낼 준비가 되셨나요? GymRun을 다운로드하고 트레이닝을 한 단계 업그레이드하세요!",건강/운동,https://play.google.com/store/apps/details?id=com.imperon.android.gymapp&hl=ko&gl=kr,,,,,,
android,kr,com.fitbit.FitbitMobile,Google Health (Fitbit),"Fitbit 앱이 Google Health로 새롭게 태어났습니다. 간편한 모니터링 및 Gemini 기반 맞춤형 코칭으로 최상의 컨디션을 끌어내 보세요. 맞춤형 AI 피트니스 계획, 수면 통계, 건강 데이터로 피트니스 목표의 꾸준한 달성이 한층 더 쉬워집니다.

원하는 방향을 직접 설정하세요. Google Health는 사용자의 피트니스, 수면, 전반적인 웰니스 정보를 한곳에 모아 보여 줍니다. 주요 추세를 파악해 나만의 방식대로 다음 목표를 향해 나아가세요. 사용자의 데이터는 비공개로 안전하게 보호됩니다. Google Health를 Fitbit, Pixel Watch, 즐겨 사용하는 건강 모니터링 앱, 의료 기록(일부 국가에서 이용 가능)과 동기화하세요. 수면, 운동, 영양, 월경 주기 등의 지표를 기록하고 패턴을 모니터링할 수 있습니다.  

Gemini 기반의 Google Health Coach는 수면과 영양부터 러닝과 근력 운동에 이르기까지 건강 전반에 관한 전문적인 가이드를 제공합니다. (Google Health Premium 사용 시 일부 국가에서 이용 가능) 

맞춤형 피트니스 계획 받기: 체중 감량, 근력 강화, 심폐 지구력 개선, 건강한 습관 만들기 등 목표가 무엇이든 Google Health가 목표에 꼭 맞는 운동 계획을 설계해 드립니다. AI 피트니스 코치에게 선호 사항과 루틴을 알려 주시면 이를 바탕으로 장기적인 피트니스 계획을 세우고 일일 운동 추천을 받을 수 있습니다. Google Health가 진행 상황을 모니터링하고 건강 관리에 도움이 되는 인사이트를 제공합니다. 

수면의 질 모니터링: 휴식과 회복에 관한 상세한 인사이트를 바탕으로 수면의 질을 높여 보세요. AI 코치가 매일 밤 수면 단계를 분석하고 장기적인 추세를 파악하여 데이터를 기반으로 실질적인 조언을 제공합니다. 맞춤 수면 일정과 취침 시간 알림은 물론, 마음을 편안하게 가라앉혀 주는 마음챙김 세션도 이용하실 수 있습니다. 더욱 정교해진 수면 알고리즘을 통해 수면의 질을 세밀하게 분석해 드립니다. 수면을 방해하는 요인을 정확히 파악해 스트레스를 줄이고 기분 좋은 컨디션을 만들어 보세요. 

종합적인 건강 상태 파악: 피트니스, 수면, 전반적인 웰니스에 관한 가이드를 24시간 내내 실시간으로 받을 수 있습니다. 나만의 기준에 맞춰 건강 변화를 알려 주고 성취를 함께 축하해 주는 알림으로 매일 건강 상태를 한눈에 확인하세요. 분석 결과에 대해 더 깊이 이해할 수 있도록 코치에게 추가 질문을 해 보세요. 분석 데이터의 의미를 더 자세히 파악하고 앞으로 무엇에 집중하면 좋을지 제안을 받아볼 수도 있습니다. 여성 건강 기능을 활용해 월경 주기를 모니터링하고 월경 주기의 각 단계가 일상에 어떤 영향을 미치는지 알아보세요. Google Health는 모든 데이터를 한곳에 모아 전반적인 웰니스 상태를 한눈에 파악할 수 있도록 도와줍니다.

데이터의 개인 맞춤형, 능동적 관리, 보안 및 사용자 제어: 모든 데이터는 기본 제공 보안 기능으로 안전하게 보호되며, 간편한 개인 정보 보호 설정을 통해 사용자가 직접 관리할 수 있습니다. 의료, 과학, 기술 분야의 저명한 전문가들의 자문을 바탕으로 개발된 Google Health가 여러분의 건강을 든든하게 지켜드립니다.


* 일부 기능을 사용하려면 Google Health Premium 구독(별도 판매), Google Health 앱, Wi-Fi, 인터넷 연결이 필요합니다. 기능은 변경될 수 있으며, 사용 가능 여부는 국가 등에 따라 상이합니다. 의료용이 아닙니다. Gemini 기능은 Gemini 앱과는 별도로 작동합니다. 대답이 정확한지 확인하세요. 결과는 달라질 수 있습니다.",건강/운동,https://play.google.com/store/apps/details?id=com.fitbit.FitbitMobile&hl=ko&gl=kr,,,,,,
android,kr,com.medistream.leandiet,"린다이어트 - 식단, 체중, 복약기록, 한의사 밀착관리","한약 다이어트의 새로운 방법!
감량 성공률 90.5%, 누적 감량 무게 -101,211.0kg 한의사 밀착관리로 건강까지 개선하는 다이어트를 경험하세요.

단순한 감량만을 추구하지 않습니다. 건강한 삶을 찾아갑니다.
전국 300명의 한의사가 함께 만들었습니다.

● 나만의 성공 기록
매일 체중을 기록하고 나의 변화 추이를 살펴보세요.
체계적인 체중/식단 기록과 다이어트 일기로 나만의 성공 기록을 남길 수 있어요.
꾸준한 기록을 통해 응원 이모지를 쌓아나가 보세요.

● 나만의 전담 한의사
내가 관리 받을 한의사 선생님을 직접 선택할 수 있어요. 
한의원 갈 시간이 없다면 비대면으로 진료받고 한약은 택배로 받으세요.
전국 300개 한의원에 간편하게 다이어트 진료를 접수하고 전담 한의사로부터 복약, 식단, 체중관리 과정을 1:1로 밀착 관리 받으세요.

● 안전한 복약 관리
한약 복용 & 다이어트 관리 중 어려운 게 있을 땐 언제든 전담 한의사에게 도움 받을 수 있어요.
복약이 필요한 시간에 잊지 않도록 복용 알림을 받으세요.

*앱에서 제공하는 한약 복용 관련 가이드는 전문가의 조언을 대체하지 않습니다. 의학적 결정을 내리기 전에 반드시 한의사와 상의해주세요.

----
• 앱 접근권한 안내
서비스 제공을 위해 다음과 같은 접근권한이 필요합니다.
[필수적 접근 권한]
· 없음
[선택적 접근권한]
· 카메라/사진: 식사 기록 업로드
· 위치: 한의원 찾기
* 위 접근권한에 동의하지 않아도 서비스 이용이 가능하나, 일부 서비스의 경우 정상적인 이용이 제한될 수 있습니다.
----

[린다이어트에 문의하기]
이메일: cs@leandiet.co.kr
카카오톡 채널: 린다이어트
홈페이지: leandiet.co.kr
----
개발자 연락처 :
INTEGRATION Co., Ltd. 427 Teheran-ro, Gangnam-gu
강남구, 서울특별시 06159
South Korea 784-87-01184 1681-4544-7779-7131 본인 직접 신고",건강/운동,https://play.google.com/store/apps/details?id=com.medistream.leandiet&hl=ko&gl=kr,,,,,,
android,kr,com.betterweightapp,체중관리・다이어트 기록 BMI 계산기 체지방 몸무게,"베터웨이트는 무료 체중관리 앱이자 다이어트 기록 & BMI 계산기입니다. 살빼기, 체중 증가, 또는 적정체중 달성 — 모든 것을 간단한 앱 하나로 실현할 수 있습니다. 체중을 기록하고, BMI를 계산하고, 실제 결과를 확인하세요. 체지방률 측정과 그래프 추적도 이 앱 하나면 충분합니다.

감량이든 증량이든, 목표를 작은 단계로 나누는 것이 최고의 플랜입니다. 목표를 설정하고, 매일 또는 매주 체중계에 올라 몸무게를 기록하세요. 작은 달성이 큰 동기부여가 됩니다. 다이어트는 습관에서 시작됩니다. 꾸준한 체중 기록이 성공의 열쇠입니다.


📊 체중관리 & BMI 계산기

체중일기로 매번의 측정을 간단하게 기록할 수 있습니다. 일별・주별・월별 그래프로 체중 추이를 확인하세요. 체중은 변동하기 때문에, 7일간의 최저값과 의미 있는 트렌드를 표시하여 매일의 숫자에 흔들리지 않게 합니다.

내장된 BMI 계산기로 체질량지수를 즉시 계산할 수 있습니다. 저체중・정상・과체중・비만 등 자신의 상태를 확인하고, BMI 개선을 추적하세요. 비만도 측정으로 건강관리의 첫걸음을 시작하세요.

다이어트 앱으로서, 인기 있는 체중관리 어플들과 마찬가지로 매일의 몸무게 기록을 간단한 조작으로 지원합니다. 체중관리 앱을 찾고 계신 분들에게 추천합니다.


📏 체형 측정 & 체지방률

체중계의 숫자만으로는 전체적인 모습을 알 수 없습니다. 허리(웨이스트), 엉덩이, 가슴, 팔 등의 체형 측정을 기록하여 실제로 무엇이 변하고 있는지 확인하세요. 체지방률을 계산하고, 건강의 전체 모습을 파악할 수 있습니다. 내장지방과 체성분의 변화에도 주목하세요.

근육량의 변화도 기록할 수 있어, 운동과 결합한 체형관리에도 대응합니다. 다이어트뿐만 아니라 이상적인 체형 만들기를 종합적으로 지원합니다.


🎯 목표 설정 & 챌린지

다이어트 목표를 설정하고, 단계별 플랜을 만드세요. 28일 챌린지에서 선택할 수 있습니다 — 매일 운동, 스트레칭, 수분 보충, 건강한 식단 등. 난이도를 선택하고, 자신의 생활에 맞는 루틴을 만들어 보세요.

목표 체중을 설정하면, 감량까지 얼마나 남았는지를 그래프로 시각화. 달성까지의 여정이 명확해지고, 동기부여가 지속됩니다.


⚖️ 간단하고 아름다운 체중계

체중계는 심플하고 아름다운 디자인입니다. 올라가서 기록하고 일상으로 돌아가세요. 간단한 몸무게 측정으로 매일의 습관을 만들 수 있습니다. 체중일기로 언제든지 다이어트 기록을 돌아볼 수 있습니다. 달력 표시로 월별 추이도 한눈에 확인 가능합니다.

사진 기록 기능으로 눈바디 비교(비포&애프터)도 가능합니다.


💬 사용자 후기

""드디어 사용하기 쉬운 체중관리 앱을 만났습니다. 4개월 만에 12kg 감량에 성공한 건 매일 기록하는 습관 덕분입니다.""

""BMI 계산기와 체형 측정으로 올바른 숫자에 집중할 수 있어요. 다이어트 앱 중에서 가장 추천합니다.""

""심플하고 아름답고, 매일 아침 체중계에 올라가는 동기부여를 줍니다. 정말 만족합니다.""


🏆 주요 기능

✅ 무료 체중관리 — 시간 제한 없음
✅ BMI 계산기 & 비만도 측정
✅ 다이어트 기록 & 감량 플랜
✅ 체형 측정 — 허리, 엉덩이, 팔 등
✅ 체지방률 계산
✅ 목표 설정, 마일스톤, 그래프
✅ 28일 챌린지 (건강한 습관)
✅ 일별・주별・월별 달력 표시
✅ 체중 추이 트렌드
✅ 살빼기도 증량도 — 당신의 선택
✅ 적정체중・표준체중 계산
✅ 비포&애프터 사진 비교
✅ 달성 뱃지 & 보상
✅ 다크 모드
✅ PIN・얼굴 인식・지문 잠금
✅ 킬로그램 또는 파운드
✅ 근육량 트래킹
✅ 식단 관리와 함께 사용 가능


🔐 개인정보 & 보안

데이터는 스마트폰에 저장됩니다. 프라이빗 클라우드로 백업하거나 어디든 내보낼 수 있습니다. 서버로 데이터를 전송하지 않으며, 제3자가 접근할 수 없습니다. 당신의 다이어트 여정은 오직 당신만의 것입니다.

베터웨이트를 다운로드하세요 — 체중관리와 BMI 계산기로 매일의 몸무게 기록을 의미 있게. 오늘부터 무료로 다이어트를 시작하세요. 간단 조작으로 건강관리를 지원합니다.",건강/운동,https://play.google.com/store/apps/details?id=com.betterweightapp&hl=ko&gl=kr,,,,,,
android,kr,com.pillyze.health,"필라이즈 - 다이어트 AI 코치, 식단, 혈당, 운동","매일 식단, 운동, 혈당, 수분, 영양제, 컨디션, 단식, 걸음수까지, 다이어트에 필요한 모든 것 필라이즈로 관리하세요!
내 몸에 맞는 꼼꼼한 맞춤 피드백으로 건강하고 걱정 없는 다이어트, 건강 관리를 도와드릴게요.

▶ AI코치와 함께하는 쉬운 다이어트, 식단, 운동 관리
● 음식 사진만 찍으면 끝! 쉽고 빠른 칼로리, 탄단지 계산기
AI카메라가 음식 사진을 분석해 칼로리, 탄단지 섭취량, 당/나트륨 등 주의 영양소 섭취량을 자동으로 계산해드려요.
● AI코치의 맞춤 식사 피드백, 식단 추천, 식단 점수
오늘 하루 잘 먹었는지 AI코치가 즉시 맞춤 피드백 보내주고, 다음 식사도 추천해 드려요.
키, 체중, 건강 검진 기록, 건강 고민, 활동량 등 내 건강 데이터를 분석해 나에게 딱 맞춘 목표 칼로리, 탄단지 비율도 설정해 드려요.
● 나에게 딱 맞는 맞춤 미션만 따라하면 다이어트 효과 1.5배!
AI코치가 매일 전날 기록, 오늘의 컨디션에 따라 내 목표 달성을 위한 맞춤 미션을 보내드려요.
맞춤 미션을 수행하며 다이어트한 유저들은 체중 감량 효과가 1.5배 높았어요!
● 운동, 체중 기록도 쉽게! 애플 헬스, 인바디, 스마트워치 데이터 자동 연동
다양한 건강 데이터 연동으로 필라이즈 하나에서 모든 데이터를 편하게 확인하세요. AI코치의 운동 루틴 추천, 운동 피드백도 확인할 수 있어요.
● 다이어트 고민 상담, 루틴 추천도 AI코치에게 물어보세요.
나만의 AI코치가 매일 선톡, 따끔한 조언, 공감, 위로까지 지치지 않고 다이어트를 지속할 수 있게 도와드려요.
● 간헐적 단식, 생리, 수분, 컨디션까지 건강한 다이어트를 위한 모든 것 한번에 관리할 수 있어요.

▶ 초개인화 혈당 모니터링, 슈가케어
● 무채혈 연속혈당측정기 + AI 혈당 멤버십
연속혈당측정기 데이터를 연동하여 실시간 혈당 수치, 최고 혈당, 평균 혈당, 혈당 변동성까지 확인하세요. 프리스타일 리브레, 케어센스 에어 연동을 지원해요. 
● 식단, 운동, 수면 등 종합 분석
혈당 변화와 함께 식단, 운동 등 생활 습관을 기록하며 개인 생활 패턴을 이해하는 데 도움 받을 수 있어요.

▶ 내가 먹는 영양제 맞춤 분석, 추천, 후기
● 영양제 조합 분석
특허 받은 AI ‘파나케이아’가 내 건강 데이터와 내 영양제 함량을 분석해, 부족/과도한 성분, 부작용 위험 성분을 알려드려요.
● 영양제 리얼 리뷰, 랭킹
성별, 연령, 건강고민, 영양성분, 효과별 인기 영양제 순위를 확인해보세요. 유저들이 작성한 효과, 부작용, 섭취 편의성 리뷰를 확인할 수 있어요.
● 영양제 섭취 알림
바빠서 잊어버리기 쉬운 영양제, 가장 효과 좋은 시간에 꾸준히 챙겨드실 수 있도록 매 시간마다 알림을 보내드려요.

▶ 10년치 건강 검진 결과 분석
필라이즈에서 간편하게 10년치 건강 검진 기록을 불러오고 건강 변화를 확인하고 기록하세요!

[필라이즈에 문의사항이 있으신가요?]
언제든 support@pillyze.com 혹은 앱 내 채널톡으로 연락주세요!

[주의사항]
필라이즈에서 제공하는 정보는 의사나 약사의 전문적인 판단을 대신하지 않습니다.
개인의 기저질환, 식습관, 건강상태, 섭취 목적, 설정 이력 등에 따라 분석 결과 및 의학적 판단은 달라질 수 있으며, 더 정확한 개인별 진단을 위해서는 전문가와의 상담을 권장합니다.

[자주 묻는 질문]
Q. 필라이즈 앱에서 왜 사용자의 개인정보를 요청하나요?
필라이즈에서 개인 맞춤 영양제 분석 서비스를 받기 위해서는 개인정보가 필요합니다. 필라이즈에서 소중하고 안전하게 보호하고 있으니 걱정마세요.

필라이즈의 접근권한은 모두 선택적 접근권한입니다. 허용하지 않아도 앱의 기본
서비스는 이용할 수 있으며, 각 기능을 사용할 때에만 동의를 요청합니다.
허용한 권한은 휴대폰 설정 > 애플리케이션 > 필라이즈 > 권한에서 언제든지
철회할 수 있습니다.

[선택적 접근권한]
- 카메라: 음식 사진 촬영 및 검색을 위해 사용합니다 (사진 없이도 분석 가능)
- 사진 및 동영상(저장공간): 사진 업로드와 이미지 저장을 위해 사용합니다
- 알림: 영양제 섭취 알림 등 리마인더 발송을 위해 사용합니다
- 신체 활동: 걸음 수 측정을 위해 사용합니다
- 건강 데이터(헬스 커넥트·삼성헬스): 걸음 수, 활동 에너지, 수면 등 건강 데이터
  연동을 위해 사용합니다
- 연락처: 선물하기·친구 초대 시 받는 분을 선택하기 위해 사용합니다
- 마이크: 카메라 촬영 기능에 포함된 권한으로, 음성 정보를 수집하지 않습니다
----
개발자 연락처 :
Pillyze Inc. 대한민국 서울특별시 강남구
강남구 테헤란로2길 27, 1024호(역삼동, 비젼타워)
06241 483-87-02112 2023-서울강남-04623호 서울시 강남구",건강/운동,https://play.google.com/store/apps/details?id=com.pillyze.health&hl=ko&gl=kr,,,,,,
android,kr,com.fatsecret.android,fatsecret의 칼로리 카운터,"칼로리 카운터는 필수 어플리케이션으로 사용자가 먹는 음식, 운동과 체중을 추적하며 음식에 대한 영양정보를 볼수 있습니다.  fatsecret은  무료입니다.

칼로리 카운터는 사용하기 간단하고 여러가지 툴기능이있습니다:
- 단축아이콘으로 사용자가 좋아하는 브랜드 레스토랑의 음식 칼로리 영양정보보기 가능
- 바코드 스캐너, 매뉴얼로 바코드입력
- Samsung Health, Google Fit, Fitbit 운동기록 내장
- 푸드 다이어리사용으로 사용자가 섭취한 음식을 기록
- 운동 다이어리 사용으로 칼로리 사용저장
- 다이어트달력으로 칼로리 섭취량과 소모량 보기가능
- 체중추적기능
- 리포트
- 이미지 인식
- 카메라를 사용하여 음식과 식사를 사진으로 기록하세요
- 저널기입으로 진전기록
- 알림
- Facebook 와 Google 로그인

온라인으로 계정동기화해 언제 어디서든 계정 액세스 가능합니다.
칼로리 카운터를 많이 사용해주셨으면 합니다. 

프리미엄 사용자들을 위한 혜택:
- 프리미엄 식단 플래너: 미리 계획하고 섭취할 음식의 칼로리와 영양분을 미리 알 수 있도록 합니다
- 맞춤 식사 유형/시간: 삼시세끼 이외에 6가지 식사 유형이 추가되어, 하루 여러번의 음식 섭취를 기록할 수 있습니다
- 물 섭취량 기록: 하루에 물 섭취량 목표를 달성하는 데 도와줍니다

fatsecret은 항상 어플리케이션을 개선을 하고있어 앞으로 더 많은 기능을 선보일 예정입니다. ;)",건강/운동,https://play.google.com/store/apps/details?id=com.fatsecret.android&hl=ko&gl=kr,,,,,,
android,kr,com.yazio.android,Yazio(야지오): AI 칼로리 계산기,"<b>다이어트 없는 체중 감량을 위한 가장 효과적인 AI 칼로리 추적기, 간헐적 단식 앱, 음식 추적기 Yazio에 오신 것을 환영합니다!</b>

⭐️⭐️⭐️⭐️⭐️ 30만 건 이상 리뷰 기준 4.6점 평가
⭐️⭐️⭐️⭐️⭐️ 1억 명 이상이 신뢰하는 앱
⭐️⭐️⭐️⭐️⭐️ Google Play 선정 ‘우수 Android 앱'

Yazio의 무료 칼로리 계산기 앱으로 칼로리를 추적하고, 더 나은 식습관을 기르며 목표를 달성하세요!
Yazio는 칼로리 계산을 통한 목표 달성, 식단 기록, 고급 AI 칼로리 추적기 활용 등 모든 것을 위한 올인원 솔루션입니다. 지속 가능한 체중 감량, 근육 증가, 체중 유지를 지원하도록 설계된 Yazio는 AI 칼로리 추적기를 활용하여 현명한 식단 기록 및 선택을 지원합니다. 과학적 근거를 바탕으로 한 접근법과 첨단 AI 칼로리 추적기 기술을 결합해 극단적인 다이어트 없이도 장기적인 결과를 낼 수 있도록 도와드립니다.

🎉 사용하기 쉬운 AI 칼로리 추적기 및 음식 추적기
🎉 체중 목표 달성을 위한 칼로리 계산기
🎉 전체 식품의 95%를 포함하는 방대한 음식 데이터베이스
🎉 바코드 스캐너 기능이 있는 칼로리 추적기
🎉 식단 계획, 음식 추적기 및 맞춤형 레시피
🎉 통합된 걸음 수 및 활동 추적
🎉 알림 기능이 있는 물 섭취량 추적기
🎉 가입 없이 즉시 이용 가능
🎉 칼로리 계산기, 음식 추적기 및 AI 칼로리 추적기 정기 업데이트
🎉 남녀 모두를 위한 식단 기록 및 영양 관리 도구
🎉 건강한 근육 증량 및 체중 증가 지원
🎉 요요 현상 없는 장기적 결과에 집중

Yazio는 3가지 강력한 도구로 여러분의 성장을 지원합니다.

<b>🕵️ 1. 칼로리 계산기</b>
• 직관적인 무료 칼로리 추적기
• 맞춤형 칼로리 목표를 설정할 수 있는 음식 다이어리
• 다량 영양소 및 영양 성분 분석을 위한 칼로리 계산기
• 400만 개 이상 검색 가능한 항목이 포함된 음식 데이터베이스
• 스마트하고 간단한 식단 기록
• 간편한 칼로리 추적을 위한 바코드 스캐너
• 건강한 선택을 돕는 음식 평가
• 칼로리 추적기와 연동된 맞춤형 식사 및 식단 계획 도구
• 걸음 수, 운동, 증상 통합 추적
• 알림 기능이 있는 물 섭취량 추적기
• 칼로리 추적 기록 기반의 시각적 인사이트
• 효과적인 칼로리 추적을 위한 전문가 팁

<b>🧑‍⚕️ 2. 건강한 습관 및 간헐적 단식</b>
• 다양한 칼로리 추적 계획에 따라 선택 가능한 단식 추적기
• 규칙적인 식사 시간 및 식사 알림
• 16:8, 5:2 등 유연한 계획
• 케토시스, 자가포식, 에너지 사용에 관한 유용한 정보
• 칼로리 추적기 및 음식 추적기와 원활한 연동
• 칼로리 추적기 및 음식 추적기 데이터 기반의 영양 인사이트

<b>🧑‍🍳 3. 레시피 및 식단 계획</b>
• 2,900개 이상의 목표에 부합하는 맛있는 레시피
• 매주 업데이트되는 새로운 건강식 아이디어
• 저탄수화물, 채식, 비건 옵션 필터
• 피자, 디저트 등 다양한 식사 종류
• 빠르고 쉬운 쇼핑을 위한 스마트 장보기 목록
• 스트레스 없는 식사 준비를 위한 단계별 조리 모드

<b>🥇 더 빠른 성과를 위해 Pro 버전으로 업그레이드하세요.</b>
<i>Yazio Pro에 가입하여 성과를 가속화하는 고급 기능을 이용하세요.</i>
• 고급 칼로리 추적기 도구 사용 가능
• 더 빠르게 성과를 내는 맞춤형 칼로리 추적기 플랜
• 심층적인 음식 분석 기능
• 고급 칼로리 추적기 및 칼로리 계산기 도구
• 목표에 맞춘 맞춤형 식단 계획
• Fitbit, Garmin 등과 연동
• 기분, 증상 및 신체 지표 추적
• 장기 추세 분석으로 진행 상황 확인
• 광고 없는 환경
• 최고의 칼로리 계산기 경험
• Yazio 팀의 지원

Yazio 칼로리 계산기 앱 Pro 업그레이드로 고급 기능과 인사이트를 얻으세요. 구독 형태로 제공되는 Yazio Pro는 칼로리 계산기, 음식 추적기 또는 간헐적 단식 기능을 갖추고 있어 다른 앱보다 더 나은 가치를 제공합니다.
• Yazio 앱 도움말: http://help.yazio.com
• Yazio 소개: https://www.yazio.com/en/about-us

Yazio로 최고의 음식 추적기, 칼로리 계산 및 건강한 식습관을 경험하세요!
여러분의 필수 칼로리 추적기, 칼로리 계산기 및 체중 감량 도구인 Yazio 칼로리 계산기 앱을 더욱 개선하는 데 도움을 주세요. 아이디어나 제안 사항이 있으시다면 알려주세요!",건강/운동,https://play.google.com/store/apps/details?id=com.yazio.android&hl=ko&gl=kr,,,,,,
android,kr,com.komorebi.smartdiet,"스마트다이어트 - 몸무게 기록, 체중 다이어리","스마트다이어트는 체중 감량, 체중 증가, 체지방률, BMI, 신체 치수를 관리할 수 있는 사용하기 쉬운 체중 기록 앱입니다. 복잡한 다른 체중 관리 앱과 달리, 스마트다이어트는 간단하고 효율적으로 변화를 기록하는 방법을 제공합니다. 단 한 번의 탭으로 데이터를 추가하고, 내장된 체중 캘린더로 나의 변화를 추적해 보세요.

빠르고 효과적으로 살을 빼고 건강을 유지할 방법을 찾고 계신가요? 스마트다이어트는 직관적인 일일 체중 기록과 함께 식단과 운동을 관리할 수 있도록 도와줍니다. 살을 빼든 근육을 키우든, 변화를 꾸준히 기록하는 것이 무엇보다 중요합니다. 디지털 체중계와 함께 스마트다이어트를 사용해 체중 변화를 확인하고, 다이어트 여정에서 동기를 잃지 마세요.

스마트다이어트는 단순한 체중 기록 앱을 넘어선 완벽한 건강 관리 도구입니다. 체중과 체지방률 기록 외에도, 다음과 같은 중요한 건강 수치를 함께 기록할 수 있습니다:

- 체중 감량 기록
- 체지방 기록
- BMI 계산기
- 신체 치수 기록
- 캘린더 보기로 확인하는 변화 기록 등 다양한 기능!

어떤 건강과 피트니스 목표를 가지고 있든, 스마트다이어트가 꾸준함을 도와드립니다. 숫자만 보여주는 일반 체중계와 달리, 스마트다이어트는 매일의 그래프로 변화를 한눈에 보여줍니다. 또한 안전한 비밀번호 잠금이 있어 소중한 데이터를 안전하게 보호합니다.

주요 기능:

- 빠르고 간편한 데이터 입력
- 변화를 쉽게 확인하는 인터랙티브 그래프
- 데이터 보호를 위한 보안 비밀번호
- 24가지 이상의 맞춤 테마 색상
- 넉넉한 저장 용량의 메모 기능
- 나만의 기록을 꾸미는 스티커
- 입력을 놓쳤을 때 알려주는 스마트 알림

◆ 간편한 체중 기록 체중과 신체 변화를 기록하는 일이 복잡할 필요는 없습니다. 스마트다이어트는 단 몇 단계로 빠르게 입력하도록 설계되었습니다. 체중을 입력하면 앱이 자동으로 체지방률을 계산해 줍니다.

◆ 맞춤 입력 항목 기록하고 싶은 건강 수치를 직접 선택하세요. 체중 기록만 사용하거나, BMI·체지방률·운동·식사 등으로 기록 항목을 확장할 수 있습니다. 상세한 메모를 위한 넉넉한 저장 용량도 제공합니다.

◆ 스마트 그래프 일주일, 한 달, 두 달, 최대 3년까지 다양한 기간의 변화를 확인하세요. 그래프의 원하는 지점을 탭하면 해당 기록을 보고, 수정하거나 삭제할 수 있습니다.

◆ 알림 하루도 기록을 놓치지 마세요. 스마트다이어트의 알림 기능이 체중과 BMI를 규칙적으로 기록하도록 도와, 정확하고 꾸준하게 체중을 관리할 수 있습니다.

◆ 안전한 비밀번호 보호 안전한 비밀번호로 개인 데이터를 완벽하게 보호합니다. 나의 체중 다이어리는 오직 나만 볼 수 있도록 안전하게 유지되니 안심하세요.

◆ 맞춤 디자인 24가지 이상의 개성 있는 테마 색상으로 나의 스타일에 맞게 스마트다이어트 화면을 꾸밀 수 있습니다. 심플하고 미니멀한 디자인부터 밝고 경쾌한 디자인까지, 선택은 자유입니다!

◆ 광고 제거 한 번의 구매로 광고를 없애고 끊김 없는 사용 환경을 즐겨 보세요.

스마트다이어트는 살을 빼고, 근육을 키우고, 건강한 생활을 유지하고 싶은 남녀 모두를 위한 무료이면서 믿을 수 있는 체중 기록 앱입니다. 체중 기록뿐만 아니라 신체 치수 기록, BMI 계산, 체지방률 추적 기능도 제공합니다.

복잡한 체중 관리 프로그램은 이제 그만, 스마트다이어트와 함께 더 간단한 방법을 시작하세요. 매일 유익한 그래프로 변화를 확인하며 나의 건강을 직접 관리해 보세요!",건강/운동,https://play.google.com/store/apps/details?id=com.komorebi.smartdiet&hl=ko&gl=kr,,,,,,
android,kr,com.house201.dietlights2,"다이어트 신호등 - 단식, 체중계, 몸무게 기록","다이어트 신호등은 아침과 저녁 몸무게를 기록하고, 신호등 색깔로 다이어트 진행상황을 한눈에 확인할 수 있는 몸무게 기록 앱입니다.

최근 더 편해졌어요

- 간헐적 단식 타이머 추가
  12시간, 16:8, 18:6, 20시간, 직접 설정 등 원하는 단식 스케줄을 선택할 수 있어요.
  홈 위젯에서 바로 단식 타이머를 시작하고, 원형 타이머로 진행률을 확인하세요.
  단식 종료 알림과 단식 기록으로 건강 습관을 꾸준히 만들 수 있습니다.

- 일기 기능 추가
  하루의 기분, 컨디션, 식단 기록을 이모지 태그와 함께 남길 수 있어요.
  외식, 야식, 생리, 변비 등 몸무게 변화에 영향을 주는 요인을 함께 기록하면 다이어트 패턴을 더 쉽게 이해할 수 있습니다.

- 정밀 몸무게 입력
  몸무게를 소수점 2자리까지 기록할 수 있어요.
  더 정확한 몸무게 관리와 체중 기록이 필요한 분께 적합합니다.

- 목표 관리 개선
  목표 몸무게를 설정하고, 진행률을 10단계로 확인할 수 있어요.
  목표가 흐려졌다면 오늘부터 다시 시작하여 새롭게 관리할 수 있습니다.

- 아침/저녁 기준 시간 설정
  생활 패턴에 맞게 아침 몸무게와 저녁 몸무게를 나누는 기준 시간을 조정할 수 있어요.
  늦게 자거나 늦게 일어나는 사용자도 더 정확하게 기록할 수 있습니다.

왜 다이어트 신호등인가요?

요요 없는 건강한 다이어트를 위해서는 저녁 몸무게와 다음날 아침 몸무게 사이의 변화를 꾸준히 확인하는 것이 중요합니다.
다이어트 신호등은 복잡한 칼로리 계산 대신 아침과 저녁 몸무게 차이를 신호등 색깔로 보여주어, 오늘의 다이어트 흐름을 쉽고 명확하게 확인할 수 있도록 도와드립니다.

주요 기능

- 신호등 시스템
  녹색 신호등: 저녁-아침 몸무게 차이 1kg 이상
  노란색 신호등: 몸무게 변화 적음
  빨간색 신호등: 몸무게 증가
  매일의 결과를 색깔로 확인하며 다이어트 동기부여를 유지할 수 있습니다.

- 몸무게 추이 그래프
  1주, 1개월, 3개월, 6개월, 1년 단위로 몸무게 그래프를 확인할 수 있어요.
  아침 몸무게와 저녁 몸무게 변화를 한눈에 비교하고, 목표 몸무게 선을 함께 볼 수 있습니다.
  체중 그래프와 트렌드 차트로 장기적인 몸무게 관리 흐름을 파악하세요.

- 달력 뷰
  달력에서 매일의 신호등, 아침 몸무게, 저녁 몸무게, 변화량, BMI 등을 확인할 수 있어요.
  한 달 전체의 다이어트 패턴을 빠르게 파악하고, 꾸준히 기록한 날을 돌아볼 수 있습니다.

- BMI 및 체질량지수 확인
  키를 설정하면 BMI와 체질량지수를 확인할 수 있어요.
  WHO 기준과 아시안 기준을 선택하여 자신의 상태를 더 현실적으로 참고할 수 있습니다.

- 목표 몸무게 설정
  현실적인 목표 몸무게를 설정하고 진행 상황을 단계별로 확인하세요.
  목표까지 남은 몸무게, 감량 진행률, 다음 단계까지의 거리를 시각적으로 볼 수 있습니다.

- 알림 기능
  아침과 저녁 몸무게 측정 시간을 알림으로 받아보세요.
  단식 종료 알림도 설정할 수 있어, 몸무게 기록과 간헐적 단식 루틴을 함께 관리할 수 있습니다.

- 백업 및 복원
  프리미엄 사용자는 iCloud 백업을 통해 데이터를 안전하게 보관할 수 있어요.
  기기를 변경해도 몸무게 기록, 일기, 단식 기록을 간편하게 복원할 수 있습니다.

- 비밀번호 잠금
  개인적인 다이어트 기록을 4자리 비밀번호 잠금으로 보호할 수 있어요.
  민감한 몸무게 데이터와 일기 기록을 안심하고 관리하세요.

몸무게 측정 방법

- 아침: 기상 후, 화장실에 다녀온 뒤 측정
- 저녁: 저녁 식사 후, 취침 전 측정
- 매일 비슷한 시간에 측정하는 것이 중요합니다
- 몸무게만 보는 것보다 아침과 저녁의 차이, 식단 기록, 단식 시간, 컨디션을 함께 보는 것이 좋습니다

프리미엄 기능

다이어트 신호등 프로로 업그레이드하면:

- 광고 없는 깨끗한 화면
- 모든 기능 무제한 사용
- iCloud 백업 및 복원
- 더 편리한 개인 기록 관리

이런 분들께 추천합니다

- 간단하고 쉬운 다이어트 앱을 찾는 분
- 복잡한 칼로리 계산 없이 몸무게만 관리하고 싶은 분
- 체중 관리와 몸무게 기록을 꾸준히 하고 싶은 분
- 요요 방지를 위해 아침/저녁 몸무게 변화를 확인하고 싶은 분
- 간헐적 단식과 단식 타이머를 함께 사용하고 싶은 분
- BMI, 체질량지수, 목표 몸무게를 한 번에 관리하고 싶은 분
- 달력, 알림, 일기 기능으로 건강 습관을 만들고 싶은 분
- 시각적인 피드백으로 다이어트 동기부여가 필요한 분

다이어트는 매일의 작은 기록에서 시작됩니다.
지금 바로 다이어트 신호등과 함께 건강한 다이어트 습관을 시작해보세요.

개인정보 보호를 위해 모든 데이터는 기기에 안전하게 저장됩니다.
프리미엄 사용자는 iCloud를 통한 백업을 선택할 수 있습니다.

문의사항이 있으시면 언제든지 연락해 주세요.

Terms of Service : https://www.apple.com/legal/internet-services/itunes/dev/stdeula/
----
개발자 연락처 :
이성관 능동로36길 65 204
광진구, 서울특별시 04986
South Korea 221-13-51862 2019-서울광진-2642 광진구청",건강/운동,https://play.google.com/store/apps/details?id=com.house201.dietlights2&hl=ko&gl=kr,,,,,,
android,kr,loseweight.weightloss.workout.fitness,30일 안에 체중 감량 - 홈트레이닝,"'30일 안에 체중 감량'은 빠르고 안전한 체중 감량을 위해 디자인되었습니다. 체계적인 운동뿐 아니라 <b>다이어트 식단 계획</b>까지 제공해드립니다. 과학적으로 건강과 체력을 향상시키는데 도움이 되는 것이 입증되었습니다. 당신의 운동 및 칼로리 데이터는 <b>구글 피트니스</b>에서 동기화 할 수 있습니다. 프로그램을 지속적으로 사용하면 당신의 몸이 눈 깜짝할 사이에 보다 아름답게 변화됩니다.

애니메이션 및 동영상 도움을 통해 운동 할 때마다 올바른 몸의 형태를 유지할 수 있습니다. 아무런 장비도 필요 없으므로 언제 어디서나 쉽게 운동 할 수 있습니다.

체중 감량 진행 상황을 그래프로 추적하고 칼로리를 명확하게 계산할 수 있습니다. 자기 격려 용 목표를 설정할 수도 있습니다. 운동 강도가 단계적으로 증가하기 때문에 몸이 익숙해지도록 3일마다 휴식을 취하는 것을 잊지 마세요.

기능

- 체중 감량 진행 추적
- 태운 칼로리 추적
- 저칼로리 다이어트 계획
- 애니메이션 및 동영상 안내
- 여러가지 운동
- 운동 강도 점차 증가

30 일째 체중 감량
효과적인 운동 및 다이어트와 결합하여 전문가가 설계 한 최고의 운동 및 다이어트 앱은 우리의 운동 및 다이어트로 체중을 빠르고 건강하게 잃을 수 있습니다!",건강/운동,https://play.google.com/store/apps/details?id=loseweight.weightloss.workout.fitness&hl=ko&gl=kr,,,,,,
android,kr,com.lefal.mealligram,"밀리그램 - 앱 하나로 다이어트 기록, 계획, 공유","<b>'건강한 체중 관리'와 '간편한 기록', '꾸준한 동기부여'를 위해 꼭 필요한 기능들로만 알차게 구성했어요.</b>


<b>○ 나만의 다이어트 맞춤코치 : 추천 다이어트 목표부터 식단 분석, 실시간 피드백</b>
- 원하는 기간마다 AI 코치에게 다이어트 성공을 위한 밀착 관리 받을 수 있어요.
- 내 현재 상황에 대한 진단에 맞춘 맞춤 다이어트 목표와 구체적인 식단, 운동, 생활습관 목표를 드려요.
- 다이어트 목표를 달성할 수 있도록 식단, 운동, 다이어트에 대한 실시간 피드백은 물론 매일 AI 코치가 분석한 다이어트 리포트를 확인할 수 있어요. 
- 매주 내 점수에 맞는 다이어트 레벨을 받고, 같은 레벨을 받은 사람들과 식단, 운동, 물, 걸음수, 수면 기록을 실시간으로 공유하고 경쟁할 수 있어요.


<b>○ 다이어트에 필요한 모든 기록을 한 곳에서</b>
- 식단, 운동, 신체, 물, 수면, 컨디션, 생리 여부까지 다이어트에 필요한 모든 기록을 쉽고 간편하게 관리할 수 있어요. 
- 다이어트를 위한 식단 습관, 운동 계획도 전달드릴게요. 혼자서 계획 짜기가 어렵다면 미리 준비해 둔 식단, 운동, 생활습관 루틴을 선택하고 실천해봐요.
- 건강 앱과의 연동으로 더욱 간단하게 운동, 신체 기록을 남길 수 있어요.
- 식단, 칼로리, 운동, 신체, 눈바디 기록을 통해서 다이어트 목표를 향한 변화를 통계 그래프로 확인해요. 


<b>○ 같은 목표를 가진 사람들과 함께 건강하게 관리해요</b>
 - 혼자서 꾸준히 하기 어렵다면, 같은 다이어트 목표를 가진 사람들과 함께 시작해요. 
 - 참여한 그룹에서 식단, 운동 등 원하는 기록을 실시간으로 공유하고 멤버들과 서로 응원해요. 

밀리그램은 여러분의 피드백을 듣고 계속해서 발전해나갈 예정이에요!
필요한 기능이 있다면 부담없이 알려주시고, 조금만 기다려주세요. 

여러분들이 꾸준하고 건강하게 스스로를 관리하는데 필요한 기능들을 빠르게 업데이트할게요.

참, 밀리그램을 잘 쓰고 계신다면 리뷰도 꼭 남겨주세요. 
좋은 리뷰는 더 신나고 빠르게 필요한 기능을 선보이는 원동력입니다!

-

피드백/오류 문의 ▶ support@mealligram.com 혹은 카카오톡 ""밀리그램""
+82)10-2381-3903
----
개발자 연락처 :
주식회사 킬로 Rm 702
11 Yeoksam-ro 3-gil
강남구, 서울특별시 06242
South Korea 6558702508 2023-서울강남-02623 서울특별시 강남구",건강/운동,https://play.google.com/store/apps/details?id=com.lefal.mealligram&hl=ko&gl=kr,,,,,,
android,kr,com.sillens.shapeupclub,Lifesum: AI Calorie Tracker,"<b>AI로 강화된 혁신적인 식단 관리 방식.</b>
나만의 스타일로 영양을 추적하는 새로운 시대가 열렸습니다. 새로운 Lifesum을 통해 사진 촬영, 음성 인식, 텍스트 입력, 바코드 스캔 등 다양한 방법으로 식사를 기록할 수 있습니다.
더욱 간편한 식단 관리를 통해 몸과 마음을 위한 건강한 선택을 할 수 있도록 도와드립니다.

<b>6,500만 명의 사용자가 더 나은 건강을 향한 여정에 함께하고 있습니다.<b>
건강은 완벽함이 아닌 꾸준한 발전입니다. Lifesum은 작고 실천 가능한 변화들이 모여 지속적인 효과를 만들어낼 수 있도록 격려합니다.

물을 더 많이 마시거나, 과일과 채소를 더 많이 섭취하거나, 더 건강한 간식을 선택하는 등, Lifesum은 아무리 작은 변화라도 함께 축하합니다.

<b>더 스마트하고 간편한 식단 관리<b>
📸 사진을 찍어 즉시 영양 정보를 확인하세요.

🎙 음성 인식으로 간편하게 기록하세요. ⌨ 더 자세한 추적을 위해 직접 입력하세요.

✅ 바코드를 스캔하여 빠르게 정보를 확인하세요.

⚡ 간편한 입력을 위해 빠른 추적 기능을 사용하세요.

<b>라이프섬 주요 기능<b>
🔢 칼로리 계산
📊 매크로 영양소 추적 및 음식 평가
🥗 체중 관리 및 체성분 관리를 위한 식단 계획
⏳ 간헐적 단식 계획
💧 수분 섭취량 추적
🍏 과일, 채소, 생선 섭취량 추적
📋 장보기 목록이 포함된 식단 계획
🏃 심층적인 건강 모니터링을 위한 Google Health 연동
⚡ 개인 맞춤형 영양 추천을 위한 라이프 스코어 테스트

<b>체중 관리 및 건강한 식습관<b>
체중 관리, 건강한 식습관, 또는 단순히 일상생활에서 더 나은 기분을 느끼고 싶으시다면, 라이프섬은 목표 달성, 지속 가능성, 그리고 즐거움을 위한 도구와 지원을 제공합니다.

균형 잡힌 식단부터 케토, 팔레오, 고단백 식단과 같은 특수 라이프스타일까지, Lifesum은 사용자의 선호도와 필요에 맞춰 조정됩니다.
목표, 선호도, 제한 사항, 활동 수준을 공유하기만 하면 Lifesum이 사용자만을 위한 영양 계획을 만들어 드립니다.

Lifesum은 또한 맛을 포기하지 않고 더 건강하게 먹을 수 있도록 고안된 방대한 레시피 라이브러리를 제공합니다.

<b>칼로리 그 이상: 완벽한 웰빙 솔루션<b>
Lifesum은 단순한 칼로리 계산을 넘어섭니다. 독자적인 라이프 스코어(Life Score) 기능을 통해 식습관, 수분 섭취량, 활동 수준을 기반으로 전반적인 건강 상태를 평가합니다.

이를 통해 단기적인 해결책이 아닌 장기적인 웰빙에 집중할 수 있습니다.

<b>맞춤형 경험을 위한 모든 기능<b>
✔일일 칼로리 목표를 조정하고 운동으로 소모한 칼로리를 추가/제외할 수 있는 칼로리 카운터

✔탄수화물, 단백질, 지방 섭취량 추적 및 목표 설정 가능

✔좋아하는 음식, 레시피, 식단, 운동 기록 저장 및 관리

✔신체 측정(체중, 허리둘레, 체지방률, 가슴둘레, 팔둘레, BMI) 추적

✔스마트 필터로 간편하게 원하는 레시피를 찾을 수 있는 수천 개의 레시피 라이브러리

✔영양 및 운동 측정값을 기반으로 한 주간 라이프 스코어 제공

✔Wear OS 연동 - 칼로리, 수분 섭취량 추적 및 운동량 확인 (시계 화면에서 바로 확인 가능) 홈 화면에 컴플리케이션을 추가하여 더욱 빠르게 기록하세요. Wear OS 앱은 별도로 설치하지 않아도 사용 가능합니다. Lifesum 계정을 Samsung Health 또는 Health Connect에 연결하면 운동 데이터는 자동으로 가져오고 영양 데이터는 Lifesum에서 내보낼 수 있습니다.

Lifesum은 무료로 다운로드하여 일부 기능을 사용할 수 있습니다. 모든 기능을 이용하시려면 1개월, 3개월, 연간 프리미엄 구독(자동 갱신)을 신청하세요.

결제는 구매 확인 시 Google Play 계정을 통해 신용카드로 청구됩니다. 구독은 Google Play 계정 설정에서 자동 갱신을 해제하거나 구독 기간 종료 최소 24시간 전에 구독을 취소하지 않는 한 자동으로 갱신됩니다.

이용 약관 및 개인정보처리방침은 다음 링크에서 확인하세요: https://lifesum.com/privacy-policy.html</b></b></b></b></b></b></b></b></b></b></b></b>",건강/운동,https://play.google.com/store/apps/details?id=com.sillens.shapeupclub&hl=ko&gl=kr,,,,,,
android,kr,com.diet.calorie160105,"다이어트신 - 다이어트 식단, 운동, 다이어리 어플","<font color=""#FF4848""> 다이어터를 위한 종합 다이어트 어플! 
다이어트신! 다신이 당신의 다이어트를 도와드립니다! </font>

<font color=""#008299"">원하는 기능이 없어 여러 개 어플을 설치해야 했던 불편함.
단순히 기록만 하는 어플로는 식사, 운동 패턴을 한눈에 볼 수 없었던 답답함.
혼자 외롭게 다이어트 하다 금세 포기하고 말았던 좌절감.

다신을 만난 순간, 이 모든 고민은 접어주셔도 좋습니다.

다신 다이어리를 통해 칼로리에 대한 기본 개념을 쉽게 잡고, 
간편하게 식사, 운동 현황을 기록하면서,
다양한 통계 기능을 통해 혼자서도 쉽고 체계적으로 관리할 수 있어요.
다신은 다이어트에 필요한 모든 기능들을 꼼꼼히 담았으며,
어떤 유료 어플에서도 볼 수 없었던 강력한 다이어리 및 통계 기능 등을 몽땅 다 무료로 이용하실 수 있어요.

다신은 다이어터들의 따뜻한 소통의 공간으로써의 역할을 충실히 하겠습니다.
쉽고 즐거운, 평생 다이어트를 위한 다신의 노력은 계속됩니다!  </font>

==============================================
▶ 비만도 측정을 통한 칼로리 처방
▶ 다이어리를 통한 음식/운동 칼로리, 영양소 관리
▶ 국내 최대 칼로리 정보 보유
▶ 부위별 다양한 홈트레이닝 영상
▶ 국내 최대 다이어트 커뮤니티
==============================================
▶ 여성다이어터들을 위한 생리 달력 추가!
▷ 다이어트 황금기라고 아시나요?
   생리 주기를 통해 다이어트 황금기를 확인하세요.
▷ 다이어트황금기, 가임기, 생리예정일 자동 계산
==============================================

<strong> ※ 주요 기능 </strong>

<strong> 1. 다이어트 목표 설정 </strong>
<font color=""#A6A6A6"">- 비만도 계산기로 나의 BMI 지수를 확인
- 하루에 필요한 음식과 운동 칼로리 처방
- 하루 권장량, 하루 권고량을 통해 식습관 관리</font>

<strong> 2. 다이어리 일기 (다이어트 노트) </strong>
<font color=""#A6A6A6"">- 일별 목표 칼로리를 체크하여, 성공/실패 도장을 쾅쾅!
- 사진과 함께 식사, 운동 칼로리를 쉽게 계산하고 기록
- 현재몸무게, 골격근량, 체지방량 입력 및 관리!!
- 물섭취량과 배변횟수까지 한번에 체크
- 눈바디비교를 통해서 비포&애프터 모습을 체크해보세요~</font>

<strong> 3. 생리 달력 </strong>
<font color=""#A6A6A6"">- 설정에서 생리일 설정을 ON으로 할 경우 적용
- 생리기간과 생리주기를 설정
- 다이어리에서 날짜를 터치하여 생리시작일과 종료일 등록
- 생리일, 다이어트 황금기, 가임기, 생리예정일 자동 계산</font>

<strong> 4. 월별 통계 </strong>
<font color=""#A6A6A6"">- 몸무게, 칼로리, 영양소 등 월별 상세 그래프통계 제공
- 비교통계를 통해서 최대 365일까지의 통계를 비교해보세요~</font>

<strong> 5. 칼로리 사전 </strong>
<font color=""#A6A6A6"">- 음식 칼로리 및 운동 칼로리 정보 제공</font>

<strong> 6. 홈트레이닝 영상 </strong>
<font color=""#A6A6A6"">-  전신, 복부, 상하·체와 스트레칭 및 요가 등 다양한 유산소 운동과 근력 운동 동영상 강좌 제공</font>

<strong> 7. 물알림(물알람) </strong>
<font color=""#A6A6A6"">- 하루 물섭취 목표량 설정, 물알람을 통해 물마시기</font>

<strong> 8. 부가 기능 </strong>
<font color=""#A6A6A6"">- 잠금기능, 만보기, 백업, 다이어트 쇼핑몰</font>

[접근권한 안내]
- 카메라 : 사진을 바로 찍어 이미지 등록하는 데 필요(선택)
- 신체활동 : 만보기 걸음수 측정(선택)
- 저장공간 : 다이어리 데이터 등록 및 보여주기 위해 필요(필수)
- 알림 : 푸시 알림 서비스 제공(선택)",건강/운동,https://play.google.com/store/apps/details?id=com.diet.calorie160105&hl=ko&gl=kr,,,,,,
android,kr,com.kthdd.my_weight_app,몸무게 달력 - 아침 저녁 몸무게 기록 & 캘린더 표시,"몸무게 달력 앱은 아침과 저녁에 몸무게를 간편하게 기록하고
기록한 몸무게를 캘린더, 그래프, 표, 위젯에서 한눈에 확인할 수 있는 앱이에요.
다이어트 또는 몸무게 유지를 위해 꾸준히 기록해보세요! 

이런 분들께 추천 드려요:
■ 다이어트 성공 또는 몸무게 유지를 위해 꾸준히 기록하고 싶으신 분
■ 아침 뿐만 아니라 저녁에도 몸무게를 기록하고 싶으신 분
■ 아침과 저녁 몸무게가 얼마나 차이가 나는지 확인해보고 싶으신 분
■ 기록한 몸무게를 달력에서 한눈에 보고 싶으신 분
■ 몸무게 뿐만 아니라 눈바디 사진의 변화를 달력에서 한눈에 보고 싶으신 분
■ 달력 뿐만 아니라 그래프에서 몸무게의 변화를 한눈에 보고 싶으신 분  
만약 위의 항목 중에서 하나라도 해당이 된다면
몸무게 달력 앱을 이용해보세요!
꾸준히 기록할 수 있도록 몸무게 달력 앱이 도와드릴게요 :D


앱 기능 요약:
■ 날짜 별로 아침 저녁 몸무게, 눈바디 사진, 컨디션, 일기 기록
■ 달력에서 몸무게와 눈바디 사진 확인
■ 목표 몸무게와 날짜를 설정
■ 일주일, 2주, 1개월, 3개월, 6개월, 1년의 몸무게 변화 그래프 제공
■ 아침, 저녁 몸무게 기록표
■ 한국어, 영어, 일본어 변경 가능
■ kg 또는 lb 로 몸무게 단위 변경 가능
■ 아침, 저녁 몸무게 기록표 위젯 기능

문의 및 개선 사항은 kthdd1234@gmail.com 메일로 보내주세요. 몸무게 달력 앱 이용자분들의 다이어트 성공과 몸무게 유지 관리를 위해 최선을 다하겠습니다! 감사합니다.


이미지 출처:
https://webgradients.com/
https://home.streamlinehq.com/
https://www.freepik.com/
----
개발자 연락처 :
김동현 염리동 숭문길 196-1
10-143 B01호
마포구, 서울특별시 04122
South Korea 112-32-75329 2024-서울마포-2491 본인 직접 신고",건강/운동,https://play.google.com/store/apps/details?id=com.kthdd.my_weight_app&hl=ko&gl=kr,,,,,,
android,kr,com.appkickstarter.glow,Gloweee: 건강한 다이어트,"Gloweee 는 간헐적 단식을 실천하고 식사, 습관, 감정을 추적하여 자연스럽게 균형을 되찾을 수 있도록 도와주는 당신의 따뜻한 코치입니다.
엄격한 규칙이나 압박 없이, 에너지, 평온함, 건강을 향한 작은 실천을 함께합니다.

🧠 긍정적이고 개인화된 코칭

Gloweee 는 매일 당신의 목표에 맞춘 부드러운 조언과 콘텐츠를 제공합니다: 단식, 영양, 스트레스, 수면, 운동 등.
비판 없이, 적극적이고 격려하는 제안을 받아보세요.

🍽️ 스마트한 영양 분석

수동으로 칼로리를 계산할 필요 없이, Glow는 AI 기반 도구(음성, 텍스트, 사진 입력)를 통해 식사를 간편하게 분석하고, 개인화된 영양 점수를 제공합니다.

⏱️ 유연한 간헐적 단식

16:8, 22:2, OMAD(23:1), 5:2 등 다양한 단식 리듬을 쉽게 시도해보세요.
Gloweee 는 좌절 없이 자연스럽게 신체 감각과 다시 연결되도록 도와줍니다.

🧘 정신 건강 및 생활 습관 관리

Gloweee 는 전반적인 웰빙을 지원합니다:

기분 및 저널 추적

친절한 알림

호흡 및 시각화 연습

수면 및 에너지 추적

신체 활동 및 수분 섭취
Glow Recipe
TikTok

📊 진행 상황 추적

단식, 수분 섭취, 체중, 기분, 에너지 등의 진행 상황을 그래프로 시각화하여, 작은 노력의 영향도 확인할 수 있습니다.

🔐 간단하고 개인적인 사용

즉시 사용 가능

계정 생성 불필요

광고나 스팸 없음

개인 정보 완전 보호

🌞 Gloweee 는 단순한 도구 그 이상입니다 — 일상의 동반자입니다.

완벽할 필요는 없습니다. 시작이 중요합니다.
Gloweee 는 부드럽고 따뜻하게 지속적인 실천을 도와줍니다.

오늘 시작하세요 — 한 걸음씩 자신을 돌보세요.",건강/운동,https://play.google.com/store/apps/details?id=com.appkickstarter.glow&hl=ko&gl=kr,,,,,,
android,kr,kr.co.wedaeat.app.aos,"다이트 - 다이어트 AI식단기록,1:1영양코칭,혈당분석","시간은 짧게, 감량은 크게. 다이어트에 삶의 소중한 시간을 낭비하지마세요.
쉽고 빠른 다이어트, 다이트가 책임집니다.


● 식단 기록 및 분석

- AI카메라로 먹은 음식을 촬영하면, 자동으로 당질과 탄단지 비율을 계산해드려요
- 오늘 먹은 식단의 영양정보를 간편하게 분석해보세요.


● 혈당관리

- 다이트가 새롭게 선보이는 “혈당관리”기능을 활용해보세요
- 내가 먹은 식단에 대한 혈당을 눈으로 확인하고 효과적인 관리를 할 수 있어요


● 분석

- 식단, 체중, 걷기, 음수량, 수면, 혈당 등 모든 기록을 분석해드려요
- 매일 체중을 입력하면, 최대 2개월 간의 체중 변화 추세를 확인할 수 있어요
- 분석을 통해 목표달성을 위해 잘 하고있는지 확인해보세요


● 미션

- ‘미션’을 통해 매일매일 다이어트 열정을 불태워보세요
- 매일매일 1개씩 제공되는 미션을 참여해 식습관과 생활습관을 개선할 수 있어요


● 다양한 콘텐츠

- 성공적인 다이어트를 위해 다이트에서 제공하는 스페셜 콘텐츠
- 식단레시피 영상, 매거진, 운동영상 등 다양한 콘텐츠를 활용보세요
----
개발자 연락처 :
(주)다이트랩 대한민국 서울특별시 강남구
강남구 선릉로 803, 지하1층 101호 (신사동,이니셜타워II)
06019 235-86-01875 2021-서울강남-03536 2021-서울강남-03536",건강/운동,https://play.google.com/store/apps/details?id=kr.co.wedaeat.app.aos&hl=ko&gl=kr,,,,,,
android,kr,com.kthdd.weightMate,"체중 메이트 - 체중, 눈바디, 식단, 운동 기록 앱","체중 메이트는 체중, 눈바디, 식단, 운동을 쉽고 간단하게 기록하고
기록한 데이터를 한눈에 확인할 수 있으며, 날짜별 체중의 변화를 한눈에 확인할 수 있는 앱이에요.
꾸준히 체중을 기록하고 목표 체중에 도달해보세요!  


이런 분들께 추천드립니다:
 ■ 식단을 기록할 때 일일이 칼로리 입력하는 것이 귀찮으신 분
 ■ 칼로리 강박증에서 벗어나고 싶은 분
 ■ 너무 많은 걸 세세히 기록하는 것이 귀찮으신 분
 ■ 다이어트에 필요한 모든 기록을 한 곳에서 관리 하고 싶으신 분
 ■ 날짜 별로 체중, 눈바디의 변화를 한눈에 확인해보고 싶으신 분 
 ■ 건강한 다이어트 습관을 만들고 싶으신 분
 ■ 다이어트 성공 뿐만 아니라 꾸준히 유지하고 하고 싶으신 분
 ■ 깔끔하고 예쁜 다이어트 기록 앱을 찾고 계신 분

만약 위의 항목 중 하나라도 해당이 된다면
체중 메이트 앱을 이용해보세요!
다이어트에 성공할 수 있도록 체중 메이트 앱이 도와드릴게요 :D 

기능 설명:
■ 오늘의 체중, 사진, 식단, 운동 , 습관, 일기 기록
■ 식단의 경우 칼로리 입력 없이 간략하게 기록
■ 달력에서 스티커로 한눈에 기록 확인
■ 날짜 별 기록 모아보기 기능
■ 1주, 2주, 1개월, 3개월, 6개월, 1년 체중 변화 그래프
■ 다이어트 기록 트래커
■ 기록한 데이터를 빠르게 검색 및 필터
■ 데이터 백업 & 복권(구글 드라이브)
■ 앱 화면 잠금 기능 제공
■ 다양한 취향 저격 폰트 및 테마 제공

문의 및 개선사항은 kthdd1234@gmail.com 으로 보내주세요.
체중 메이트 이용자분들의 다이어트 성공과 관리를 위해 최선을 다하겠습니다.
감사합니다 :D

출처 링크:
https://www.streamlinehq.com
https://webgradients.com/
https://kr.freepik.com
----
개발자 연락처 :
김동현 염리동 숭문길 196-1
10-143 B01호
마포구, 서울특별시 04122
South Korea 112-32-75329 2024-서울마포-2491 본인 직접 신고",건강/운동,https://play.google.com/store/apps/details?id=com.kthdd.weightMate&hl=ko&gl=kr,,,,,,
android,kr,dietaiplan.calorietracker.app,칼로리 카운터・다이어트 추적기,"새해, 새로운 당신! 2025년에 칼로리 추적을 시작하고 70% 할인 혜택을 누리세요!

""새해, 새로운 당신"" 캠페인으로 건강 여정을 시작하세요! 한정된 시간 동안 DietAI 프리미엄을 70% 할인된 가격에 이용할 수 있는 기회를 갖으세요: 지금까지의 최대 할인입니다! 체중 감량, 건강한 식사 및 웰니스 목표 달성을 도와주는 고급 도구로 새해 결심을 이루세요. 기다리지 말고, 오늘 건강을 변화시키세요!

DietAI는 건강 및 피트니스 목표 달성을 위해 설계된 통합 칼로리 카운터 및 영양 추적기입니다. 체중 감량, 근육 증가 또는 건강한 라이프스타일 유지를 목표로 하든, DietAI는 여러분의 특정 필요에 맞는 개인화된 식단 계획을 제공합니다. AI 기반의 음식 일기 및 식사 계획기로 칼로리, 매크로 및 영양소를 손쉽게 추적하세요.

🌟 개인 맞춤형 식단 계획 및 식사 추적

맞춤형 식단: 케톤 다이어트, 간헐적 단식, 지중해식, 고단백, 저탄수화물, 항염증 및 당뇨병식과 같은 다양한 다이어트 중에서 선택하세요.
개인 맞춤 추천: 앱은 키, 체중, 알레르기 및 목표 체중을 포함한 여러분의 피트니스 프로필을 기반으로 맞춤 계획을 생성합니다.
체중 감량 목표: 목표를 설정하고 DietAI가 구조화된 식사 계획 및 칼로리 부족 전략으로 체중 감량 여정을 안내하게 하세요.

🤖 AI 사진 및 텍스트 식사 기록

간편한 기록: 사진을 찍거나 간단한 설명을 통해 식사를 기록할 수 있는 AI 기반 기능으로 식사 추적을 간소화하세요.
즉시 계산: 앱은 매크로 영양소, 칼로리 및 칼륨, 철분 및 마그네슘과 같은 필수 영양소를 즉시 계산합니다.
음식 스캐너: 음식 사진을 빠르게 스캔하여 영양 정보를 자동으로 가져오고 음식 일기에 항목을 추가하세요.

📊 종합적인 영양 및 매크로 추적

매크로 추적기: 탄수화물, 단백질, 지방 및 25가지 이상의 필수 영양소(비타민 및 미네랄 포함)의 섭취량을 모니터링하세요.
영양 인사이트: 고단백 음식, 저칼로리 간식 또는 고섬유소 음식을 추적하든, 여러분의 영양 목표를 유지하는 데 도움이 되는 심층적인 영양 분석을 제공합니다.
맞춤 목표: 식단 계획에 맞춰 매크로, 칼로리 및 영양소에 대한 개인 맞춤 목표를 설정하세요.

🏃 피트니스 및 활동 통합

운동 추적: 운동 및 일상 활동을 기록하여 그것이 칼로리와 영양소 필요에 미치는 영향을 확인하세요.
진행 모니터링: 인터랙티브 그래프를 통해 시간에 따른 체중 변화를 확인하세요.

🧬 심층 영양소 분석

균형 잡힌 식단 지원: 페스카타리안, 채식주의자, 육식주의자 또는 기타 모든 식단을 따르든, DietAI는 주요 비타민 및 미네랄의 균형 잡힌 섭취를 보장합니다.
필수 영양소: 비타민 D, 철분, 마그네슘 등을 추적하여 전반적인 건강을 지원하세요.

💡 개인 AI 영양사 및 전문가의 조언

맞춤형 조언: 개인 AI 영양사가 여러분의 목표에 맞춘 전문가 추천을 제공합니다.
체중 감량 프로그램: 구조화된 식사 계획, 칼로리 부족 전략 및 체중 감시 기법에 대한 정보를 받아 목표를 가속화하세요.
건강 팁: 복부 지방 감량, 대사 촉진 및 효과적인 지방 연소제 찾기에 대한 AI 영양사의 조언을 받으세요.

🍽️ 건강한 식사 및 간식 제안

식사 계획자: 저녁, 고단백 간식, 저칼로리 간식 등 식단 계획에 맞는 건강한 식사를 확인하세요.
식단 친화적인 음식: 건강을 지원하는 케톤식 친화적 음식, 항염증 음식 및 고섬유소 옵션을 찾아보세요.
레시피 아이디어: DIetitian AI와 함께 여러분의 식단 선호와 영양적 요구에 맞춘 다양한 레시피를 탐색하세요.",건강/운동,https://play.google.com/store/apps/details?id=dietaiplan.calorietracker.app&hl=ko&gl=kr,,,,,,
android,kr,com.doinglab.dietdiaryai,다이어트 카메라,"똑똑한 다이어트를 위해 카메라로 쉽고 간편하게 식사를 기록하고, 나의 식사패턴을 분석해주는 리포트를 확인해 보세요.



● 식사 관리의 시작과 끝, 다이어리

∙ 식사 전 1번의 촬영으로, 바쁠 때는 찍어둔 사진만 불러와 기록할 수 있어요.

∙ AI카메라는 한 번에 수십 개의 음식을 인식하는 멀티 인식이 가능해요.

∙ 음식 종류와 양은 개별적으로 모두 수정할 수 있어, 정확한 기록이 가능해요.

∙ 오늘 하루 내가 먹으면 적정한 1일 권장 칼로리 대비 섭취한 칼로리, 잔여 칼로리를 활용하면 목표 체중에 한 걸음 다가서게 될 거예요.



● 기간 별로 한눈에 파악하는 나의 식사&건강 데이터, 리포트

∙ [변화추이]에서 칼로리/물 섭취와 몸무게 기록에 대하여 1주, 1달, 3달, 6달, 1년 그래프와 최저점, 최고점 수치를 확인할 수 있어요.

∙ [영양균형]에서 최근 1주일 동안 남긴 기록을 3대 영양소(탄수화물, 단백질, 지방)를 중심으로 꼼꼼하게 섭취 상태 파악을 도와줘요.

∙ [식사기록]에서는 최근 1주일의 식사 기록을 끼니별로 섭취 칼로리에서 얼마나 차지하는지 볼 수 있어요.



● 세심하게 나만의 목표와 기준을 설정하는 특별한 공간, 마이

∙ 원하는 식사관리 목표를 설정하면 니즈에 맞게 3대 영양소 추천 비율을 바꿀 수 있어요.

∙ 칼로리&물 하루목표는 기본적으로 권장 수치를 제공하지만, 원하는 대로 목표가 수정돼요.

∙ 나만의 식사시간을 지정하면 음식 사진을 등록할 때 정한 시간대로 기록이 자동 분류돼요.


※ 접근 권한 안내

[선택 접근 권한]

-카메라: 내 기기의 카메라를 통하여 식사를 입력하기 위해 카메라 접근 권한이 필요합니다.

-저장공간: 내 기기에 저장되어있는 이미지를 이용하여 식사 입력하기 위해 저장소 접근 권한이 필요합니다.



- 개인 정보 처리 방침
: https://dietdiaryaiterms.s3.ap-northeast-2.amazonaws.com/2022/07/privacyPolicy.html

- 서비스 이용약관
: https://dietdiaryaiterms.s3.ap-northeast-2.amazonaws.com/2022/07/termOfService.html
----
개발자 연락처 :
(주)두잉랩 대한민국 대전광역시 서구
서구 둔산대로117번길 66 1202동 148호 (만년동)
35203 5528800440 2020-서울서초-2478 서초구",건강/운동,https://play.google.com/store/apps/details?id=com.doinglab.dietdiaryai&hl=ko&gl=kr,,,,,,
android,kr,com.selantoapps.weightdiary,"사진, 차트 및 BMI 계산기가 포함된 체중 감량 일기","<b>체중 일기</b>: 직관적이고 사용하기 쉬운 체중 추적기 앱이 체중 모니터링을 도와줍니다.

➜ 목표 체중까지 도달하기 위한 도움이 필요하세요❓
➜ 체중을 줄이려고 하시나요, 아니면 근육을 키우려 하시나요❓
➜ 체중 변화, BMI(신체 질량 지수), 체지방을 추적하고 싶으신가요❓

그렇다면 이 앱이 딱 알맞습니다. 👇

<b> 🔥 체중 관리 여정에서 당신을 지원하고 목표를 이룰 수 있도록 계속 동기를 부여하는 데 필요한 기능이 모두 들어 있는 간단한 체중 트래커 🔥 </b>

이 앱으로 가능한 것들:

📉 아름다운 차트에서 진행률을 지켜보며 <b>한눈에 신체를 유지하세요</b>.

📝 커스터마이즈가 가능해 관심 있는 정보만 표시할 수 있는 체중 일지로 <b>꾸준히 다이어트 성공을 확인하세요</b>.

🤳 기록된 체중에 사진을 첨부하세요.

👬 신체 변화의 <b>""전과 후"" 사진</b>을 생성하세요. 

🔎 최근 <b>BMI</b>, <b>체지방</b>률, <b>정상 체중</b>을 분석하세요. 

🎯 <b>체중 목표</b>를 설정하세요.

💯 나의 진행률과 관련해 <b>커스터마이즈된 피드백을 받으세요</b>.

🔔 체중에 <b>미리 알림</b>을 설정하세요.

💾  데이터를 SD카드에 <b>백업</b>하거나 이메일을 통해 새 스마트폰으로 이전하세요.

📊  <b>Excel 스프레드시트를 만들어</b> PC에서 진행률을 분석하거나 주치의 또는 영양사와 이메일로 공유하세요.

⚙ 선호하는 측정 단위를 선택하세요(kg, cm/ 파운드, 인치/ 스톤, 인치).

📲 친구들이나 소셜미디어 팔로워들과 바로 공유할 수 있는 진행률 월간, 주간, 일일 ""체중 트래커 카드""를 만드세요(#weighttracker)


______________________________________________ 


<h2>🔐 개인정보 보호 및 보안</h2>
데이터는 휴대전화에 로컬로 저장됩니다. 선택적으로 사설 클라우드 스토리지에 대한 백업을 예약하거나 백업 파일을 어디에서나 가져올 수 있습니다. 데이터는 항상 전적으로 귀하의 통제 하에 있습니다.

앱의 개인 디렉터리에 저장된 데이터는 다른 앱이나 프로세스에서 액세스할 수 없습니다. 백업은 보안(암호화) 채널을 통해 클라우드로 전송됩니다. 당사는 귀하의 데이터를 당사 서버로 보내지 않습니다. 귀하의 항목에 액세스할 수 없습니다. 제3자는 귀하의 데이터에 액세스할 수 없습니다.


<h2>💬 귀하의 의견이 중요합니다</h2>
<b>3.411.532명</b>이 <b>The Weight Diary 앱</b>으로 체중을 모니터링하기 시작하고 수천 개의 긍정적인 피드백을 받은 후 앱을 계속 개선할 수 있어 그 어느 때보다 행복합니다. 당신의 아이디어로 당신을 별 5개짜리 행복한 고객으로 만드십시오.
따라서 <b>필요한 사항이나 저희 앱에서 발견한 문제</b>에 대해 주저하지 말고 <b>contact@selantoapps.com</b>으로 알려주십시오.",건강/운동,https://play.google.com/store/apps/details?id=com.selantoapps.weightdiary&hl=ko&gl=kr,,,,,,
android,kr,com.fitnow.loseit,Lose It! - 칼로리 카운터,"Lose It!은 체중 목표을 달성하는 데 도움이 되는 칼로리 계산 앱입니다.  체중을 줄이고 싶으면 이 앱을 다운로드하고, 목표를 설정하고, 음식과 운동을 추적하기만 하세요.

2008년에 출범한 이후 당사는 The Wall Street Journal, The Today Show, Men’s Health, Women’s Health, CNET, Buzzfeed, CNN, Shape, Good Morning America 등에서 소개되었습니다.

• 회원들의 체중 감량 합계 8억 파운드(3억 6천만 kg) 이상 (지금도 증가 중)
• 당사의 국제 종합 음식 라이브러리 데이터베이스에 2700만개 이상의 검색 가능한 항목 수록 
• 4000만 명이 넘는 사용자가 Lose It!을 사용해 체중 감량을 시작함
• 25개 이상의 영양소 및 건강 목표
• 3일간만 추적하면 체중 감량의 결과 확인 가능

LOSE IT! 사용 방법
Lose It!은 입증된 칼로리 추적 원리를 사용해서 당신의 성공을 돕습니다.  시작하려면 프로필 정보와 목표 체중만 입력하세요. 저희가 최적의 일일 칼로리 예산을 계산해드립니다.  그런 다음, 음식, 체중 및 활동을 추적하기만 하면 체중 감량에 성공할 수 있습니다!  습관을 바꾸고 자신에게 필요한 영양을 이해하는 데 이보다 좋은 방법은 없습니다.  

Lose It! 주요 기능
• 바코드 스캐너 – 음식 바코드를 빠르게 스캔하거나 당사의 데이터베이스를 검색하여 섭취한 음식을 추적하세요.
• 영양소 추적 – 칼로리뿐만 아니라 영양소, 단백질, 수분, 탄수화물, 당분, 신체 측정값, 수면 주기 등 다양한 항목을 추적할 수 있습니다. 
• 피트니스 앱 동기화 – Fitbit 트래커, Misfit 트래커, Fitbit 체중계, Garmin 트래커, Withings 체중계, Google Fit, Healthkit 등 다양한 트래커, 앱 및 장치와 연결하세요.
• 세계 최대 음식 라이브러리 데이터베이스 – 당사의 국제 라이브러리에 2700만 개 이상의 검색 가능한 음식 수록.
• 식사 계획 및 목표 – 식사 목표를 수립하면 목표를 바탕으로 식사당 권장 칼로리를 계산하는 데 도움이 되고, 식사 계획을 통해 식사 이름과 간식을 사용자 지정하여 더 정확한 기록을 할 수 있습니다.
• 패턴 – 맞춤형 분석과 패턴을 통해 자신의 습관을 이해하고 진행에 도움이 되거나 방해가 되는 요소를 파악하세요.
• 레시피 – 직접 만든 아침, 점심 및 저녁 식사로 체중 감량 과정을 사용자 지정하세요.
• 운동 가이드 - 성공의 길로 안내하는 운동 라이브러리.

오늘 Lose It!을 다운로드해서 저희 회원들과 함께 전 세계가 건강한 체중을 달성할 수 있도록 노력하는 당사의 미션에 참여하세요.

Lose It! 구독 요금 및 약관
Lose It! 기본 버전은 무료이며, 프리미엄 버전으로 업그레이드하여 우수한 추가 기능을 이용할 수 있습니다.  프리미엄 회원은 무료 회원보다 3배 더 체중을 감량하고 있습니다.

약관 전문: 
http://loseit.com/terms/",건강/운동,https://play.google.com/store/apps/details?id=com.fitnow.loseit&hl=ko&gl=kr,,,,,,
android,kr,io.foodvisor.foodvisor,Foodvisor - 칼로리 계산기,"*** 플레이스토어 우수작 ***

AI 기반 영양 앱 1위 Foodvisor로 삶을 바꾼 1,500만 명 이상의 사용자와 함께하세요.

사용자들은 3개월 만에 평균 7.18kg을 감량합니다. 이번엔 당신의 차례입니다!*

Foodvisor는 매 끼니를 성공으로, 모든 성공을 습관으로 바꿔주는 앱입니다. 건강한 식습관의 진짜 비밀은 참는 것이 아닙니다. 자신의 식사를 이해하고 건강하고 지속 가능한 습관을 만드는 것입니다.

식사를 5초 만에 기록하세요

식단 관리가 번거로울 필요가 없습니다. Foodvisor는 당신의 속도에 맞춰 적응합니다:
📸 식사 사진 촬영: AI가 모든 것을 즉시 인식
🎙️ 앱에 직접 말하기: Foodvisor가 이해하고 기록
⌨️ 몇 단어 입력: 스마트 검색으로 수천 가지 식품 중 찾기
📦 바코드 스캔: 모든 일상 제품에 활용
⭐️ 식품, 레시피, 식사를 즐겨찾기로 저장해 한눈에 찾기

기록이 이렇게 간단하고 빠른 적은 없었습니다.

진짜 중요한 것을 추적하세요
🥑 칼로리, 다량영양소, 비타민, 미네랄을 한눈에
📉 주별 체중 변화 추이
💦 수분 섭취, 신체 활동
🔬 실제 습관을 이해하는 상세 리포트
❤️ Google Fit 연동으로 모든 건강 지표 한곳에

당신에게 맞는 프로그램

Foodvisor는 아무것도 강요하지 않습니다. 당신이 좋아하는 것, 당신에게 맞는 것을 학습하고, 영양 전문가가 설계한 맞춤 프로그램을 구성해 결과가 지속되도록 합니다. 제한적인 식이요법 없이, 요요 현상 없이, 당신만의 속도로 실질적인 발전만 있습니다.

즐기면서 목표를 달성하세요

지금까지 부족했던 것은 무엇인가요? 매일 돌아오는 이유입니다. Foodvisor에서는 매번의 좋은 식사, 한 잔의 물, 지속된 습관이 당신의 씨앗을 자라게 합니다. 씨앗이 피어나는 것을 지켜보고, 꾸며주고, 당신만의 정원을 만들어보세요. 자신을 돌볼 때 자라며, 의욕이 없는 날에는 왜 시작했는지를 상기시켜 줍니다.

이 여정에서 당신은 혼자가 아닙니다

목표를 달성하는 사람들의 공통점은 단 하나: 혼자 하지 않는다는 것입니다. 매일 자신의 진척 상황, 레시피, 응원을 나누는 수천 명의 사용자 커뮤니티에 참여하세요. 적절한 순간의 한마디 지지가 모든 것을 바꿀 수 있기 때문입니다.

Foodvisor PREMIUM으로 업그레이드하세요
● 식사 완전 분석: 비타민, 미네랄, 미량영양소
● 개인 맞춤 영양 프로그램
● 무제한 운동 세션
● 필요와 습관에 맞는 조언
● 영감이 끊이지 않도록 수백 가지 건강하고 개인화된 레시피
● 식사마다, 날마다 씨앗을 키워보세요
● 광고 없음

Foodvisor를 다운로드하세요. 씨앗을 심고 키워나가세요.
그리고 한 번에 한 끼씩, 당신이 할 수 있다는 것을 스스로에게 증명하세요. 우리는 당신을 믿습니다!

*3개월 평균 7.18kg 감량. 2026년 1월 4,419명의 사용자를 대상으로 실시한 내부 연구 (평균 BMI: 34.72).

이용약관: www.foodvisor.io/terms
개인정보 처리방침: https://foodvisor.io/privacy",건강/운동,https://play.google.com/store/apps/details?id=io.foodvisor.foodvisor&hl=ko&gl=kr,,,,,,
android,kr,zette.io,제때 - 친구와 함께하는 다이어트,"🔥 제때: 함께 나누는 즐거운 다이어트 여정! 🏃‍♀️✨

📝 초간단 식단 기록
·  복잡한 기록은 NO! 딱 필요한 만큼한 쉽고 간단하게 기록해요
·  학생이라면, 학교 급식이 자동으로 기록돼요!

🤝 친구들과 함께하는 다이어트
· 식단 고민이 있다면, 친구에게 물어봐요!
· ""혼내줘!"", ""조언해줘!"", ""칭찬해줘!"", ""축하해줘!"" 버튼으로 쉽게 도움을 받아요
· 서로 응원하고 조언하는 따뜻한 커뮤니티예요

👭 나와 비슷한 친구들과 만나요
·  또래 친구들과 식단을 공유해요
·  비슷한 고민을 가진 친구들과 소통해요

식단 기록부터 친구들과의 소통까지, 제때에서 모든 게 가능해요!
함께하면 더 즐거운 다이어트, 지금 바로 시작해볼까요? 🌟

#쉬운식단기록 #친구와함께 #즐거운다이어트 #제때
----
개발자 연락처 :
주식회사 테바로그 중구 남대문로 117
중구, 서울특별시 04522
South Korea 4938601980 2021-서울서대문-1002 서울특별시 서대문구청",건강/운동,https://play.google.com/store/apps/details?id=zette.io&hl=ko&gl=kr,,,,,,
android,kr,kr.co.hoo.gandan,간단 - 간헐적 단식 어플 다이어트 식단 몸무게 기록,"""간헐적 단식, 성공하고 싶으신가요?""
""수많은 다이어터가 선택한 간헐적 단식 어플, 간단과 함께라면 가능합니다!"" (국내 개발자)
국내 1위 간헐적 단식 어플 간단과 함께 건강한 다이어트 해볼까요?

단순히 굶는 단식은 이제 그만! '간단'은 과학적이고 체계적인 방법으로 당신의 간헐적 단식 성공을 돕는 최고의 파트너입니다.
수많은 사용자가 극찬한 단식 어플, '간단'으로 스마트한 건강 관리를 시작해보세요.

왜 '간단'이어야 할까요?

* [NEW] 간단 AI

더 이상 고민하지 마세요! 나의 생활 패턴에 꼭 맞는 간헐적 단식 스케줄을 AI가 자동으로 추천해 드립니다.

음식 사진만 찍으면 AI가 칼로리를 착! 똑똑하게 식단을 기록하고 관리하세요.

* 가장 쉬운 간헐적 단식 타이머

16:8(시간별 단식), 5:2(요일별 단식) 등 원하는 모든 간헐적 단식 방법을 지원합니다.

시작과 종료 시간에 맞춰 울리는 스마트 알림으로 단식 시간을 놓칠 걱정이 없습니다. (※ 휴대폰 알림 설정을 꼭 확인해주세요!)

💡 무제한 맞춤 단식 설정
간단은 단식 시간, 스케줄 선택이 모두 무료입니다. 단식 일정을 광고 없이 무료로 설정해보세요

💡 올인원(All-in-One) 건강 기록
단식 어플 하나로 충분합니다! 매일의 단식 시간, 몸무게 변화, 식단, 운동 기록, 물 섭취량까지 한눈에 관리하고 변화를 추적하세요.

💡 단식 진행 상황 분석 및 통계 제공
단식 시간, 식단, 운동 칼로리를 자세한 통계를 제공합니다. 매주, 매월 진행된 단식에 대한 자세한 분석 통계를 제공합니다.

💡 편리한 위젯
 화면에서 위젯을 통해 단식 현황을 즉시 확인하여 편리하게 제어할 수 있습니다.

💡 직관적인 상단 고정 알림
상단 고정 알림을 제공해 현재 단식 진행 상태를 한눈에 확인 가능합니다.

💡 스마트 자동 알림
단식 시작 및 종료 시간에 대한 알림을 제공하고, 단식 진행 상황을 확인할 수 있는 알림을 보내드립니다. 진행 상황을 놓치지 않기 위해 알림을 허용해주세요

💡 상세한 단식 단계 정보

시간별로 단식으로 인한 몸의 변화에 대한 유용한 정보와 팁을 얻으세요. 몸에 변화를 이해하고 단식을 진행하는 것이 무엇보다 중요합니다.

💡 안전한 백업 및 복원
간편한 백업 및 복원 기능으로 소중한 데이터를 보호 할 수 있습니다.

💡 눈바디와 식단 기록
사진으로 식단과 눈바디를 기록하며 당신의 놀라운 변화를 직접 확인하세요. 꾸준한 다이어트의 가장 강력한 동기부여가 될 것입니다.

💡 스위치온 다이어트 파트너
'스위치온 다이어트'를 진행하고 계신가요? '간단' 간헐적 단식 어플을 통해 더욱 효과적으로 관리할 수 있습니다.

단식 어플 ""간단""과 함께하는    간헐적 단식의 효과

▸ 효과적인 체중 감량
과학적으로 검증된 단식 방법으로 체지방을 연소하고 과한 지방 축적을 방지합니다

▸ 신진대사 및 성장 호르몬 촉진(오토파지)
신진대사를 향상시키고 성장 호르몬 생성을 지원하여 전반적인 건강을 개선합니다

▸ 혈당 조절 개선
인슐린 감수성을 높이고 혈당 수치를 자연스럽게 관리합니다

▸ 해독 및 세포 재생 촉진
신체의 자연적인 해독 과정과 세포 복구 메커니즘을 지원합니다

▸ 염증 감소 및 질병 예방
염증 수치를 낮추고 심장병 및 당뇨병과 같은 만성 질환의 위험을 줄여줍니다

▸ 정신적 명료성 및 에너지 향상
더 활동적으로 느끼고 향상된 뇌 기능과 기분을 경험하세요.

과학적으로 입증된 간헐적 단식은 체중 감량, 대사 건강 및 장수에 대한 효과를 입증하는 수많은 연구에 의해 뒷받침되는 오랜 기간 검증된 방법입니다.

성공적인 다이어트의 비밀, 바로 '꾸준함'입니다.
최고의 간헐적 단식 어플, '간단'이 당신의 건강한 습관을 만들어 드립니다.

이런 분께 최고의 간헐적 단식 어플입니다!

* 간헐적 단식을 처음 시작해 막막하신 분
* 더 오래 금식을 하고 싶으신 분
* 체계적인 단식 어플로 꾸준히 동기부여를 얻고 싶으신 분
* 체중 감량과 건강한 라이프스타일을 동시에 잡고 싶으신 분
* 다이어트 식단 관리와 칼로리 계산이 어려웠던 분

성공적인 다이어트의 비밀, 바로 '꾸준함'입니다.
최고의 간헐적 단식 어플, '간단'이 당신의 건강한 습관을 만들어 드립니다.
금식과 단식을 더욱 쉽게 합니다.

지금 바로 '간단'을 다운로드하고 건강한 변화를 시작하세요!
----
개발자 연락처 :
김윤후 가정로 406, 104동 3101호
(가정동, 루원지웰시티푸르지오)
서구, 인천광역시 22765
South Korea 7487600198 제2024-인천서구-0379호 인천서구",건강/운동,https://play.google.com/store/apps/details?id=kr.co.hoo.gandan&hl=ko&gl=kr,,,,,,
android,kr,com.henzerboss.CalorieCounterAI,AI 칼로리 계산기·식단 기록·다이어트,"AI 칼로리 계산기·식단 기록·다이어트는 번거로운 수동 입력 없이 식사를 기록하고 영양과 체중 감량 진행 상황을 관리할 수 있도록 도와줍니다. 무료 칼로리 계산기와 AI 음식 스캐너로 음식을 촬영하거나 바코드를 스캔하고, 필요하면 직접 입력하세요. 예상 칼로리, 단백질, 탄수화물, 지방, 탄단지와 음식 중량을 확인한 뒤 식단 일기에 저장할 수 있습니다.

모든 사용자는 매일 5회의 무료 AI 식사 분석을 이용할 수 있습니다. 한 달에 약 150회 사진으로 간편하게 식단을 분석하고, 섭취 칼로리, 매크로, 수분, 소모 칼로리와 체중 변화를 한곳에서 관리하세요.

AI 음식 스캐너와 사진 칼로리 계산

아침, 점심, 저녁 또는 간식 사진을 찍어 보세요. AI 음식 스캐너가 사진 속 음식을 인식하고 칼로리, 영양소, 매크로와 음식 양을 추정합니다. AI 칼로리 스캐너의 결과를 확인하고 수정한 뒤 식사 기록에 추가할 수 있습니다. 갤러리에 저장된 음식 사진도 분석할 수 있습니다.

바코드 스캐너와 간편한 식단 기록

포장 식품의 바코드를 스캔해 영양 정보를 빠르게 불러오세요. 음식을 직접 추가하거나 즐겨찾기와 이전 식사를 다시 사용할 수도 있습니다. 매번 제품을 검색하지 않고 간편하게 음식 일기와 식단 기록을 작성할 수 있습니다.

칼로리 추적기, 매크로 추적기와 단백질 관리

하루 섭취 칼로리, 남은 칼로리와 식사 기록을 확인하세요. 매크로 추적기는 단백질, 탄수화물과 지방을 보여 주며, 탄단지 균형과 단백질 섭취량 관리에 도움을 줍니다. 일간, 주간, 월간, 연간 영양 통계와 진행 그래프도 확인할 수 있습니다.

개인 맞춤 칼로리 계산과 목표

나이, 체중, 키, 성별, 활동 수준과 목표를 바탕으로 하루 권장 칼로리를 계산합니다. 칼로리 계산기와 칼로리 적자 관리를 활용해 체중 감량, 체중 유지 또는 근육 증가 목표를 계획하세요.

체중 관리와 변화 그래프

체중을 기록하고 시간에 따른 변화를 확인하세요. 체중 기록, 장기 추세와 목표 진행 상황을 칼로리 및 영양 데이터와 함께 살펴볼 수 있습니다.

물 섭취 추적과 수분 알림

마신 물을 기록하고 하루 물 섭취량을 확인하세요. 수분 섭취 알림을 설정해 식단 일기와 물 섭취 기록을 하나의 영양 관리 앱에서 관리할 수 있습니다.

Health Connect로 소모 칼로리 동기화

선택적으로 Health Connect 연동을 활성화하면 호환되는 피트니스 앱과 기기에서 소모 칼로리를 가져올 수 있습니다. 섭취 칼로리와 소모 칼로리를 비교해 하루 칼로리 균형을 확인하세요. 권한은 직접 관리할 수 있으며 언제든지 동기화를 중지할 수 있습니다.

식단 일기와 영양 관리 기능

• 아침, 점심, 저녁과 간식 기록
• 사진, 바코드, 갤러리, 즐겨찾기 또는 직접 입력으로 음식 추가
• 칼로리, 탄단지, 단백질, 탄수화물과 지방 관리
• 영양 및 진행 상황 그래프 확인
• 음식 건강 점수를 0~10으로 확인
• 식사 알림, 수분 섭취 알림과 주간 진행 보고서
• 저장된 음식 사진을 포함한 기록 내보내기 및 가져오기
• 라이트 모드와 다크 모드
• 미터법과 야드파운드법 지원
• 70개 이상의 언어 지원

체중 감량, 유지와 근육 증가를 위한 식단 관리

다이어트와 체중 감량을 위해 칼로리 카운터, 식단 관리 앱과 음식 추적기로 활용하고, 근육 증가를 위해 단백질과 매크로를 추적하세요. 식사를 더 빠르게 기록하고 칼로리, 탄단지, 물 섭취량, 소모 칼로리와 체중 변화를 한곳에서 관리할 수 있습니다.

AI 음식 인식과 영양 정보는 추정치입니다. 필요한 경우 결과를 확인하고 수정하세요. 이 앱은 일반적인 식단 및 영양 관리를 위한 도구이며 의료 조언을 대신하지 않습니다.",건강/운동,https://play.google.com/store/apps/details?id=com.henzerboss.CalorieCounterAI&hl=ko&gl=kr,,,,,,
android,kr,com.buddiya.fitbuddy,핏버디 - 다이어트/자기관리 함께하는 갓생 플랫폼!,"<b>운동, 자기관리, 친구와 성장! 핏버디에서 시작하세요.</b>
핏버디는 운동과 자기관리를 통해 비슷한 목표를 가진 친구를 만나고,
함께 성장할 수 있는 특별한 갓생 커뮤니티입니다.

<b>[주요 기능]</b>

1. <b>운동과 자기관리로 만드는 친구와의 성장</b>
운동, 식단, 멘탈 관리 등 나의 성과를 기록하고,
목표를 공유하며 함께 성장할 친구들을 만날 수 있습니다.

2. <b>자연스러운 만남과 연결</b>
운동과 자기관리를 매개로 자연스럽게 친구를 만나고,
서로의 목표를 응원하며 갓생 여정을 이어가세요.

3. <b>팀 챌린지와 개인 랭킹 시스템</b>
팀으로 함께 도전하거나 개인 랭킹을 통해 목표를 달성하며
동기부여를 얻고 성장할 수 있습니다.

4. <b>실시간 피드와 친구들과의 소통</b>
운동 인증, 자기관리 팁 등 다양한 피드를 통해
친구들과 소통하고 새로운 인연을 만들어가세요.

5. <b>신뢰할 수 있는 커뮤니티</b>
본인 인증과 기록 기반 신뢰 시스템으로
진정성 있는 관계를 만들 수 있습니다.

6. <b>갓생러를 위한 특별한 혜택</b>
운동과 자기관리를 인증하며 특별한 보상과 혜택을 누려보세요.
갓생러에게만 주어지는 리워드를 놓치지 마세요!

함께 운동 및 자기관리 하고, 친구도 만들며
핏버디와 함께 더 나은 나를 만들어가세요!


고객지원 : fitbuddy.global@gmail.com
제휴문의 : jyoun@buddiya.com
----
개발자 연락처 :
(주)버디야 대한민국 대구광역시 수성구
수성구 범어천로 54, 3층 3C-41호 (범어동)
42140 6308802471 제 2025-대구수성구-0378호 본인 직접 신고",건강/운동,https://play.google.com/store/apps/details?id=com.buddiya.fitbuddy&hl=ko&gl=kr,,,,,,
android,kr,com.nomioai.calonote,"CaloNote: 상위 1%, 식단 & 운동 관리 끝!","""왜 나는 적게 먹는데 살이 안 빠질까?""
그 정답, CaloNote의 AI는 이미 알고 있습니다.

열심히 적기만 하는 식단 일기는 이제 그만하세요. 기록이 목적이 되어서는 안 됩니다. 
칼로리노트는 당신이 무심코 먹은 '한 입'까지 데이터로 추적하여, 다이어트 실패의 진짜 원인을 날카롭게 분석해 드립니다.

모든 식사를 기록하세요. 모든 운동을 추적하세요. AI가 함께합니다.

음식 사진 한 장으로 칼로리, 단백질, 탄수화물, 지방을 몇 초 안에 분석. 한 번의 탭으로 운동 시작 — 칼로리 소모, 세트, PR이 자동 추적됩니다. 칼로리노트는 식사와 운동을 하나로 연결하는 올인원 AI 칼로리·운동 트래커입니다.

사진 한 장으로 식사 기록. 한 번의 탭으로 운동 시작. AI가 나머지를 처리합니다.

■ AI 식단 트래킹

1. 즉시 사진 인식
접시 사진을 찍으세요. AI 비전이 모든 음식 항목을 식별하고 재료별로 분해해 칼로리, 탄수화물, 단백질, 지방을 몇 초 안에 계산합니다. 한 사진에 여러 음식? 각 항목이 자체 영양 프로필과 함께 별도로 기록됩니다.

2. 수동 입력 불필요
음식 데이터베이스 검색 그만. 1회 제공량 추측 그만. AI가 시각 단서로 분량을 추정합니다 — 250ml 캔, 1인분 그릇, 개별 포장 스낵까지. 더 빠르고 정확하게, 부담 없이.

3. 스마트 편집 & 재분석
재료를 탭해 무게, 칼로리를 수정하거나 통째로 교체하세요. 한 번의 탭으로 이름 기반 재분석 — 사진이 놓친 부분에 완벽합니다.

4. 개인화된 영양 피드백
모든 식사에 데이터 기반 한 줄 AI 노트가 함께 제공됩니다. 단백질 부족, 단순당 과다, 식이섬유 부족 같은 불균형을 일찍 발견하고 스프레드시트 없이 조정하세요.

■ 피트니스 & 운동 트래킹

5. 맞춤 루틴 만들기
300+ 운동 라이브러리에서 루틴을 만드세요 — 가슴, 등, 어깨, 팔, 하체, 코어, 유산소, 스트레칭. 장비별 필터링: 바벨, 덤벨, 머신, 케틀벨, 케이블, 밴드, 맨몸, 유산소 기구.

6. 멀티 위크 프로그램
근육 증가, 체지방 감량, 지구력, 바디 리컴프 목표의 1, 4, 6, 8주 구조화된 프로그램을 따라가세요. 훈련 요일 선택, 주차별 커스터마이징, 정말 필요한 휴식일 챙기기.

7. 실시간 세션 트래킹
무게, 횟수, 시간, 휴식 실시간 세트 기록. 새 기록마다 PR 감지 알림. 자동 휴식 타이머 (세트별 설정 가능). 칼로리 소모는 체중과 운동 강도(MET 기반)로 계산 — 일반 추정보다 훨씬 정확합니다.

8. 홈 탭의 프로그램
앱을 열자마자 활성 프로그램의 오늘 운동이 표시됩니다. 휴식일 건너뛰기, 루틴 교체, 언제든 자유 운동.

■ 활동 & 신체 지표

9. Apple Health & Health Connect 걸음수
폰이나 웨어러블의 일별 걸음수. 7일 링과 월간 트렌드. 걸음 칼로리가 소모량에 반영됩니다.

10. 체중 추적과 트렌드
몇 초 만에 체중 기록. 평균, 변화율, 연속 기록이 포함된 주간/월간 차트. 목표 vs 현재. kg/lb, cm/in 지원.

11. 수분 섭취 추적
일일 수분 목표 설정. 200ml, 350ml, 500ml 또는 사용자 지정 탭으로 추가. 깔끔한 링이 한눈에 진행률을 보여주며 주간/월간 트렌드도 제공.

■ 의미 있는 인사이트

12. 통합 칼로리 밸런스
식단 입력. 운동과 걸음 소모. 일간, 주간, 월간 보기로 전체 그림을 확인하세요 — 단편 숫자가 아닙니다. 체중계 변화의 이유를 이해하세요.

13. 캘린더 히스토리
모든 식사 사진, 운동, 체중 기록 — 직관적인 캘린더에서. 어느 날이든 탭해 다시 살펴보세요.

14. AI 주간 인사이트
개인화 요약: 가장 강도 높게 훈련하는 시간, 영양 공백, 일관성의 모습. 행동 가능한, 절대 일반론적이지 않은.

■ 당신을 위한 디자인

15. 33개 언어 — 기계 번역이 아닌 네이티브 현지화.

16. 프라이버시 우선 — 암호화 저장. 판매하지 않으며, 제3자 공유 없음. 절대.

17. 미니멀하고 부담 없음 — 군더더기 없이. 거슬리는 업셀 없이. 필요한 도구만.

■ 왜 칼로리노트인가?

복잡함 없이 결과를 원하는 사람들을 위해 만들어졌습니다. 최첨단 AI와 사려 깊은 디자인의 만남 — 폰에서 가장 부드러운 식단·피트니스 트래커.

음식을 추적하지 마세요 — 이해하세요.
운동을 세지 마세요 — 개선하세요.

사진 한 장. 탭 하나. 그것이 차이를 만듭니다.
지금 칼로리노트를 다운로드하세요.

---
이용약관: https://www.nomioai.com/calonote/en/terms-of-use
개인정보처리방침: https://www.nomioai.com/calonote/en/privacy-policy
----
개발자 연락처 :
노윤호 송내동 경인로3번길 24
성호아파트, 102동 706호
소사구, 부천시, 경기도 14731
South Korea 465-01-03889 2025-경기김포-8824 김포시",건강/운동,https://play.google.com/store/apps/details?id=com.nomioai.calonote&hl=ko&gl=kr,,,,,,
android,kr,com.despdev.weight_loss_calculator,체중기록관리,"체중관리와 신체 측정 앱을 통해 건강한 체중 목표를 달성하세요. 이 도구는 이상적인 체중을 달성하려는 사람들을 위해 설계되었으며, 체중과 BMI를 모니터링하고 신체 측정을 추적하며 건강 상태를 이해할 수 있게 해줍니다.

주요 기능:

- 체중기록: 이 앱은 개인 체중 기록장으로 작동합니다. 매일 체중, 체지방 비율, bmi를 체중 일기에 기록하세요.
- 신체 측정 추적: 허리, 엉덩이, 팔, 다리와 같은 신체 측정을 추적하여 진행 상황의 전체적인 그림을 얻을 수 있습니다.
- 체중 증감 추적: 이 기능은 체중 증가와 감소 모두를 모니터링하여 다양한 목표를 달성할 수 있게 해줍니다.
- 통합 계산기: WeightLog는 사용하기 쉬운 체중 계산기와 BMI 및 체지방 비율 계산기를 포함하여 몸 상태에 대한 정보를 제공합니다.
- 체중 분석: 대화식 차트를 통해 체중 진행 상황을 모니터링하세요. 시각적 표현을 통해 체중 감량 경험을 이해할 수 있습니다.
- 진행 상황 시각화: 정기적으로 사진을 찍고 체중 변화를 기록하는 일기를 유지하세요.
- 노트 작성: 체중을 기록할 때 노트를 작성하여 체중 일기에 컨텍스트를 추가하세요.
- 이상적인 체중 발견: WeightLog는 이상적인 체중 범위를 계산하고 표시하여 더욱 정보에 기반한 목표를 설정할 수 있게 해줍니다.

몸무게와 신체 측정을 추적하기 위한 궁극의 동반자에 오신 것을 환영합니다.",건강/운동,https://play.google.com/store/apps/details?id=com.despdev.weight_loss_calculator&hl=ko&gl=kr,,,,,,
android,kr,com.kurly.balance,루션 - 다이어트&식단/체중/운동기록,"루션(Roution)은 컬리가 선보이는 식단 관리 앱으로, 건강한 식습관 형성을 돕습니다. 단순히 식단을 기록하는 것을 넘어, 개인 맞춤형 식단을 추천하고 컬리 앱과 직접 연결하여 편리한 장보기 경험까지 제공합니다.

[주요 기능]
1. 간편한 식단 기록 및 관리
·  매일 먹은 식단을 사진과 함께 손쉽게 기록할 수 있습니다.
·  직관적으로 식사 내용을 한눈에 파악하고, 영양 정보를 확인할 수 있습니다.

2. 만보기 및 운동기록
·  매일의 걸음 수를 자동으로 기록하여 활동량을 확인할 수 있습니다.
·  걸음 수에 따른 칼로리 소모와 활동 지표를 통해 건강 관리에 도움을 줍니다.

3. 개인 맞춤형 식단 추천
·  사용자의 정보와 목표를 분석하여 개인에게 가장 적합한 식단을 추천합니다.
·  다이어트 목적에 맞는 식단을 제안하여 건강한 식습관을 꾸준히 유지하도록 돕습니다.

4. 컬리와의 연동
·  루션 앱에서 추천받은 식단에 필요한 식재료를 컬리 앱에서 바로 구매할 수 있습니다.
·  번거로운 검색 없이 클릭 한 번으로 편리하게 주문할 수 있는 것이 루션만의 가장 큰 강점입니다.

5. 리워드 혜택
·  매일 식단을 기록하거나, 상품 확인, 목표 걸음 달성 등 앱 내 활동을 통해 포인트를 적립할 수 있습니다.
·  적립된 포인트는 컬리쿠폰으로 교환 사용할 수 있어 건강과 혜택을 동시에 챙길 수 있습니다.

루션과 함께 건강한 식습관을 만들고, 컬리의 신선한 식재료로 맛있는 식단을 손쉽게 즐겨보세요.


※반드시 확인해 주세요!
 ·  루션은 질환의 치료 목적의 서비스가 아닌 보조적 건강관리 서비스를 제공합니다.
 ·  루션은 건강한 사람을 기준으로 설정되어 있으므로 질환을 보유하신 경우 의사와 상담 후 서비스를 이용하도록 권장드립니다.


※ 접근권한 안내
[선택 접근 권한]
 ·  알림 설정: 매일 식단 관리를 잊지 않도록 알림을 보내드려요.
 ·  카메라/사진: AI가 음식 사진을 분석해 영양소 정보를 알려드려요.
 ·  건강 데이터(헬스 커넥트): 걸음 수와 활동량 데이터를 연동하여 만보기 기능에 활용합니다.

※ 문의사항은 아래로 연락해주세요.
  ·  이메일 contact@roution.ai",건강/운동,https://play.google.com/store/apps/details?id=com.kurly.balance&hl=ko&gl=kr,,,,,,
android,kr,com.amanefactory.totsukitoka,"280days : 부부가 공유하는 ""임신 기록/일기""","<b>
    <font color=""#00cccc"">＼</font>
    <font color=""#ffcc00"">
        <font color=""#ffcc00"">★</font>
    </font>
    <font color=""#00cccc"">기쁘고 행복한 임신 기간을 위해</font>
    <font color=""#ffcc00"">
        <font color=""#ffcc00"">★</font>
    </font>
    <font color=""#00cccc"">／</font>
</b>
부부가 함께 공유하는 ＊무료＊ ""임신 기록&임신 일기"" 앱.
임신 중인 엄마와 아빠, 그리고 뱃속의 아기를 하나로 이어줍니다<font color=""#ffcccc"">♥</font>
컨디션 관리와 검진 관리도 이 앱 하나면 OK<font color=""#ffcc00"">★</font>
임신 주수에 따라 성장하는 아기의 일러스트, 임신 수주별 어드바이스, 메시지 카드 기능 등 기쁘고 행복한 임신 기간을 위한 서비스가 한가득!!


＝＝＝＝＝＝＝＝＝＝＝＝＝＝＝＝＝＝＝＝＝＝
280days 지원사무국에서 드리는 부탁 말씀　　
ーーーーーーーーーーーーーーーーーーーーーー
Google play 리뷰에 개별적인 문제점을 올리더라도 그것만으로는 자세한 상황이 파악되지 않아 문제를 해결할 수 없습니다.

문제가 생겼을 때는 
앱에 있는 문의를 이용하거나
totsukitoka.support@amanefactory.com
으로 연락하시기 바랍니다.

모든 문제의 해결을 위해 최선을 다하고 있습니다.
협조해 주시면 감사하겠습니다.


<font color=""#ffcc00"">＊＊＊＊＊＊＊＊＊＊＊＊＊＊＊＊＊＊＊＊＊＊＊</font>
<b>
    <font color=""#00cccc"">뱃속의 아기를 귀여운 일러스트로 재현!</font>
</b>


뱃속의 아기를 매일 체크!!
임신 주수에 따라 성장하는 아기의 일러스트는 앱을 열 때마다 귀여운 몸짓을 다양하게 보여줍니다. 아기를 탭하면 말을 합니다. 이 대사는 매일 바뀌면서 아기의 모습이나 응원 메시지를 전해줍니다.


<font color=""#ffcc00"">＊＊＊＊＊＊＊＊＊＊＊＊＊＊＊＊＊＊＊＊＊＊＊</font>
<b>
    <font color=""#00cccc"">컨디션도 추억도 확실히 관리!</font>
</b>


매일의 컨디션 관리와 검진 관리는 이 앱 하나면 OK!
앱에 컨디션이나 검진 결과를 기록하면서 초음파 사진이나 체중 기록 등을 정리하여 관리할 수 있습니다. 그리고 만삭 사진이나 임신 기간 중의 추억을 부부가 함께 사진 일기로 기록할 수 있습니다.


<font color=""#ffcc00"">＊＊＊＊＊＊＊＊＊＊＊＊＊＊＊＊＊＊＊＊＊＊＊</font>
<b>
    <font color=""#00cccc"">초보 아빠와 엄마도 안심!</font>
</b>


280days의 임신 주수별 어드바이스는 모두 일러스트로 표현되어 있습니다! 임신 주수에 따른 아기의 성장이나 엄마의 컨디션 변화에 대한 설명, 임신 기간을 보내는 방법 등에 대한 조언을 재미있게 읽을 수 있습니다.
엄마의 컨디션 기록이나 아기의 모습은 아빠가 함께 공유할 수 있습니다. 아빠를 위한 임신 주수별 어드바이스도 실려 있어 아빠가 임신에 대해 더 잘 이해하도록 도와주며 부부의 활발한 커뮤니케이션에도 유용하게 쓰입니다.


<font color=""#ffcc00"">＊＊＊＊＊＊＊＊＊＊＊＊＊＊＊＊＊＊＊＊＊＊＊</font>
<b>
    <font color=""#00cccc"">임신 기간에 필요한 모든 기능이 이 앱 하나에!</font>
</b>


임신 카운트다운이나 체중 관리 그래프 등 임신을 지원하는 기능이 충실!
아기 일러스트를 기념 촬영하여 SNS로 공유하거나 아기의 성장을 축하하는 메시지 카드를 주고받으면서 기쁘고 행복한 임신 기간을 보낼 수 있습니다.


<font color=""#ffcc00"">＊＊＊＊＊＊＊＊＊＊＊＊＊＊＊＊＊＊＊＊＊＊＊</font>
<b>
    <font color=""#00cccc"">임신 기록을 한 권의 책으로!</font>
</b>


280days에 저장한 모든 임신 기록을 BOOK 전용의 보기 편한 레이아웃으로 출력할 수 있습니다.
앱에 저장한 초음파 사진, 만삭 사진, 일기, 서로 주고받은 카드 등 더없이 소중한 임신 기간의 추억을 한 권의 책으로 남길 수 있습니다.



<font color=""#00cccc"">————————————————————</font>
<b>
    <font color=""#00cccc"">부부가 함께 공유!</font>
</b>
<b>
    <font color=""#00cccc"">임신 기록&임신 일기 앱 ""280days""</font>
</b>
<font color=""#00cccc"">————————————————————</font>

<b>
    <font color=""#00cccc"">◇아기 일러스트</font>
</b>
・엄마의 임신 주수에 따라 성장
・탭하면 매일 다른 대사를 표시
・부부가 함께 아기의 이름을 명명
・기념 촬영하여 SNS로 공유
・디자인 선택이 가능
・쌍둥이 표시도 가능


<b>
    <font color=""#00cccc"">◇임신 카운트다운</font>
</b>
・출산까지 남은 일수와 임신 주수 및 일수를 표시


<b>
    <font color=""#00cccc"">◇임신부 컨디션 기록</font>
</b>
・컨디션과 기분을 매일 기입
・간단한 스탬프식 입력
・기록 데이터를 부부가 공유


<b>
    <font color=""#00cccc"">◇체중 관리 및 그래프 표시</font>
</b>
・엄마의 체중 변화를 기록
・체중 변화를 그래프로 표시


<b>
    <font color=""#00cccc"">◇검진 관리</font>
</b>
・검진 예정일을 통지 기능으로 알림
・검진 결과를 기록
・초음파 사진을 저장
・기록 데이터를 부부가 공유


<b>
    <font color=""#00cccc"">◇임신 일기</font>
</b>
・사진을 넣을 수 있는 일기로 추억을 기록
・기록 데이터를 부부가 공유


<b>
    <font color=""#00cccc"">◇책 출력</font>
</b>
・앱에 기록한 데이터를 BOOK 전용 레이아웃으로 출력


<b>
    <font color=""#00cccc"">◇임신 주수별 어드바이스</font>
</b>
・""이 시기의 아기""
임신 주수에 따른 아기의 성장을 게재
・""이 시기의 엄마""
임신 주수에 따른 엄마의 몸의 변화와 생활상의 조언을 게재
・""아빠를 위한 어드바이스""
아빠를 위한 임신별 어드바이스를 제공


<b>
    <font color=""#00cccc"">◇임신 달력</font>
</b>
・검진 예정일이나 출산 예정일을 표시


<b>
    <font color=""#00cccc"">◇메시지 기능</font>
</b>
・아빠가 엄마에게 응원 메시지를 전송
・부부가 서로 주고받을 수 있는 메시지 카드


■ 액세스 권한 정보
앱을 이용하는데있어서 필수 권한이 없습니다.

[선택 권한]
  - 용량 : 280days이 장치에서 사진 또는 파일을 읽거나 장치에 저장하는 데 사용

선택 권한은 동의하지 않고 응용 프로그램을 사용할 수 있습니다.
280days는 Android 6.0 이상 버전에 대응하여 액세스 권한을 선택하도록 구현되어 있습니다. 6.0 이하 버전을 사용하는 경우 액세스 권한을 개별적으로 선택할 수 없습니다. 단말기 제조업체에서 운영 체제를 업그레이드 기능이 제공되는 경우 6.0 이상으로 업데이트되는 것을 권장합니다.

＝＝＝＝＝＝＝＝＝＝＝＝＝＝＝＝＝＝＝＝＝＝＝
◆문의에 대하여
＝＝＝＝＝＝＝＝＝＝＝＝＝＝＝＝＝＝＝＝＝＝＝
여러분이 기재해 주시는 리뷰를 통해 귀중한 의견과 감상을 확인하고 있습니다.
문의, 요청, 문제점의 제기 등은

totsukitoka.support@amanefactory.com

으로 메일을 보내 주시면 감사하겠습니다.


<font color=""#cc9900"">*☆*ﾟ♪ﾟ*☆*ﾟ♪*☆*ﾟ♪ﾟ*☆*♪ﾟ*☆*ﾟ♪*☆*</font>
280days는 임신 기간의 가족 간 유대와 새로운 인연을 응원합니다.
최고의 280일이 되시기 바랍니다!

280days 개발 팀 일동",출산/육아,https://play.google.com/store/apps/details?id=com.amanefactory.totsukitoka&hl=ko&gl=kr,,,,,,
android,kr,kr.villagebaby.billyapplication,"베이비빌리 - 임신, 임신준비, 육아, 태교 앱","[200만 엄빠가 함께하는 NO.1 임신·육아 콘텐츠 커머스 커뮤니티 앱]
- 임신준비부터 출산, 육아까지 꼭 필요한 정보를 맞춤 제공
- 베동AI의 24시간 모니터링을 통한 건강한 커뮤니티 제공
- 시기별 맞춤 상품 추천 + 365일 무료배송 최저가 쇼핑까지
베이비빌리는 이 모든 기능이 정말 무료!

▶ 조리원 동기보다 더 끈끈한 커뮤니티, 베동!
임신준비·임신·육아 생활의 꿀팁이 궁금한 엄빠들이라면? 육아맘, 임산부, 아빠까지 베동에서 만나요!
나와 비슷한 시기의 200만명의 엄빠들이 모인 커뮤니티 '베동'에서 실시간으로 어떤 하루를 보내고 있는지,
나만의 태교팁, 임신초기 관리법, 아기용품 추천, 출산 경험 등 다양한 정보를 공유해보세요! 
베이비빌리의 클린 베동AI가 24시간 글·댓글 모니터링으로 건강한 소통 공간을 만들어요.

▶ 엄마와 아빠가 함께 써요! 임신·육아 수첩과 건강 기록
아기의 소중한 성장 순간을 부부가 함께 기록하고 공유할 수 있어요.
PDF 다운로드 기능으로 10년 뒤 아기에게 성장 기록을 보여주며 말해줘요. ""우리가 이렇게 소중하게 너를 기다렸어~""

▶ 귀여운 빌리로 배 속 아기와 교감해요!
태교가 즐거워지고, 매일 성장하는 우리 아기 모습도 눈으로 확인할 수 있어요.
출산 전 배 속 아기를 대신하여 빌리가 매일 쑥쑥 성장하고 시기별 필요한 꿀팁을 알려드려요.
지금 당장 시기별로 성장하는 빌리의 귀여운 일러스트와 성장카드로 매일 확인해 봐요!

▶ 임신 주차별&육아 개월별 정보를 한곳에서!
임신준비·임신·육아 기간 필요한 꿀팁, 베이비빌리에 다~ 있어요!
임신준비부터 출산, 육아 전 과정에 필요한 건강 정보와 꿀팁을 한눈에 확인하고 기록할 수 있어요.
이 시기에 아기와 엄마, 아빠에게 꼭 필요한 맞춤형 정보와 꿀팁을 매주 알려드려요.

▶ 365일 무료배송! 최저가 핫딜 빌리쇼핑
임산부 의류, 피부 케어, 아기 침구류, 영양제, 식품, 출산 준비물… 육아 준비물은 왜 이렇게 많을까요?
빌리쇼핑은 예비 엄빠, 초보 엄빠에게 필요한 정보와 함께 임신준비·임신·육아 시기별 필요한 아이템을 추천하고 온라인 최저가 구매까지 도와드려요!
시기별 꼭 필요한 아이템을 합리적인 가격과 무료배송으로 편리하게 만나보세요.

▶ 빌리는 더 편하고, 즐거운 임신&육아를 응원합니다.
200만 엄빠가 선택하고 만족한 국민 임신・육아 어플 베이비빌리
문의사항이 있다면 언제든 빌리지베이비로 연락주세요!

[선택 접근 권한]
- 전화: 빌리쇼핑 기능
- 사진: 사진 첨부 및 저장 기능
※ 선택 접근 권한에 동의하지 않으셔도 해당 권한을 제외한 베이비빌리의 기능을 이용할 수 있어요.

- 홈페이지 :

https://babybilly.co/ko

- 인스타그램 :

https://www.instagram.com/babybilly.app/

- 카카오톡 고객센터 : @베이비빌리",출산/육아,https://play.google.com/store/apps/details?id=kr.villagebaby.billyapplication&hl=ko&gl=kr,,,,,,
android,kr,com.after10app,"열달후에 - 임신, 출산, 육아, 임신준비 필수앱","임신주수계산, 주차별 태아성장보고서, 육아 성장발달 체크, 열관리, 임신확률 체크 등 예비엄마들의 필수 다이어리!

임신확률부터 임신주수계산, 태아 초음파 자동 분석 및 출생 후 성장 그래프까지 한번에!

[주요 기능]
생리주기계산, 배란일계산, 임신확률계산, 임신주수계산, 초음파 수치 자동 분석, 초음파앨범, 태아성장관리, 배테기자동체크, 난임관리,  280일 기록, 다이어리 공유, 육아다이어리, 아이성장발달, 영유아예방접종, 영유아건강검진, 열관리, 해열제 가이드 

1.  열달 전에, 임신 준비를 위한 필수 캘린더 ""임신준비 다이어리""
1) 가임기와 배란예정일 D-day 및 오늘의 임신확률을 확인하고 계획적으로 임신을 준비해보세요.
2) 주기에 따라 달라지는 오늘의 내 몸 상태에 대해 자세히 알려드려요!
3) 임신준비 필수품, 배란테스트기 결과 측정 기능으로 불규칙한 배란일을 체크해보세요.
4)  난임 전문의가 감수한 시술 과정별 설명과 약물 알림까지! 어렵게만 느껴지는 난임 시술도 쉽게 기록해보세요.

2. 열달 중에, 즐거운 출산을 위한 필수 캘린더 ""임신 다이어리""
1) 주수에 따라 변하는 태아와 산모 상태를 귀여운 콘텐츠로 확인하세요.
2) 진료 때 받은 초음파 사진을 등록하면 자동 분석 기능을 통해 자동으로 태아의 수치가 입력됩니다.
3) 몸무게, 머리둘레 등 5가지 태아성장수치를 통해 뱃속에서 잘 크고 있는지 그래프로 확인하세요.
4) 임신 후 매달 늘어나는 몸무게가 걱정된다면 열달후에 캘린더에 기록하고 가이드를 받아보세요.

3. 열달 후에, 아이의 월령에 따른 발달 체크 및 성장관리 ""육아 다이어리""
1) 매월 커가는 아이의 발달을 미션으로 체크하고 자동으로 생성되는 발달보고서를 확인해요.  
2) 키, 몸무게, 머리둘레를 입력하고 우리 아이의 성장을 관리해요. 
3) 영유아 건강검진, 예방접종 일정을 확인하고 체크해요. 
4) 출산 후 늘어간 체중은 매주 마다 목표 체중을 설정해 관리해요.  
5) 체온을 입력해 아이의 열상태를 확인하고 복용한 해열제를 입력해 교차복용 가이드를 확인해요. 

4. 같은 고민을 하는 맘들의 소통의 장 ""열달맘톡""
열달맘톡 커뮤니티를 통해 임신을 준비하면서 궁금한 점이나 임신중 필요한 정보들을 나눌 수  있는 공간입니다.

5. 남편, 가족과 함께 나누는 ""공유 다이어리""
- 임신 가능성이 높은 날, 태아의 초음파 성장기록,  산부인과 전문의 감수 콘텐츠 등 나의 다이어리를 소중한 사람들과 공유해보세요. 

[이용 문의]
서비스 문의사항은 앱 내 마이메뉴>고객센터 1:1문의 또는 after10month@connect-i.co.kr로 남겨주세요.

[접근권한]
※ 열달후에 앱은 모두 선택 접근 권한으로, 권한에 동의하지 않으셔도 서비스 이용이 가능합니다.
※ 선택 접근 권한 미동의시 서비스 일부 기능의 정상적인 이용이 어려울 수 있습니다.
1) 카메라 권한
- 임신준비 다이어리 > 배란일 체커 : 배란테스트기 촬영 시
- 출산준비 다이어리 > 초음파 사진 분석 : 초음파 사진 촬영 시
- 육아 다이어리 > 발달체크 사진 촬영 시
- 열달맘톡 > 글작성 : 첨부파일 촬영 시
- 마이메뉴 > 내 정보 : 프로필 사진  촬영 시 
- 마이메뉴 > 1:1 문의 : 첨부파일 촬영 시

2) 저장공간 권한 
- 임신준비 다이어리 > 배란일 체커 : 배란테스트기 업로드 시
- 출산준비 다이어리 > 초음파 사진 분석 : 초음파 사진 업로드 시
- 육아 다이어리 > 발달체크 사진 업로드 시 
- 열달맘톡 > 글작성 : 첨부파일 업로드 시
- 마이메뉴 > 내 정보 : 프로필 사진  업로드 시 
- 마이메뉴 > 1:1 문의 : 첨부파일 업로드 시

3) 위치 권한
- 마이메뉴>내장소>나의 활동지역 : 내 주변 지역 선택 시

4) 알림 권한
 - 앱 실행 시
 - 마이메뉴>알림 설정 : 푸시 알림 설정 시

5) 음악 및 오디오 권한
- 가이드 > 동영상이 삽입된(embed) 콘텐츠 재생 시
 
[개인정보처리방침]
https://www.after10m.com/web/main/privacy

[개발자 연락처]
주소 : 서울특별시 마포구 백범로31길 21 서울창업허브 본관 704호
전화번호 : 02-2135-9542
----
개발자 연락처 :
(주)커넥트아이 대한민국 서울특별시 마포구
마포구 백범로31길 21 704호 (공덕동,서울복지타운)
04147 6768802332 제2024-서울마포-2006호 마포구청",출산/육아,https://play.google.com/store/apps/details?id=com.after10app&hl=ko&gl=kr,,,,,,
android,kr,com.mommytalkappv1,"마미톡 - 임신, 육아 필수 앱","대한산부인과초음파학회, 대한소아청소년과학회 감수를 받은 유일한 앱

▶ 바로 확인하고 쉽게 공유하는 '초음파 영상'
병원에서 녹화한 태아 초음파 영상을 편리하게 바로 확인하고, AI로 태어날 아이의 모습을 미리 알아볼 수 있어요. 
아이와 첫 만남을 가족들에게 쉽게 공유해보세요.

▶ 임신기간 동안 '뱃속 아이와 교감
40주 동안 매일매일 성장하는 우리 아이의 모습을 귀여운 일러스트로 확인하면서 태담을 주고받을 수 있어요.

▶ 육아기간 동안 '육아 & 성장 기록'
출생 후 수유, 수면, 배변 등을 기록해서 잘 키우고 있는지, 키와 몸무게 등을 기록해서 잘 크고 있는지 확인할 수 있어요.

▶ 전문의가 알려주는 '시기별 검사와 정보'
산부인과, 소아과 전문의가 알려주는 임신, 출생, 신생아, 유아까지 각종 검사, 신체 변화, 성장 정보들을 확인할 수 있어요.

▶ 선배의 꿀팁 & 온라인 동기가 있는 '커뮤니티'
수많은 임신, 육아 글을 통해 선배들의 꿀팁을 전수받고 출산 동기들과 소통하며 마음을 나눌 수 있어요.

▶ 마미톡이 엄선한 임신, 출산, 육아 '쇼핑몰'
예비 엄마, 초보 엄마를 가장 잘 이해하는 마미톡이 제안하는 프리미엄 제품부터 국민템, 필수템까지 좋은 가격으로 만나보세요.
라이브쇼핑, 체험단 이벤트 등 다양한 혜택도 기다리고 있습니다.

▶ 임신, 육아 전문가 콘텐츠 ‘클래스’
누구에게나 막연할 수 밖에 없는 임신, 육아
마미톡이 준비한 전문가 콘텐츠로 차근차근 배워갈 수 있어요. 

대한민국 No.1 임신, 출산, 육아 국민앱 마미톡 
대한민국 산모라면 누구나 사용하는 앱
새로운 행복을 위한 설렘부터 함께하는 일상까지 마미톡에서 함께하세요.


[선택 접근 권한]
- 카메라: 사진 첨부 기능
- 알림: 마미톡에서 전달하는 푸시 메세지 수신
※ 특정 기능을 사용할 때 필요하며, 허용에 동의하지 않으셔도 마미톡을 이용하실 수 있습니다.

○ 도움이 필요하세요?
앱 사용 중 궁금한 점이 있거나 도움이 필요하시면 언제든 헬프센터로 문의해주세요.
빠르게 확인하고 도와드릴게요.

- 헬프센터: 마미톡 앱 내 [문의하기]
- 개발자 연락처: help@mmtalk.kr
----
개발자 연락처 :
LifeX, Inc. 21 Bongeunsa-ro 82-gil,
강남구, 서울특별시 06165
South Korea 636-81-00389 2020-서울강남-00793 직접신고",출산/육아,https://play.google.com/store/apps/details?id=com.mommytalkappv1&hl=ko&gl=kr,,,,,,
android,kr,life.femin.pregnancy.period,생리 주기 추적기 - 임신·여성,"<b>Femin에 오신 것을 환영합니다. 임신 여정의 모든 단계를 함께하는 올인원 앱입니다.</b>
생리 주기 관리부터 임신 계획, 그리고 엄마가 되는 순간까지, <b>Femin</b> 은 여러분의 소중한 여정을 돕는 다양한 기능과 정보를 제공합니다.

<b>가임력 및 배란 추적</b>
• 사용하기 쉬운 주기 추적기와 증상 기록으로 생리 및 배란일을 정확하게 파악하세요.
• 주기 분석과 고급 배란 추적기를 통해 내 몸의 주기를 더 깊이 이해할 수 있습니다.
• 자연 주기, 배란 관련 필수 정보, 피임 등에 대한 맞춤 알림을 받아보세요.
• 가임기를 놓치지 않고 확인하여 임신 가능성을 높일 수 있습니다.

<b>임신 및 아기 추적</b>
• 주차별 임신 정보를 전문가 조언과 함께 확인하세요. 베이비 범프 발달 과정과 아기 크기 가이드도 제공됩니다.
• 과일 크기 비교, 아기 2D 이미지, 배 크기 비교 등 시각적인 자료로 아기의 성장을 생생하게 느껴보세요.
• 아기 2D 이미지를 통해 아기의 발달 과정을 확인하고, 각 성장 단계별 변화를 추적할 수 있습니다.
• 아기의 심장 박동과 태동 횟수를 기록하세요.
• 체중 추적기로 임신 중 체중 변화를 꾸준히 관리하세요.
• 임신 달력, 할 일 목록, 아기 이름 데이터베이스로 체계적인 임신 기간을 보내세요.
• '아기에게 쓰는 편지' 기능을 통해 소중한 생각과 순간들을 기록으로 남길 수 있습니다.

<b>여정의 모든 단계를 위한 Femin의 새로운 기능</b>
• <b>AI 채팅 지원</b>: 생리 주기 관리, 임신 계획, 임신 중 궁금증 등 어떤 상황이든 여러분에게 꼭 맞는 개인화된 조언을 얻을 수 있습니다. AI 채팅 도우미가 모든 단계에서 질문에 답하고 필요한 정보를 제공합니다.
• <b>습관 추적기</b>: 습관 추적기로 매일의 루틴을 관리하고 건강한 변화를 만들어 보세요. 약 복용 시간 관리, 새로운 습관 만들기, 하루 일과 정리 등 다양하게 활용할 수 있습니다. 맞춤 제안으로 더 건강한 라이프스타일을 만들어가세요.
• <b>호흡 운동 (릴렉스 & 호흡 연습)</b>: 스트레스 감소와 정서적 안정에 도움을 주는 호흡 운동 기능은 긴장되는 순간에 마음의 평온을 찾는 데 유용합니다. 가임, 임신, 그리고 전반적인 건강 관리 여정 동안 호흡 연습을 통해 편안함과 균형을 유지하세요.
• <b>웰빙 & 긍정 확언</b>: 생리 주기, 임신 준비, 임신 기간에 맞춰진 긍정 확언을 통해 여정 내내 긍정적인 마음과 힘을 얻을 수 있습니다.

<b>왜 Femin을 선택해야 할까요?</b>
• 개인 맞춤 정보: 생리 주기, 배란, 가임력에 대한 정확한 정보와 함께 내 주기에 대한 심층 분석을 제공합니다.
• 증상 기록: 다양한 증상을 기록하고 주기를 추적하며 수면 기록까지 관리하여 건강을 종합적으로 관리할 수 있습니다.
• 다양한 기능: 아기 성장 추적, 임신 관리, 베이비 범프, 태동 횟수, 아기 크기 등 중요한 이정표를 모두 기록하고 관리할 수 있습니다.
• 생생한 임신 경험: 2D 이미지, 배 크기 추적, 상세한 아기 크기 가이드로 임신 과정을 시각적으로 생생하게 경험하세요.
• 웰빙 및 지원: 개인 맞춤 AI 채팅, 습관 추적기, 호흡 운동, 긍정 확언 등 다양한 기능을 통해 가임, 임신, 그리고 그 이후까지 힘찬 여정을 지원합니다.
• 데이터 개인 정보 보호 및 보안: 여러분의 개인 정보는 소중합니다. Femin은 업계 최고 수준의 암호화 기술로 데이터를 안전하게 보호합니다.

<b>Femin 프리미엄 기능</b>
• 특별 기능: 증상 확인, 전문가 리뷰, 24시간 가상 건강 도우미 등 임신 기간에 유용한 고급 기능을 이용할 수 있습니다.
• 심층 분석: 프리미엄 회원만을 위한 심층 분석으로 아기 성장, 증상 변화, 임신 이정표를 더 자세히 확인하세요.

<b>면책 조항:</b>
Femin은 건강 문제를 진단하거나 치료하기 위한 목적이 아니며, 피임 또는 불임 치료 목적으로 사용될 수 없습니다. 건강에 대한 염려가 있는 경우 반드시 의료 전문가와 상담하십시오.
지금 바로 <b>Femin</b> 과 함께하세요 – 여러분의 든든한 가임력 및 임신 동반자입니다. 임신 준비부터 엄마가 되는 순간까지, 힘찬 여정을 위해 지금 다운로드하세요!",건강/운동,https://play.google.com/store/apps/details?id=life.femin.pregnancy.period&hl=ko&gl=kr,,,,,,
android,kr,com.wachanga.pregnancy,임신 주수 계산 & 기록: 맘스다이어리,"이 임신어플은 임신 기간 동안 예비 엄마를 평온하게 해줄 거예요. 임신 테스트에서부터 출산에 이르기까지 매주 태아에게 어떤 일이 일어나는지 알려줄 테니까요. 저희 임신주수계산어플을 사용하여 예정일까지 어떤 일을 기대할 수 있는지 미리 알아두세요. 

엄마의 체중, 혈압, 배 사이즈, 아기의 첫 번째 태동, 언제 태동이 느껴지는지, 배의 수축을 기록하고, 산부인과 의사에게도 보여줄 수 있도록 중요한 건강 데이터를 단일 보고서로 저장해 보세요. 

임신 기간이 즐겁고 멋진 경험이 되길 바래요! 저희 어플은 임신뿐만 아니라 다른 여러 기능도 가지고 있어요! 엄마가 되기 위한 모든 여정에 저희가 함께하겠습니다. 

이 임산부 어플의 가장 주목할만한 기능을은 다음과 같습니다:

-예정되어 있는 모든 병원 방문 및 검사를 확인할 수 있도록 해주는 편리한 캘린더 

280 임신 다이어리를 쓰세요! 엄마의 체중, 배 사이즈, 혈압, 기분, 부부생활을 매일 기록하세요. 병원 방문과 검사도 잊지 마세요. 

-주수별 엄마와 아기에 관한 정보 

아기가 언제 자몽 크기만큼 자라는지, 속눈썹은 언제 자라는지, 성별은 언제 알 수 있는지, 진통 시기는 언제인지 등의 성장 과정을 알아보세요.
이 어플은 임신 중 매주 엄마와 태아에게 어떤 변화가 일어나는지 알려줘요. 엄마와 태아 모두를 위한 영양, 태교, 그리고 생활 습관에 관한 조언도 받아보세요. 태아의 모든 주요 단계를 추적하세요. 

-의사에게 보여줄 보고서 

담당 의사에게 제공해야 할 모든 필요 데이터를 이 임신 출산 어플에 저장해 보세요. 이 어플은 모든 정보를 PDF로 변환하며, 이 보고서를 이메일로 보내거나 아니면 모바일로 직접 볼 수 있어요. 

-체크리스트와 해야할 일 목록

개월수 별 체크리스트를 확인하고 해야 할 일 목록을 늘 확인하면서 일과를 짜보세요. 임신 스트레스와 불안을 피하고 건강하고 행복한 임신 기간을 유지하기 위해 노력하세요. 

-임신 나이 스마트 계산기 

이 어플은 전 세계 저명한 의사들이 승인한 가장 정확한 공식을 사용하여 당일 기준으로 정확하게 태아 및 산과 용어를 계산해요. 

-케겔 운동

케겔 운동으로 출산 준비를 해보세요!

이 어플은 진통 및 출산 전에 근육을 강화하는 방법에 대해 알려줘요. 

-진통어플: 아기디데이 카운터

제시간에 병원에 도착하세요! 저희 진통측정기는 실제 진통과 가진통을 구별할 수 있어요. 그래서 언제 병원에 가야 하는지 알 수 있어요. 

-건강 어플과 동기화

자신의 건강 데이터를 쉽고 안전하게 저장해 보세요.

저희는 임산부를 위한 최고의 앱을 만들기 위해 노력하고 있습니다. 코멘트나 제안 사항이 있으시면 team@wachanga.com으로 보내주세요.",출산/육아,https://play.google.com/store/apps/details?id=com.wachanga.pregnancy&hl=ko&gl=kr,,,,,,
android,kr,org.iggymedia.periodtracker,"생리달력 Flo: 생리주기관리와 예측,배란및 임신트래커","세계에서 가장 인기 있는 생리달력인 Flo를 만나보세요. 신뢰할 수 있는 생리, 배란, 주기 달력을 통해 앱 하나로 간편하게 생리 주기 등을 관리할 수 있는 Flo는 4억 6천만 명이 넘는 사람들이 찾는 생리달력으로 자리매김했고 700만 개가 넘는 별 5개 평점을 보유하고 있습니다. 100명이 넘는 건강 전문가가 여성 건강을 혁신하고 생리 중인 사람들이 몸의 신호를 더 잘 이해할 수 있도록 Flo를 지원하고 있습니다.

파트너를 위한 Flo에서 파트너와 소통하고 Flo의 생리달력을 사용하여 생리 주기, 배란, 임신 등에 대한 업데이트를 간편하게 공유하세요. 파트너는 정보와 제안을 받아 사용자를 더 잘 지원하고 관계를 강화할 수 있습니다.

<b>Flo의 생리달력에는 더 많은 기능이 있습니다.</b>
- <b>생리 주기 및 생리달력</b>: Flo의 생리 및 배란 달력은 질 분비물과 기분 변화 등 모든 생리 증상에 대한 귀중한 정보를 제공합니다. 100명이 넘는 건강 전문가가 Flo의 생리달력에 지식을 공유하여 생식 및 생리 건강에 대해 의학적으로 신뢰할 수 있는 종합적인 접근 방식을 제공합니다.
- <b>배란 및 가임기 달력</b>: 전문가 정보, 맞춤 콘텐츠, 가임기와 배란에 대한 정보를 활용하세요.
- <b>임신 달력 앱</b>: 건강한 임신과 출산을 위한 핵심 정보를 확인하세요. 임신 가능성, 임신, 출산, 신생아 돌보기에 관한 귀중한 정보와 지침을 알아보세요.

<b>Flo 생리, 배란, 생리 달력을 최대로 활용해 보세요.</b>
- 익명 모드: Flo는 이름, 이메일 주소 또는 기술적 식별자를 Flo 계정에 있는 사용자의 건강 데이터와 연결하지 않습니다.
- 알림: Flo를 사용하면 생리 시작 날짜와 종료 날짜를 중심으로 예약된 알림을 통해 생리달력 경험을 맞춤 설정할 수 있습니다. 배란, 피임약, 수면, 수분 섭취 등에 대한 알림을 받으세요.
- 건강 도우미: Flo의 가상 도우미와 생리 지연, 불규칙한 주기, 임신 가능성, 월경전증후군(PMS), 배란 등에 대해 채팅하세요.
- 증상 패턴: 생리 주기와 증상을 추적하여 생리 패턴을 파악하고 몸의 신호를 더 잘 이해할 수 있습니다.
- Wear OS 정보 표시 및 카드: 워치에 정보 표시와 카드를 설정하여 주기에 대한 정보를 얻으세요. Flo는 Wear OS 3과 호환됩니다.

Flo는 진단 도구가 아니며 Flo의 예측은 피임이나 임신을 촉진하는 용도로 사용되어서는 안 됩니다. Flo 앱은 전문적인 의료 조언이나 진단 또는 치료를 대신할 수 없습니다.

Flo의 생리달력 및 배란 달력에 관한 도움이 필요하면 support@flo.health로 문의해 주세요.
Flo의 접근성 진술을 보려면 https://flo.**health**/accessibility-statement-android?current-location=auto-detect를 방문하세요.

액세스 허가 알림:
Flo는 앱 내 알림을 통해 귀하에게 알림을 보내거나 사진 또는 오디오에 액세스하기 위한 권한을 요청할 수 있습니다. 권한 허용은 선택 사항입니다.
알림: 귀하에게 알림이나 리마인더를 보내기 위해 필요합니다.
사진: 비밀 채팅의 포럼 토론에 선택한 사진을 올리기 위해 필요합니다.
오디오: Flo의 가이드 그룹 채팅의 일환으로 그룹 토론을 위해 비공개 그룹 채팅에 오디오 녹음을 선택하여 업로드하기 위해 필요합니다.
Flo는 귀하의 콘텐츠에 자동으로 액세스하지 않습니다. 가이드라인에 따라 공유할 내용을 선택할 수 있습니다.

Flo를 다운로드하여 Flo를 주기 추적, 임신 가능성 및 임신 지원을 위해 즐겨 찾는 생리달력 앱으로 신뢰하는 수억 명의 사람들과 함께하세요.",건강/운동,https://play.google.com/store/apps/details?id=org.iggymedia.periodtracker&hl=ko&gl=kr,,,,,,
android,kr,com.smilelab.drugs,"스마일리더 - 배란일 계산, 임신, 육아일기","▶ 디테일한 주기 달력으로 체계적인 임신 준비
입력한 데이터를 토대로 생리주기, 배란일, 가임기를 예측해 볼 수 있어요. 내 몸의 변화를 체크하면서 효율적인 임신 준비가 가능해요.

▶ 실제 유저들이 작성한 '찐' 임신 성공 후기
임신 후기가 궁금할 때 맘카페에서 일일이 검색하기 이제 안 해도 돼요. 스마일리더를 통해 임신에 성공한 유저들이 남긴 생생한 후기들을 한곳에서 확인해 보세요.

▶ 엄빠 되기에 필요한 모든 정보 다 있음.zip
에디터가 정리한 '스마일 꿀정보'로 내 임신 주수, 육아 월령에 맞춰 재미있게 읽을 수 있어요. 막막하게만 느껴지는 엄빠 공부도 스마일리더가 도와줄게요.

▶ 엄빠가 함께 쓰는 부부 다이어리
초음파 사진, 첫 걸음마 순간 등 영원히 기억하고 싶은 순간을 다이어리로 남겨보세요. 엄마랑 아빠가 같이 쓰면 읽는 재미도 두 배예요.

▶ 커뮤니티에서 질문, 고민 털어놓기
예비맘부터 육아맘까지 비슷한 공감대를 가진 엄마들이 모여있는 커뮤니티에 놀러오세요. 임신 관련 궁금증, 출산 후기, 육아 고민, 육아템 정보 등 매일 재미난 이야기가 쏟아져요!

▶ 초보엄빠를 위한 시기별 맞춤 쇼핑 정보
임신 준비부터 출산, 육아까지 매 단계마다 필요한 아이템은 왜 이렇게 많은지...! 뭘 사야 할지 고민 중인 엄빠들을 위해 '맘카페 입소문템'을 모아 저렴한 가격에 준비했어요.

[앱 이용을 위한 권한 안내]
- 카메라(선택): 배란 테스트기 인식 및 촬영
- 저장공간(선택): 다이어리 사진, 커뮤니티 사진, 쇼핑 리뷰 사진, 문의하기 사진 첨부 및 로딩
- 알림(선택): 필요 정보 제공 및 이벤트 알림
* 선택적 접근 권한은 관련 기능 이용 시 동의할 수 있으며, 미동의 시에도 해당 기능 외에는 다른 기능은 이용하실 수 있습니다.

- 홈페이지 : https://www.smilelab.co.kr 
- 블로그 : http://blog.naver.com/smilelab1
- 인스타그램: http://instagram.com/smilereader_app",출산/육아,https://play.google.com/store/apps/details?id=com.smilelab.drugs&hl=ko&gl=kr,,,,,,
android,kr,periodtracker.pregnancy.ovulationtracker,생리달력 - 배란 및 임신 달력,"🇰🇷 믿을 수 있는 생리 및 배란 달력 앱으로, 생리가 불규칙한 여성도 사용할 수 있어요.

생리 추적기 - 배란 및 임신 달력은 간단하면서도 예쁜 디자인으로 제작되어 주기를 확인하고 <b>다음 생리 날짜, 가임 기간 및 배란일을</b> 예측할 수 있습니다.

<b>높은 정확도와 신뢰도</b>
★ 기록을 바탕으로 정확한 예측을 합니다.
★ 더 많이 사용할수록 기계 학습(AI)으로 정확도가 높아집니다. 

<b>우아한 디자인</b>
★ 사랑스러운 장식으로 아름다운 디자인.
★ 멋진 달력과 리포트는 물론 메모, 사랑일 기록, 기분, 증상, 몸무게, 온도 차트 등을 명확하게 확인할 수 있습니다. 

<b>데이터 분실 방지</b>
★ Google 계정으로 로그인하기만 하면 모든 데이터가 자동으로 백업됩니다. 

<b>개인정보 보호</b>
★ 개인정보가 100% 보호됩니다. 어떤 데이터도 수집되거나 판매되지 않습니다. 
★ 모든 데이터는 사용자의 휴대폰 또는 Google Drive에 저장됩니다.

<b>생리 및 가임기 알림</b>
★ 알림을 설정하면 배란과 관련하여 알림을 받게 됩니다. 

주요 기능

● 주기 추적기 
● 주기, 배란일 예측
● 독특한 디자인
● 사용자가 주기 및 배란일을 직접 지정 가능
● 매일 임신 가능성 확인 
● 임신했을 때 임신 모드 사용 
● 증상 기록
● 가임기, 배란일 관련 알림
● 몸무게 및 온도 차트
● Google 계정 백업 및 복원
● 다수의 계정을 지원하는 배란 추적기 
● 다수의 언어 지원

승인
● 네트워크 - 백업 또는 구글 계정에서 데이터 복원
● SD카드 읽고 쓰기 - SD카드에서 데이터 백업 혹은 복원",건강/운동,https://play.google.com/store/apps/details?id=periodtracker.pregnancy.ovulationtracker&hl=ko&gl=kr,,,,,,
android,kr,com.timskiy.pregnancy,임신 캘린더,"임신부터 출산까지 – 모든 것을 하나의 앱에서.

임신 캘린더 | Timskiy는 단순한 임신 캘린더가 아니라, 전 세계 수백만 예비 부모가 신뢰하는 든든한 동반자입니다.

전문가와 함께 개발되어, 임신 주차와 날짜에 맞춘 맞춤형 정보를 매일 제공하며, 모든 여정에서 안심과 지지를 드립니다.
주요 기능:
•	아기와 엄마의 발달 📅 — 건강과 아기 성장에 관한 매일/매주 팁, 과일·채소 크기 비교, 각 발달 단계를 보여주는 초음파 이미지.
•	건강과 편안함 🤰 — 건강한 식단을 위한 맞춤형 식단표, 사용이 간편한 체중 추적기, 중요한 질문을 메모할 수 있는 진료 예약 알림.
•	아기 활동 ⏱️ — 아기의 움직임을 추적하는 태동 카운터, 병원에 갈 시점을 알려주는 진통 타이머.
•	출산 준비 🛍️ — 쇼핑 목록, 매일의 할 일, 출산 가방 체크리스트, 출산 계획 작성 기능.
•	이름 선택 👶 — 완벽한 이름을 찾을 수 있는 수천 개의 아기 이름.
⭐⭐⭐⭐⭐
저희는 예비 부모님들에게 최대한 도움이 되는 앱을 만들기 위해 노력합니다. 의견은 support@timskiy.com 으로 보내주세요. 가능한 한 빨리 반영하겠습니다.
⚠️ 주의: 이 앱은 의료용이 아니며 전문 의료 상담을 대체하지 않습니다. 임신과 관련해 궁금한 점이나 걱정이 있다면, 반드시 자격 있는 의료 전문가와 상담하세요.
🌟 전 세계 수백만 명의 행복한 예비 부모들과 함께하세요! 임신 캘린더 | Timskiy를 지금 무료로 다운로드하고, 임신의 모든 순간을 자신감과 평온함 속에서 즐기세요.",출산/육아,https://play.google.com/store/apps/details?id=com.timskiy.pregnancy&hl=ko&gl=kr,,,,,,
android,kr,com.thenextc.moabebe,"모아베베, 출산육아의 모든 것(산모수첩, 육아수첩)","처음 경험하는 임신과 출산, 궁금한 것이 많죠?
초보 엄마와 아빠라 조심스러운 것도 많을 거에요.
태아초음파영상부터 육아의 기록까지!! 출산과 육아의 모든 것, 모아베베로 시작하세요.
더 이상 모아베베는 초음파동영상만 보는 것이 아닌 육아의 기록까지 담을 수 있습니다. 
출산 후 앱 사용 종료가 아닌 육아까지 한 곳에서!! 
초음파영상은 기본, 수유, 수면, 이유식 기록부터 성장정보, 건강정보까지 육아수첩에 우리 아이의 매일 매일을 기록해보세요. 
모아베베는 출산, 육아 전문 어플리케이션입니다.

* 임신부터 출산까지 산모수첩 

 고화질 태아 초음파 영상모아베베 연계병원에서 촬영한 태아 초음파 영상을 언제 어디서나 모바일로 확인할 수 있습니다.

▪ 태담 태교로 똑똑한 아기 만들기
태담 태교는 태아의 지능발달에 도움이 된다는 연구결과가 있습니다.
엄마와 아빠의 사랑이 담긴 목소리를 매일 녹음해서 뱃속의 아기에게 들려주세요.

▪ 출산 D-day 확인 앱 메인에서 남은 출산예정일을 쉽게 확인할 수 있습니다.
태아 캐릭터가 전해주는 유익한 시기별 정보도 이용할 수 있습니다.



* 출산 후 우리 아기의 다양한 기록 육아수첩  

▪ 수유와 수면 그리고 건강상태까지 기록하는 육아수첩 
출산 후 수유, 수면시간, 이유식까지 매일 매일 기록을 할 수 있습니다. 
우리 아이의 키, 체중, 체온 등 건강, 성장상태까지 모든 기록, 이제 육아수첩에 기록해보세요.

▪ 건강정보 및 예방접종 알리미 
우리 아이의 병원검진 내역과 처방전 내역도 기록할 수 있습니다. 
더불어 신생아 검진 및 예방접종 알림 기능을 통해 우리 아기 예방접종 시기에 맞춰 알림으로 안내해 드립니다. 

* 다양한 정보와 이야기가 있는 곳 

▪ 매일 성장하는 태아정보와 생활 가이드
임신부터 태어나서 36개월까지의 우리 아기의 성장정보를 확인할 수 있습니다.
처음 겪는 몸과 마음의 변화로 고민이 많은 엄마와 아빠를 위한 생활 가이드도 제공합니다.

▪ 다양한 정보와 이야기가 있는 커뮤니티
임신과 육아를 하며 겪는 매일의 일상을 나눌 수 있는 곳입니다.
임신과 출산 그리고 육아의 궁금증을 또래 엄마와 선배들에게 물어보세요.
다양한 노하우와 경험을 나누는 유익한 공간이 될 것입니다.


※ 앱 접근권한 안내

[필수 접근 권한]

- 전화 : 태교음악 재생 시 전화의 상태를 감지하여 통화 시 태교음악을 정지하기 위해 사용

[선택 접근 권한]

- 저장공간 : 태아초음파 영상을 휴대폰의 저장공간에 저장하기 위해 사용
- 마이크 : 아기에게 들려주는 베이비레터(태담태담) 서비스의 오디오 녹음을 위해 사용

* 선택 접근 권한은 동의하지 않아도 앱을 사용하실 수 있습니다.

* 개발 및 고객문의 연락처
02-464-1226",의료,https://play.google.com/store/apps/details?id=com.thenextc.moabebe&hl=ko&gl=kr,,,,,,
android,kr,com.sanmopia.manager,산모피아 관리사 전용,산모피아전용 산후관리사 사용앱,출산/육아,https://play.google.com/store/apps/details?id=com.sanmopia.manager&hl=ko&gl=kr,,,,,,
android,kr,com.sanmopia.app,산모피아,"프리미엄 가정방문 산후관리사 파견 서비스 산모피아.

일반적으로 산후도우미,산모도우미로 알고계시는 산후관리사는 산모님들의 산후조리를 위해 전문교육을 받은 전문가들이며 산모피아에서는 별도의 교육과정을 통해 프리미엄 산후관리사를 양성하고 있습니다.

산모피아는 프리미엄 가정방문 산후관리사 파견 전문회사로서 
언제 어디서나 예약, 결제가 가능하고 
스마트 매칭 시스템을 통해 산모님에게 가장 적합한 관리사를 찾아서 추천해드립니다.
또한 일일 모니터링을 통해 최상의 고객만족을 지향합니다.

그리고 정부지원 산후도우미 서비스(바우처) 역시 산모피아에서 서비스 지원하고 있습니다.

산모피아를 통해 행복한 산후조리하세요~

- 산모피아 홈페이지 : www.sanmopia.kr

- 산모피아 블로그 : https://blog.naver.com/sanmopiabest

- 산모피아 페이스북 : https://www.facebook.com/sanmopia/?ref=br_rs

- 산모피아 유투브 : https://www.youtube.com/channel/UCQUFybSpyicNZPv84p65O_w

- 산모피아 인스타그램 : https://www.instagram.com/sanmopia_official/feed/",출산/육아,https://play.google.com/store/apps/details?id=com.sanmopia.app&hl=ko&gl=kr,,,,,,
android,kr,kr.or.nhiq,모바일 건강보험증,"1. 모바일 건강보험증 앱은 국민건강보험공단에서 제공하는 대국민 서비스입니다.
2. 스마트폰으로 편리하게 건강보험 자격과 본인확인으로 진료를 접수할 수 있습니다.
3. 모바일 건강보험증은 본인명의 휴대폰으로 본인확인 인증을 받아 발급받을 수 있습니다. 
4. 스마트폰 QR스캔으로 빠르게 건강보험 자격확인 업무를 할 수 있습니다.
5. 병의원에서는 요양기관 정보마당 홈페이지에서 사용하고 있는 법인인증서 가져오기를 통해서 이용할 수 있습니다.
6. 장애인을 위한 블루투스 사용 기능을 포함하고 있습니다.
----
개발자 연락처 :
국민건강보험공단 건강로 32(반곡동)
원주시, 강원도 26464
South Korea 1058211133 NA Non-profit Government Organization",건강/운동,https://play.google.com/store/apps/details?id=kr.or.nhiq&hl=ko&gl=kr,,,,,,
android,kr,kr.or.nhic,건강보험25시,"▶ 쉽고 간편한 로그인 
한 번의 본인인증으로 사용가능한 건강보험인증서, 간편인증 등으로
쉽고 간편하게 로그인하여 건강보험25시를 이용해보세요.

▶ 더 새로운 건강보험25시
검색창과 많이 사용하는 서비스를 전면에 배치하여 원하는 서비스를
더 빠르고 편리하게 접근할 수 있습니다.

▶ 지사방문 없이 민원서비스 신청
각종 보험료 모의계산·납부, 증명서 발급 및 민원신청 등 빠르게 건강보험공단의 서비스를 경험해보세요.

▶ 개인 맞춤형 건강관리
AI 기반의 건강기록 관리와 개인별 맞춤 건강서비스 추천 그리고 부모·자녀 건강정보를 공유할 수 있습니다.

▶ 더욱 편리한 건강보험25시
통합돌봄기관, 장기요양기관, 병(의)원 등 내 주변에 위치한 각종 기관을 더욱 편리하게 찾을 수 있으며 공단의 각종 문의/불편사항을 해결할 수 있도록 상담 서비스를 제공하고 있습니다.

[앱 이용 시 필요한 접근 권한 안내]
< 필수 접근권한 >
- 저장공간 : 인증서를 보관하고 보안강화를 위한 OS변조 여부 체크
< 선택 접근권한 >
- 위치 : 병(의)원 찾기, 지사찾기 등 주변 정보 검색 시 사용
- 마이크 : 수어상담 연결, 음성검색을 위해 사용
- 카메라 : 수어상담, AI OCR을 위해 사용
- 블루투스 : 혈압, 혈당, 걸음 수 데이터 등록을 위해 사용
- PUSH 알림 : 공단 소식, 건강정보, 민원안내 등의 PUSH 알림을 수신하기 위해 사용

[단말기 및 인증수단 정책]
- 루팅 및 탈옥된 단말기 사용 불가

[고객센터 안내]
앱 관련 문의 : 1577-1000 (평일 09~18시)
공단 홈페이지 : https://www.nhis.or.kr
노인장기요양보험 홈페이지 : https://longtermcare.or.kr
----
개발자 연락처 :
국민건강보험공단 건강로 32(반곡동)
원주시, 강원도 26464
South Korea 1058211133 NA Non-profit Government Organization",건강/운동,https://play.google.com/store/apps/details?id=kr.or.nhic&hl=ko&gl=kr,,,,,,
android,kr,com.sanmoimdang.app,산모임당,"""이 음식, 임신성 당뇨에 먹어도 될까?""
임당 산모라면 매 끼니 이 고민을 하게 됩니다.
산모임당은 그 고민을 가장 빠르게 풀어주는 임신성 당뇨 음식 검색·식단 기록 서비스입니다.

■ 먹어도 되는 음식, 바로 검색
빵, 과일, 떡, 면, 음료까지 — 궁금한 음식을 검색하면
임신성 당뇨에 괜찮은지, 얼마나 먹어도 되는지, 어떻게 먹어야 혈당이 덜 오르는지
한눈에 확인할 수 있습니다. 이제 인터넷을 헤매지 마세요.

■ 식단 사진 한 장으로 간편 기록
식사 사진을 찍어 올리면 끝. 복잡한 입력은 없습니다.
아침·점심·저녁·간식별로 내 식단이 차곡차곡 쌓입니다.

■ 혈당 기록과 한눈에 보는 리포트
식전·식후 혈당을 기록하면 기준치 초과 여부가 색으로 바로 표시됩니다.
(식전 95mg/dL, 식후 2시간 120mg/dL 기준)
주간 리포트로 내 혈당 흐름과 식단 패턴을 파악하세요.

■ 다른 산모들과 식단 공유 '우리식탁'
혼자가 아닙니다. 다른 임당 산모들이 실제로 먹은 식단을 둘러보고,
좋은 식단은 내 식단으로 가져와 따라 해보세요.
궁금한 점은 1:1 대화로 직접 물어볼 수 있습니다.

■ 임신성 당뇨 맞춤 가이드
음식별 가이드부터 임신 주수별 관리법, 상황별 식이 가이드까지
믿을 수 있는 정보를 쉽게 찾아볼 수 있습니다.

■ 꾸준함을 응원하는 기록 습관
기록할 때마다 쌓이는 배지와 응원으로 출산까지 함께 갑니다.

임신성 당뇨는 무엇을, 얼마나 먹느냐가 가장 중요합니다.
산모임당이 매 끼니 든든한 식단 길잡이가 되어 드리겠습니다.

* 산모임당은 의료 행위를 대체하지 않으며, 정확한 진단과 처방은 반드시 담당 의료진과 상의하세요",건강/운동,https://play.google.com/store/apps/details?id=com.sanmoimdang.app&hl=ko&gl=kr,,,,,,
android,kr,jp.co.sakabou.piyolog,"육아 기록 - 삐요로그: 신생아 모유수유, 아기 발달","신생아 어플 피요와 함께 아기 발달을 지켜보세요. 신생아 모유수유, 아기 기저귀 교환, 아기 수면 모니터, 성장기록 등을 통해서 말이죠! 이 육아어플은 신생아 수유일지를 만들고 아기가 나날이 건강하게 자라고 있는지 확인하고 싶은 부모라면 누구나 꼭 사용해야 할 필수 어플입니다. 

더 이상 여러 개의 아기어플을 사용할 필요가 없습니다. 피요는 임신 후기에 가장 중요한 정보를 기록할 수 있는 올인원 디지털 육아어플입니다.

* 신생아 모유수유 모니터 (모유 기록 / 분유량체크)
* 유축 모니터
* 아기 수유시간 알림
* 아기 기저귀 모니터
* 성장기록 (아기 성장 발달 계산기)
* 육아일기 포토북

다양한 기능 덕분에, 피요 신생아 어플은 산후 생활을 훨씬 더 쉽게 만들어줍니다. 아기 이유식 스케줄이든 수면이든, 키든, 몸무게든, 건강 상태든, 이 앱은 매달 아기의 성장기록뿐만 아니라 아기 수유기록도 저장을 합니다.

◆내장형 공유 기능◆
육아 정보가 즉시 공유되기 때문에 부모 모두 언제든지 아기의 성장기록을 확인할 수 있습니다. 엄마가 외출한 동안 아빠가 아기를 돌보는 날에도, 엄마는 아빠가 기록한 아기 돌봄 정보를 모니터하고 분유량체크를 통해 집에 있는 아기에 대해 걱정할 필요가 없어집니다.

◆ 아기기록 형태◆
수유, 분유, 유축한 모유, 아기 음식, 간식, 똥, 오줌, 수면, 온도, 키, 체중, 목욕, 산책, 기침, 발진, 구토, 부상, 약, 병원, 그리고 당신이 원하는 다른 모든 정보, 그리고 육아일기 (사진 포함)

◆독특한 기능◆
· 수유 중에도 사용할 수 있게 한 손 조작이 용이하도록 설계하였습니다.
· 일자별 육아일기에 대한 요약을 한눈에 볼 수 있는 타임 바 기능을 갖추고 있습니다.
· 수유시간, 분유량, 수면시간 등을 1일 단위로 자동 집계하여 표시해줍니다.
· 식사, 수면, 배변 및 체온의 변동을 쉽게 볼 수 있는 그래프로 주단위 요약을 해줍니다.
· 아기 성장 차트를 통해 아기가 어떻게 자라고 있는지 확인할 수 있습니다.
· 다음 수유 시간을 알려 드립니다. 피요 신생아 수유 및 아기 기저귀 모니터를 사용하면 유축, 식사 또는 기저귀를 교환해야 하는 때를 놓치는 일은 없을 것입니다.


아기를 기르는 건 쉽지 않습니다. 하지만 피요를 임신 후 동반자이자 신생아 어플로 사용하게 되면 양육을 더 체계화시킬 수 있고, 육아로 인한 스트레스를 줄일 수 있습니다. 일단 아동 일지를 만들어 모든 아기 발달 사항을 기록하기 시작하면, 아기를 양육하고 부모들 간에 중요한 세부사항을 공유하는 것이 얼마나 간단하게 이뤄질 수 있는지 알게 될 것입니다. 

특정 단계에서는 아기가 무엇을 먹고 이 음식에 어떻게 반응하는지 아기 음식을 모니터해보세요. 그들이 언제 잠을 자야 하는지 알아보려면 그들의 낮잠 추적기를 참조하세요. 유축 기록을 통해 정확히 언제 분유를 써야 하는 지 확인하세요. 성장기록 모니터에 아기의 나이, 키, 몸무게를 추가하고 매주 아기 발달을 관찰합니다.

피요 데일리 신생아 어플로 최고의 아기 수유시간 루틴을 만들어보세요! 정확한 기록 = 스트레스 감소 = 행복한 육아입니다. 건강한 아기 발달 사항을 모니터해보세요!

Wear OS를 탑재한 스마트워치에서,
육아 기록을 기록하고 최근 기록을 확인하고 모유수유 타이머를 사용할 수 있습니다.
또한, Tile에 설정함으로써 앱을 열지 않고 최근 기록을 확인할 수 있습니다.",출산/육아,https://play.google.com/store/apps/details?id=jp.co.sakabou.piyolog&hl=ko&gl=kr,,,,,,
android,kr,com.whisperarts.erby,신생아 모유 수유 일지  육아일기  Erby,"수유베이비타임 Erby 는 손쉽게 모유 수유, 신생아의 활동들, 숙면 통계를 기록하고 살펴볼 수 있게 도와줍니다. 그에 더해 아기와 모유 수유 중인 엄마를 위한 식단 일지로도 사용 가능합니다!

신생아가 충분할 만큼 모유 수유가 이루어지는지 확인할 수 있으며 아기의 데일리케어를 계획할 수 있습니다. 음식, 음료, 의약품과 섭취 중인 보조 영양제에 대한 정보를 입력할 수 있습니다. 그로인해 아기의 알러지 반응을 찾아내는데 도움이 될 것입니다.

모유 수유

모유 수유 타이머를 한번의 클릭으로 시작하세요! 먹인 간격을 기록하고 마지막으로 먹인 가슴이 어느쪽인지 쉽게 기록하세요: 그렇게 함으로 모유 수유를 계획하여 체유를 예방하세요. 펌핑한 데이터를 기록하고 보충 식품에 대해 기록하세요.

펌핑

각각의 가슴 혹은 동시에 양쪽 가슴을 섭취 타이머를 실행하여 착유한 모유의 용량을 계산하세요.
냉동 모유를 기록하세요 - 보관함에 충분한 양의 모유가 저장되있도록 하세요.

숙면

숙면 기록을 통하여 아이가 언제 잠이들고 깨어나는지 기록하세요. 야간 숙면과 주간 숙면을 기록하여 아이가 언제 깨어나고 자는지에 대한 패턴을 알아보세요.

기저귀

기저귀가 얼마나 필요한지 알아보기 위해 기저귀를 갈아주기 위한 스케줄을 짜보세요. 배뇨를 기록하고 (필요하다면 용량까지도) 배변도 따로 기록해보세요.

건강, 섭취

다양한 증상과 체온을 측정하고 비타민, 의약품 그리고 백신에 대한 정보를 입력하세요.
보충식에 대한 정보를 기록하고 아기의 반응을 기록하세요. 아이의 몸무게와 성장을 관찰해보세요. 아이의 이갈이를 관찰하세요. Erbys는 소아과를 방문할 때 매우 유용합니다.

활동

목욕과 산책, 엎드리기, 놀이, 마사지 등을 기록하세요. 

통계와 히스토리

일과의 통계자료를 살펴보고 전반적인 추세가 어떤지 확인하고, 필요하다면, 아기의 케어를 조정하세요. 하루 일과를 살펴보세요. 모든 과거 일과, 그중에서 내가 원하는 종류만 필터 (예를 들어, 산책기록만 혹은 펌핑 기록만) 할 수 있는 기능은 손끝에 달려있습니다.

리마인더
일과를 위한 리마인더를 설정하세요. 약을 먹는 걸 잊지 않을 것이며 지정된 시간에 아기에게 음식을 먹이거나 잠을 재우는 걸 잊지 않을거에요.

수유베이비타임 Erby 는 단순한 아기의 성장 일지가 아닌, 첫달의 귀중한 추억이 될 것입니다.

여러 자녀를 위한 개개인을 위한 일지 작성이 가능합니다. 쌍둥이에게 제격이죠!

우리의 모유 수유 앱은 심각한 수면 부족을 겪는 부모님들 까지도 매일의 활동과 음식 섭취 상태를 사용하기 쉬운 일지를 통해 기록하여 아이가 한살이 되기까지의 성장을 잘 기록할 수 있도록 돕습니다.


질문이나 의견, 댓글은 언제든지 환영입니다. support@whisperarts.com로 이메일 보내주세요.",출산/육아,https://play.google.com/store/apps/details?id=com.whisperarts.erby&hl=ko&gl=kr,,,,,,
android,kr,com.wte.view,Pregnancy Tracker & Baby App,"매주 전문가의 안내를 받아보세요. 최고의 임신 및 아기 추적 앱에 가입하세요.

What to Expect는 1,500만 명 이상의 부모가 선택하고 신뢰하는 세계에서 가장 유명한 임신, 신생아, 아기 발달 및 성장 추적 앱입니다. 육아, 유아 및 가족 계획 전문 브랜드인 What to Expect는 수천 개의 의학적으로 정확한 기사, 전문가의 통찰력, 일일 임신 업데이트, 아기 성장 추적, 맞춤형 육아 팁을 제공하는 올인원 임신 및 아기 추적 앱을 무료로 제공합니다. What to Expect는 건강한 임신, 건강한 아기, 그리고 자신감 있는 육아를 위한 든든한 지원군이 되어 드립니다.

가족을 시작하고 임신 초기 징후를 파악하는 것부터 엄마로서의 삶, 신생아 돌봄, 그리고 유아기와 유아기를 헤쳐나가는 것까지, 성장하는 가족의 여정의 모든 단계에 대한 가이드를 찾아보세요. 임신 기간 동안 엄마, 부모, 그리고 예비 부모들과 함께하며 서로에게 도움을 주고 소통하세요.

임신 중

* 마지막 생리, 체외수정, 임신, 초음파 검사를 기반으로 출산 예정일을 계산해 주는 출산 예정일 계산기와 아기에 대한 재미있는 정보를 함께 제공합니다.
* 아기 발달, 입덧이나 메스꺼움 등의 증상, 가족 준비 팁을 제공하는 주별 임신 추적기
* 테마별 아기 크기 비교, 시각적 카운트다운, 그리고 280일 동안 자궁 내 아기 발달을 보여주는 3D 영상
* 모든 단계에서 도움이 되는 유용한 일일 팁
* '내 일지' 도구를 사용하여 배, 증상, 임신 체중, 발기 횟수, 출산 계획 및 추억을 기록하세요.
* 분만 징후, 임신 증상, 아기와 산모의 건강, 조산 및 유용한 팁에 대한 전문가 검토 기사
* 아기 목록 및 등록을 위한 등록 작성 도구
* 자세한 임신 및 아기 제품 리뷰와 전문가 구매 가이드
* 쌍둥이를 임신하셨나요? 다양한 쌍둥이 유형과 태아 자세에 대해 알아보세요.
* 진통 카운터를 사용하여 진통 빈도와 지속 시간을 기록하세요.

출산 후

* 아기 수유 시간을 측정하고 추적하며, 유축기 사용, 기저귀 갈기, 엎드려 자는 시간 등을 기록할 수 있는 베이비 트래커
* 신생아부터 유아기까지 아기의 각 발달 단계에 대한 월별 및 발달 단계 추적기(첫 돌 주요 발달 단계 포함)
* 아기의 나이, 발달 단계, 산후 회복, 육아 여정에 맞춘 일일 팁
* 산후 증상 및 복용 약물 기록
* 수면 일정, 수유 팁, 발달 단계, 아기의 성장 및 주별 발달에 대한 유익한 비디오 및 기사
* 아기 건강, 병원 예약 및 예방 접종에 대한 의학적 검토를 거친 기사 및 정보
* 지역 사회 그룹에 가입하여 같은 달에 출산 예정일, 신생아 관리, 산모의 건강 상태, 육아 스타일 등을 가진 사람들을 만나보세요.

가족 계획

* 출산 예정일 계산기를 사용하여 예상 아기의 예상 출산 예정일(TTC)
* 배란 계산기 및 추적기, 임신 초기 징후, 그리고 임신을 시도할 때의 감정 일기를 작성하세요.
* 배란 및 임신 징후, 불임 문제, 대리모 등을 이해하는 데 도움이 되는 전문가 조언과 기사
* 임신 및 불임 치료 준비를 위한 커뮤니티 그룹

회사 소개

What to Expect 앱의 모든 콘텐츠는 정확하고 최신이며 What to Expect 의료 검토 위원회를 포함한 의료 전문가의 검토를 거쳤습니다. 최신 건강 지침과 Heidi Murkoff의 신뢰할 수 있는 저서를 준수합니다.

의료 정보는 ACOG, AAP, CDC 및 동료 심사 학술지와 같은 전문가 출처에서 제공되어 신뢰성과 신뢰성을 보장합니다.

What to Expect의 의학적 검토 및 편집 정책에 대한 자세한 내용은 https://www.whattoexpect.com/medical-review/를 방문하세요.
내 정보 판매 금지: https://dsar.whattoexpect.com/

저희 임신 추적 앱을 사용하여 행복하고 건강한 임신과 아기를 키우세요! 함께 소통해요:

* 인스타그램: @whattoexpect
* 트위터: @WhatToExpect
* 페이스북: facebook.com/whattoexpect
* 핀터레스트: pinterest.com/whattoexpect
* 틱톡: @whattoexpect",출산/육아,https://play.google.com/store/apps/details?id=com.wte.view&hl=ko&gl=kr,,,,,,
android,kr,simple.babytracker.newbornfeeding.babycare,육아일기 - 신생아 트래커: 모유수유 및 수유어플,"신생아 트래커는 간단하고 믿을 수 있는 베이비 케어 도우미입니다. 자신의 아기의 모유 시간과 수면시간을 정확하게 기록할수있으며 한번의 탭만으로 쉽게 유축시간, 기저귀 갈기, 성장 데이터 등을 기록할 수 있습니다!

🌟 <b>아기 수유 기록</b>
- 모유 수유 타이머를 사용하여 각 유방의 모유 수유 시간을 관리하세요
- 모든 아기의 젖병 수유를 기록하세요(모유, 분유, 우유, 염소 우유 등)
- 분유 수유에 대한 신생아의 반응을 관리하고 기록하세요(선호도 또는 알러지 반응)

🌟 <b>기저귀 갈기 트래커</b>
- 매일 얼마나 많은 기저귀를 가는지 기록하세요
- 아기의 소변과 대변을 관리하고, 수분 부족, 변비 또는 설사에 빠르게 반응하세요

🌟 <b>함께 기르기</b>
- 파트너 또는 가족 구성원과 아기의 수유, 기저귀 갈기, 수면 등에 대한 기록을 공유하세요
- 여러 기기에서 아기의 기록을 즉시 동기화하세요. 

🌟 <b>아기 수면 트래커</b>
- 아기의 매일 수면 시간과 지속 시간을 기록하세요
- 아기가 밤에 수면을 시작하는 시점을 알아보세요

 🌟 <b>성장 트래커</b>
- 아기의 성장을 평가하고, 전 세계 평균과 비교하세요
- 조산 아기의 성장 차트를 조정하세요

◆ <b>다음 수유와 기저귀 갈이가 기억나지 않아서 걱정이세요?</b>
걱정하지 마세요. 앱에서 간편하고 믿을 수 있는 미리 알림을 설정해서 알림을 받을 수 있어요.

◆ <b>의사나 돌보미가 아기에 대해 물을 때 답변하기 어려우세요?</b>
신생아 트래커는 수유, 수면, 소변, 대변 및 체온 등에 대해 직관적인 그래프로 정보를 요약합니다. 모든 중요한 정보를 쉽게 관리해서 의사와 돌보미에게 알려줄 수 있습니다.

◆ <b>쌍둥이나 삼둥이인 경우, 이 앱을 사용할 수 있나요?</b>
예, 신생아 트래커로 아기마다 사용할 수 있어요. 앱 하나로 여러 아기의 활동을 기록할 수 있습니다. 

🌟 <b>추가 기능</b>
*건강 기록: 아기의 건강을 관리하세요. 투약, 예방 주사 및 체온 확인 등이 가능합니다
*일기 기록: 아기의 특별한 시간을 사진으로 기록하세요",출산/육아,https://play.google.com/store/apps/details?id=simple.babytracker.newbornfeeding.babycare&hl=ko&gl=kr,,,,,,
android,kr,yducky.application.babytime,"베이비타임 - BabyTime (수유, 육아, 일기)","*** 플레이스토어 추천 앱으로 2회 선정 및 다양한 미디어 매체에서도 추천 앱으로 선정되었습니다. ***
*** 400만명 이상이 사용한 최고의 육아 앱입니다! ***

아기의 수유 시간과 수면, 기저귀 교환 시간 정보를 편리하게 기록하는 수유 어플 BabyTime (베이비타임) 입니다. 뿐만아니라, 월령별 맞춤 정보, 성장일기, 자장가 등 육아 필수 기능 하나 하나를 최고의 품질로 만들었습니다.

[주요기능]
*정말 쉬운 수유 기록 및 수유 패턴 정보 제공
*사진 첨부 기능(일일기록, 성장일기)
*일일이 매번 시간에 맞춰 입력하지 않아도 쉽게 수정 가능.
 (물론, 스탑워치 방식도 지원합니다!)
*개월수별 발달 체크 기능 제공
*엄마, 아빠, 도우미 등 같이 보고 함께 기록이 가능합니다!
*실시간 백업! - 어디서든지 로그인만 하면 모두 복원됩니다.

*발달사항 정보 및 기록/공유 기능
 → 다른 아기의 발달사항과 비교해보세요! (공유기능!!)
 → 다른 아기 성장일기 데이터가 수만개 이상!

*바탕화면에 위젯 기능!!!
 → 수유/기저귀/수면 시간, 월령 표시,
 → 배고픔을 아이콘으로 표시: 아기의 월령에 따라 자동 설정!!!
 → 위젯 크기를 조절하면 총분유량, 수면 정보도 표시 가능

*월령에 맞는 맞춤 정보
 → 육아 발달 정보
 → 제휴된 육아 잡지 기사 정보 및 분유 정보 제공!

*알람 기능 및 시간 추천 기능
→ 월령, 수유 정보, 수유 간격등의 정보를 이용하여 다음 알람 시간을 추천해줍니다.
→ 사용 방법: 옵션(메뉴)-> 알람설정 또는 모유/분유/이유식의 수정화면에서 알람 버튼을 클릭하세요.
→ 알람은 한개만 등록됩니다. (중복 등록시 마지막 것만 유효)

*일일 통계 및 성장 과정을 그래프로 확인 가능하고 그림파일로 공유도 가능합니다.
→ 이른둥이의 경우 출산예정일을 기준으로 표준성장도표와 비교 가능.
→ 24시간의 하루 일과표를 지원합니다.

*아기 뮤직 박스 기능
→ 자장가, 빗소리, 폭포소리, 청소기 소리 등을 제공합니다.

*예방접종 기록 지원

*Wear OS 앱 지원 (간단한 Complication 지원)
 [참고] 갤럭시 워치4 이상 지원하고, 그 이전의 갤럭시 워치3 등은 다른 시스템이라서 지원되지 않습니다.

*단 한번의 터치만으로도 설정 가능합니다!!!
→ 가장 입력이 간단하면서 쉬운 어플이라고 감히 말씀드릴 수 있습니다.
→ 단순 메모 용도에서부터 디테일한 기능을 원하시는 분들 모두 만족하십니다.

*출산 후, 조리원 나오실 때 필수 아이템입니다!!!

*사용법: 
 -먼저 저장을 한 후에 나중에 수정하시면 편합니다. (완료 버튼)
 -위젯은 다양한 배경과 글자색의 조합 중에서 선택 가능합니다.

*위젯 등록 방법: 바탕화면 오래 눌러서 뜨는 메뉴 또는 All Apps의 Widget 메뉴 -> Baby Time 선택
*위젯 해제 방법: 위젯을 오래누른 후에 ""삭제""에 드래그하여 놓습니다.


*노트에 펜으로 일일이 기록하는 아내를 위해 만들었습니다.
 (언제 먹였는지, 얼마나 잤는지 기억하기가 어렵죠..)
*자주 쓰는 기능과 꼭 필요한 기능을 담았습니다. (의견 최대한 반영)
*아기를 안고 있는 상황을 고려하여 입력이 최대한 쉽도록 만들었습니다.

*** 문제 발생시 휴대폰 정보와 함께 메일로 증상을 알려주시면 개선하는데 도움이 됩니다. ^^ ***
 : 알려주시면 도움되는 내용: 폰 종류, 안드로이드 버전, 문제 증상 재현 방법 등

기타 궁금한 점이 있으시면 메일로 보내주세요. ^^
support@simfler.com 입니다.


*사용하는 권한 설명:
-파일 및 미디어(필수 아님): 기록 또는 일기 등에 사진을 첨부할 때 사용합니다. 이 권한에 동의하지 않아도, 해당 권한을 제외한 서비스 이용이 가능합니다.

*기기의 OS 버전이 안드로이드 6.0미만인 경우, 접근권한에 대한 허용 여부 선택이 불가하므로 OS 업데이트 가능 여부를 확인 후 안드로이드 6.0이상으로 업데이트 하시기 바랍니다.
OS 업데이트 후 기존에 허용한 접근권한은 기기의 설정 > 애플리케이션 관리 메뉴를 통해 재설정 가능합니다.

개발자 연락처: 010-3272-2271
----
개발자 연락처 :
(주)심플러 대한민국 14047 경기도 안양시
동안구 시민대로 181 2층 201-73호 (비산동) 4468100113 2024-안양동안-0491 본인 신고",출산/육아,https://play.google.com/store/apps/details?id=yducky.application.babytime&hl=ko&gl=kr,,,,,,
android,kr,com.wachanga.babycare,"애기 수유시간: 베이비 수유어플, 분유시간어플＋육아일기","이 앱은 신생아 수유텀 위한 믿을 수 있는 육아 도우미입니다. 모유수유, 분유, 이유식, 유축을 추적할 수 있습니다. 수면 시간, 키와 체중 같은 아기성장기록 용으로도 사용할 수 있어요. 이 신생아어플 아기키우기 돕습니다.

이 모유수유 어플로 다음을 할 수 있습니다:

✔️ 한쪽 또는 양쪽 가슴으로 모유수유를 추적합니다
✔️ 분유 수유를 기록합니다
✔️ 이유식 종류와 양을 측정합니다. 이유식식단표 기록합니다
✔️ 유축된 양(ml/oz)을 기록합니다
✔️ 기저귀 교환 기록 (젖은 기저귀, 더러운 기저귀)을 추적합니다
✔️ 하루에 교환한 기저귀 수를 확인할 수 있습니다
✔️ 목욕, 체온, 산책, 약물 복용을 기록합니다
✔️ 모유수유 타이머, 유축 타이머 와 수면 타이머는 쉽게 정지하고 재시작할 수 있습니다
✔️ 아기성장발달 계산기 – 아기의 키와 몸무게를 거의 매일 측정할 수 있습니다. 이 기록은 아기 일기에 저장됩니다
✔️ 각 이벤트에 대한 알림을 추가할 수 있습니다 - 주기적이고 설정하기 쉽습니다
✔️ 알림 표시줄에 아기 수유기록 및 수면 정보를 표시하여 쉽게 접근이 가능해요
✔️ 여러 아기의 육아일기장 추적할 수 있습니다. 쌍둥이도 지원합니다!

처음 엄마(FTM) 또는 새로운 엄마는 매우 피곤하고 도전적입니다! 임신을 거쳐 병원에서 집으로 돌아왔을 때, 완전히 지치고 새로운 책임감에 약간 압도될 수 있습니다. 생후 몇 달 간 신생아를 돌보는 일은 대부분 먹이기, 재우기, 기저귀 갈기, 가끔 병원 방문하기 등의 일정으로 흘러가요.

아기에게 마지막으로 수유하거나 기저귀를 교환한 시간을 기억하는 것은 항상 쉽지 않습니다. 이때 육아어플을 통해 모든 것을 추적하고 빠르게 확인할 수 있다면 큰 도움이 될 거예요. 필요할 때마다 분유 기록, 수유량 등을 확인할 수 있어 안심할 수 있고 하루가 훨씬 더 쉬워진답니다. 수유일지 매우 유용할 수 있습니다!

마지막 수유 시간을 추적하는 것은 매우 중요하며, 수유량과 얼마나 오래 먹었는지도 추적하여 아기발달체크 용으로 사용할 수도 있어요. 아기 체중이 정상적으로 늘고 있는지 확인하는 것도 매우 중요해요.

또한, 기저귀 교환을 추적하는 것은 아기의 건강을 유지하는 데 매우 중요합니다. 이 아기위젯어플을 사용하면 얼마나 자주 기저귀를 갈아 주었는지, 모든 것이 정상인지 추적할 수 있답니다.

어떤 부모님들에게는 이유식 온스 기록이 매우 중요하여 베이비어플이 반드시 필요할 거예요. 병원에서 퇴원한 후 일부 아기는 경미한 질병을 겪을 수 있습니다. 모든 정보를 추적하는 것은 아기의 회복과 건강한 성장에 도움이 됩니다.

새로운 엄마로서 자신도 돌보는 것을 잊지 마세요. 첫 몇 주는 매우 피곤할 것입니다! 소파에서 갑자기 잠들 때도 있을 것이며, 모두가 도움이 필요합니다. 알람과 그래프는 스트레스 없이 해야 할 일을 한눈에 확인할 수 있는 좋은 방법입니다.

수유나 다른 활동을 시작하려면 적절한 버튼을 클릭하세요. 아기 케어 기록은 신뢰할 수 있게 저장됩니다. 아기성장보고서가 신뢰할 수 있게 저장이 될 것이고, 이 모든 정보는 소아과 의사를 방문할 때 유용할 수 있으며, 아기의 향후 발달에도 도움이 될 것입니다.

이유식달력 유축어플로 쉽게 수유하고 육아를 즐기세요. 이 모유수유 어플은 모든 것을 추적하고 모성을 즐길 수 있게 도와줍니다.

의견과 제안을 이메일로 보내주세요, 가능한 빨리 구현하겠습니다!",출산/육아,https://play.google.com/store/apps/details?id=com.wachanga.babycare&hl=ko&gl=kr,,,,,,
android,kr,com.drillyapps.babydaybook,Baby Daybook: 수유시간어플. 신생아 수유일지,"Join over 2 million parents who trust Baby Daybook – the all-in-one baby tracker that makes parenting easier from day one!
Track feedings, sleep, diaper changes, growth milestones, and health – with an easy newborn tracker built for busy parents.

With Sleep Predictions, you’ll get a real-time, personalized sleep schedule that adapts as you log naps and wake times. See ideal nap times on a visual sleep timeline and receive smart reminders before your baby gets overtired. Backed by expert recommendations and tailored to your baby’s sleep patterns, Baby Daybook helps you build healthy routines and better sleep.

Track every detail easily: breastfeeding, pumping, bottle-feeding, or starting solids.
Real-time family sync lets you share updates instantly with partners, caregivers, and daycare.
From newborn to toddlerhood, Baby Daybook grows with you – helping you track milestones, celebrate progress, and support your baby's development.

Make parenting easier – download Baby Daybook now!

BABY SLEEP TRACKER & PERSONALIZED SLEEP PREDICTIONS
Build healthy sleep habits with our real-time predictions based on your baby’s sleep patterns, wake windows, and developmental needs:
• Smart Sleep Predictions – Know exactly when your baby needs their next nap.
• Nap & Night Sleep Tracker – Log naps, nighttime sleep, and awake periods.
• Visual Sleep Timeline – View your baby’s daily sleep schedule at a glance.
• Nap Reminders & Alerts – Get notified before your baby gets overtired.

BABY FEEDING TRACKER
Track breastfeeding, pumping, bottle-feeding, and solid foods:
• Breastfeeding Log – Start and stop timers for each side.
• Pumping Tracker – Log sessions and monitor milk supply.
• Bottle Feeding Log – Record bottles of breast milk or formula.
• Baby Food Tracker – Track solids, reactions, and preferences.


DIAPER TRACKER & POTTY TRAINING LOG
Keep your baby comfortable and track diapers & potty training progress:
• Diaper Log – Record wet, dirty or mixed diapers.
• Potty Training Tracker – Monitor potty times and set reminders.

GROWTH, HEALTH & DEVELOPMENT TRACKER
Support your baby’s development, from their first milestones to important health tracking, all in one place:
• Growth Tracker – Enter height and weight, and compare with CDC & WHO charts.
• Teething Tracker – Track baby teeth development with a visual teeth chart.
• Baby Health Log – Log symptoms, temperature, medications, doctor visits, and vaccines.

ADDITIONAL FEATURES FOR EASY PARENTING
• Custom Activity Tracking – Log tummy time, walks, playtime, bath time, and more.
• Real-Time Family Sync – Share updates instantly with caregivers and family.
• Daily Statistics & Reports – Analyze baby’s feeding, sleep, and growth patterns.
• Exportable Data – Create printable health and growth reports.
• Visualized Timeline – See you baby's day at a glance.
• Reminders & Notifications – Stay organized with feeding, diaper, and sleep reminders.
• Photo Moments & Milestones – Capture special memories in a baby photo album.
• Widgets & Wear OS Support (including tiles and complications) – Quick access and baby’s schedule at a glance, even on the go.

Start using Baby Daybook today – the best free baby care tracker for newborns, infants, and toddlers! Enjoy peace of mind, better sleep, and more sweet moments. Download now!",출산/육아,https://play.google.com/store/apps/details?id=com.drillyapps.babydaybook&hl=ko&gl=kr,,,,,,
android,kr,com.hp.babyapp,아기 + | 우리 아기 추적기,"<b> 아기가 태어났나요? 축하드립니다! 아기의 성장과 발달, 다가오는 성장 이정표를 추적하는 데 도움을 주는 아기+ 추적 앱을 다운로드하세요. 힘을 주는 수많은 기사를 무료로 읽고 수유 동영상 가이드를 무료로 시청하세요! </b>

저희는 임신 앱과 아기 앱을 통해 전 세계 8천만여 명의 부모님으로부터 신뢰를 받아 왔습니다. 아기의 처음 1,000일 동안 성장과 발달을 가이드하며 새로 태어난 아기의 설레는 이정표와 추억을 기록하는 유용한 도구도 제공하겠습니다!

<u> 아기에 대한 가장 중요한 정보</u>
✔️ <b>일일 블로그</b> 적시에 알맞은 정보를 제공합니다
✔️ <b>주간 발달 가이드</b> 아기의 월령에 맞춰 아기의 성장을 보여줍니다
✔️ <b>육아 가이드</b> 첫돌까지 도움을 드립니다
✔️ <b>수유 동영상</b> 젖물리기를 도와주는 시각적 가이드를 제공합니다
✔️ <b>회복 팁</b> 분만 후 자신의 몸을 돌볼 수 있도록 지원합니다
✔️ <b>활동 아이디어</b> 아기와 계속해서 즐겁게 놀아 줄 수 있도록 월령에 맞는 활동을 안내합니다

<u>추적 도구 </u>
✔️ <b>성장 추적기</b> 아기의 성장을 추적하도록 도와줍니다
✔️ <b>수유 추적기</b> 모유 수유, 유축, 젖병 수유를 모니터링합니다
✔️ <b>체중 추적기</b> 원하는 경우 자신의 체중을 추적할 수 있습니다
✔️ <b>수면 및 달래기 추적기</b> 아기의 행동 패턴을 지켜볼 수 있습니다
✔️ <b>아기 건강 추적기</b> 체온, 약물 복용, 예방 접종을 기록합니다
✔️ <b>기저귀 추적기</b> 아기 기저귀를 얼마나 자주 갈아야 하는지 모니터링할 수 있습니다

<u>추억 만들기</u>
✔️ <b>일기</b> 놀라운 경험 모두를 기억하도록 도와줍니다
✔️ <b>소중한 순간</b> 아기와 함께하는 아름다운 순간을 포착해 공유하고 추억할 수 있습니다 
✔️ <b>이정표</b> 잡기, 기어다니기, 걷기와 같은 아기의 이정표를 추적합니다
✔️ <b>치아 추적기</b> 월간 참조 차트와 비교해 아기의 치아 발달을 기록합니다

<u>개인 맞춤 기능</u>
✔️ <b>사용자에게 맞춘 기사, 가이드, 알림</b>을 아기 출산일에 기반하여 보여줍니다 
✔️ <b>아기의 이름과 사진을 추가</b>해 아기의 발달을 좀더 개성 있게 추적할 수 있습니다 
✔️ <b>사랑하는 사람과 앱을 공유</b>하여 아기의 성장을 함께 지켜보며 추적할 수 있습니다
✔️ <b>여러 명의 자녀나 쌍둥이를 위한 지원</b>을 통해 가족의 고유한 기록을 남길 수 있습니다

<u>보너스 기능</u>
✔️ <b>일정 추적기</b>로 본인과 아기의 일정을 계속해서 기록할 수 있습니다
✔️ <b>자장가</b>를 통해 아기가 잠들도록 도와줄 수 있으며 매월 무료로 새로운 디즈니 자장가를 받을 수 있습니다
✔️ <b>백색 소음</b>으로 배 속에 있을 때 들리는 소리, 빗소리를 비롯해 헤어 드라이어 소리까지 지원하여 아기를 달랠 수 있게 도와줍니다

<u>소셜 미디어에서 저희를 팔로우하세요 </u>
페이스북: https://www.facebook.com/BabyPlusApp
인스타그램: @babyplus_app

<b> 아기+ 추적기 앱을 오늘 다운로드하세요</b>

임신+와 아기+는 8천만여 명의 부모님으로부터 신뢰를 받아 왔으며. 아기의 발달과 성장을 위해 가장 사랑받는 우리 아기 추적기, 아기+ 앱을 지금 다운로드하세요! 귀하와 아기 모두에게 도움이 됩니다.

개인정보 보호 고지문: https://info.philips-digital.com/PrivacyNotice?locale=ko&country=KR

이용 약관: https://info.philips-digital.com/TermsOfUse?locale=ko&country=KR

본 아기 앱은 의료용이 아니며 훈련받은 의사의 조언을 대체하기 위한 것도 아닙니다. Philips Consumer Lifestyle B.V.에서는 일반적인 수준에서만 정보를 제공하며, 개인에 맞는 의학적 조언을 대체하지 않는 본 앱을 기반으로 귀하가 내린 모든 사용 또는 오용 결정에 대하여 책임지지 않습니다. 본인 또는 아기의 건강에 대하여 걱정되는 부분이 있다면, 담당 의사, 소아청소년과 의사 또는 의료 제공자와 즉시 상담하세요.

<b>아기+ 추적 앱은 귀하와 아기가 행복하고 추억 가득한 첫해를 함께 보내시기를 진심으로 기원합니다!</b>",출산/육아,https://play.google.com/store/apps/details?id=com.hp.babyapp&hl=ko&gl=kr,,,,,,
android,kr,com.yugacrew.yugacrewApp,"육아크루 - 동네 육아친구 찾기, 우리 동네 육아앱","""엄마, 엄마도 친구 있어?"" ""응, 육아크루에서 만났어!""
모든 게 온라인으로 변해도, 육아는 오프라인이고 동네니까.
반복되는 육아 일상을 함께 채워줄 동네 친구가 필요하니까.

""유모차 산책해요!"" ""놀이터 같이 가요!"" ""공동육아해요!""
임신과 출산, 그리고 육아의 여정을 함께할 동네 친구를 만나세요. 
엄마들이 추천하는 우리 동네 육아앱, ‘육아크루’
 
[육아크루 주요 기능]
● 짝크루
- 육아 짝꿍, 육아 절친, 동네 엄마 친구! 엄마도 아이도 가까이 사는 동네 친구가 생겨요.
- 사는 곳, 자녀 개월 수, 자녀 성별, 엄마 나이, 직업 상태 등 육아 상황이 비슷한 동네 육아친구를 무료로 연결해 드려요.
- 조리원 동기, 동네 언니가 없다면? 육아크루에서 짝크루를 만나 보세요.

● 원데이크루 
- 오늘 아이랑 뭐하지? 원데이크루 해요! 
-     등 어린이 공연 초대권을 드려요!
- 우리 동네 키즈룸, 키즈풀, 키즈카페를 육아크루 특가로 예약해요.
- 육아법 강의, 플리마켓, 쿠킹 클래스 등 원데이 프로그램에 참여해요. 
- 육아크루 단독 육아용품 핫딜과 체험단! 크루 할인가로 구매하는 국민 출산템, 육아템

● 자유모임 (우리 동네 육아 소모임)
- 엄마들끼리는 통하는 게 있으니까! 동네 산책모임, 취미 모임, 공동육아 모임을 직접 만들고 참여해요.
- 자기계발, 스터디, 재테크, 카페, 맛집 투어, 운동 인증, 독서, 엄마표 영어, 미라클모닝, 번개, 동호회, 러닝 크루, 외국어 공부, 등산, 챌린지 등 엄마들의 소모임!
- 워킹맘 모임, 전업맘 모임, 프리랜서 모임, 육아휴직 모임, 20대 맘, 30대 맘, 40대 맘, 쌍둥이 모임, 지역별 육아 모임 모두 육아크루에서 만나요. 

● 크루톡 - 동네 정보
- 우리 동네 소아과, 어린이집, 육아종합지원센터, 어린이 도서관, 보건소, 산후도우미, 유모차 산책 코스부터 내가 사는 지역의 출산 및 육아 지원금 정보까지
- 선배 육아맘들이 알려주는 육아정보, 육아꿀팁도 한가득! 
- 우리 동네 크루끼리 실시간으로 육아소통해요.

● 커리어톡 
- 육아맘에게 적합한 재택근무, 유연근무, 파트타임 프리랜서 공고를 모았어요! 
- 육아크루의 엄마 멤버들이 1차 검증한 채용 공고, 일자리 포지션들을 확인해 보세요.
- 육아와 병행할 수 있는 일자리, 동네에서 도보로 촐퇴근 가능한 일자리를 모았어요.

[이런 엄마들에게 육아크루를 추천해요]
- 비슷한 출산시기 + 가까이 사는 엄마들과 소통하고 싶을 때
- 우리 아기 개월수에 맞는 육아정보가 궁금할 때
- 오늘 아이랑 뭐하지? 고민될 때 
- 같은 동네 엄마들끼리 모여있는 커뮤니티를 찾을 때 

엄마가 엄마를 응원하는 커뮤니티, 같은 동네 엄마들끼리 모이는 커뮤니티, 육아크루.
재미있는 콘텐츠로 공동육아하고, 엄마도 아이도 친구가 되는 시간.
우리, 동네에서 육아친구 해요! 

[육아크루가 더 궁금하다면?]
- 공식 홈페이지 : yugacrew.com
- 공식 인스타그램 : @yugacrew.official

[육아크루에게 전달할 이야기가 있으시다면?]
- 육아크루 앱 내 “마이페이지 > 문의하기”
- 대표 이메일: help@yugacrew.com
- 개발자 이메일 : help@yugacrew.com
- 개발자 연락처 : 서울시 강남구
- 정보 및 계정 삭제 문의 : https://forms.gle/Q9rkUnS2BbtFE2sQ6",출산/육아,https://play.google.com/store/apps/details?id=com.yugacrew.yugacrewApp&hl=ko&gl=kr,,,,,,
android,kr,sleeptrakcer.sleeprecorder.sleepapp.sleep,"수면분석 - 수면, 오토슬립, 코골이","매일 밤 수면 상태가 어떤지 알고 계시나요?
<b>수면 추적기</b>는 개인 수면 사이클 모니터이자 코골이 녹음 기능과 수면 유도 사운드를 제공합니다. 이 앱으로 수면 패턴과 관련하여 알고 싶은 것은 무엇이든 찾을 수 있고 코골이와 잠꼬대를 확인할 수 있으며 스마트 알람을 자기에게 맞게 설정하여 수면 문제를 개선하고 수면에 도움을 받을 수 있습니다. 망설일 필요가 없겠죠? 당장 다운로드 하여 수면의 질을 개선하고 더 건강한 삶을 누리세요.

<b>수면 추적기로 사용할 수 있는 여섯 가지 기능</b>：

📊  수면의 깊이와 사이클 알아보기
📈  주간 및 월간 수면 추이 탐색하기
💤  코골이나 잠꼬대를 녹음하여 들어보기
🎶  수면 유도 사운드를 들으며 이완하기
⏰  스마트 알람으로 부드럽게 기상하기
✏️  수면 메모와 기상 시 컨디션 등을 기록하기

<b>수면 추적기를 다운로드 해야만 하는 이유</b>：

√  이유를 모르겠는데 이상하게 너무 피곤한 날이 있으신가요?
√  불면증으로 고생하다보니 마치 자면서도 질주하는 듯 하여 이를 멈추고 싶으신가요?
√  더 이상 만성피로 없이 아침에 최상의 컨디션으로 생활하고 싶으신가요?
√  언제 잠이 들고 언제 숙면에서 깨게 되었는지 알고 싶으신가요?
√  비싼 수면 추적 기기 마련하기가 부담스러우신가요?
√  코골이나 잠꼬대, 기타 수면 중 여러 가지 다양한 소리들에 대해 궁금하신가요?

<b>수면 추적기</b>가 위에 모든 바램들을 이루어주고 삶을 좀 더 생산적으로 만들어줄 거예요. 😉

<b>섬세하게 설계한 기능</b>:

⭐️  <b>수면 사이클 녹음 확인</b>
야간 수면의 질이 어떤가요? 매일, 주간, 월간 단위로 수면 보고서를 확인하면서 수면 추이를 간편하게 추적할 수 있어요. 베개 밑에 휴대폰을 굳이 둘 필요가 없어요. 그냥 가까이 두기만 해도 충분해요.

⭐️  <b>수면 중 목소리 듣기</b>
코를 골거나 밤중에 잠꼬대를 하는지 궁금하신가요? 여기에 야간 음성 녹음 기능을 사용해보세요. 친구와 재밌는 소리들을 공유할 수도 있어요.

⭐️  <b>편안한 사운드로 수면 돕기</b>
편안한 사운드를 선택하여 들으면서 이완하고 스트레스를 풀면서 더 빨리 잠들 수 있을 거예요.

⭐️  <b>스마트 알람 맞춤 설정</b>
깨고 나서도 계속 또 잠이 드시나요? 스마트 알람을 자신에게 맞게 설정하여 가수면 상태에서 부드럽게 잠을 깨세요. 다양한 알람 벨소리를 선택하여 상쾌하게 에너지가 충전되는 느낌을 받아보세요.

⭐️  <b>수면 메모 & 기상 시 기분 기록</b>
잠자리 전 일부 습관으로 인해 불면증이 생기거나 기상 시 컨디션이 안좋아질 수 있다는 사실 알고 계셨나요? 수면 메모를 기록하고 기상 시 컨디션을 선택하여 이런 나쁜 신호를 잡아내세요.

지금 바로 <b>수면 추적기</b>를 다운로드 하여 모든 수면 문제를 해결하세요. 이 앱을 사용하여 편안하게 잠들고 상쾌하게 기상하세요. 잘 자야 잘 살 수 있어요💪.",건강/운동,https://play.google.com/store/apps/details?id=sleeptrakcer.sleeprecorder.sleepapp.sleep&hl=ko&gl=kr,,,,,,
android,kr,com.northcube.sleepcycle,슬립 사이클: 수면 분석 및 스마트 알람 시계,"스마트 알람 시계인 슬립 사이클로 긴장을 풀고, 더 잘 자고, 편안하게 일어나세요. 취침 시간부터 아침까지 수면을 추적하고 아침에 깨어날 수 있게 돕는 앱으로 자세한 분석을 받으세요. 

스마트폰을 사용해 수면을 추적하고, 지능형 알람 시계 및 수면 추적기로 활력이 넘치는 하루를 시작하세요. 독특한 디자인으로 얕은 수면 단계에 있는 동안만 여러분을 깨웁니다. 슬립 사이클은 또 취침 시간부터 깨어날 때까지 수면 패턴을 모니터링하므로 자세한 보고서를 받을 수 있습니다. 수면을 추적하고 데이터를 사용해 오늘 더 깊은 숙면을 취하세요. 

⏰ 쉽게 일어나기 - 슬립 사이클을 좋아할 만한 5가지 이유:

1. 부드러운 모닝콜로 더 잘 자자
-슬립 사이클의 알람 시계는 얕은 수면 중에 깨어나 하루를 시작하는 자연스러운 방법입니다.
2. 취침 시간에 휴식을 취하고 수면을 쉽게 추적하자
-상세한 분석을 통해 수면 패턴을 알아보세요. 
3. 차이가 있는 수면 추적기
-베개 아래에 전화기를 두지 않아도 됩니다. 기기를 침대 옆 탁자에 놓거나 바닥에 가까이 두고 수면을 추적할 수 있습니다. 
4. 건강이 최우선
-수면 데이터와 보고서는 몸도 마음도 건강할 수 있게 돕습니다. 
5. 더 나은 숙면
-휴식을 취하면서 슬립 사이클이 가벼운 수면, 깊은 수면 및 전반적인 건강을 분석하도록 하세요.

건강에 큰 도움이 될 숙면으로 휴식을 취하세요. 

오늘 슬립 사이클을 다운로드하세요
-아침에 일어나는 것이 그 어느 때보다도 쉬워졌습니다! 

무료 기능

√ 슬립 사이클 특허 사운드 기술 또는 가속도계를 사용한 수면 분석
√ 자세한 수면 통계 및 일일 수면 그래프
√ 신중하게 선택한 알람 멜로디
√ 휴대폰을 가볍게 흔들거나 두 번 탭하여 일시 중지
√ 사용자 맞춤형 기상 창. 즉시 알람(일반 알람 시계)부터 최대 90분까지

프리미엄 기능

√ 장기 수면 트렌드 추적기
√ 수면 데이터를 세계 수면 통계와 비교하기
√ 코골이 트렌드 - 과거 코골이 트렌드 데이터 보기
√ 기침 : 매일 밤 나의 기침 수준을 추적 및 비교하며 건강을 위한 현명한 결정을 내리세요
√새 기능! 코골이 범은 누구? 더욱 정확한 수면 분석을 위해 누가 코를 고는지 밝혀내세요
√ 수면 보조 장치 - 더 쉽게 잠들 수 있게 도와줍니다
√ 수면 메모 - 커피 마시기, 스트레스, 운동 또는 늦은 식사 등이 수면의 질에 어떤 영향을 주는지 확인합니다
√ 기상 기분 - 수면 주기가 일어날 때의 기분에 어떤 영향을 미치는지 확인할 수 있습니다
√ 온라인 백업 - 온라인으로 수면 데이터를 보호할 수 있습니다
√ 자세한 분석을 위해 엑셀로 수면 데이터 내보내기

Wear OS에서 사용 가능
√ 휴대폰을 침대 옆 탁자 위에 두고 시계를 통해 수면을 추적해보세요.
√ 다른 사람을 깨우지 않고도 손목에 부드러운 진동이 전달됩니다.
√ 어젯밤 수면에 대한 간략한 요약
√ 더 쉽게 사용할 수 있도록 ""타일""과 ""컴플리케이션""을 포함합니다.


요구 사항
침대 옆에서 휴대폰을 충전할 수 있어야 함.
침대 옆 탁자나 바닥처럼 침대 근처에 휴대폰을 놓을 수 있어야 함.",건강/운동,https://play.google.com/store/apps/details?id=com.northcube.sleepcycle&hl=ko&gl=kr,,,,,,
android,kr,com.sleepmonitor.aio,Sleep Monitor: 수면 추적기 및 레코더,"어제 밤에 어떻게 잤어? 🌛

수면 모니터는 수면주기 세부 정보를 추적하고 기록하는 데 도움이됩니다. Sleep Monitor에는 또한 스마트 알람 시계가있어 밤에 일찍 잠을 자고 아침에 부드럽게 깨울 수 있습니다. 또한 수면 모니터는 더 나은 수면을 위해 편안한 음악을 제공합니다.
 
주요 특징들:
 📊- <b> 신규 : 수면 트렌드 </b>
주간 및 월간 데이터 통계를 통해 수면의 질을 개선하고 더 나은 수면 습관을 개발합니다.

🎙- <b> 사운드 녹음 </b>
수면 모니터는 수면 중에 들리는 코골이, 꿈 이야기 또는 이빨 갈기 소리를 녹음하고, 듣고, 다음날 아침 수면에 대해 더 자세히 알아 봅니다! 재미로!
 
💤- <b> 수면 습관 표시 </b>
술을 마시고, 먹고, 운동하고, 병리학 적 상태 나 우울한 감정이있는 경우, 이러한 수면 습관이 수면에 어떤 영향을 미칠 수 있는지 확인하십시오.
 
📲- <b> 수면주기 추적 </b>
수면자는 밤에 4 ~ 5 회의 수면주기를 갖습니다. 일반적으로 수면자는 한 수면주기에서 네 가지 수면 단계를 통과합니다. 대부분의 꿈은 일어납니다) 수면. 이 단계는 1에서 REM까지 주기적으로 진행된 다음 1 단계부터 다시 시작됩니다.
 
수면 모니터는 마이크와 가속기 센서를 모두 사용하여 신체 움직임과 환경 소음 변화를 측정 한 다음 수면 단계를 인식하는 데 도움을줍니다.
수면 모니터는 수면 상태를 확인하고 스마트 밴드 나 스마트 워치와 같은 액세서리에 투자하고 싶지 않은 사람들에게 특히 유용합니다.
 
⏰-<b> 스마트 알람 시계 </b>
아침 기상 또는 낮잠에 대한 알람을 설정하거나 취침 시간에 대한 알림을 설정하십시오.
 
🎵- <b> 자장가 달래기 </b>
잠들기 전에 경주의 마음을 진정시키기 위해 고품질의 편안한 음악을 들으십시오. 다양한 종류의 수면 소리로 빠르게 잠들기.

✍-<b> 수면 노트 </b>
수면에 대한 간단한 메모를 작성하십시오. 원하는 것은 무엇이든 적어 두어 잊지 않도록하십시오.
 
👩‍❤️‍💋‍👩 <b> 대상 그룹 </b>
-낙상 및 / 또는 수면 장애가 특징 인 수면 장애인 불면증을 앓고있는 사람들.
-수면의 질 저하 징후가 있는지자가 진단을하고 싶은 분.
-수면의 질을 걱정하는 사람들
 
📲 <b> 앱 작업 ​​요구 사항 </b>
√ Android 휴대 전화를 베개 나 침대 근처에 두세요.
√ 간섭을 제거하기 위해 혼자 수면
√ 배터리가 충분한 지 확인하십시오

📝 <b> 수면 기록 저장 정보 </b>
무료 버전 사용자는 전화에 최신 7 개의 수면 기록을 저장할 수 있습니다. Pro 버전 사용자는 앱 측에 최대 30 개의 최신 수면 기록을 저장하고 모든 기록 기록을 클라우드 스토리지에 백업 할 수 있습니다.

🔐 <b> 슬립 모니터 프로 즐기기 </b>
√ 수면 요인 사용자 지정
√ 오디오 녹음 다운로드
√ 30 개 저장 및 모든 수면 기록 백업
√ 모든 수면 음악, 수면 노트, 수면 트렌드 잠금 해제
√ 광고 없음

침실이 조용하고 어둡고 시원해야합니다. 잠들기 전에 긴장을 푸십시오.
아기처럼 잘 수 있기를 바랍니다!",건강/운동,https://play.google.com/store/apps/details?id=com.sleepmonitor.aio&hl=ko&gl=kr,,,,,,
android,kr,com.visionwizard.sleeptrack,Sleep Tracker & Sound by Remly,"잠들기 어렵거나 숙면을 취하기 힘드신가요?

Remly는 편안한 소리, 잔잔한 백색 소음, 명상 가이드, 그리고 간편한 수면 추적 및 녹음 기능으로 편안한 취침 시간을 만들어 드립니다. 더 빨리 잠들고, 더 깊은 잠을 자고, 매일 아침 상쾌하게 깨어나세요.

소리와 명상으로 즉시 편안함

평온한 소리, 명상 음악, 그리고 마음을 진정시키는 백색 소음으로 긴장을 푸세요. 자연의 소리, 잔잔한 음악, 또는 클래식 백색 소음 중에서 선택하세요. 모두 편안한 휴식, 명상, 그리고 숙면을 위해 만들어졌습니다.

나만의 완벽한 사운드 만들기

소리만 듣지 말고, 나만의 수면 환경을 만들어 보세요. 빗소리, 파도 소리, 새소리 등을 백색 소음과 명상 음악에 조합하여 나만의 수면 환경을 조성하세요. 모든 소리는 당신의 평온함, 집중력, 그리고 휴식을 도와줍니다.

밤새도록 소리 기록하기

Remly는 단순한 수면 추적기가 아닙니다. 코골이, 대화, 하품 등 밤에 나는 소리를 녹음할 수 있는 강력한 녹음기이기도 합니다. Remly의 수면 추적기와 기록기는 당신의 수면 패턴을 분석하고, 명상과 백색 소음은 수면의 질을 개선하는 데 도움을 줍니다.

중요한 정보를 확인하세요

Remly의 수면 추적기를 통해 수면 시간, 수면 패턴, 그리고 밤새 녹음된 내용을 확인하세요. 이러한 정보와 함께 편안한 소리, 명상, 백색 소음을 활용하여 더욱 건강한 수면 습관을 만들어 보세요.

간단하고 소리 중심적인 디자인

Remly는 모든 기능을 간편하게 사용할 수 있도록 설계되었습니다. 깔끔하고 직관적인 인터페이스에서 사운드 라이브러리를 탐색하고, 명상 세션을 즐기고, 편안한 소리와 백색 소음을 조합하고, 수면 추적기와 기록기에 접속하세요.

수면 노트 및 수면 요인

잠자리에 들기 전, 커피, 알코올, 스트레스, 빛 노출 등 수면에 영향을 줄 수 있는 요인들을 기록해 보세요. Remly의 수면 추적기와 기록기에 이러한 요인들을 기록하고, 수면 패턴과 소리의 관계를 분석하여 수면에 미치는 영향을 파악하세요.

기상 후 기분 기록 및 그래프

매일 아침 기분을 기록해 보세요. 아침에 일어났을 때의 기분을 기록하고, 간단하고 보기 쉬운 그래프로 시간 경과에 따른 패턴을 확인하세요. 명상과 차분한 소리를 함께 활용하면 숙면과 상쾌한 아침을 모두 개선할 수 있습니다.

호흡 운동 및 심박수 추적

Remly는 호흡 운동을 심박수 추적기와 직접 연동합니다. 심박수가 높아지면 앱에서 진정 효과가 있는 호흡 운동을 안내합니다. 사운드 테라피, 명상, 백색 소음을 통해 스트레스를 줄이고 더욱 깊은 수면을 준비하세요.

Remly로 다음을 경험해 보세요.

명상, 차분한 소리, 백색 소음으로 숙면을 취하세요.

나만의 사운드 믹스로 맞춤형 경험을 만드세요.

수면 추적 및 기록 기능을 사용하여 밤의 수면 패턴을 분석하세요.

깊고 회복력 있는 수면으로 전반적인 건강을 개선하세요.

지금 Remly를 다운로드하고 명상, 사운드 테라피, 백색 소음, 그리고 가장 직관적인 수면 추적 및 기록 기능을 통해 더욱 편안한 밤을 맞이하세요.

이용약관: https://storage.googleapis.com/static.sleepway.app/terms-and-conditions-english.html

이용약관: https://storage.googleapis.com/static.remlyapp.com/privacy-policy.html

개인정보 보호정책: https://storage.googleapis.com/static.remlyapp.com/terms-and-conditions.html

면책조항: Remly는 의료기기가 아니며 질병을 진단, 치료, 완치 또는 예방하지 않습니다.",건강/운동,https://play.google.com/store/apps/details?id=com.visionwizard.sleeptrack&hl=ko&gl=kr,,,,,,
android,kr,droom.sleepIfUCan,알라미 - 무조건 깨워주는 알람 시계,"무조건 깨워주는 강력한 기상 미션,
눈이 번쩍 뜨이는 영상 알람으로 당신의 아침이 달라집니다.

■ 전 세계 1억 유저가 선택한 No.1 알람
스토어 리뷰 200만 개, 평점 4.7+
2023 구글 플레이 올해의 앱으로 선정된 알람시계 & 수면 분석 어플입니다.
[ 건강한 생활 습관 만들기, 효율적인 공부 시간 확보, 갓생을 위한 루틴 갖기 ]

■ 아침잠을 한 번에 깨우세요, 알람 미션
알람소리만으로 한 번에 일어나기 힘들다면?
[ 수학 문제 풀기, 기억력 게임, 흔들기, 스쿼트 ] 등
다양한 기상 미션으로 아침잠을 확실히 깨워드려요.

■ 아침잠이 유독 많은 분들을 위한, 스페셜 알람 기능
그 어떤 알람으로도 깨지 못하는 헤비 슬리퍼라면?
[ 전원 끄기 방지, 다시 잠들기 방지 ] 기능으로
절대 다시 잠들지 못하도록 막아드려요.

■ 어떤 소리로 일어나고 싶나요, 100개 이상의 알람 소리 지원
내가 원하는 알람 소리로 아침을 시작하세요
[ 부드러운/시끄러운 소리, 최애 연예인 목소리, 좋아하는 음악 ] 등
원하는 알람 소리를 설정할 수 있어요.

■ 어젯밤에 푹 잘 잤나요, 코골이 & 수면 분석
잠을 잘 못 자면 아침 컨디션도 떨어져요.
어젯밤 코골이가 심했는지, 깊은 잠과 렘수면은 충분한지
[ 코골이 여부와 심각도, 슬립 사이클 (sleep cycle) ] 까지
수면 분석으로 내 슬립 사이클을 확인해 보세요.

■ 빠르게 딥 슬립으로, 수면 사운드
잠이 오지 않아서 한참을 뒤척이는 분들을 위해,
다양한 수면 사운드를 제공합니다.
[ asmr, 비 소리, 백색소음, 명상 ] 등
원하는 수면 사운드로 미라클나잇을 경험하세요.

■ 일정한 시간에 잠들어요, 수면 리마인더
일정한 시간에 잠드는 슬립 루틴이 생기면
더 개운한 아침을 맞이할 수 있어요.
약속한 취침 시간이 되면 알림을 보내드립니다.
갓생을 위해 규칙적으로 잠드는 습관도 만들어 보세요.

—

▶ 이런 분들에게 추천드려요!

- 알람 시계를 분 단위로 기본 5개 이상 맞추고 자는 분
- 아침잠이 많아서 지각할까 봐 고민이신 분
- 새벽, 야간 출근을 해야 하는 분
- 삼성, 애플 기본 알람시계보다 더 강력한 알람을 찾는 분
- 아침 공부나 운동 등 미라클모닝, 갓생 습관 만들고 싶은 분
- 많이 자도 피곤해서 슬립루틴 개선이 필요한 분
- 코골이가 있는지, 코골이가 심한지 궁금하신 분
- 슬립 사이클 (sleep cycle) 개선해서 미라클나잇 만들고 싶은 분

▶ 알라미를 사용한 유저들의 리뷰

“새벽 공부할 때 한번에 일어날 수 있었어요”
“알라미 덕분에 아침 게으름 습관, 수면 습관 모두 고쳤어요”
“앱 너무 좋아요! 갓생 사는 기분을 느끼고 있어요”
“자연스럽게 아침 루틴을 지키게 되었어요”
“이제 기본 알람 시계 못 쓰겠어요. 알라미는 잠 깨우는 앱으로 최고예요”
”앱 종료할 때마다 나오는 동기부여 문구 덕분에 힐링돼요”
""수면 분석을 통해 내 슬립 사이클, 코골이를 처음 알게 됐어요""
""불면증이 심했는데 수면 습관이 개선되는 것을 경험했어요""

—

▶ 알라미로 갓생 습관 만드는 꿀팁

- 미라클모닝 공부 루틴 만들기
1. 목표 기상 시간을 설정하고, 알람 해지 미션으로 '사진 미션'을 선택한다
2. 공부할 책 표지를 미션용으로 설정한다
3. 알람이 울리면 침대를 벗어나 공부 책을 찾아 알람 off
4. 기지개 한번 펴고 이대로 공부하면 갓생 습관 완성!
- 미라클모닝 운동 루틴 만들기
1. 목표 기상 시간을 설정하고, 알람 해지 미션으로 '스쿼트'를 선택한다
2. 알람이 울리면 침대를 벗어나 바로 스쿼트를 시작한다
3. 이왕 시작한 김에 운동하면 갓생 습관 완성!
- 미라클나잇 수면 루틴 만들기
1. 취침 시간이 되면 '수면 측정하기' 버튼을 눌러 수면트래커 on
2. 아침 알람이 울리면 일어나서 수면 분석 리포트 확인
3. 5일 이상 성공하며 슬립 사이클 변화 확인하면, 미라클나잇 갓생 습관 완성!

—

▶ 또 다른 알라미 활용 꿀팁들

- 최애 영상으로 영상알람 설정하기
1. ‘알람 배경화면'에서 내 앨범에 있는 최애 영상으로 알람을 설정한다.
2. 아침 알람으로 최애 목소리 들으며 기분좋게 일어난다.
- 내 슬립 사이클 패턴 분석
1. 밤마다 '수면 분석' 버튼을 누르고 잠에 든다
2. 아침에 일어나서 '수면 분석 리포트'에 들어간다
3. 슬립 사이클 (sleep cycle) 그래프 모양과 깊은 잠 비율 등을 확인한다
4. 지난 밤의 코골이가 얼마나 심각했는지를 체크해보고, 녹음된 코골이를 들어본다
5. 정해진 시간에 규칙적으로 잠들면서 슬립 사이클 모양을 바꿔서 미라클나잇 루틴 만들기
- 틈틈이 쪽잠으로 효율 올리기
1. 쪽잠을 잘 공간을 확보한다
2. '퀵알람'에서 5분/10분/15분 등 빠르게 쪽잠 시계 타이머 맞춘다
3. 마음 놓고 푹 쪽잠 자면 에너지 충전 완료
- -

미라클나잇부터 미라클모닝까지
알라미와 함께 성공적인 하루를 만들어 가세요!

성공적인 아침의 모습은 다양합니다.

공부하는 수험생이라면 아침 공부, 저녁 공부
자기계발을 하는 분이라면 운동 루틴이나 독서 습관 등.

거창하지 않아도 좋아요.
자신만의 루틴과 습관으로 미라클모닝을 만들어 가세요.
갓생의 시작은 개운하게 일어나는 것에서 시작합니다.
건강한 아침 습관을 만들고 바람직한 루틴을 갖도록
알라미가 꾸준히 동기부여 해줄게요.

아침에 잘 일어나기 위해서는 잘 자는 것도 굉장히 중요합니다.
하지만 미라클나잇의 중요성을 많은 분들이 놓치고 있어요.

일정한 시간에 잠드는 슬립 루틴,
내 슬립 사이클 (sleep cycle)을 알기 위한 수면트래커,
슬립 사이클 형성과 관계가 깊은 코골이 체크,
숙면을 위한 백색소음 등의 수면 사운드
규칙적인 수면 습관을 만드는 것도 알라미가 도와드릴께요.

성공적인 아침, 갓생, 건강한 루틴과 습관을 위한 모든 기능을
알라미에서 한번에 경험하세요!

알라미는 단순한 알람 시계가 아닌,
내일을 만들어가는 앱입니다.

The best alarm clock & sleep cycle App, Alarmy

#알람어플 #시계 #알람시계 #알람소리 #clock #alarm #미라클모닝 #미라클나잇 #미라클 #코골이 #수면분석 #슬립사이클 #수면트래커 #슬립루틴 #sleep #sleepcycle #autosleep #공부 #루틴 #습관 #렘수면 #램수면

- -

[필수 권한]
SYSTEM_ALERT_WINDOW (안드로이드 윈도우 권한)
Android 10 이상 버전에서 알람 해제 화면을 표시하기 위해 필요합니다.

[선택 권한]
동의하지 않아도 서비스 이용이 가능합니다.

- 외부 저장 공간 쓰기 : 외부 벨소리를 로드하기 위해 필요
- 카메라 : 사용자가 사진을 찍어야하는 사진 미션을 위해 필요
- 마이크: 음성 기반 미션을 사용하거나 수면 분석을 위해 필요
- 외부 저장 공간 읽기 : 사진 미션을 사용하는 사용자가 찍은 사진을 저장하기 위해 필요
- 위치 정보 : 앱을 닫은 후 날씨 정보를 얻기 위해 필요
- 기기 관리자 : 앱 삭제 방지 기능을 사용하기 위해 필요
- 접근성 권한 : 전원 끄기 방지 기능을 위해 필요

해당 기능을 위해 DEVICE MANAGER 권한을 사용합니다.
알라미는 ‘전원 끄기 방지’ 기능을 위해 접근성 권한을 사용합니다. 해당 기능은 알람이 울리고 있을 때 전원을 끄는 행동을 막는 기능으로, 원하는 경우에만 사용할 수 있습니다.

- 개인 정보 보호 정책(영문) : http://alar.my/privacy_policy_en.txt
- 이메일 : cs@delightroom.com
----
개발자 연락처 :
Delight Room Co., Ltd. Shinnonhyeon Tower
465 Gangnam-daero, Seocho-gu
서초구, 서울특별시 06611
South Korea 1298681104 2024-서울서초-3145 서울특별시 서초구",생산성,https://play.google.com/store/apps/details?id=droom.sleepIfUCan&hl=ko&gl=kr,,,,,,
android,kr,co.loona,루나: 잠자는 시간 평온과 수면,"LOÓNA(루나)란 무엇인가요?
루나는 호흡 운동, 긍정적 양조, 수면 스토리텔링을 통해 마음과 몸을 챙길 수 있는 최초의 어플리케이션입니다. 수면을 깊고 편안하게 취할 수 있도록 돕습니다.

그러면, 수면 개선을 위한 또 다른 어플리케이션이라는 건가요?
그렇지 않습니다. 루나는 직접적인 수면 기술 목록이 아니라, 기분을 변화시키는 어플리케이션입니다. 바닷물 소리와 바람 소리를 듣고 일상 속에서도 안정감을 유지하며, 이야기 듣기와 컬러링을 통해 수면 상태를 준비할 수 있습니다.

수면 전 기분이 왜 중요한가요?
우리 뇌는 하루 동안 축적된 부정적 감정을 수면 중에 처리하고 정리합니다. 이러한 감정은 다음에 다시 직면할 때 더욱 고민스러움을 초래할 수 있습니다. 또한, 분노, 불안, 우울함 또는 그 반대인 흥분하거나 기뻐하는 기분이 수면 시작 및 REM-수면까지의 지연에 영향을 미칠 수 있습니다. 사람들은 이를 수면 장애 증상으로 오해하지만, 사실은 잠을 잘 자는 데 올바른 기분을 갖추지 못했을 수 있습니다.

루나는 어떻게 작동하나요?
루나는 기상 후부터 바쁜 하루 동안 플레이리스트와 몰입형 이야기를 통해 감정 상태를 지원합니다. 매일 밤, 권장되는 '탈출' 기능이 제공됩니다. 이는 CBT, 활동 기반의 이완, 이야기 듣기, 수면 소리를 독특하게 묶은 세션입니다. 이 세션을 완료하면 불안을 해소하고 마음을 초기화하여 외부 세계를 배제하고 수면을 위한 완벽한 기분을 조성할 수 있습니다. 집중력을 키우고, 머릿 속의 생각을 가라앉히는 진정한 활동에 집중하세요.

수면 명상과는 다른가요?
수면 명상 기술을 습득하는 데는 많은 인내와 시간이 필요합니다. Loóna를 시작하는 것은 매일 15분간의 편안한 게임을 플레이하는 것만큼 쉽습니다. Loóna에서 얻을 수 있는 것은 무엇인가요?

70개 이상의 상호작용하는 탈출 여행

몰입형 성인용 잠자기 이야기

이완, 집중 또는 집중력을 위한 음악

비, 파도, 바람 또는 이명증 완화를 위한 백색 소음 등 천연 소리

아이들을 침대에 눕히기 위한 자장가

호흡 운동

부드러운 알람 시계

자기 확신과 동기부여를 위한 긍정적인 말

취침 전에 휴대전화를 사용해도 되나요?
Loóna는 멜라토닌을 억제하는 가능성이 적은 어둡고 따뜻한 색상을 사용합니다. 색칠 세션 자체는 진정 효과가 있으며 스트레스와 불안을 줄이고 수면 질을 향상시킬 수도 있습니다. 게다가 색칠에 집중하는 것은 하루의 스트레스에서 마음을 돌리고 정신적 이완과 집중을 촉진할 수도 있습니다.

Loóna를 취침 전 루틴에 포함시키면 소셜 네트워크 스크롤링에 소요되는 시간이 줄어들게 됩니다. 취침 전에 소셜 네트워크를 스크롤하면 밝은 화면과 블루 라이트에 노출되어 멜라토닌 분비를 억제하고 수면-각성 주기에 방해를 줄 수 있습니다.

당신은 무엇을 얻을까요:

수면을 위한 70개 이상의 대화형 슬립스케이프 여정과 편안한 게임
성인을 위한 몰입형 침실 이야기
이완, 집중, 집중에 도움이 되는 음악
비, 파도, 바람, 갈색 소음 또는 백색 소음 등의 자연 소리 및 이명 증상 완화를 위한 소리
자녀를 재우기 위한 자장가
호흡 운동
부드러운 알람 시계
긍정적인 자기 선언과 동기 부여 인용구
서비스 약관 : http://loona.app/terms
개인 정보 보호 정책 : http://loona.app/privacy",건강/운동,https://play.google.com/store/apps/details?id=co.loona&hl=ko&gl=kr,,,,,,
android,kr,com.urbandroid.sleep,Sleep as Android: 회전 알람,"수면 주기 추적 기능이 있는 스마트 알람 시계. 즐거운 아침을 위해 최적의 시간에 부드럽게 당신을 깨웁니다.

Sleep as Android는 당신의 수면을 위한 스위스 군용 칼과 같은 도구입니다.

❤️ 7일간의 프리미엄을 즐기시고, 그 후에는 프리미엄-무료(freemium) 버전을 유지하거나 업그레이드하세요.

<b>특징:</b>

<b>😴 수면</b>

✔️ 15년간의 경험을 바탕으로 함

✔️ 검증된 알고리즘 https://bit.ly/2NmJZTZ

✔️ 취침 시간 알림으로 제때 잠자리에 드세요

✔️ 스마트한 기상은 자연스럽게 느껴집니다!

✔️ Sonar 비접촉 추적: 침대에 전화기를 둘 필요가 없습니다!

✔️ AI 기반 소리 인식: 코골이 방지, 수면 중 말하기, 질병 감지

✔️ 자연의 소리 자장가로 빠르게 잠들기

✔️ 낮은 호흡수 알람이 있는 수면 호흡 분석

✔️ 자각몽 (Lucid dreaming), 안티-시차증 (Anti-Jetlag)...

<b>⏰ 기상</b>

✔️ 모든 기능을 갖춘 알람 시계

✔️ 부드러운 알람 소리

✔️ Spotify 노래 또는 재생 목록

✔️ 일출 알람

✔️ CAPTCHA 작업 및 스누즈 제한(Snooze limit)으로 다시는 늦잠 자지 마세요    

<b>📊 데이터</b>

✔️ 개인 정보 보호가 최우선

✔️ AI 도우미가 당신의 수면을 이해하도록 돕습니다

✔️ 수면 점수: 부족, 규칙성, 효율성, 단계, 코골이, 호흡수, SPO2, HRV

✔️ 트렌드, 태그, 크로노타입 감지 및 조언

<b>🔗 통합 기능</b>

✔️ 웨어러블 장치: Pixel Watch, Galaxy, Wear OS, Garmin (ConnectIQ), Mi Band + Amazfit + Zepp (타사 앱 필요), Polar (H10, OH10, Verity Sense), FitBit (Ionic, Sense, Versa), PineTime

✔️ Wear OS 시계에 Sleep as Android를 설치하고 시계 센서를 사용하여 더 나은 데이터를 얻을 수 있습니다. Wear OS 타일(Tile)을 사용하면 휴대폰과 상호작용하지 않고도 수면 추적을 시작/중지/일시 중지하고 진행 상황을 확인할 수 있습니다.

✔️ Spotify - 자장가 또는 기상용

✔️ 스마트 조명 (Smartlight): Philips HUE, IKEA TRÅDFRI를 사용한 일출 기상

✔️ 자동화: IFTTT, MQTT, Tasker 또는 맞춤형 웹훅(Webhooks)

✔️  서비스: Health Connect, Samsung Health, Google 캘린더

✔️ 백업: SleepCloud, Google Drive, DropBox

<b>빠른 시작</b>
https://sleep.urbandroid.org/docs/faqs/quick_start.html

<b>영상 튜토리얼</b>
https://www.youtube.com/watch?v=whUibMSqkO4

<b>문서</b>
https://sleep.urbandroid.org/docs/

<b>자주 묻는 질문 (FAQ)</b>
https://sleep.urbandroid.org/docs/faqs/

<b>권한 설명</b>
https://sleep.urbandroid.org/docs/general/permissions.html

Sonar를 사용하여 수면 및 호흡의 비접촉 추적을 수행하는 방법 보기
https://www.youtube.com/watch?v=cjXExBj6VcY

수면 소리 분류를 위해 신경망을 어떻게 설계했는지 보기
https://www.youtube.com/watch?v=OVeT0KIXp2k

최신 스마트워치 통합 진행 상황 보기
https://sleep.urbandroid.org/docs/devices/supported_wearable.html

<b>접근성 서비스 (Accessibility Service)</b>

접근성 서비스는 CAPTCHA라고 불리는 일련의 알람 작업에 필요합니다. 양 세기, 수학 문제 풀기 또는 치약의 바코드를 스캔하는 것과 같은 작업을 완료하면 제때 일어나 완전히 깨어 있도록 보장됩니다. 접근성 서비스는 앱을 강제 종료하거나 작업을 완료하기 전에 장치를 끄는 것을 방지하여 CAPTCHA 작업에서 속임수를 쓰는 것을 막습니다. 개인 정보는 수집되지 않습니다.

<b>장치 관리자 (Device Admin)</b>

이 앱은 앱을 제거하여 CAPTCHA 작업에서 속임수를 쓰는 것을 방지하기 위해 (위 참조) 장치 관리자 권한을 사용할 수도 있습니다.

<b>건강 면책 조항 (Health Disclaimer)</b>

Sleep as Android는 의료용으로 제작되지 않았으며, 더 나은 수면 측면에서 전반적인 건강과 웰빙을 개선하기 위한 것입니다. 모든 산소 포화도 추적은 TicWatch, BerryMed 산소 포화도 측정기 등 호환되는 산소 포화도 측정 장치로 수행됩니다. 자세한 내용은 https://sleep.urbandroid.org/docs/devices/wearables.html에서 확인하세요.",라이프스타일,https://play.google.com/store/apps/details?id=com.urbandroid.sleep&hl=ko&gl=kr,,,,,,
android,kr,com.munice.miraclenight_android,"Renight(나이틀리): 기상, 수면, 알람, 명상","어젯밤 “잘” 주무셨나요? 깊고 개운한 잠이 필요한 당신을 위한 수면 앱 “Renight(구 나이틀리 Nightly)”을 소개합니다!

Renight(리나잇)은 뇌과학과 AI 기반으로 수면을 유도하는 국내 1위 수면 앱입니다. 24시간이 모자란 바쁜 일상 속에서 제한된 수면 시간을 효율적으로 사용할 수 있도록 돕는 AI 기반 수면 앱입니다. 잠들기 전 상태와 기분에 맞춰 제공되는 맞춤형 모노럴비트 사운드를 통해 깊은 잠에 18% 빠르게 진입하고 57% 개운하게 일어날 수 있습니다.

누적 200만 명의 유저가 선택한 앱 “Renight”을 더 알아보세요.

[ Renight을 사용하면 얻을 수 있는 수면 효과 ]

🛌🏻 입면 시 델타파 16% 증가

잠에 들 때 Renight의 모노럴비트를 들으시면 깊은 수면 뇌파(델타파)가 약 16% 증가해 수면 진입 시간이 단축되고 더 빠르게 깊은 잠에 들 수 있습니다. (*연세대학교 응용뇌인지과학연구소, 파일럿 연구)

🌙 51% 더 깊은 잠

Renight의 모노럴비트를 듣고 주무시면 깊은 수면이 전 대비 약 24분 상승합니다. 짧은 수면 시간 속에서 양질의 수면을 경험할 수 있습니다. (*한국표준과학연구원)

☀️ 아침을 더 개운하게

Renight 고객 중 81.5%가 사용 후 아침에 더 개운하다고 보고했습니다. Renight과 함께 수면하고 에너지 넘치는 아침을 맞이하세요!

[ Renight이 ‘검증된 국내 No.1 수면 앱’인 이유 ]

국내 최초 모노럴비트 기술을 보유하고 있는 무니스의 레이어드 모노럴비트, 오직 Renight에서만 들을 수 있습니다. 연세대학교 응용뇌인지과학연구소에서 검증한 효과 있는 수면 소리를 누려보세요.

Renight은
🌙 앱스토어 건강 및 피트니스 인기 차트 1위를 달성했어요.
🌙 누적 다운로드 200만을 돌파했어요.
🌙 누적 3,400만 수면 시간을 돌파했어요.
🌙 국내 최초로 “모노럴비트” 기술을 고도화 및 상용화했어요.
🌙 Google과 삼성전자 C랩으로부터 투자받았으며 연세대학교 응용뇌인지과학연구소와 협력하여 개발되었습니다.

[ Renight이 당신의 좋은 잠을 위해 제공하는 기능 ]

Renight 팀은 당신의 매일 밤이 좋은 잠으로 가득하길 바라는 마음으로 다양한 기능을 제공합니다.

🛌🏻 지금 주무시나요? 내 수면 패턴에 맞는 기상 시간 추천

아침에 더 개운하게 일어날 수 있도록 90분의 수면 주기를 바탕으로 최적의 기상 시간을 선택할 수 있어요.

🔍 오늘은 어떤 일이 있었나요? 나의 기분, 활동, 상태에 맞는 모노럴비트 생성

고도화된 AI 알고리즘으로 나에게 맞는 소리를 들어보세요. 오늘 하루는 어떠셨나요? 피곤한 하루였나요? 혹은 불안하고 긴장되는 하루였나요? 어떤 하루여도 좋아요. 오늘 나의 기분, 취침 전 활동 그리고 상태를 선택하면 오늘밤 숙면을 위한 최적의 모노럴비트를 생성합니다. 당신에게 맞춤화된 모노럴비트가 깊은 수면으로 빠르게 유도할 거예요.

🔊 내 환경에 맞는 모노럴비트 볼륨 찾기

주변 환경 소음을 추적해 나의 수면 환경에 딱 맞는 모노럴비트 볼륨을 찾아드려요. 수면 환경이 달라져도 걱정하지 마세요. 지금 환경에 가장 효과적인 볼륨으로 모노럴비트를 들을 수 있어요. 모노럴비트 소리가 익숙하지 않으신 분들은 ‘비가청 주파수’를 들어보세요.

🧘🏻 편안한 밤을 위한 명상과 수면 음악 듣기

오늘 내 기분에 맞는 명상을 들으며 수면에 진입하세요. 전문적인 수면 명상이 차별화된 수면 음악과 만났어요. 이너가이드와 함께 제작한 차별화된 콘텐츠를 즐겨보세요. Renight은 다양한 명상 앱 사이에서 “수면 명상”만큼은 독보적인 차별점을 가지고 있습니다.

🎵 백색소음과 모노럴비트 함께 듣기

전문 사운드 디자이너가 제작한 백색소음을 모노럴비트와 믹스하여 더 편안히 잠들어 보세요. 잠이 솔솔 오는 백색소음을 들으며 다양한 세계로 여행해 보세요.

⏰ 뇌를 깨우는 아침 알람으로 기분 좋은 기상

기상 30분 전부터 뇌파를 활성화하는 알람을 통해 매일 아침을 상쾌하게 시작해 보세요.

📖 꿀잠 레터 읽고 전문적인 수면 지식 알아보기

밤에는 Renight으로 편안하게 수면하고, 낮에는 꿀잠 레터를 읽으며 건강한 수면에 대해 알아보세요. 잠자는 자세부터 불면증까지 다양한 주제의 수면 정보를 확인하실 수 있어요.

[ Renight 이런 분들께 추천합니다! ]

🌙 불면증은 아니지만 간헐적으로 수면 문제를 겪는 사람
🌙 초기 불면증으로 수면 진입 어려움이 있거나 수면 유지에 어려움이 있는 사람
🌙 정신 스트레스로 마음챙김 및 명상이 필요한 사람
🌙 야근이 잦아 수면 시간이 짧은 직장인
🌙 매일 아침 규칙적인 기상이 필요한 사람
🌙 과제와 시험으로 새벽이 바쁜 대학생 & 대학원생
🌙 효율적인 수면을 통해 생산적인 하루를 보내야 하는 수험생
🌙 수면 스케줄이 자주 바뀌는 교대근무자
🌙 야근이 잦아 수면 시간이 짧은 회사원
🌙 오랜 시간 앉아서 활동하여 일상 활동이 많지 않은 사람
🌙 낮에 할 일이 많아 새벽밖에 여가시간을 즐길 수 없는 사람
🌙 생활 패턴이 바뀌어 새벽에 활발한 사람
🌙 아침에 알람을 들어도 잘 일어나지 못하는 사람
🌙 건강한 수면 라이프를 만들고 싶은 사람

사람들은 하루가 아침에 시작된다고 말하지만,
저희는 더 나은 하루가 그 전날 밤에서 시작된다고 믿습니다.

그동안 고객님의 편안한 밤을 함께해온 Nightly가, 이제는 하루의 시작까지 함께하는 Renight(리나잇)으로 한 걸음 더 나아가고자 합니다.

200만 명이 선택한 수면 앱 “Renight(구 나이틀리)”과 함께 오늘도 편안한 밤을 보내세요.

이용약관: https://munice.notion.site/terms-ko
개인정보처리방침: https://munice.notion.site/privacy-ko",건강/운동,https://play.google.com/store/apps/details?id=com.munice.miraclenight_android&hl=ko&gl=kr,,,,,,
android,kr,com.baby.sleep.tracker.feeding.diaper.free,"Luli 아기어플: 육아 기록, 수유어플, 수면 분석","육아 기록과 수유 수면을 쉽고 정확하게 관리하세요. 아기어플 Luli는 부모를 위한 최고의 수유어플로, 수면 분석을 통해 아기의 건강한 습관을 만듭니다.

Why baby tracker - Luli 육아일기?
Luli는 현대 부모를 위한 아기어플입니다. 육아 기록, 수유 수면, 수유어플, 수면 분석 기능으로 아기의 루틴을 체계적으로 관리하세요.

😴 아기 수면 트래커: 아기의 수면 패턴 기록 및 분석
🍼 수유어플: 모유, 분유, 이유식 관리
💤 수유 수면: 낮잠과 밤잠 기록, 최적 스케줄 확인
📊 수면 분석: 데이터 기반 리포트 제공
👶 분유시간어플 베이비: 분유 타이머와 알림 제공
🗓 이유식 다이어리: 이유식 기록과 성장 추적
🧸 신생아 수유일지: 세세한 수유 관리
📱 육아 기록: 기저귀, 활동, 일상 관리
👥 공유 기능: 배우자·베이비시터와 동기화
🧠 과학 기반 육아일기와 아기 수면 팁

Luli - Baby Sleep Tracker는 단순한 수면 모니터가 아닙니다. 수면 코치, 수유어플, 아기어플, 육아 기록과 신생아 수유일지, 이유식 다이어리, 육아일기를 모두 지원하는 올인원 도구입니다.

지금 Luli를 다운로드하고 육아 기록, 수유 수면, 수유어플, 아기어플, 수면 분석은 물론 분유시간어플, 이유식 다이어리, 신생아 수유일지, 육아일기까지 한 번에 해결하세요. 더 나은 수면, 더 나은 육아를 시작하세요!",출산/육아,https://play.google.com/store/apps/details?id=com.baby.sleep.tracker.feeding.diaper.free&hl=ko&gl=kr,,,,,,
android,kr,com.sleep.sleeptracker.sleepsounds.sleepcycle,수면 & 코골이 트래커 - Moonap,"지금 바로 Moonap: 수면 & 코골이 트래커를 발견해 보세요. 불면 증상, 잦은 뒤척임, 코골이로 잠이 자주 끊기는 사용자가 밤의 흐름을 기록하고 이해하도록 돕습니다. 밤새 수면 단계를 추적하고 코골이를 감지·녹음하며, 수면 사이클을 고려한 스마트 알람으로 더 상쾌한 기상을 돕습니다. 또한 비 소리, 파도, 화이트 노이즈, 자연음, 명상 음악 등 잠들기 사운드를 제공하고, 규칙적인 취침·기상 습관을 위해 수면 목표와 알림을 설정할 수 있습니다. 첫 사용도 간단하며, 오늘 밤부터 바로 기록을 시작해 자신의 수면 패턴을 이해할 수 있습니다. 야근, 교대근무, 육아로 수면이 예측 불가한 분도 Moonap으로 리듬을 점검하고 점진적으로 균형을 되찾는 데 도움을 받을 수 있습니다.

바쁜 일정, 스트레스, 시끄러운 환경은 수면의 질을 흐트러뜨립니다. 이럴 때 Moonap은 사용자의 야간 패턴을 보기 쉽게 정리해, 언제 자고 언제 깨는지, 깊은 수면과 렘수면이 어떻게 구성되는지 이해하도록 돕습니다. 잠들기 어려운 날엔 편안한 사운드를 재생하고, 아침엔 가벼운 수면 구간에서 부드럽게 깨워 하루 시작을 수월하게 만드세요. 코골이 감지와 녹음은 본인의 수면 소리를 객관적으로 확인하고 생활 습관을 조정하는 데 유용합니다. 주중·주말의 수면 길이 차이, 낮잠의 영향, 너무 늦은 취침이 다음 날 컨디션에 미치는 느낌까지 차근차근 살펴보며 나에게 맞는 리듬을 찾아가 보세요. 출장 중 낯선 환경에서 잠들기 힘들 때, 주말에 과도하게 늦게 자는 패턴을 조절하고 싶을 때도 기록과 사운드가 작은 기준점을 제공합니다.

Moonap: 수면 & 코골이 트래커가 특별한 이유

🌙 수면 단계까지 정확히 추적
야간 동안 뒤척임, 깸, 얕은 수면, 깊은 수면, 렘수면 흐름을 타임라인과 차트로 보여줍니다. 취침 시간과 기상 시간을 함께 기록해, 주중과 주말의 수면 습관 차이를 비교할 수 있습니다. 한눈에 보는 리포트는 지난밤 컨디션을 돌아보고 오늘의 컨디션 관리를 계획하는 데 도움을 줍니다. 며칠 간의 기록을 이어 보면 평균 수면 시간과 잠든 시각이 어떻게 변하는지 파악하기 쉬워지고, 숙면에 도움이 되는 저녁 루틴이나 취침 준비를 스스로 설계하는 데 참고가 됩니다. 낮잠, 짧은 쪽잠까지 함께 기록하면 총 수면량을 현실적으로 파악할 수 있어, 과도한 수면 빚을 쌓지 않도록 관리하는 데 유용합니다.

📊 코골이 감지 및 녹음으로 패턴 파악
수면 중 코골이를 감지하고 녹음하여 시간대별로 어느 정도 발생했는지 확인할 수 있습니다. 자신의 코골이 소리를 직접 들어보면 침구, 자세, 취침 시간 등 주변 요인을 점검하는 데 참고가 됩니다. Moonap: 수면 & 코골이 트래커의 코골이 기록은 스스로 수면 습관을 관찰하고 개선 포인트를 찾는 데 유용합니다. 밤마다 비슷한 시각에 코골이가 잦다면 취침 전 가벼운 스트레칭이나 수분 섭취 시간 조정 등 생활 리듬을 실험해 보고 변화를 기록해 보세요. 정보는 개인적인 참고 자료이며, 필요하다면 전문의 상담에 앞서 자신의 상태를 이해하는 데 도움을 줄 수 있습니다. 주변 사람의 피드백과 기록을 함께 비교하면, 어느 날 더 조용했는지 체감과 데이터의 간극도 파악할 수 있습니다.

⏰ 수면 사이클 기반 스마트 알람
알람이 울리는 시점을 사용자의 수면 사이클에 맞춰 더 가벼운 상태에서 깨울 수 있도록 돕습니다. 수면 리듬을 방해하지 않도록, 가벼운 수면 구간에서 부드럽게 일어나는 아침 루틴을 만들어 보세요. 기상 후에는 지난밤 수면 기록을 확인해, 취침 시각과 기상 시각을 소폭 조정하는 식으로 개인 리듬을 찾을 수 있습니다. 회의나 등교처럼 중요한 일정이 있는 날엔 기상 여유 시간을 넉넉히 설정해, 침대에서 일어나 준비하는 흐름까지 자연스럽게 이어지도록 만들어 보세요. 낮잠 알람으로도 활용해, 짧은 회복 휴식 후 무겁지 않게 자리로 돌아갈 수 있습니다.

🎧 잠들기 위한 소리와 사운드스케이프
빗소리, 파도, 화이트 노이즈, 숲과 새소리, 잔잔한 명상 음악 등 편안한 소리를 재생해 마음을 안정시키고 잠들기 환경을 만듭니다. 독서나 스트레칭과 함께 재생하면 주변 소음을 덮는 데 도움이 되며, 낮잠이나 쪽잠에도 활용할 수 있습니다. 원하는 사운드를 조합하고 음량을 조절해 자신만의 취침 루틴을 구성하세요. 이부자리 정리, 불 끄기, 휴대폰 멀리 두기 같은 간단한 습관과 함께 사운드를 사용하면, 매일 같은 신호로 뇌가 ‘이제 잘 시간’임을 인지하는 데 도움을 줄 수 있습니다. 변하는 숙소에서도 일정한 수면 환경 신호를 유지해 잠들기 지연을 줄이고 야간 각성 후 재입면을 돕습니다.

🔔 수면 목표와 취침 알림으로 습관 만들기
주중·주말별 취침·기상 목표를 설정하고, 정해진 시간에 취침 준비를 알림으로 받아 규칙적인 리듬을 유지하기 쉬워집니다. 목표 달성도와 누적 패턴을 확인하면서, 점진적으로 이상적인 수면 시간을 찾아가 보세요. 작은 변화가 쌓이면 아침의 개운함으로 돌아옵니다. 야근이나 일정 변화로 수면이 흔들렸다면 다음 며칠의 목표를 가볍게 조정하고 다시 균형을 맞추는 방식으로, 무리하지 않고 현실적인 리듬을 만드는 데 도움을 줍니다. 주간·월간 캘린더를 훑어보듯 흐름을 확인하면, 회복이 필요한 주간을 미리 감지하고 컨디션 조절 계획을 세우기 수월합니다.

사람들이 Moonap: 수면 & 코골이 트래커를 선택하는 이유

• 수면 단계와 패턴을 한눈에 이해하고 취침·기상 리듬을 정리할 수 있습니다.
• 코골이 감지와 녹음으로 자신의 수면 소리를 객관적으로 확인하고 습관 점검에 참고할 수 있습니다.
• 수면 사이클에 맞춘 스마트 알람으로 더 부드럽고 편안한 기상을 경험할 수 있습니다.
• 비 소리, 파도, 화이트 노이즈 등 잠들기 사운드로 안정적인 취침 환경을 만들 수 있습니다.
• 수면 목표와 알림으로 규칙적인 생활 리듬을 형성하는 데 도움이 됩니다.

Moonap: 수면 & 코골이 트래커는 단순한 알람이나 녹음기가 아닙니다. 이 수면 앱은 취침 준비부터 야간 기록, 코골이 확인, 아침 기상까지 하나의 흐름으로 연결해 줍니다. 수면 단계 추적, 코골이 감지·녹음, 수면 사이클 기반 알람, 잠들기 사운드, 수면 목표와 리마인더가 서로 맞물려, 사용자가 자신의 리듬을 이해하고 편안한 밤과 상쾌한 아침을 준비하도록 돕습니다. 불면 경향이 있거나 밤새 자주 깨는 분, 코골이가 걱정되는 분, 더 나은 수면 습관을 만들고 싶은 분들에게 유용합니다. 정보와 기록은 자기 인식을 높이고 생활 습관을 조정하는 데 참고 자료가 될 수 있습니다. 필요할 때엔 수면 위생(일정한 취침 시각, 카페인·야식 조절, 조도·온도 관리 등) 같은 기본 팁을 적용해 보고, Moonap의 기록으로 어떤 변화가 있었는지 확인해 보세요. 작은 신호를 관찰하고 꾸준히 기록하는 과정이 부담 없는 개선의 출발점이 됩니다.

🌟 지금 시작하세요
오늘 밤부터 Moonap: 수면 & 코골이 트래커로 수면을 추적하고, 코골이를 관찰하며, 수면 사이클에 맞춘 알람과 잠들기 사운드로 편안한 취침을 준비해 보세요. 수면 패턴을 이해하고 규칙을 세우는 작은 실천이 내일 아침의 상쾌함으로 이어집니다. 지금 설치하고 나만의 수면 루틴을 만들어 보세요. 꾸준히 기록하며 주간·월간 변화를 살피면, 스스로에게 맞는 취침 시간과 기상 방법을 찾는 여정이 한결 수월해집니다.",건강/운동,https://play.google.com/store/apps/details?id=com.sleep.sleeptracker.sleepsounds.sleepcycle&hl=ko&gl=kr,,,,,,
android,kr,com.nukkuaa.app,"sleep²: 수면 추적기, 분석 및 훈련","sleep²는 당신을 위한 맞춤형 수면 트래커이자 수면 트레이닝 도구입니다.

sleep²는 단순한 트래커 그 이상입니다. 우리는 수면 분석과 결합된 수면 트레이닝도 함께 제공합니다. 방대한 연구를 기반으로 개발된 sleep²는 고품질의 회복을 중요하게 여기는 사람들을 위해 설계되었습니다.

sleep² Intensive Training 프로그램은 유럽 연합(EU)의 승인을 받은 의료 기기로, 불면증과 같은 급성 수면 장애를 겪는 사람들을 위해 특별히 설계되었습니다. 과학적 근거에 기반한 우리의 접근 방식은 수천 명의 사람들이 체계적이고 단계적인 수면 트래킹 및 맞춤형 수면 트레이닝을 통해 수면의 질을 크게 개선하는 데 도움을 주었습니다.

sleep² Pro: 우리의 수면 트래커는 사용자의 입력에 따라 지속적으로 적응하며 시간이 지남에 따라 발전합니다. 수면 분석을 바탕으로 개인화된 정보, 팁, 수면 트레이닝을 제공합니다.

수면 트래킹 옵션:
- 옵션 1: Polar 생체 데이터 센서(H10 또는 Verity Sense)를 활용한 가장 정확한 수면 분석
- 옵션 2: Apple Health, Google Health 또는 기타 호환 가능한 기기를 통해 데이터 가져오기
- 옵션 3: 수면 일지에 수동으로 기록하기

어떤 방식을 선택하든 sleep²는 당신의 데이터를 분석하고 상세한 리포트를 제공합니다.

시작할 때 현재 상태에 대한 몇 가지 질문에 답하게 되며, 이에 기반한 수면 트레이닝을 받게 됩니다. 선택한 프로그램과 수집된 데이터를 기반으로 다음과 같은 기능을 이용할 수 있습니다:
- 일일 수면 분석을 바탕으로 한 맞춤형 권장 사항과 팁
- 수면 트레이닝에 도움이 되는 짧고 실용적인 동영상
- 내면의 균형을 위한 오디오 이완 연습
- 수면 분석을 더 잘 이해하고 습관을 최적화할 수 있도록 도와주는 인터랙티브 챗봇
- 최신 연구를 반영한 블로그 글로 제공되는 과학 정보

sleep²는 Apple Health 및 Google Health와 원활하게 연동되어 기존 데이터를 쉽게 통합할 수 있습니다. 모든 중요한 정보를 한눈에 확인하고, 여러 플랫폼에서 진행 상황을 추적할 수 있습니다.

전통적인 수면 연구소와는 달리, 긴 대기 시간 없이 언제든지 정확한 수면 분석을 받을 수 있습니다. 우리의 고급 알고리즘은 매일 밤 당신의 데이터를 분석하며, 고정밀 수면 트래커를 통해 지속적으로 인사이트와 맞춤형 수면 트레이닝을 제공합니다.

sleep²를 수면 트래커와 함께 사용하면 앱의 모든 기능을 최대한 활용할 수 있습니다. 센서가 없으신가요? 걱정하지 마세요. 앱 내에서 호환 가능한 센서를 직접 구매할 수 있습니다.

앱은 무료로 다운로드할 수 있으며 기본 기능을 제공합니다. 고급 분석 및 트레이닝 기능을 이용하려면 유연한 구독 옵션을 통해 이용이 가능합니다. 월간 또는 연간 구독 중에서 선택할 수 있으며 언제든지 해지할 수 있습니다.

지금 sleep²를 다운로드하고 더 건강하고 만족스러운 삶을 향한 여정을 시작해보세요.",의료,https://play.google.com/store/apps/details?id=com.nukkuaa.app&hl=ko&gl=kr,,,,,,
android,kr,health.sleep.sounds.tracker.alarm.calm,ShutEye®: Sleep Tracker,"ShutEye는 숙면을 취하고 스트레스를 줄이며 건강한 수면 습관을 기르도록 설계된 수면 추적 앱입니다. 더 빨리 잠들 수 있도록 도와주는 수면 유도 소리와 명상 가이드를 이용해 보세요. 개인 맞춤형 수면 분석 및 수면 추적 도구를 통해 더 나은 수면과 정신 건강을 위한 완벽한 수면 여정을 시작하세요.

주요 기능

수면 추적
스마트 수면 추적기로 매일 밤 수면 패턴을 분석하세요.

– 얕은 수면, 깊은 수면, REM 수면 주기 추적
– 일일 수면 점수 및 개인 맞춤형 수면 질 분석
– 수면 추세 및 상세 수면 보고서
– 수면 시간, 수면의 질, 수면 회복 시간 모니터링

더 빨리 잠들기
개인 맞춤형 취침 콘텐츠로 마음을 편안하게 하고 편안한 잠에 빠져보세요.

– 자연스럽게 긴장을 풀 수 있도록 도와주는 수면 이야기
– 백색 소음, 잔잔한 음악, 몰입형 사운드스케이프
– 비, 파도, 숲, 모닥불, 바람, 새소리 등 자연의 소리
– 휴식을 위한 명상 및 호흡 운동 안내
– 스트레스를 줄이고 깊은 수면을 유도하는 수면 유도 소리

수면 패턴 분석
수면 중 일어나는 일들을 더 깊이 이해해 보세요.

– 밤새 코골이 감지 및 분석
– 코골이 녹음 및 수면 기록 검토
– 수면의 질에 영향을 줄 수 있는 패턴 파악

상쾌한 아침 맞이
스마트한 아침으로 활기찬 하루를 시작하세요.

– 가장 얕은 수면 단계에서 깨워주는 스마트 알람
– 부드럽게 깨워 상쾌한 기분으로 하루를 시작할 수 있도록 도와줍니다.
– 규칙적인 수면 습관으로 건강한 수면 습관 형성

정신 건강 증진
마음이 편안해야 더 나은 수면을 취할 수 있습니다.

– 스트레스 해소와 휴식을 위한 명상 가이드
– 숙면과 정서적 안정을 위한 마음챙김 세션
– 스트레스 감소, 기분 개선, 정신 건강 증진을 위한 웰빙 콘텐츠

더 나은 수면을 위한 수면 환경
나에게 맞는 소리로 취침 루틴을 맞춤 설정하세요.

– 백색 소음, 수면 유도 소리, 편안한 사운드스케이프를 조합해 보세요.
– 비, 천둥, 파도, 선풍기, 숲, 벽난로, 바람, 새, 주변 소리 중에서 선택하세요.
– 매일 밤 들을 수 있도록 좋아하는 조합을 저장하세요.

ShutEye를 선택해야 하는 이유

스트레스 가득한 하루를 마치고 휴식을 취하고 싶거나, 더욱 편안한 밤잠을 원할 때, ShutEye는 필요한 도움을 제공합니다. 몰입도 높은 수면 스토리, 백색 소음, 명상 가이드를 통해 수면의 질을 개선하세요. 건강한 수면 습관을 만들고 매일 더욱 활력 넘치는 삶을 누리세요.

수면이 중심이 되는 세상에 오신 것을 환영합니다. ShutEye에 오신 것을 환영합니다.

ShutEye는 Enerjoy의 등록 상표입니다. (등록 번호: 6463393)",건강/운동,https://play.google.com/store/apps/details?id=health.sleep.sounds.tracker.alarm.calm&hl=ko&gl=kr,,,,,,
android,kr,co.thefab.sleep,Lune: Bedtime Sleep Routine,"<b>더 나은 수면, 더 나은 삶</b>
매일 밤 쉽게 잠이 들고, 매일 아침 활력이 넘치며 일어나는 것을 상상해 보십시오. Lune은 화면 시청 시간을 줄이고 일상 생활에 작은 변화를 주어 더 나은 수면을 취할 수 있도록 안내합니다. 밤에 화면을 보는 시간이 적다는 것은 더 차분해지고 스트레스가 줄어든다는 것을 의미합니다. 또한, 당사의 수면 추적기는 일상 생활에서 효과가 있는 것과 그렇지 않은 것을 찾는 데 도움이 되므로 더 나은 수면을 취할 수 있습니다.
 
<b>더 나은 수면 과학: 단순화되었습니다!</b>
수면 부족은 신체 건강, 정신 건강 및 일상 기능에 영향을 미칠 수 있는 광범위한 부정적인 결과를 가져옵니다. 차분한 마음과 더 깊은 수면을 취할 수 있도록 연구 기반의 취침 시간 루틴 전략을 알아보세요. 
스트레스는 수면 ​​부족에 중요한 역할을 합니다. 불면증에 대한 인지 행동 치료(CBTi)에 기반을 둔 전략으로 혼란스러운 상황 속에서 평온함을 찾고 오늘 밤 더 나은 잠을 자세요.
 
<b>당신에게 맞는 것</b>
편안한 야간 루틴을 맞춤화하고 매일 연속 습관 추적기를 완성하세요. 수면 패턴을 추적하고 더 나은 수면을 위한 여정을 축하해 보세요. 수면 추적기는 귀하의 일상 생활, 고유한 필요 사항 및 건강 개선 목표에 따라 프로그램을 선택하는 데 도움이 됩니다. 소셜 미디어 화면 시간 없이 차분한 취침 시간 루틴이 하루 중 가장 기대되는 부분이 될 것입니다.
 
<b>고요한 공간</b>
정신적인 잡담은 표류를 어렵게 만들 수 있습니다. 프리미엄 콘텐츠로 질주하는 생각을 버리세요:
  🕯️ 차분한 수면 명상
  🍃 마음을 편안하게 해주는 자연의 소리
  📚 편안한 취침 시간 이야기
  🧘 요가 니드라 명상
  🪷 영감을 주는 메시지
  🌀 수면 최면
  📵 화면 시간 차단기
  😴 그리고 더!
 
<b>일상 생활로 시작하는 더 나은 밤</b>
상세한 수면 추적기를 사용하여 취침 시간과 기상 시간은 물론 운동, 빛 노출, 음식, 기술 사용 등 수면에 영향을 줄 수 있는 기타 습관과 일과를 추적하세요. 습관을 추적하여 일상 생활이 밤의 수면에 어떤 영향을 미치는지 알아보세요. 매일 야간 의식을 완료하여 연속 점수를 획득하세요.
 
<b>특징M</b>
- 집중을 방해하는 요소를 최소화할 수 있는 특수 <b>기기 시간 차단기</b>
- <b>맞춤형 수면 의식</b>을 만들어 취침 시간에 충분한 휴식을 취하세요.
- 밤에 꾼 꿈을 기억할 수 있는 독특한 <b>수면 일지</b>
- 잠을 이루지 못하게 하는 밝은 빛 방출을 제한하는 <b>어두운 모드</b>
- 특별히 선별된 <b>야간 콘텐츠</b>로 긴장을 풀어보세요.
- 수면 패턴에 대한 통찰력을 얻을 수 있는 <b>수면 추적기</b>
 
<b>우리는 누구인가</b>
Lifehacker, New York Times, Self, Forbes, GirlBoss 등에 소개된 수상 경력이 있는 앱인 Fabulous의 제작자가 Lune을 제공합니다. 우리는 과학적으로 입증된 방법을 통해 전 세계 3천만 명 이상의 사람들이 삶을 개선할 수 있도록 지원해 왔습니다.
 
<b>더 나은 수면을 위해 휴식을 취하세요</b>
상쾌한 기분으로 일어나 매일매일을 받아들일 준비를 하세요. 지금 Lune을 다운로드하고 편안한 밤과 더 밝은 아침을 즐겨보세요.
 
https://www.thefabulous.co/terms.html에서 전체 이용약관과 개인정보 보호정책을 읽어보세요.",건강/운동,https://play.google.com/store/apps/details?id=co.thefab.sleep&hl=ko&gl=kr,,,,,,
android,kr,com.jetkite.serenemusic,Serene: Sleep & Meditation,"🧘 휴식, 수면, 명상 및 집중 기능이 모두 포함된 올인원 앱으로 평온함을 경험하고 생산성을 높이세요 🌼. Serene은 최고 품질의 콘텐츠와 혁신적인 기능을 갖춘 수상 후보입니다.

 💁‍♀️ 스트레스를 받으시나요? 불안을 겪고 계십니까? 잠시 안정이 필요하신가요? 집중하는 데 어려움을 겪고 계십니까? 밤에 잠을 못 자나요? Serene이 도와드리겠습니다! 기기에서 바로 평온함과 정신적 웰빙의 세계에 빠져보세요. 

🎧 마음을 달래주는 음악, 수면 소리, 명상 주파수로 구성된 방대한 컬렉션을 통해 평온함의 세계에 빠져보세요. 차분한 로우파이 음악으로 작업 효율성을 높이세요. 오늘 내면의 평화를 발견하고 최고의 성능을 발휘해보세요!

🎵 편안한 음악: 클래식부터 감성, 기타, 피아노까지 마음을 달래주는 다양한 멜로디 컬렉션을 즐겨보세요. 평온한 순간을 위한 완벽한 사운드트랙을 찾아보세요.

💤 더 나은 수면: 수면의 질을 향상시키기 위해 맞춤 제작된 차분한 음악을 들으며 쉽게 수면을 취하세요. 아기 자장가, 백색소음, 파도, 비, 새소리, 귀뚜라미 같은 자연의 소리를 탐색하여 이상적인 수면 환경을 만들어보세요. 이제 좋아하는 멜로디에 물을 추가하거나 잔잔한 비를 섞어 수면 환경을 더욱 개인화할 수 있습니다.

📖 스토리: 저희 앱의 매혹적인 수면 스토리를 통해 수면의 마법을 발견해보세요. 어린 아이를 재울 때나 긴 하루를 보낸 후 긴장을 풀 때나, 세심하게 제작된 우리의 이야기는 어린이와 어른 모두를 평화로운 잠에 들게 해줄 것입니다.

😴 부드러운 목소리와 차분한 스토리라인을 결합한 내러티브 기반 경험으로 최고의 수면 경험을 제공하며 종종 조용한 환경에서 설정되거나 부드럽고 꿈같은 여행을 포함합니다.

🙂 자연 소리: 다양한 몰입형 자연 소리를 통해 야외의 느낌을 실내로 가져오세요. 바다의 부드러운 리듬, 부드러운 소나기 소리, 지저귀는 새 소리, 평화로운 동물 소리를 들어보세요.

🌆 분위기: 비행기의 윙윙거리는 소리, 편안한 팬의 백색 소음, 타닥거리는 불의 따뜻함 등 주변 소리로 완벽한 분위기를 설정하세요. 마음을 진정시키고 감각을 진정시키도록 설계된 ASMR 사운드 컬렉션으로 최고의 휴식을 경험해 보세요.

🧘‍♂️ 명상 소리: 티베트 노래 그릇, 니콜라 테슬라에서 영감을 받은 치유 주파수, 내면의 자아와 공명하는 행성 주파수로 명상 연습을 강화하세요. 모든 수준에 적합한 안내 명상 세션을 살펴보세요. 마음챙김을 강화하고, 스트레스를 줄이며, 정신적 명확성을 강화하세요.

🧘‍♂️ 안내 명상: 일상적인 명상 루틴에 대한 영감을 찾고 명료함과 휴식의 변화하는 순간을 경험하세요. 일상생활에 마음챙김을 도입하고 마음을 진정시키는 방법을 배우십시오. 다양한 웰니스 요구 사항을 충족하는 다양한 집중 관행을 즐겨보세요.

🎧 집중력 강화: 집중력 강화 운동을 통해 내면의 잠재력을 발휘하세요. 더 많은 것을 성취하고 덜 걱정하십시오.

Serene을 통해 내면의 평화를 찾은 수천 명의 사용자와 함께 하세요.

✔️ 재생 목록 재생 및 맞춤 설정: 이제 기존 재생 목록을 재생할 수 있을 뿐만 아니라 자신만의 재생 목록을 만들고 맞춤 설정할 수도 있습니다. 

✔️ 배경 소리 추가: 편안한 물줄기 소리를 피아노 멜로디와 섞거나 새소리와 휴식 곡을 섞어 완벽한 분위기를 만들어보세요.

✔️ 쉬운 탐색: 새롭고 사용하기 쉬운 카테고리 버튼과 좋아하는 트랙을 빠르게 찾을 수 있는 강력한 검색 기능을 통해 원하는 콘텐츠에 쉽게 액세스할 수 있습니다.

✔️ 성장하는 라이브러리: 가이드 명상과 매혹적인 수면 이야기를 제공하는 매일 성장하는 콘텐츠 라이브러리를 탐색하여 꿈의 세계로 이동하도록 설계되었습니다. 마음챙김을 강화하고, 스트레스를 줄이며, 정신적 명확성을 강화하세요.

🕊️ Serene은 평화와 생산성을 위한 개인적인 안식처로, 손끝에서 평온한 음향의 세계를 제공합니다. 소리의 힘이 당신을 더 차분하고 집중된 자아로 안내하도록 하세요. 지금 Serene을 다운로드하고 평온함과 자기 발견의 여정을 시작하세요.",생산성,https://play.google.com/store/apps/details?id=com.jetkite.serenemusic&hl=ko&gl=kr,,,,,,
android,kr,com.snorelab.app,스노어랩,"스노어랩은 이 분야에서 가장 인기 있고 혁신적인 앱으로, 당신의 코골이를 기록하고 측정하고 추적하여 이를 효과적인 방법으로 줄일 수 있도록 도와드립니다.

스노어랩은 5천만 번의 밤 이상 수면을 지켜보았으며, 수백만 명의 사람들이 자신의 코골이 문제를 더 잘 이해하고 없앨 수 있도록 도왔습니다.

이 앱은 사용하기 매우 쉽습니다. 자는 동안 스노어랩을 침대 옆에 두고 실행하기만 하면 됩니다. 아침에 당신의 코골이 점수와 정확히 언제, 얼마나 크게 코를 골았는지 확인하고, 몇 가지 하이라이트를 들어볼 수 있습니다!

스노어랩을 사용하면 라이프 스타일 요소와 코골이 해결책을 기록하고 추적하여 그들이 당신의 코골이에 미치는 영향을 확인할 수 있습니다.

스노어랩은 의사, 치과 의사, 사용자 모두로부터 지지를 받고 있습니다. 이 앱은 수면 무호흡증과 같은 수면 장애 조사 시 의료 상담에 유용할 수 있습니다.

당신은 방을 흔들 정도로 코골이가 심한가요? 거세게 숨을 내뱉나요? 전기톱처럼 코 고는 소리가 우렁찬가요? 휘파람 소리를 내나요? 아니면 새끼 고양이처럼 그르렁 소리를 내나요? 스노어랩에서 그 진실을 알아보세요! 당신의 코골이 점수는 어떻습니까?",건강/운동,https://play.google.com/store/apps/details?id=com.snorelab.app&hl=ko&gl=kr,,,,,,
android,kr,com.apirox.sleeprecorder,Prime Sleep Recorder,"자고 있는 동안 잠꼬대나 코골이를 녹음하고(자동 혹은 수동 민감도, 스마트 코골이 감지를 활용하여 코골이만 녹음), 야간 시간대 방 내 소음 그래프를 생성하고 총 코골이 시간을 작성합니다.

코골이 감지 기능은 Apple의 새로운 기계 학습 기술이 지원하는 인공 지능(A.I.) 기반입니다. 엄청난 양의 코골이 샘플을 활용하여 통계 및 코골이 감지 자체로 매우 높은 정확도를 자랑합니다.

특징:

- 조정 가능한 녹음 사운드 민감도:
방의 다양한 사운드 조건에 맞게(조용한 환경 혹은 시끄러운 환경).

- 하이 테크 코골이 감지:
A.I. 기반의 정확한 코골이 감지

- 코골이만 녹음 가능

- 녹음 또는 재생 중 오디오 시각화

- 즐겨 찾는 녹음

- 친구와 녹음 공유:
이메일이나 메시지, 기타 소셜 네트워크를 통해 녹음 전송.

- 최고의 비율 품질과 크기를 위해 AAC 오디오 압축

- 야간 시간 동안 방의 소음 차트

- 요소, 기상 기분, 메모:
기상 후 매일 밤 다양한 요소(알코올, 커피, 스트레스 등)뿐 아니라 기분도 매치할 수 있으며 자신만의 메모를 추가할 수도 있습니다.

- 활성화 지연:
일정 기간 후 모니터링을 시작합니다.

- 배경 모드:
배경 모드에서도 모니터링을 실행합니다.

다음에 주의하세요:
* 기기를 충전기에 연결할 것을 권장합니다.
* 마이크를 침대로 향하도록 두고 기기를 자신과 가까이 두세요.

고객 지원
고객을 행복하게 해드리는 것이 저희의 가장 큰 가치입니다. 앱과 관련하여 문제가 있을 경우, sleeprecorder@apirox.com으로 연락주세요",의료,https://play.google.com/store/apps/details?id=com.apirox.sleeprecorder&hl=ko&gl=kr,,,,,,
android,kr,ai.asleep.android_aaron,"슬립루틴 - 수면 분석, 알람시계, 백색소음, 코골이","잠드는 순간부터 깨어날 때까지, 수면의 모든 것을 케어하는 완벽한 수면 파트너 슬립루틴입니다. 슬립루틴과 함께 잘 자고, 더 생산성있는 하루를 보내세요!


● 간편하고 정확하게, 세계 No. 1 수면 분석 AI
스마트폰만으로 간편하게, 정확한 수면분석을 제공합니다. 슬립루틴은 특허받은 수면 분석 기술로 별도의 장비착용없이 숨소리만을 이용해 수면을 분석해드려요.

● 더 빠르고 깊게 잠드세요, 슬립테라피
슬립테라피를 통해 편안하게 잠드세요. 백색소음, 자연의 소리, 뇌파 동조 바이노럴비트 등 나에게 맞는 다양한 오디오 컨텐츠를 눈을 감고 듣다보면 나도 모르게 깊은 잠에 빠져있을거에요.

● 개운한 아침, 스마트 알람
나의 슬립사이클에서 가장 일어나기 쉬운 순간을 정확하게 감지해 깨워드려요. 스마트 알람으로 더욱 상쾌한 마법같은 아침을 맞이하세요. 알람 시간을 설정하면 알람 시간 근처에서 얕은 잠을 정확하게 감지해 깨워드려요. 듣기 편한 알람음이 서서히 커지는 미라클 사운드 기능으로 더욱 스트레스 없이 일어나보세요.

● 내 잠을 정확하게, 수면 리포트
수면 점수, 수면 단계, 수면 중 호흡 등 나의 수면을 정확하고 이해하기 쉽게 보여드려요. 나의 잠을 정확하게 이해하는 것이 수면 관리의 첫걸음이에요.

● 나만을 위한, 맞춤 수면가이드
나의 수면패턴에 꼭 맞는 수면가이드를 받아보세요. 나만의 수면사이클을 정확하게 분석해 나에게 맞는 최적의 수면시간을 추천해드려요.

슬립루틴을 만든 에이슬립의 수면 분석 기술은 카이스트의 AI 전문가들의 연구를 통해 개발되었어요. 세계최대의 수면 데이터셋을 확보하여 관련 특허 70건 이상, SCI 논문/학회발표 16편 이상을 보유한 에이슬립의 수면 분석 기술을 슬립루틴을 통해 지금 만나보세요.


슬립루틴, 이렇게 사용하세요!

- 취침시간, 기상시간을 설정하여 나만의 수면 루틴을 만들어보세요.
- 침대에 누운 후 터치 한번으로 수면 측정을 시작하세요.
- 눈을 감고 슬립테라피를 들으며 깊은 잠에 빠져보세요.
- 스마트 알람으로 스트레스 없이 개운하게 일어나세요.
- 어젯밤 수면 점수, 수면 한줄평으로 수면의 질을 체크하세요.
- 매일 쌓이는 수면 리포트, 수면 통계로 나의 수면을 정확하게 이해
- 나만의 맞춤 수면 가이드를 통해 수면의 질을 더욱 높이세요.
- 수면을 관리하고, 더욱 생산성 높은 하루를 보내세요.


슬립루틴, 이런 분들게 추천드려요!

● 불규칙한 수면 패턴을 가지신 분
교대근무자, 야근이 잦은 회사원 등 수면 패턴이 불규칙하다면, 슬립루틴으로 나의 수면 패턴을 확인하고 관리해보세요.

● 아침에 일어나는 게 어려우신 분
아침에 일어나기 어려운 분들을 위해 스마트 알람 기능으로 마법같은 아침을 경험하세요!

● 밤에 잠드는 게 어려우신 분
깊은잠을 유도하는 슬립테라피로 쉽게 잠들어보세요.

● 학업과 업무에 바쁘신 분
대학생, 대학원생, 수험생, 혹은 업무로 잘 시간이 부족하신가요? 슬립루틴으로 효율적인 수면을 경험해보세요.

● 생산성 높은 하루를 만들고 싶으신 분
슬립루틴과 건강한 수면 라이프를 만들고 하루의 생산성을 높이세요.

● 스트레스와 마음의 평화를 찾으시는 분
스트레스로 마음이 지치셨나요? 슬립테라피를 통해 편안한 수면을 경험해보세요.



지금 슬립루틴과 함께 수면의 질을 높이고 생산성 넘치는 하루를 보내보세요!


[ 구독 상품 ]
1개월 또는 연간 구독을 현재 구독기간이 종료 되기 24시간 전에 취소하지 않으면 동일한 기간으로 자동 갱신됩니다. 
추가 비용 없이 스토어에서 언제든지 취소할 수 있습니다. 취소 할 경우, 구독은 현재 구독 기간이 종료된 후에 자동으로 중단됩니다.

이메일 문의 : [sleeproutine_cs@asleep.ai]
----
개발자 연락처 :
주식회사 에이슬립 강남구 테헤란로 431
강남구, 서울특별시 06159
South Korea 840-81-02142 제 2023-서울강남-04954 호 강남구청",건강/운동,https://play.google.com/store/apps/details?id=ai.asleep.android_aaron&hl=ko&gl=kr,,,,,,
android,kr,ru.olegfilimonov.sleeptime,Sleep Time - Alarm Calculator,"간단한 수면 주기 계산기, 수면 시간으로 상쾌하게 일어나세요!

특징:
- 세련되고 빠른 소재 디자인
- 최적의 기상 또는 수면 시간 계산
- 취침 시간 및 기상 알림
- 잠드는 시간도 포함됩니다.

피드백이나 버그 보고를 받으려면 앱의 설정 탭을 사용하세요.",생산성,https://play.google.com/store/apps/details?id=ru.olegfilimonov.sleeptime&hl=ko&gl=kr,,,,,,
android,kr,io.moreless.tide,Tide - Sleep & Meditation,"수면, 명상, 휴식, 집중을 앱에 통합한 Tide는 신체적, 정신적 케어를 목표로 하는 앱입니다. 여행, 자연, 명상에서 영감을 받아 자연스러운 사운드스케이프와 마음챙김 연습을 포함한 방대한 오디오를 제공하고 있습니다. 스트레스 해소, 집중력 유지, 마음챙김으로 휴식, 밤에 더 나은 수면을 위해 Tide를 사용하면 빠르게 변화하는 삶에서 벗어나 평화롭고 고요한 순간으로 들어갈 수 있습니다.

#적합#
- 수면 장애로 고통받는 사람.
- 집중력 유지에 어려움이 있는 미루는 사람.
- 시끄러운 환경에 자주 방해받는 크리에이티브.
- 오랫동안 불안과 피로에 시달리며 스트레스를 많이 받는 분.
- 몸과 마음의 평화를 위해 노력하는 수행자.

#선택#
1. 이완 명상: 두뇌에 일시 정지 버튼을 둡니다.
- 마음챙김 연습을 일상 생활에 병합합니다. 언제 어디서나 두뇌운동을 해보세요.
- 몰입형 명상 공간. 콘텐츠에서 인터페이스에 이르기까지 평온함과 평화를 가져다줍니다.
- 기본 명상이 포함되지만 호흡, 바디 스캔에 국한되지 않습니다.
- 단일 명상이 포함되지만 Fast Sleep, Study Pressure에 국한되지 않습니다.

2. 자연의 소리: 자연과 함께 고요하고 마음챙김
- 잘 선택된 자연의 소리. 다양한 자연 장면으로 안내합니다.
- 음악 퓨전 모드. 좋아하는 음악과 자연스러운 소리를 믹스하세요.
- 사운드 장면이 포함되지만 비, 바다, 천둥에 국한되지 않습니다.

3. 일상의 영감을 주는 인용구: 몸과 마음의 미니멀하고 차분한 여행
- 잘 선택된 일일 따옴표. 마음을 다해 삶을 살아가는 모든 이들에게 인사를 건넨다.
- 일일 따옴표 달력. 이전 인용문과 사진을 확인할 수 있도록 지원합니다.
- 시간에 흐르는 인사가 타이드에서 여러분을 기다립니다.

#특징#
1. 수면과 낮잠: 자연의 소리와 함께 잠들기.
- 수면 및 낮잠 모드. 낮에는 낮잠을 자고 밤에는 푹 주무세요.
- 가벼운 기상 알람. 쉽고 자연스럽게 일어나십시오.
- 수면 분석. 당신의 수면에 대한 모든 것을 알고 있습니다.

2. 포커스 타이머: 영감의 흐름
- 고효율 작업 모드.
- 몰입 모드. 디지털 집착에서 벗어나십시오.
- 타이머를 사용자 정의합니다. 다른 장면에 대한 타이머를 설정합니다.
- 화이트리스트에 앱 추가 지원.

3. 릴렉스 호흡 가이드: 차분하고 꾸준히 호흡하는 법 배우기
- 균형 잡힌 호흡. 기분이 좋아지고 스트레스가 해소됩니다.
- 4-7-8 호흡. 몸과 마음을 이완하십시오. 빨리 잠들어.

#더#
1. Tide Diary: 고요하고 평화로운 모든 순간을 기억하십시오.
- 가시적인 데이터 보고서. Tide에서 아름다운 순간을 기록하세요.
- 정교하게 디자인된 공유 카드는 각각의 평화로운 경험을 기억합니다.

2. 미니멀한 디자인: 더 적은 것을 추구합니다
- 미니멀한 인터페이스 디자인.
- 감성적인 시각 효과.
- 다양한 서체에 대한 사용자 정의 조판.

3. 안드로이드를 위한 스페셜
- 잠금 화면에서 Tide 제어를 지원합니다.

—————

#신청#
Tide는 현지화된 구독 플랜을 제공합니다. 자세한 내용은 앱에서 확인하세요.

관련 용어
- 서비스 약관: https://tide.fm/pages/general/terms-conditions/en
- 개인정보 보호정책: https://tide.fm/pages/general/privacy-policy/en

————

당신의 목소리는 항상 우리를 더 좋게 만들었습니다!

피드백: hi@moreless.io
우리와 함께하십시오: hr@moreless.io

우리를 찾아
페이스북 @tideapp
인스타그램 @tide_app",건강/운동,https://play.google.com/store/apps/details?id=io.moreless.tide&hl=ko&gl=kr,,,,,,
android,kr,ai.momental,Momental: 빗소리 & 수면 백색소음,"<b>잠이 안 오시나요? 자연이 도와드립니다.</b>
Momental은 편안한 백색소음과 자연의 소리로 당신을 감싸 더 빨리 잠들고 더 깊이 잘 수 있도록 도와주는 본격 수면 앱입니다. 수면유도에 효과적인 힐링사운드를 다양하게 제공하여 매일 밤 편안한 잠자리를 만들어 드립니다. 약도, 끝없는 플레이리스트도, 밝은 화면도 필요 없습니다. 앱을 열고 재생만 누르면 빗소리, 천둥 소리, 파도 소리가 깊고 편안한 수면으로 안내합니다. 아기를 위한 자장가 대신 자연의 소리로 온 가족의 평화로운 밤을 만들어보세요.

<b>무료로 제공되는 풍성한 기능</b>
• 20가지 이상의 무료 자연의 소리 및 백색소음 트랙을 다양하게 수록
• 개별 볼륨 조절이 가능한 커스텀 사운드 믹싱 기능으로 나만의 수면 소리 제작
• 부드러운 페이드아웃이 포함된 수면 타이머로 편안하고 자연스러운 수면유도
• 무제한 즐겨찾기 사운드 믹스 저장 기능으로 매일 밤 간편하게 재생
• 계정 필요 없음 — 다운로드하면 바로 사용할 수 있습니다

<b>수면 소리와 백색소음으로 빠르게 잠들기 — 효과적인 수면유도 지원</b>
• <b>소음 차단:</b> 도시 소음과 복잡한 생각을 부드러운 빗소리, 먼 천둥, 바람 소리, 숲속 밤소리 같은 자연의 소리로 바꾸세요. 백색소음이 외부 소음을 효과적으로 차단하여 마음을 편안하게 해줍니다
• <b>점진적 페이드아웃:</b> 힐링사운드가 서서히 줄어들며 뇌가 각성 상태에서 깊은 이완 상태로 자연스럽게 전환됩니다. 부드럽고 편안한 수면유도를 직접 경험해보세요
• <b>수면 루틴 만들기:</b> 매일 밤 일정한 수면 습관을 만들어 몸에 잠잘 시간을 알려주세요. 효과적인 수면유도는 백색소음과 자연의 소리를 활용한 꾸준한 습관에서 시작됩니다

<b>밤새 깊은 잠 — 끊기지 않는 힐링사운드로 숙면</b>
• <b>연속 재생:</b> 짧은 휴식부터 밤새 재생까지 자유롭게 선택하세요. 힐링사운드와 자연의 소리가 밤새 끊기지 않고 당신의 수면을 지켜줍니다
• <b>끊김 없는 오디오:</b> 거친 루프나 갑작스러운 끊김 없이 매끄러운 수면 소리 경험을 제공합니다. 수면 중 스트레스를 최소화합니다
• <b>백색소음 효과:</b> 이웃 소음, 교통 소리, 코골이를 차분한 백색소음과 자연의 소리로 효과적으로 가려주세요. 어떤 환경에서도 조용한 수면 공간을 만들 수 있습니다

<b>나만의 사운드스케이프 믹스 — 이상적인 수면 소리 자유롭게 만들기</b>
• <b>커스텀 믹싱:</b> 빗소리, 천둥 소리, 바람 소리, 파도 소리 등 다양한 수면 소리를 조합해 나만의 힐링사운드 믹스를 자유롭게 만드세요. 수많은 조합이 가능합니다
• <b>20가지 무료 소리:</b> 다양한 자연의 소리와 백색소음 라이브러리를 완전 무료로 이용 가능합니다
• <b>개별 볼륨 조절:</b> 각 소리의 볼륨을 따로 세밀하게 조절해 당신에게 딱 맞는 완벽한 밸런스를 찾으세요
• <b>즐겨찾기 저장:</b> 최고의 믹스를 저장하고 매일 밤 원터치로 간편하게 재생. 수면유도가 더욱 쉬워집니다

<b>고품질 자연 사운드스케이프 — 엄선된 자연의 소리만 수록</b>
• <b>실감나는 녹음:</b> 창문에 떨어지는 빗소리, 먼 뇌우의 울림, 숲의 고요한 분위기, 따뜻한 모닥불 소리, 해변 파도 소리 등 모든 소리를 엄선하여 고품질로 수록했습니다
• <b>순수한 자연의 소리:</b> 음악도, 목소리도, 비트도 없이 — 오직 수면과 힐링을 위한 순수하고 깨끗한 자연의 소리만 담았습니다

<b>심플하고 직관적인 디자인 — 졸릴 때도 쉽게 사용</b>
• <b>원터치 시작:</b> 계정 없이 바로 시작할 수 있습니다. 아무리 졸려도 쉽게 사용할 수 있는 깔끔하고 직관적인 화면 디자인
• <b>수면 타이머:</b> 원하는 시간을 설정하면 자동으로 페이드아웃됩니다. 수면유도부터 아침까지 안심하고 편안하게 사용하세요
• <b>미니멀 UI:</b> 잠을 깨우지 않는 차분하고 깔끔한 인터페이스 디자인으로 수면에만 집중할 수 있습니다

<b>이런 분들에게 적극 추천합니다</b>
• 불면증이나 잠들기 어려운 분 — 백색소음과 자연의 소리로 자연스러운 수면유도를 경험하세요
• 아기 재우기에 백색소음이나 자장가 대용 자연의 소리가 필요한 부모님에게 최적의 수면 앱
• 집중력이 필요한 학생과 재택근무자를 위한 수면 소리와 환경음으로 생산성 향상
• 시끄러운 환경에서 소음 차단이 필요한 분을 위한 효과적인 백색소음 솔루션
• 명상과 힐링에 어울리는 자연의 소리를 찾는 분에게도 완벽한 앱

Momental을 다운로드하고 오늘 밤부터 깊이 푹 자세요 — 완전 무료입니다.

이용약관: https://momental.ai/terms
개인정보처리방침: https://momental.ai/privacy",건강/운동,https://play.google.com/store/apps/details?id=ai.momental&hl=ko&gl=kr,,,,,,
android,kr,com.risesci.nyx,RISE: Sleep Tracker,"500만 명이 넘는 사용자와 함께하세요! 100년 역사의 수면 과학을 바탕으로 개발된 RISE는 수면 추적 기능은 물론 수면 부족량과 에너지 레벨까지 측정해주는 유일한 앱입니다. RISE를 통해 숙면을 취하고 활기찬 아침을 맞이하세요.

수면 재단(Sleep Foundation)의 추천을 받았으며, NFL, MLB, NBA 팀과 포춘 500대 기업들이 신뢰하는 RISE는 수면과 에너지 수준을 손쉽게 향상시킬 수 있도록 도와줍니다.

RISE는 단순한 수면 및 에너지 추적 앱이 아닙니다. 위젯, 캘린더 연동, 수면 유도 소리, 명상 가이드, 스마트 알람, 습관 알림, 수면 관련 지식 라이브러리 등 다양한 기능을 이용할 수 있습니다.

RISE 커뮤니티 후기

***
Chase M.
""RISE 덕분에 수면이 얼마나 중요한지 깨달았습니다. 단 몇 주 만에 업무 집중력과 에너지, 생산성이 향상되었습니다.""

***
베키 G.
""수면 부족이 짜증을 잘 내고, 이해력이 떨어지고, 행동이 느려지는 등의 문제를 일으킨다는 것을 알게 됐어요. 그러다 문득 깨달았죠... RISE를 사용하기 전보다 평균 45분 더 자게 됐어요.""

더 나은 수면을 경험하세요
오랜 세월 동안 강조되어 온 ""하루 8시간 수면""이라는 조언에 지치셨나요? 단순히 새 매트리스나 베개를 사는 것에서 벗어나, 삶을 변화시키는 수면 부족 개념을 알아보세요.

과학적으로 입증된 바와 같이, 수면 부족은 건강에 매우 중요한 요소입니다. 수면 부족이 적으면 삶의 질은 물론 수명까지 연장될 수 있지만, 수면 부족이 심하면 피로감을 유발하고 건강을 해칠 수 있습니다.

RISE는 수면 부족량을 계산하고, 그것이 에너지 수준에 미치는 영향을 이해하도록 돕고, 수면 습관 개선을 통해 수면 부족량을 줄이는 방법을 안내합니다. 멜라토닌 분비 시간대, 수면 우선순위 설정 시점, 늦은 밤까지 깨어 있는 것의 진짜 문제점, 그리고 낮잠의 이점까지 알아보세요.

개인 맞춤형 수면 추적기
잠자리에 들려는 순간 머릿속이 복잡해지시나요? 스마트폰으로 끊임없이 부정적인 소식을 찾아보시나요? 하루 종일 피곤함을 느끼시나요?

수면 데이터, 생체 리듬, 그리고 최신 연구 결과를 바탕으로, 여러분의 필요에 맞는 맞춤형 추천을 제공하고 더 건강한 수면 습관을 형성하도록 도와드립니다.

RISE는 제시간에 잠자리에 들도록 도와주고, 잠이 오지 않을 때는 수면을 유도하며, 밤에 깨는 횟수를 줄여주고, 아침에 개운하게 일어날 수 있도록 해줍니다.

나만의 생체 리듬을 찾아보세요
우리 모두는 생체 리듬이라는 고유한 뇌 시계를 가지고 있습니다. 이 생체 리듬은 우리 몸에 깨어 있어야 할 때와 회복해야 할 때를 알려줍니다. 사람마다 최적의 컨디션을 유지하는 시간부터 잠들고 일어나는 시간까지 모두 다르기 때문에, RISE는 첨단 알고리즘을 사용하여 여러분에게 가장 적합한 수면 및 활동 시간을 찾아드립니다.

RISE를 사용하면 생체 리듬과 일일 에너지 수준을 파악하여 더욱 생산적인 하루를 계획할 수 있습니다.

수면은 에너지를 재충전해 주며, RISE 사용자 중 83%가 일주일 이내에 에너지 수준이 향상되었다고 응답했습니다.

수면 자동 추적
Apple Health, Apple Watch, Fitbit, Oura 및 Sleep Cycle, ShutEye와 같은 스마트폰의 다른 수면 추적 앱 데이터와의 연동을 통해 RISE는 매일 밤 수면 시간, 수면 부족량, 걸음 수 데이터를 파악하여 자동으로 잠들고 깨는 시간을 감지합니다.

RISE를 시작하게 된 이유
저희는 1985년 이후 꾸준히 증가해 온 수면 부족 현상(CDC, 2014)에 앞서 대응하고자 합니다. 이러한 수면 부족은 사망률 증가(Cappuccio, 2010)뿐만 아니라 삶의 대부분 영역에서 성과 저하(RAND, 2016)로 이어지고 있습니다.

오늘날 우리는 수면을 사치품으로 여기고 있습니다. RISE는 건강한 수면이 필수적인 세상 만들기 위해 노력합니다.

구독 가격 및 약관
RISE는 모든 프리미엄 기능을 무제한으로 이용할 수 있는 자동 갱신 구독 서비스를 제공합니다. 또한 프리미엄 기능을 무료로 체험해 볼 수 있는 7일 무료 체험 기간도 있습니다.

최초 구독 구매 시 Play 계정에 연결된 신용카드로 결제가 진행됩니다. 현재 구독 기간이 종료되기 최소 24시간 전에 자동 갱신을 해제하지 않으면 구독이 자동으로 갱신됩니다. 구독 관리는 프로필 설정에서 할 수 있습니다.

서비스 약관은 bit.ly/rise-sleep-app-tos에서 확인할 수 있습니다.",건강/운동,https://play.google.com/store/apps/details?id=com.risesci.nyx&hl=ko&gl=kr,,,,,,
android,kr,com.tarahonich.relaxsleepsounds,수면 사운드 백색 소음,"잠드는 데 문제가 있습니까? 불면증이 있습니까? 옆 사람이 코를 곱니까? 스트레스와 불안을 해소하고 싶습니까? 백색소음을 들어보세요!

백색소음은 고주파, 중주파, 저주파가 있는 배경음으로, 고르게 분포되어 차이 없이 같은 볼륨으로 들립니다. 우리는 살아가면서 끊임없이 백색소음을 접하게 됩니다. 이는 빗소리, 헤어 드라이어 소리, 불이 타닥거리며 타는 소리, 진공청소기 소리, 에어컨 소리 등이 될 수 있습니다.

수면과 휴식을 위한 소리는 불면증을 없애고, 아기처럼 잠들기 시작하고, 마침내 휴식을 취하거나 집중하고 명상을 하는 데 도움이 됩니다.

수면을 위한 부드러운 소리 (백색 소음)로 얼마나 쉽게 잠들 수 있는지 시도해보세요. 아마도 놀라실 겁니다. 나만의 사운드 믹스를 선택하고 결합하여 스트레스를 해소하거나 집중력을 높일 수 있습니다. 타이머를 설정하면 전화기 배터리 걱정은 하지 않아도 됩니다. 일정 시간이 지나면 타이머가 작동하여 소리를 서서히 끌 것입니다.

다음과 같은 다양한 범주의 조합을 사용하여 휴식과 수면을 위해 가능한 한 개별적으로 소리를 결합합니다.
🌧️ 빗소리(부슬비, 우산에 떨어지는 빗소리, 나뭇잎에 떨어지는 빗소리, 천둥 등)
🏕️ 자연의 소리 (바람, 모닥불, 바닷바람, 호수, 동굴 속 물방울 소리) 
🐦 동물 소리 (새, 올빼미, 고양이 가르릉 소리, 귀뚜라미, 개구리) 
🚪 집 소리 (키보드, 선풍기, 진공청소기, 오래된 시계, 세탁기) ) 
🏢 도시 소리 (역, 인파, 교통)

특징: 
★ 배경음으로 수면을 위한 소리 재생 
★ 맞춤형 타이머, 설정 시간 후 소리가 서서히 꺼짐. 
★ 개별 사운드의 맞춤형 볼륨 
★ 나만의 사운드 믹스 만들기 
★ 취침 시간 알림 
★ 야간 모드.

저희 앱에서는 다양한 카테고리에서 수면과 휴식을 위한 50개 이상의 소리를 찾을 수 있습니다.",건강/운동,https://play.google.com/store/apps/details?id=com.tarahonich.relaxsleepsounds&hl=ko&gl=kr,,,,,,
android,kr,com.endel.endel,"Endel: Focus, Relax & Sleep","소리의 힘으로 집중하고, 긴장을 풀고, 잠을 자세요. Endel은 일상 생활을 지원하도록 설계된 AI 기반 사운드를 만듭니다. 과학이 뒷받침되며 전 세계 수백만 명이 즐기고 있습니다.

Endel은 특허받은 핵심 AI 기술을 기반으로 합니다. 최적의 맞춤형 사운드스케이프를 생성하려면 위치, 환경, 심박수 등의 입력이 필요합니다. 이는 즉시 발생하며 Endel이 귀하의 상태를 일주기 리듬과 다시 연결할 수 있도록 합니다.

• 휴식 – 마음을 진정시켜 편안함과 안전감을 조성합니다.

• 집중 – 더 오랫동안 집중할 수 있도록 도와 생산성을 높입니다.

• 수면 – 부드럽고 부드러운 소리로 깊은 잠에 빠지게 해줍니다.
 
• 회복 – 불안을 낮추도록 설계된 사운드로 웰빙을 되살립니다.
 
• 공부 – 집중력을 높이고 공부하거나 일하는 동안 차분함을 유지합니다.
 
• 이동 – 걷기, 하이킹, 달리기 중에 성능과 즐거움을 향상시킵니다.
 
엔델 콜라보레이션

많은 사랑을 받는 Endel 클래식과 함께 Endel은 혁신적인 예술가 및 사상가와 협력하여 독창적인 경험을 만들어냅니다. Grimes, Miguel, Alan Watts, Richie Hawtin(일명 Plastikman)은 모두 점점 더 많은 사운드스케이프 카탈로그를 만드는 데 기여했으며 앞으로 더 많은 작업이 진행될 예정입니다.

• James Blake: Wind Down – 잠자리에 들기 전 건강한 일상을 지원하도록 설계되었습니다. 도움이 되는 소리로 저녁부터 잠까지 편안하게 해줍니다.

• Grimes: AI Lullaby – Grimes가 제작한 오리지널 보컬과 음악입니다. 수면을 위해 과학적으로 설계되었습니다.
 
• Miguel: Clarity Trip – 마음챙김 산책, 하이킹, 달리기를 위해 만들어졌습니다. 그래미상을 수상한 아티스트 Miguel의 독창적인 적응형 사운드가 포함되어 있습니다.
 
• Alan Watts: Wiggly Wisdom – 음성의 소리 풍경을 진정시키고 동기를 부여합니다. Alan Watts의 유쾌한 지혜가 담겨있습니다.
 
• Plastikman: Deeper Focus – Richie Hawtin과 함께 만든 딥 포커스 테크노 사운드스케이프

집, 직장 또는 이동 중에 긴장을 풀고 집중하고 산만함과 뇌 피로를 최소화하기 위해 사용하세요. 모든 모드는 오프라인에서 사용할 수 있습니다.

Wear OS 앱을 사용하면 앱을 열지 않고도 시계 화면에서 바로 현재 및 향후 생체 리듬 단계를 확인할 수 있습니다. 하루를 탐색하는 데 에너지 나침반으로 사용하십시오.

엔델 구독

다음 계획 중에서 선택하여 Endel을 구독할 수 있습니다:

- 1 개월

- 12 개월

– 평생

현재 기간이 종료되기 최소 24시간 전에 자동 갱신을 해제하지 않으면 구독이 자동으로 갱신됩니다.

구매가 확인되면 결제 금액이 귀하의 계정으로 청구됩니다.

현재 기간 종료 후 24시간 이내에 갱신 비용이 계정에 청구되며, 갱신 비용이 제공됩니다.

구독은 사용자가 관리할 수 있습니다. 구매 후 사용자의 계정 설정으로 이동하여 자동 갱신을 끌 수 있습니다.

활성 구독 기간 중에는 현재 구독을 취소할 수 없습니다.

무료 평가판 기간 중 미사용 부분이 제공되는 경우 사용자가 해당 출판물에 대한 구독을 구매할 때 상실됩니다.

자세한 내용은:

이용약관 - https://endel.zendesk.com/hc/en-us/articles/360003558200

개인정보 보호정책 - https://endel.zendesk.com/hc/en-us/articles/360003562619",건강/운동,https://play.google.com/store/apps/details?id=com.endel.endel&hl=ko&gl=kr,,,,,,
android,kr,org.midmoon.bst,Baby Sleep Tracker - Midmoon,"Midmoon: Baby Sleep & Feeding은 엄마가 아기의 수면, 영양 및 활동에 대한 일일 일정을 만드는 데 도움이 되는 앱입니다. 개인 신생아 모유 수유 추적기, 유아식 일기 및 아기 수면 타이머를 제공하여 자녀의 일상에 대한 자세한 통계를 추적하고 적시에 알림을 받을 수 있습니다.

이 앱은 신생아의 엄마, 1세 미만의 자녀의 엄마, 1세 이상의 자녀의 엄마는 물론 모든 부모, 조부모, 보모 및 기타 아이를 책임지는 간병인에게 유용합니다.

응용 프로그램에서 아기 수면 추적기, 모유 수유 추적기, 수유 추적기, 아기 활동 로그, 타이머 및 알림, 어둡고 밝은 테마, 불필요한 기능이 없는 사용자 친화적인 인터페이스를 찾을 수 있습니다.

앱을 사용하려면 수면과 수유, 월별 보충 수유, 게임, 활동적이고 조용히 깨우기, 걷기 등 자녀의 모든 활동을 기록해야 합니다. 그러면 앱이 자녀만을 위한 개별적이고 편안한 일정을 계산합니다. 권장 규범과 개인의 필요에 따라

이 앱은 또한 눈에 보이는 피로의 징후가 없더라도 아기가 짜증을 내기 시작하는 시기와 이유, 취침 루틴을 시작할 시기를 알려줍니다.

The Midmoon: Baby Sleep & Feeding 앱은 아기가 지치거나 울기 전에 하루를 계획하고 아기가 원하는 것을 예측할 수 있기 때문에 편리합니다.

앱의 기능으로는 수면 추적기, 아기 수유(모유 수유 또는 인공 수유), 월별 보충식(야채, 과일, 곡물, 고기 등), 모든 종류의 활동(마사지, 걷기, 놀기, 목욕 등)이 있습니다. ), 아기 발달 일지.

7일 동안 무료로 앱을 사용해 본 다음 가장 편안한 구독 기간을 선택할 수 있습니다. 구독은 각 기간(선택한 옵션에 따라 주, 월, 반기, 년 또는 기타)이 끝날 때 자동으로 갱신됩니다. 구독을 취소하면 자동 갱신이 해제되지만 현재 남은 기간 동안 모든 앱 기능에 계속 액세스할 수 있습니다. 앱을 제거해도 구독은 취소되지 않습니다.

Midmoon: Baby Sleep & Feeding은 당신과 당신의 아기를 위한 간단하고 유용한 앱입니다.",출산/육아,https://play.google.com/store/apps/details?id=org.midmoon.bst&hl=ko&gl=kr,,,,,,
android,kr,com.bestsleeptrack.clockapp,BestSleep:Snore Tracker App,"수면 상태는 어떠세요? BestSleep은 수면 패턴을 추적하고, 코골이와 잠꼬대를 녹음하여 수면 패턴을 이해하고, 수면 부스터 기능을 통해 건강한 수면 습관을 형성하도록 도와줍니다.
BestSleep은 수면 주기를 정확하게 모니터링하여 수면의 질과 휴식 상태를 평가합니다. 또한 백색 소음, 명상, 취침 동화 등 다양한 수면 보조 기능을 제공하여 정신적 스트레스를 완화하고, 불안을 해소하며, 명상을 통해 마음을 진정시켜 숙면을 취할 수 있도록 도와줍니다. BestSleep을 다운로드하여 개인의 수면 리듬을 완벽하게 파악하고, 코골이와 잠꼬대를 녹음하고 다시 듣고, 스마트 알람 시계를 맞춤 설정하고, 수면 방해를 줄이고, 더 빨리 잠들 수 있도록 하여 더욱 건강한 라이프스타일을 누려보세요.

최적의 수면: 코골이 추적 앱은 다음과 같은 분들에게 적합합니다.
- 수면 장애가 있는 분 (잠들기 어려움, 쉽게 깨는 증상, 몽유병, 얕은 수면)
- 수면의 질이 좋지 않다고 스스로 진단하고 싶은 분
- 수면의 신비를 탐구하여 수면의 질을 개선하고 싶은 분
- 스마트워치와 같은 웨어러블 기기가 없어 수면의 질을 모니터링할 수 없는 분

주요 기능:
【수면 기록 및 분석】
수면 주기와 취침 시간을 과학적으로 추적하여 자신에게 맞는 수면 습관을 배우세요.

【코골이 감지】
코골이 빈도를 측정하여 수면 무호흡증이나 기타 관련 질환의 위험도를 판단하세요.

【꿈속 대화 녹음】
꿈속에서 하는 말을 듣고 잠재의식과 내면세계를 탐구하세요.

【맞춤 설정 가능한 기상 알람】
알림 권한을 허용하면 취침 시간에 맞춰 알림을 받을 수 있습니다.

침대에서 바로 깨워주는 일반 알람 시계부터 원하는 시간대를 설정하여 부드럽게 깨워주는 스마트 알람 시계까지.

【수면 부스터】
200가지 이상의 사운드: ASMR, 바이너럴 비트, 잔잔한 빗소리, 몰입형 백색 소음, 성인 맞춤형 취침 이야기, 명상 세션 등 - 더 빨리 잠들고 편안한 밤을 보내세요.

편안한 음악과 차분한 소리로 명상과 집중력을 높여보세요.

과학적으로 수면을 취하고, 더 나은 수면을 통해 스트레스를 해소하고, 불안을 줄여 더 건강한 삶을 누리세요.

풍부한 오디오에서 영감을 얻어 나만의 편안한 사운드를 찾아보세요.

# 베스트 슬립 프리미엄 #
모든 자장가와 명상 음악 재생
코골이, 잠꼬대 등 수면 소리 추적
수면 패턴 분석 및 수면 질 개선
클라우드 데이터 백업

주의: 베스트 슬립은 수면의 질에 대한 일부 정보를 제공하지만 전문 의료 장비 및 전문가 의견을 대체할 수는 없습니다. 따라서 장기적인 수면 문제가 있는 경우 전문적인 의료 상담을 받는 것이 좋습니다.

잠들기 전 편안한 휴식을 위해 침실을 조용하고 어둡고 서늘하게 유지하세요.
아기처럼 달콤한 잠을 주무시길 바랍니다!

이용 약관에 대한 자세한 내용은 아래를 참조하세요.
개인정보 보호정책: http://BestSleep-tracker.com/privacy
서비스 약관: http://BestSleep-tracker.com/term
피드백 제출: xilu11feedback@outlook.com",건강/운동,https://play.google.com/store/apps/details?id=com.bestsleeptrack.clockapp&hl=ko&gl=kr,,,,,,
android,kr,easy.sleep.tracker2,"수면 분석 - 수면 추적, 알람, 코골이 기록","매일 밤 당신의 수면 상태가 궁금하신가요?

수면 분석은 개인 수면 상태를 추적하는 수면 사이클 모니터이자 코골이 녹음 기능과 수면 유도 사운드를 제공합니다. 이 앱으로 수면 패턴을 분석하고 AI를 활용한 코골이와 잠꼬대를 녹음해서 확인할 수 있습니다. 더불어 휴식과 수면을 위한 수면 유도 사운드를 제공합니다. 고음질 자연 소리를 통해 나만의 수면 유도 음악을 만들 수 있습니다.

스마트 알람으로 더 나은 수면 패턴을 만들어보세요. 지금 바로 다운로드 하여 수면의 질을 개선하고 더욱 건강한 삶을 누리세요.

취침 시간부터 아침까지 수면을 추적하고 아침에 깨어날 수 있게 돕는 앱으로 자세한 분석을 받아보세요.

수면을 추적하고 데이터를 사용해 오늘 더 깊은 숙면을 취하세요.

수면 분석의 강력한 5가지 기능：

1.수면 분석을 통한 수면 사이클 확인
2.일간, 주간 및 월간 수면 추이를 통한 다음 액션플랜 제공
3.수면 중 코골이나 잠꼬대를 녹음하여 확인
4.수면 유도 사운드로 불면증 예방
5.스마트 알람으로 부드럽게 기상

수면 분석은 다양한 분들에게 추천합니다：

자도자도 이상하게 아침에 일어나면 항상 피곤하신가요?
수면 중 어떤 소리에 내가 반응하는지 궁금하신가요?
자면서 코골이나 잠꼬대를 하는지 궁금하신가요? 
불면증에 시달리다보니 만성피로로 어려움을 겪고 계신가요?
뒤척임 없는 편안한 숙면을 원하시나요?
하루를 최상의 컨디션으로 시작하고 싶으신가요?

수면분석기가 모두 이루어주고 좀 더 생산적이고 효울적인 삶으로 만들어드릴게요.


더욱 상세한 기능설명:

1.수면 사이클 녹음 분석
일간, 주간, 월간 단위로 수면 분석 보고서를 확인하세요. 움직임, 조명, 소리 등을 통해 수면 추이를 추적할 수 있어요. 다음날 더 완벽한 수면을 위해 액션 플랜까지 제안해드려요. 휴대폰을 가까이 두기만해도 충분합니다.

2. 수면 중 소리 듣기
자면서 코를 골거나 잠꼬대를 하는지 알고싶나요? AI를 활용한 코골이 인식과 야간 음성 녹음으로 수면 패턴을 분석할 수 있어요.

3. 수면유도 사운드 기능
고품질 수면 사운드로 휴식과 수면을 취하세요. 불면증을 예방하는데 도움이 되는 것으로 입증된 30개가 넘는 수면 소리로 긴장을 이완하고 스트레스를 푸세요. 더욱 깊은 잠으로 안내합니다.

4. 스마트 알람 맞춤 설정
기상 시간을 놓칠까봐 걱정되시나요? 스마트 알람으로 부드럽게 기상할 수 있어요. 
그저 푹 주무세요. 흔들기 알람, 기억력 미션, 계산 및 가위바위보 게임 미션을 통해 쉽게 잠을 깨워드릴게요.

5. 더 나은 수면을 위한 플랜
매일 분석된 수면 패턴으로 그 다음날은 몇시부터 잠에 드는게 좋은지, 언제 일어나면 상쾌하게 기상할 수 있는지 자세하고 꼼꼼하게 수면 플랜을 제안해드립니다.

지금 바로 수면 추적기를 다운로드 하여 모든 수면 문제를 해결하세요. 이 앱을 사용하여 편안하게 잠들고 상쾌하게 기상하세요. 건강한 수면을 경험해보세요.
----
개발자 연락처 :
에이치에이치소프트(주) 대한민국 서울특별시 서초구
서초구 나루터로 59 4층 4659호 (잠원동,라성빌딩)
06525 1048701506 2025-서울송파-1227 본인직접신고",건강/운동,https://play.google.com/store/apps/details?id=easy.sleep.tracker2&hl=ko&gl=kr,,,,,,
android,kr,com.xdevstar.sleeptery,sleeptery дневник и трекер сна,"수면 일기와 추적 기능, 실제 상품이 걸린 경품 이벤트, 그리고 과학 논문까지, 수면을 개선하고 매일 습관으로 만들 수 있는 최고의 수면 앱을 만나보세요. Sleeptery로 수면을 모니터링하고 추적하여 빠르게 잠들고, 숙면을 취하고, 상쾌하게 깨어나세요.

마음을 편안하게 하는 소리, 백색 소음과 명상, 수면 주기, 타이머, 수면 단계가 있는 스마트 알람 등 ""빨리 잠들기"" 위한 수십 가지 방법을 시도해 봤지만, 여전히 일상을 정리하지 못하셨나요? 과학적 접근법과 게임을 결합하여 편안하고 질 높은 수면을 취하고 상쾌하게 깨어나는 방법을 알려드립니다.

더 나은 삶을 위한 우리의 변화
수면은 단순히 깊고 숙면을 취하는 것만이 아닙니다. 낮 동안의 웰빙, 에너지, 기분까지 포함합니다. Sleeptery의 무료 시계 및 휴대폰 앱은 활력을 되찾고, 졸음을 줄이고, 코골이와 수면 문제를 극복하는 데 도움을 드립니다.

수면하고 선물 받으세요
매일 충분한 수면을 취하고 정해진 시간에 기상하면 보너스 베개를 드립니다. 복권으로 교환하고, 주간 토너먼트와 개인 챌린지에도 참여해 보세요. 친구, 동료 또는 자신과 함께 숙면을 위한 경쟁을 펼쳐보세요. 건강, 스트레스 해소, 그리고 즐거움까지, 이 모든 것을 한 병에 담았습니다.

전체 분석 보기
- 수면 주기를 추적하세요: 수면 시간, 규칙성, 수면의 질을 확인하세요.
- 수면을 추적, 관리, 모니터링하세요 - 언제 빨리 잠들 수 있는지, 감정적 배경이 어떻게 변하는지 확인하세요.
- 수면에 대한 흥미로운 기사와 짧은 자료들을 읽어보세요(수면 단계란 무엇이고, 수면 계산기는 무엇인지, 편안한 수면을 취하는 방법 등). 검증되고 유용한 지식만 간결하게 담았습니다.

수면은 삶을 관리하는 데 있어 가장 과소평가되는 자원입니다. 저희는 이 문제를 해결하고자 합니다. 수면 타이머와 수면 추적기를 무료로 사용해 보고, 수면 모니터링과 기록을 시작하세요. 질 좋은 휴식과 좋은 기분의 모든 즐거움을 느껴보세요. 5분 안에 잠들고, 숙면을 취하고, 상쾌하게 깨어나는 것, 그것이 바로 행복이 아닐까요? 건강 문제를 해결하고 삶을 더욱 생산적이고 효율적으로 만들어 보세요.

수면 개선하기
- 성인용 수면 일지를 사용하여 웰빙을 모니터링하고 운동, 명상, 요가 및 기타 일상 습관이 야간 휴식과 휴식에 미치는 영향을 기록하세요.
- 루틴 만들기: 기상, 기상, 취침 시간을 정하세요.
- 맞춤 팁과 알림을 받으세요. 앱에서 습관을 개선하고 안정적인 수면을 유지하는 방법을 알려드립니다.
- 관찰 및 루틴 조정을 위해 메모를 활용하세요.

수면 팬과 함께하세요
성공 사례를 공유하고, 매일 실용적인 팁을 적용하고, 함께 도전하고, 지지를 받으며 목표를 향해 나아가세요. sleeptery는 단순한 도구가 아니라, 수면을 추적하고 불면증에 대해 알지 못하고, 더 활동적으로 생활하며 아침에 알람을 맞추지 않는 활기찬 커뮤니티입니다.

수면의 질을 향상시킬 준비가 되셨나요?
무료 수면 추적기와 일지를 설치하여 양질의 수면과 휴식을 매일 습관으로 만드세요. Sleeptery를 사용하면 수면을 모니터링, 기록, 추적하고, 생활 습관을 개선하고 건강한 수면을 취할 수 있어 간편하고 재미있습니다!",건강/운동,https://play.google.com/store/apps/details?id=com.xdevstar.sleeptery&hl=ko&gl=kr,,,,,,
android,kr,com.slumberaid.snoretracker,SlumberAid：Sleep Snore Tracker,"매일 밤 얼마나 잠을 잘 자는지 아시나요? 코를 골거나 자면서 말을 하시나요? 좋은 수면은 정신적, 정서적 건강을 유지하는 데 필수적이며 우울증, 불안 및 양극성 장애에 직접적인 영향을 미칩니다.
SlumberAid의 주요 기능:
📊수면 추적
수면 주기와 취침 시간을 과학적으로 모니터링하여 고유한 수면 요구에 맞는 맞춤형 수면 전략을 찾아보세요.
🎵수면 보조 소리 및 백색 소음
특히 스트레스를 받거나 잠이 적은 사람이 쉽게 잠에 들 수 있도록 고안된 엄선된 자연 소리, 백색 소음, 주변 소리로 휴식을 취하세요.
🧘‍명상과 호흡 운동
가이드 명상과 호흡법을 통해 정신 건강을 찾아 스트레스를 완화하고 정서적 균형을 회복하세요.
💤코골이와 꿈톡 녹음기
코골이 또는 꿈 이야기를 녹음하고 들어보면 야간 행동에 대한 통찰력을 얻고 잠재적인 수면 문제를 식별할 수 있습니다.
💖 건강 데이터 로깅
종합적인 건강 관리를 위해 심박수, 혈압, 혈당, 수분 공급과 같은 필수 건강 지표를 기록하고 추적하세요.

사용 방법:
✔정확한 데이터 수집을 위해 휴대폰을 베개나 침대 근처에 놓아두세요.
✔방해를 최소화하려면 혼자 자세요.
✔휴대폰이 충전되어 있는지 또는 배터리가 충분한지 확인하세요.

추가 기능:
⏰스마트 알람시계
개인화된 기상 시간, 낮잠 알림, 취침 시간 알림을 설정하여 일정을 최적화하세요.
🌖취침 시간 이야기와 잠 이야기
긴장을 푸는 데 도움이 되는 편안한 취침 시간 이야기를 들으며 잠에 드세요.
🌙꿈 분석
기분과 건강이 꿈에 어떤 영향을 미치는지 이해하세요.
📝건강 자가 테스트
간단한 자가 테스트를 통해 신체적, 정신적 건강 상태를 살펴보세요.

대상 사용자:
불면증 환자: 잠들기 어렵거나 밤에 자주 깨는 사람들.
수면의 질 매니아: 자신의 수면 건강에 깊은 관심을 갖고 자세한 추세와 데이터를 원하는 개인입니다.

부인 성명:
1. SlumberAid는 의료 목적이 아닌 수면 및 전반적인 건강 개선을 위해 설계되었습니다.
2. 명상과 호흡 운동은 전통적인 의료를 대체할 수 없습니다. 건강 문제에 대해서는 전문가의 조언을 구하세요.
3. 꿈 분석 기능은 인터넷에서 제공되는 엔터테인먼트 전용입니다.
4. 의학적 결정을 내리기 전에 항상 전문의와 상담하십시오.

오늘 SlumberAid: 수면 코골이 추적기를 다운로드하여 수면을 개선하고 더 건강한 삶을 누리세요!
여기에서 이용 약관에 대해 자세히 알아보세요.
개인 정보 보호 정책: http://bestsleep-tracker.com/privacy
서비스 약관: http://bestsleep-tracker.com/term
피드백 방법: xilu11feedback@outlook.com",건강/운동,https://play.google.com/store/apps/details?id=com.slumberaid.snoretracker&hl=ko&gl=kr,,,,,,
android,kr,studio.lbx.sleepytime,sleepytime,"10년 넘게 상쾌한 기상을 도와주는 공식 Sleepytime 앱입니다.

Sleepytime은 원하는 수면 시간과 수면 주기에 따라 이상적인 취침 시간과 기상 시간을 제안하는 직관적인 수면 개선 앱입니다. 잠자는 시간을 사용하면 수면의 질을 향상시키고 하루 종일 더 편안한 느낌을 받을 수 있습니다.",건강/운동,https://play.google.com/store/apps/details?id=studio.lbx.sleepytime&hl=ko&gl=kr,,,,,,
android,kr,de.ralphsapps.snorecontrol,SnoreClock - 코를 고시나요?,"<b>코를 곤다고요?</b>

SnoreClock은 수백만 사용자가 신뢰하는 스마트 코골이 녹음 앱입니다.

잠자기 전에 휴대를 침대 옆에 두고 빨간 버튼을 눌러 주세요. 그대로 주무시면 됩니다.

아침에 언제, 얼마나 코를 골았는지 정확히 확인할 수 있습니다.

SnoreClock은 밤새 녹음하고, 코골이로 추정되는 구간을 빨간 막대로 표시합니다.

수면을 빠르고, 명확하게, 손쉽게 이해하세요.

<b>확인할 수 있는 것:</b>

• 내가 코를 고는지

• 파트너가 코를 고는지

• 잠꼬대를 하는지

• 수면을 방해하는 소리가 있는지 등

휴대를 가로모드로 돌려 밤 그래프를 살펴보세요. 핀치로 확대하고 드래그로 이동할 수 있습니다.

<b>기능:</b>

1) 잠자는 동안의 모든 소리 녹음

2) 높은 정확도의 스마트 코골이 감지

3) 추정 코골이를 빨간 막대로 표시

4) 코골이 방지 대책의 효과 평가

5) 시간 경과에 따른 음량 표시

6) 최대 11시간 녹음

7) 백그라운드 모드 지원

<b>플러스 버전(일회성 구매 또는 구독)</b>

• 광고 없음

• SD 카드에 녹음

• 코골이 시 소리/진동 알림

• 오디오 파일 공유

• 통계 백업

• 그 외 다양한 기능

→ Google Play에서 언제든지 관리 또는 해지할 수 있습니다.

<b>빠른 시작:</b>

1) 휴대를 침대 가까이에 두기

2) 필요하면 충전기 연결

3) 빨간 버튼을 눌러 시작

4) 아침에 중지하고 결과 확인

5) 가로모드로 그래프 탐색 및 재생

<b>도움이 필요하신가요?</b>

앱의 도움말 메뉴에서 문서를 확인하거나 지원팀에 연락하세요.

<b>건강 관련 면책 고지</b>

SnoreClock은 일반적인 정보 제공 및 자기 인식을 목적으로 코골이 패턴을 감지하고 모니터링하도록 설계되었습니다.
이 앱은 의료기기가 아니며 어떠한 의학적 상태도 진단, 치료, 치유 또는 예방하지 않으며 의학적 조언을 제공하지 않습니다.
건강, 수면 또는 의학적 문제에 대해서는 항상 자격 있는 의료 전문가의 진료를 받으십시오.",건강/운동,https://play.google.com/store/apps/details?id=de.ralphsapps.snorecontrol&hl=ko&gl=kr,,,,,,
android,kr,com.hydroponicglass.sleep_diary,취침 기상 낮잠 기록 - 오프라인 수면 일지,"가장 직관적이고 단순한 수면 일기. 하루 30초면 충분합니다. 
간편하게 어젯밤의 수면과 낮잠을 기록하고 나의 수면 패턴을 확인해 보세요.

사용 방법
- + 버튼을 눌러 취침 시간과 기상 시간을 입력합니다.
- 1점부터 5점까지 수면 만족도를 평가합니다.
- 낮잠이나 교대근무로 인한 분할 수면도 자유롭게 추가할 수 있습니다.
- 캘린더 탭에서 한 주간의 수면 패턴을 한눈에 확인합니다.

주요 기능
- 하루 여러 번 기록 가능 (밤잠, 낮잠, 분할 수면 등)
- 잊은 날도 걱정 없이 과거 날짜 자유롭게 추가
- 자정 이후에도 편하게 어젯밤 수면으로 입력 가능
- 7일 및 30일 평균 수면 시간과 취침·기상 트렌드 분석
- 카페인, 음주, 늦은 식사 등 수면 방해 요인 체크
- 새벽이나 취침 전에도 눈이 편안한 다크 모드 지원
- 규칙적인 기록을 돕는 아침 알림 기능
- 완전한 오프라인 작동으로 기기에만 안전하게 데이터 보관
- 한국어 및 영어 지원

이런 분께 추천합니다
- 불면증 등으로 병원이나 상담 방문 전, 1~2주간의 수면 기록을 정리하고 싶은 분
- 수면 습관 개선을 위해 수면 다이어리를 작성하시는 분
- 교대근무자, 육아 중인 부모님 등 수면 시간이 불규칙하거나 낮잠이 많은 분
- 민감한 수면 데이터를 내 기기에만 안전하게 보관하고 싶은 분

본 앱은 의료적 진단이나 치료를 제공하지 않습니다. 진단이나 치료가 필요하신 경우 수면 전문의와 상담하시기 바랍니다.
----
개발자 연락처 :
엄슬기 동진로 166
진해구, 창원시, 경상남도 51650
South Korea 852-07-03483 2026-안양동안-0937 안양시 동안구청",건강/운동,https://play.google.com/store/apps/details?id=com.hydroponicglass.sleep_diary&hl=ko&gl=kr,,,,,,
android,kr,com.dealwatch24.sleepcalculator,Sleep Calculator,"좋은 하루는 좋은 아침부터 시작됩니다! 적절한 시간에 잠자리에 들고 자연적인 90 분의 수면주기 사이에서 일어나 휴식과 상쾌함을 느끼십시오. 숙면은 5-6 회의 수면 주기로 구성됩니다.

◦ 깨울 때 선택
◦ 가장 좋은 수면 시간 계산
◦ 가장 좋은 기상 시간 계산

잠들려면 평균 15 분 정도 걸립니다. 계산 된 시간 중 하나에서 깨어 나면 90 분의 수면주기가 증가합니다.

수면 계산기는 잠자리에 들기 위해 특정 시간에 깨어날 수있는 시간이나 잠자리에 들고 싶은 시간을 결정하는 데 도움이됩니다.

실제 수면주기를 결정하려는 경우 – 수면 추적기 기능을 사용하면 수면을 추적하고 분석 할 수 있으며, 올바르게 수행 한 경우 수면 진행 상태를 보여줍니다. 수면주기의 고장. 코골이 / 소음 감지도 가능합니다.

우리의 새로운 스마트 알람은 가장 가벼운 수면 단계에서 쉽게 깨어날 것입니다.

취침 시간 알림을 설정하여 잠을 잘 적절한 시간을 놓치지 않도록 할 수 있습니다.",건강/운동,https://play.google.com/store/apps/details?id=com.dealwatch24.sleepcalculator&hl=ko&gl=kr,,,,,,
android,kr,kr.co.everex.icu,튼튼재활도우미,"● 집에서 쉽게 하는 재활운동
● 정확한 가이드 동작
오직 재활에만 집중하세요!
----
개발자 연락처 :
에버엑스 주식회사 대한민국 서울특별시 서초구
서초구 강남대로 311, 12층 1222호 드림플러스 강남(서초동, 한화생명보험빌딩)
06628 751-87-01409 2024-서울강남-07177 서울시 강남구",건강/운동,https://play.google.com/store/apps/details?id=kr.co.everex.icu&hl=ko&gl=kr,,,,,,
android,kr,com.axiommobile.bodybuilding,덤벨 & 바벨 운동,"바벨과 덤벨만을 사용한 프리웨이트 트레이닝으로 근육을 키우고 더 강해지세요.

머신은 필요 없습니다. 이 앱은 여러분의 성공에 필요한 모든 것을 제공합니다:

✔ 바로 사용할 수 있는 운동 플랜
✔ 애니메이션으로 보는 운동 시범
✔ 운동 중 음성 안내
✔ 조절 가능한 훈련 부하
✔ 상세한 운동 기록
✔ 나만의 운동 만들기
✔ 맞춤형 운동 추가하기

조언:
몸이 적응할 수 있도록 가벼운 무게로 시작하세요.
벤치가 없다면 바닥에서 운동을 수행하세요.
운동이 쉽게 느껴지기 시작하면, 무게를 늘리거나 휴식 시간을 줄이세요.",건강/운동,https://play.google.com/store/apps/details?id=com.axiommobile.bodybuilding&hl=ko&gl=kr,,,,,,
android,kr,com.shvagerfm.bestronger,홈 트레이닝 비스트롱거,"게으르지 말고 더 강해지세요!
100개 이상의 운동과 500개 이상의 홈트레이닝 운동!

BeStronger는 근육량 증가, 체중 감량 또는 건강 유지에 도움이됩니다.
아니요, 쉽지 않고 하루에 5 분도 걸리지 않습니다! 결과를 얻으려면 땀을 많이 흘려야합니다. 따라서 어려움에 대비할 준비가되지 않은 경우이 페이지를 닫아도됩니다. 쉽다고 약속하지는 않지만 운동을 마친 후에는 더 강하고 탄력 있고 날씬하며 더 행복해질 것이라고 보장합니다.

남성과 여성을위한 장비가없는 최고의 가정 운동 모음입니다. 다양한 프로그레시브, 챌린지 운동, 라운드, HIIT, 체중 감량 운동 등.

가정 운동 프로그램 Be Stronger-가정 운동을위한 개인 피트니스 트레이너. 아름답고 건강한 몸매를 갖기 위해 체육관이 필요하지 않습니다.
이 응용 프로그램에는 다음과 같은 점진적 훈련 계획이 포함되어 있습니다:
- 가슴, 팔, 어깨를위한 팔 굽혀 펴기 100 회 운동
- 평행봉에서 100 회 딥 운동
- 바에서 0에서 50까지 풀업 운동 50 회
- 300 강한 다리와 둔근을위한 스쿼트 운동
- 식스팩 복근을위한 0에서 300 크런치까지 300 복근 운동

초보자를위한 달리기-달리기를 시작하기위한 최고의 계획
- 100 버피 최고의 지방 연소 운동. 시도해보고 좋아하거나 싫어할 것입니다.
로프에서 0 ~ 1000 회 점프하는 1000 개의 로프 점프 운동 계획
플랭크 운동은 코어와 복근을 위한 운동입니다. 다양한 유형의 플랭크 운동
식스팩 복근 운동
덤벨을 사용한 운동
전신 운동
및 기타 많은 유산소 운동, HIIT, 라운드 홈 운동
BeStronger 홈트레이닝 앱에는 다음과 같은 기능이 포함되어 있습니다:

💪 라이브러리에서 100 개 이상의 운동에서 검색

나만의 운동을 만들어 친구들과 공유하세요. 사용자의 편의를 위한 최대 운동 맞춤 설정! 라이브러리에 운동을 추가하세요.

💪 전 세계 사용자와 운동 공유

💪 통계 및 동기 부여 (소모 된 칼로리, 현재 평균 수준, 현재 프로그램, 상태 및 메달, 등급 및 업적)

💪 운동 성과를 Google 피트니스에 전송하세요!

💪 운동을 놓치지 마세요 - 알림 기능

💪 운동 전 워밍업과 운동 후 스트레칭 - 훈련에서 가장 중요한 포인트 중 하나!

💪 운동 기록

💪 백업 및 데이터 복구

💪 간헐적 단식, 물 및 칼로리 추적기

BeStronger 프로그램으로 훈련을 시작하면 6-10 주 후에 팔 굽혀 펴기를 100 회 연속으로하고, 20-30 회 당기고, 스쿼트를하고, 컬을 200 회 이상 할 수 있습니다. 보이는 것처럼 그렇게 어렵지 않습니다.

운동에는 다양한 레벨이 있습니다. 준비 상태에 따라 필요한 것을 선택하십시오.
원하는대로 운동 계획을 결합하거나 모두 수행 할 수 있습니다.

이 훈련 과정의 도움으로 기록적인 시간에 몸을 정리할 수 있습니다!
체육관에 갈 필요가 없으며 집, 직장, 어디서나 운동을 할 수 있습니다! 추가 인벤토리가 필요하지 않습니다.
게으르지 말고 스포츠를 즐기고 건강하세요!

응용 프로그램에 대한 제안이나 요청이 있으시면 연락처 메일로 문의하십시오.",건강/운동,https://play.google.com/store/apps/details?id=com.shvagerfm.bestronger&hl=ko&gl=kr,,,,,,
android,kr,com.arms.workout.at.home,팔굽혀펴기가정 운동,"가정 운동 계획은 체력을 향상시키는 데 도움이 될 것입니다. 바닥에서 많은 팔 굽혀 펴기를 하고 팔과 가슴 근육을 향상시킬 것입니다. 이 모든 것은 가정 운동의 맥락에서 발생합니다.

건강해지고 싶고, 살이 빠지고 싶고, 근육이 생기고 싶습니까? 그곳으로 모셔다 드립니다.

✨물구나무 팔굽혀펴기는 흉근과 삼두근뿐만 아니라 전체 어깨 거들, 삼각근, 복근을 발달시키고 전반적인 체력을 향상시키는 기본적인 팔과 가슴 운동입니다.

반짝이는게 뭐야? 체력 수준에 관계없이 집에서 또는 다른 곳에서 도구나 트레이너 없이 고유한 일일 프로그램에 참여할 수 있습니다. 또한 시간 및 에너지 효율적인 세션을 선택할 수 있습니다.

앱을 다운로드하고 필요한 모든 것을 얻으십시오:

피트니스 여정에 친구들을 참여시키세요.
센서를 사용하여 팔굽혀펴기를 자동으로 계산합니다. 휴대전화를 가슴 높이 바닥에 놓고 앱에서 운동 모드를 켜고 팔굽혀펴기를 시작하세요.
팔굽혀펴기 전문 코치.
난이도가 다른 매일 운동 계획. 앱이 적합한 난이도를 선택합니다.
이 앱은 소모된 칼로리, 푸쉬업 속도, 운동 시간 등을 계산합니다.
그래프에서 운동을 추적할 수 있습니다.
이 앱은 운동 중에 음성 안내를 제공합니다.
앱이 기록을 기록하므로 결과를 개선하는 데 도움이 됩니다.

근접 센서를 활용하여 팔 굽혀 펴기를 계산하는 것 외에도 데이터를 수동으로 입력할 수도 있습니다.",건강/운동,https://play.google.com/store/apps/details?id=com.arms.workout.at.home&hl=ko&gl=kr,,,,,,
android,kr,cura.com.cura,ACL & Knee Physical Therapy,"<b>ACL 수술, 무릎 교체 또는 고관절 교체 후 물리 치료가 필요합니까? 일일 비디오 안내 운동에 무제한으로 액세스하고, 무릎 운동 범위를 측정하고, 기존 단일 PT 세션보다 월 비용이 저렴합니다.</b>

25년 경력의 물리치료사가 만든 Curovate는 다음과 같은 도움을 드립니다.

- 휴대폰만 사용하여 무릎의 운동 범위를 정확하게 측정하고 추적하세요.
- 수술 회복을 위해 매일 HD 비디오 안내 운동을 따르세요.
- 더 나은 결과를 얻으려면 수술 전에 회복을 시작하십시오.
- 자격을 갖춘 물리 치료사와 일대일 화상 진료 예약
- 다가오는 무릎이나 고관절 수술을 준비하세요.
- 수술 유무에 관계없이 ACL 부상에서 회복
- 검증된 프로토콜로 무릎 골관절염을 관리합니다.
- 표적 운동으로 무릎과 엉덩이를 강화하세요.

<b>사람들이 Curovate를 좋아하는 이유:</b>

- 각 운동에 대한 명확한 비디오 데모를 시청하세요
- 매일 여러 가지 운동 세션을 완료하세요.
- 재활 진행 상황 추적
- 안내를 위한 영상 PT 약속 예약
- 개인화된 회복 계획을 얻으세요
- 자격증을 갖춘 물리 치료사와 직접 채팅
- 수술 전 준비 프로그램 이용
- 측정을 통해 개선 사항을 모니터링하세요.

<b>완벽한 용도:</b>

- ACL 부상 회복 - 부상 직후 시작
- ACL 수술 회복(슬개건, 슬건, 대퇴사두근, 동종 이식/사체 이식)
- 슬관절 전치환술 재활 - 수술 전 준비 시작
- 고관절 치환 회복 - 수술 전 강화 시작
- 무릎, 고관절 치환술을 위한 수술 전 강화
- 무릎 골관절염 관리
- 부상 예방을 위한 무릎 및 고관절 강화

<b>주요 기능:</b>

- 정확한 무릎 운동 범위 측정
- 전문 비디오 운동 시연
- 구조화된 재활 프로토콜
- 가상 일대일 물리 치료 약속
- 맞춤형 물리치료 계획
- 자격증을 소지한 물리 치료사와의 직접 채팅 액세스
- 포괄적인 진행 상황 추적
- 집에서 하는 운동 프로그램

<b>사람들의 의견:</b>

""매주 비싼 PT 세션을 지불하는 대신 매일 여러 번 PT를 합니다. 비디오 세션 후에는 140도에서 10도밖에 차이가 나지 않습니다!"" ★★★★★ - 세네카
""이 앱은 ACL 재건 수술 이후 생명의 은인이 되었습니다. 안내된 루틴 덕분에 눈에 띄는 진전을 이룰 수 있었습니다."" ★★★★★ - 아닐
""명확한 시연이 포함된 훌륭한 비디오 운동입니다. 앱은 여러분의 실력 향상에 따라 운동을 진행합니다. 매우 도움이 되는 비디오 세션을 가졌습니다. 철저하고 지식이 풍부했습니다."" ★★★★★ - 카스
""재활을 위한 최고의 앱 - 이 품질에 근접한 앱은 없습니다."" ★★★★★ - 함자

<b>전문적인 복구 지원:</b>

- 증거 기반 운동 진행
- 귀하의 특정 상태에 대한 회복 프로토콜
- 수술 전 준비 프로그램
- 진행 상황에 따른 정기적인 운동 업데이트
- 종합 운동 라이브러리
- 자세한 운동 설명
- 진행 상황 추적 및 이정표

ACL 부상 관리, 수술 준비, 무릎 또는 고관절 교체 회복, 무릎 골관절염 관리 등 어떤 작업을 하든 Curovate는 집에서 성공적인 재활을 위해 전문가가 주도하는 비디오 운동과 가상 약속을 통해 전문적인 지침을 제공합니다.

슬관절 전치환술은 전담 재활이 필요합니다. 무릎 교체 후 물리 치료는 이동성을 회복하고 통증을 줄이며 기능을 향상시키는 데 도움이 됩니다. 회복 과정은 몇 달에 걸쳐 진행되므로 가이드 운동이 중요합니다. Curovate는 무릎 교체 회복의 각 단계에 대해 구조화된 운동을 제공합니다. 무릎 골관절염 환자의 경우 정기적인 물리치료 운동은 관절 기능을 유지하고 증상을 줄이는 데 도움이 됩니다. 강화 및 유연성 운동은 무릎 통증과 경직을 관리합니다. 무릎 교체 수술을 준비하든, 무릎 골관절염을 관리하든 전문적인 운동 프로그램을 따르면 무릎 건강과 기능이 극대화됩니다.

입증된 운동과 전문적인 지원을 통해 지금 회복 여정을 시작해 보세요.

기술 지원: support@curovate.com",의료,https://play.google.com/store/apps/details?id=cura.com.cura&hl=ko&gl=kr,,,,,,
android,kr,org.marker.MySpine,MySpine - Oporavak kralježnice,"MySpine은 가장 일반적인 척추 수술 후 회복 과정을 준비하고 안내합니다. 수술 전 1개월부터 수술 후 1년까지 사용을 권장합니다.

MySpine은 척추 수술을 준비하거나 회복 중인 사람들을 대상으로 합니다.

경추 수술:
- ACDF
- 디스크 교체(CDR)
- 추궁절제술
- 융합
- 후궁성형술
- 후궁절개술

요추 수술: 
- 미세 추간판 절제술
- 후궁절개술
- 천공절개술
- 추궁절제술
- 척추 융합

디스크 탈출증, 척추협착증, 퇴행성 디스크 변화, 만성 목, 허리, 요통 등의 진단을 받은 분.

MySpine Postoperative Assistant는 Domagoj의 척추 수술 경험을 바탕으로 만들어진 시스템입니다. 물리치료사와 신경외과 의사로 구성된 전문팀과 협력하여 개발되었습니다.

수술을 기다리는 동안, 그리고 회복하는 동안 그는 ""내가 잘못하고 있는 걸까?""라고 스스로에게 백만 번이나 자문했습니다. 그리고 그는 많은 실수를 저질렀습니다. 다행스럽게도 그는 질문과 우려 사항에 대한 답변을 찾아 MySpine 시스템에 정리했습니다. 따라서 귀하는 자신의 실수로부터 배울 필요가 없습니다.

응용 프로그램에는 성공적인 복구를 위한 모든 중요한 정보가 포함되어 있습니다.

신청서의 주요 목표는 적시에 귀하에게 알리고 회복 중에 규율을 유지하도록 권장하는 것입니다. 

이 애플리케이션은 최상의 복구를 위해 다음과 같은 기능과 정보를 제공합니다.

- 일일 걷기 프로그램, 특별 의료 운동 및 허용된 앉는 시간 계산(수술 유형 및 날짜에 따라 다름). 응용 프로그램에 나열된 권장 사항은 일반 사용자를 참조하므로 운동, 걸음 수 및 앉아 있는 시간은 매우 개별적이므로 의사와 대화하면서 스스로 조정하십시오.

- 크로아티아어로 된 의료 운동, 호흡 기술 및 순환 운동에 대한 비디오 자료. 모든 훈련과 운동은 수술 후 척추 회복 동안 매일 환자를 돕는 물리치료사에 의해 점검되고 승인되었습니다.

- 애플리케이션에서 수집된 데이터를 사용하여 클릭 한 번으로 의사에게 회복에 대한 자세한 보고서를 보낼 수 있어 의사가 추가 치료 및 치료법을 더 정확하게 결정할 수 있는 대화형 보고서입니다. 

- 약 복용이나 기타 활동에 대한 알림을 생성할 수 있습니다.

- 회복 과정에 대한 더 나은 개요를 위한 통증 및 체중 기록(목 통증, 팔 통증 및 저림, 허리 통증, 다리 통증 및 저림, 오늘 기분 기록 - 통증 일기).

- 대화형 그래프를 통해 주별, 월별 통증 기록 통계가 표시됩니다.

- 걸음 수, 킬로미터, 걷기 및 앉은 시간에 대한 정보와 함께 움직임 및 앉은 자세(일, 주, 월별 통계)에 대한 기록입니다.

수술 후 일상 생활을 더 쉽게 만들어 줄 조언, 자주 묻는 질문 및 정보:
- 척추 수술을 준비하는 방법
- 병원에서 기대할 수 있는 것
- 수술 후 회복을 위해 집을 준비하는 방법
- 척추수술 후 일상생활
- 수술 후 샤워하는 방법
- 척추 수술 후 옷을 입고 벗는 방법
- 척추 수술로 인한 흉터/상처 관리
- 척추수술 후 변비나 변비가 있는 경우
- 수술 후 승하차 및 운전
- 수술 후 산책
- 수술 후 앉아서 일어서기
- 척추 수술 후 수면
- 척추 수술 후 성행위
- 어떤 경우에는 의사와 상담해야 합니까?
...

- 모든 문서를 한 곳에 보관하고 대화형 보고서를 통해 의사와 모든 문서를 공유할 수 있도록 응용 프로그램에 의료 문서와 수술 흉터 사진을 추가할 수 있습니다.

- 복구 프로세스를 촉진할 수 있는 유용한 제품 목록입니다.

일상적인 작업을 해결하고 애플리케이션을 사용하기 위해 포인트를 수집하고, 복구 수준을 통과하고, 더 빠르고 성공적으로 복구하세요.

4000명 이상의 사람들이 체계적이고 성공적인 회복을 위해 MySpine을 사용하고 있습니다.

MySpine - 척추 회복의 파트너
www.myspine-app.com",건강/운동,https://play.google.com/store/apps/details?id=org.marker.MySpine&hl=ko&gl=kr,,,,,,
android,kr,com.phast.Phast,Phast,"PHAST으로는 부상의 위험을 성능을 향상시킬 수있는 선수를 식별 할 수 있습니다.

최초의 멀티 플랫폼 통합 도구는 신체 활동 및 운동 선수, 아마추어 또는 프로에서 부상의 위험 프로파일의 분석 및 식별, 임상 추론의 조직에 도움, 테스트 및 평가하는 일련의를 통해 치료를 안내합니다.

PHAST 응용 프로그램 개입의 효과를 증가 물리 치료사의 진단에서 자기 주장을 증가시키기위한 임상 근거를 용이하게합니다.

부상을 방지하는 데 사용하고 또한 재활 과정 후 재 부상을 줄이기 위해 활동 복귀에 대한 환자의 배출 과정에 대한 정량적 인 정보를 제공 할 수 있습니다.

부상의 위험을 줄이고 환자 및 운동 선수의 수율을 향상시킬 수 있습니다. PHAST 응용 프로그램은 아이폰과 안드로이드에 사용할 수 있으며, 컴퓨터에서 직접 액세스 할 수 있습니다.

무료 가입!",건강/운동,https://play.google.com/store/apps/details?id=com.phast.Phast&hl=ko&gl=kr,,,,,,
android,kr,com.simpletherapy.android.mhealth,SimpleTherapy,"SimpleTherapy 앱은 머리부터 발끝까지 관절 및 근육통 관리 프로그램에 즉시 액세스 할 수 있습니다.

통증 완화 및 예방은 번거롭지 않고 도움이되어야합니다. 그렇기 때문에 우리는 가장 노력이 쉬운 통증 관리 및 부상 예방 치료 경험을 구축했습니다. 이 앱으로 수행 할 수있는 작업은 다음과 같습니다.

1. 쉽게 통증 관리
2. 귀하의 고통을 설명하십시오. SimpleTherapy는 귀하에게 필요한 근거 기반의 임상 적으로 검증 된 치료 계획을 제공합니다.
3. 신체의 18 개 부위에 집중하여 전신 근골격계 통증 관리

당신의 고통은 독특합니다. 당신의 여행도 마찬가지입니다.

*** SimpleTherapy의 15 분 운동 프로그램으로 통증 관리를 시작하십시오.
*** 신체의 유연성과 운동 범위 개선
*** 장기적인 근육 및 관절 건강을위한 건강한 운동 습관 만들기

버튼을 클릭하면 복구가 시작됩니다. 그렇게 쉽습니다!


SimpleTherapy는 조직에서 직원과 가족이 기분이 좋아서 자신이 좋아하는 것을 할 수 있도록 돕기 위해 사용됩니다.

**** 임상 적으로 주도하는 ****
300 년이 넘는 임상 전문 지식과 감독은 당사의 독자적인 성과 중심 알고리즘에 반영되어 있습니다.

**** 각 사용자에 맞게 사용자 정의 ****
귀하를 염두에두고 설계된 통증 관리 프로그램은 귀하에게 맞춤화되어 있습니다. 귀하의 케어 플랜은 귀하의 평가 및 귀하가 제공 한 피드백에 따라 귀하의 요구에 즉시 적응합니다

**** 우리는 24/7 자원을 제공합니다 ****
즉각적인 치료는 회복 시간을 단축하고 불필요한 수술, 절차 및 처방을 피하는 등 우수한 결과를 제공하는 것으로 임상 적으로 입증되었습니다.

**** 연구 ****
연구에 따르면 운동 요법과 같은 초기의 보수적 인 조치를 통해 대부분의 관절통 및 통증 관련 상태를 관리하거나 제거 할 수 있습니다. 자세한 내용을 보려면-https://www.simpletherapy.com/research/

SimpleTherapy는 임상 환경에서 적용되는 것과 동일한 방법론을 사용하여 의사가 설계했으며, SimpleTherapy는 인공 지능을 사용하여 치료 경로를 즉시 최적화 할 수있는 능력을 갖추고 있으며, 8 년 이상 관리 된 순간에 광범위한 데이터베이스에서 추출합니다.

**** 뭘 기대 할까 ****
귀하의 통증 관리 프로그램은 귀하의 개인 진도에 맞게 개인화됩니다. 다른 고객이 기대할 수있는 내용은 다음과 같습니다.

1) 진통
2) 강도 향상
3) 운동 향상
4) 활동 수준 증가
5) 유연성 향상
6) 자세 개선


이용 약관, 개인 정보 보호,
서비스 약관 : https://www.simpletherapy.com/terms-conditions/
개인 정보 보호 정책 : https://www.simpletherapy.com/privacy-policy/
FAQ : https://www.simpletherapy.com/faq",건강/운동,https://play.google.com/store/apps/details?id=com.simpletherapy.android.mhealth&hl=ko&gl=kr,,,,,,
android,kr,com.takeonestep.android,OneStep for Care Teams,"OneStep은 스마트폰 모션 인텔리전스를 기반으로 하는 디지털 케어 솔루션으로, 직접 및 원격으로 환자를 평가, 치료 및 모니터링하는 데 필요한 모든 도구를 갖추고 있습니다. OneStep의 포괄적인 디지털 플랫폼을 통해 공급자는 환자 이동성에 대한 가시성을 높여 가장 정확하고 사전 예방적인 치료를 제공할 수 있습니다.

OneStep은 서비스 제공자에게 다음을 지원합니다.

- 낙상 및 합병증 예방
- 객관적인 데이터로 문서화 강화
- 환자 참여 및 결과 개선
- 하이브리드 케어 모델 촉진

OneStep은 환자에게 다음과 같은 도움을 줍니다.

- 즉각적인 모션 피드백으로 동기를 부여받음
- 원활한 의사소통을 통해 연결감을 느껴보세요.
- 돌봄 계획에서 적극적인 역할을 수행합니다.

움직임은 건강의 중요한 지표입니다. 미국 전역의 선도적인 조직은 OneStep을 사용하여 이전과는 전혀 다른 이동성 통찰력을 활용하여 환자와 서비스 제공자 모두의 치료 경험을 개선하고 있습니다.",건강/운동,https://play.google.com/store/apps/details?id=com.takeonestep.android&hl=ko&gl=kr,,,,,,
android,kr,com.casparhealth.android.patient.ebel,Ebelkliniken App,"Caspar가 제공하는 Ebelkliniken 앱

집에서 치료사의 지식을 활용하세요:
• 치료사가 맞춤화한 개인 훈련 계획을 항상 이용할 수 있습니다.
• 보다 효과적인 치료를 위한 휴식과 지식
• 더욱 광범위한 지원

귀하의 개인 훈련 계획:
• 치료사가 작성함
• 개인의 필요에 따라 구성됨

사용자 친화적인 교육 비디오:
• Ebelkliniken 앱은 사용이 매우 쉽습니다.
• 올바른 운동 기술을 이해하여 스스로 잘 훈련할 수 있도록 돕습니다.

치료 진행 상황을 모니터링하십시오.
• 피트니스 웨어러블을 Ebelkliniken 앱과 연결하고 활동 목표에 대한 정보를 받으세요. 앞으로는 Apple HealthKit에 대한 지원을 제공할 예정입니다.
• 운동을 평가하고 진행 상황을 기록하세요.
• 치료사와 결과에 대해 논의하세요.

보다 심층적인 치료를 받으세요:
• Ebelkliniken 앱을 사용하면 적절한 강도로 올바르게 운동할 수 있습니다.
• 상당한 개선을 위해 치료를 최적화하는 데 도움이 됩니다.

귀하의 피드백을 소중하게 생각하므로 개선을 위한 제안을 support@caspar-health.com으로 제출해 주십시오.",건강/운동,https://play.google.com/store/apps/details?id=com.casparhealth.android.patient.ebel&hl=ko&gl=kr,,,,,,
android,kr,com.connected.health.mobile,Connected mHealth,"커넥티드 m헬스는 임상의, 물리치료사, 의사 또는 운동치료사가 처방한 가정 운동 치료를 관리할 수 있는 애플리케이션입니다. 커넥티드 m헬스를 통해 이제 집에서 편안하게 재활 목표를 달성할 수 있습니다. 전문가들이 설계한 이 모바일 앱은 치료사와 지속적으로 소통하면서 원격으로 가정 운동 치료를 성공적으로 완료할 수 있도록 지원합니다. 다양한 운동 프로그램이 포함되어 있어 모든 요구 사항을 충족합니다.

걸음 수와 수면 데이터를 공유하여 전문가가 진행 상황을 완벽하게 파악하고, 최적의 결과를 얻을 수 있도록 치료 계획을 조정할 수 있습니다.

커넥티드 모바일 헬스의 특징:
• 담당 치료사가 제공하는 개인 맞춤형 운동 계획
• 따라 하기 쉬운 고품질 운동 영상
• 시작부터 끝까지 안내되는 운동 세션
• 심박수 측정기와 연동하거나 Health Connect에서 걸음 수, 수면, 호흡 데이터 또는 운동 기록을 가져올 수 있습니다.

이용 방법:
• 담당 치료사가 개인 맞춤형 운동 계획을 수립합니다.
• 수립된 운동 계획은 커넥티드 모바일 헬스 앱을 통해 공유됩니다.
• 커넥티드 모바일 헬스 앱을 사용하여 계획된 운동을 시작하고 완료하세요.

커넥티드 모바일 헬스 앱을 사용하려면 담당 치료사의 초대가 필요합니다.",의료,https://play.google.com/store/apps/details?id=com.connected.health.mobile&hl=ko&gl=kr,,,,,,
android,kr,com.bowerydigital.bend,Bend: Stretching & Flexibility,"Bend is the simplest way to practice stretching exercises at home to improve flexibility, recover mobility, enhance range of motion (ROM), and relieve back, neck, shoulder & hip pain. With easy-to-follow stretching and yoga poses, you’ll be able to instantly start a daily stretching routine full of beneficial exercises, even for beginners.

STRETCH DAILY, FEEL YOUNGER, LIVE LONGER

Simple daily stretches can bring tremendous health improvements that last. One routine a day is all you need to regain mobility, fix body posture, and stay flexible. They include both physical and mental benefits, such as:
- More flexible muscles and joints
- Less physical pain in the upper and lower back, neck, hips and shoulders
- Higher energy levels throughout the day
- Better sleep at night
- Faster process of waking up in the morning
- Correction of bad body posture
- Reduced risks of injury during outdoor activities or sports
- And more!

EACH ROUTINE IS A UNIQUE EXPERIENCE

Bend offers personalized stretching routines tailored to your specific needs, including:
- “Wake Up” routine:
Designed to maintain your body’s natural mobility and range of motion. Simple, quick, convenient, and effective, you can exercise with this routine anytime, anywhere, every day.

- “Posture Reset” routine:
Specifically designed to improve your body posture with seated stretches that can correct habitual posture problems by increasing flexibility in the shoulders, back, and neck.

- “Full Body” routine:
Focused on improving overall flexibility, with more than 20 stretching exercises and poses that target key muscles and joints throughout your entire body. You'll be so flexible even the splits become easy to do.

- “Sleep” routine:
Gentle, long-hold stretches are designed to help you unwind and de-stress after a long day at work through better quality of sleep, which is possible by relieving muscle tension and relaxing the body.

- “Expert” routine:
An advance group of stretching exercises and yoga poses that cover all major muscle groups and extremities. Flexibility and range of motion can be improved significantly with their more complex movements.

STRETCHING & YOGA POSES CAN'T GET ANY EASIER THAN THIS

Bend is intended to be simple, easy to use and quick to learn. All it takes is 3 steps to get more flexible today:

1. Download Bend
2. Open up and choose a benefit you want to receive, such as “Sleep” 
3. Start the routine and simply follow the instructions

With custom, minimalistic illustrations and a timer, you’ll always know when it’s time to switch sides or go to the next stretch with Bend. Additionally, you can easily track progress and build up a streak as extra motivation to stretch every day.

FEEDBACK & SUPPORT

- If you like Bend, don’t hesitate to rate us on the Play Store!
- If you have any questions, feedback, suggestions, or simply want to say “Hi!”, feel free to contact us at hello@bend.com
LEGAL

Terms of Use: https://www.getbend.co/terms
Privacy Policy: https://www.getbend.co/privacy

Start stretching now with Bend!",건강/운동,https://play.google.com/store/apps/details?id=com.bowerydigital.bend&hl=ko&gl=kr,,,,,,
android,kr,com.postureco.posturescreen,PostureScreen 모바일,"척추 지압사, 물리 치료사, 마사지 및 도수 치료사, 피트니스 전문가는 주목하십시오! 신뢰할 수 없는 환자/고객 평가 방법에 작별을 고하고 PostureScreen을 만나보세요. 여러 과학적 연구에서 신뢰할 수 있고 유효한 것으로 입증된 Play 스토어의 유일한 자세 분석 앱입니다. 사실 Journal of Physical Therapy Science는 ""PostureScreen 모바일 애플리케이션은 강력한 평가자 신뢰도와 구성 유효성의 예비 증거를 입증했습니다. 이 애플리케이션은 임상 및 연구 환경에서 유용할 수 있습니다.""라고 보고합니다.

PostureScreen은 환자/클라이언트의 자세를 객관적이고 효율적으로 평가할 수 있는 도구를 제공합니다. 결과를 이해하고 진행 상황을 추적하는 데 도움이 되는 개인화된 환자/고객 친화적인 교육 보고서, 비교 보고서 및 추세 진행 보고서뿐만 아니라 평가를 위한 임상 유형 보고서를 생성할 수 있습니다.

사용하기 쉬운 소프트웨어를 사용하면 매우 빠른 측면 전용 스크리닝 옵션과 함께 2 보기 및 4 보기 자세 평가를 분석할 수 있습니다.

오늘 PostureScreen으로 평가 프로세스를 업그레이드하고 귀하와 귀하의 환자/클라이언트가 받을 자격이 있는 신뢰할 수 있고 유효한 평가를 경험하십시오.

초기 다운로드에는 무제한 평가 구독의 무료 30일 평가판이 제공되며 그 이후에는 저렴한 월간 또는 연간 무제한 평가 구독 옵션 중 하나를 구독해야 합니다.

가입 시 PostureScreen은 이 강력한 소프트웨어에서 통증 다이어그램, 환자 인구통계 내보내기, 교육용 영화, 사용자 정의 가능한 이메일 템플릿 및 결과를 보여주는 보고서 PDF 문서도 제공합니다.

Android 버전은 iOS 버전과 호환되지 않습니다. 우리의 iOS 버전은 자동화된 컴퓨터 비전, 움직임 평가, ROM 평가, 사진 및 3D 체성분 분석, 좌식 인체공학적 분석, 운동 제안 및 WebExercises.com과의 통합, RemoteScreen을 통한 선택적인 원격 건강 평가와 같은 더 많은 옵션을 제공하는 매우 진보된 버전입니다. 클라우드 백업 공유 및 직접 선택한 EHR 통합.

당사의 소프트웨어는 미국 특허 번호 8,721,567, 미국 특허 번호 9,788,759, 미국 특허 번호 9,801,550, 미국 특허 번호 11,017,547 및 미국 특허 번호 11,610,305(국제적으로 출원 중인 추가 특허 포함)에 따라 보호됩니다.

프라이버시: http://postureanalysis.com/privacy-policy/
사용 약관: https://www.postureanalysis.com/end-user-license-agreement.html

자세한 내용은 http://PostureAnalysis.com을 참조하십시오.",건강/운동,https://play.google.com/store/apps/details?id=com.postureco.posturescreen&hl=ko&gl=kr,,,,,,
android,kr,com.fisify.app,Fisify,"<b>피시파이(Fisify)란 무엇인가요?</b>

피시파이는 21세기형 디지털 물리치료 플랫폼입니다. 인공지능 기술을 활용하여 사용자에게 가장 효율적인 맞춤형 운동 프로그램을 설계해 줍니다. 허리 통증 완화, 자세 교정, 부상 예방 등 어떤 목표를 가지고 있든, 이미 피시파이를 통해 건강하고 행복한 삶을 누리며 효과를 보고 있는 사용자들과 함께하세요.

<big><b>피시파이는 무엇으로 구성되어 있나요?</b></big>

피시파이는 단순한 운동 프로그램이 아니라, 전반적인 허리 건강 관리를 위한 앱입니다. 피시파이는 복잡한 것을 간단하게 만드는 것이 특징입니다. 인공지능 알고리즘을 통해 몇 가지 간단한 질문과 테스트를 통해 사용자의 허리 상태를 진단합니다.

사용자가 제공한 정보를 바탕으로 알고리즘은 사용자의 필요에 가장 적합한 맞춤형 프로그램을 설계합니다. 이 프로그램에는 치료 운동 세션과 교육 모듈이 포함되어 있어, 최상의 결과를 얻을 수 있도록 정보를 제공하고 훈련합니다.

또한, 컴퓨터 비전 기술 덕분에 운동 진행 상황을 추적하고 실시간으로 교정해 줍니다. 덕분에 집에서 편안하게 운동할 수 있으며, 사용자의 진행 상황에 맞춰 운동 프로그램을 조정하고 일정을 관리할 수 있습니다.

<big><b>어떻게 작동하나요?</b></big>

Fisify는 가상 물리치료 도우미 ""Aurya""를 통해 전체 운동 과정을 안내합니다. Aurya는 가장 개인화된 운동 경험을 제공하며 모든 단계에서 사용자를 지원합니다.

Fisify 운동은 5분에서 15분 사이로 짧기 때문에 바쁜 일상을 보내거나 출장으로 바쁜 사람들에게 적합합니다.

Fisify 운동에는 특별한 운동 기구가 필요하지 않습니다. 하지만 특정 운동 기구가 있는 경우, Aurya가 해당 기구를 활용한 운동을 추가해 줄 수 있습니다. 또한, Fisify는 언제 어디서든 운동할 수 있도록 지원합니다.

Fisify는 개인 맞춤형 운동 계획을 제공하고 사용자의 운동 진행 상황을 객관적으로 측정하기 위해 Health Connect와 연동하여 사용자가 이미 휴대폰이나 웨어러블 기기에 기록한 데이터만 읽어옵니다. 이 데이터는 다음과 같은 용도로 사용됩니다.

- 사용자의 실제 체력 수준에 맞춰 운동 강도와 부하를 조정합니다.

- 피로, 회복 지연, 과로 등의 징후를 감지하여 운동 계획 조정이 필요한 경우를 파악합니다. - 운동 계획 내에서 사용자의 운동 진행 상황(수면, 활동량, 체성분, 심박수 회복)을 보여줍니다.

- 건강한 습관(수분 섭취, 영양 섭취, 운동)을 상기시키고 장려합니다.

Fisify는 Health Connect에 데이터를 기록하지 않으며, 광고 목적으로 제3자와 데이터를 공유하거나 광고에 데이터를 사용하지 않습니다. 데이터 동기화는 사용자가 앱을 통해 명시적으로 동의한 경우에만 이루어집니다.

이제 앱을 다운로드하고 <b>허리 건강을 위한 최고의 물리치료 앱</b>을 경험해 보세요!

지금 바로 시작해 보세요! 😉",건강/운동,https://play.google.com/store/apps/details?id=com.fisify.app&hl=ko&gl=kr,,,,,,
android,kr,com.constanttherapy.android.main.clinician,Constant Therapy Clinician,"Constant Therapy Clinician은 보스턴 대학교의 신경과학자 및 언어 치료사가 개발한 근거 기반 언어, 인지 치료 앱입니다. 최신 과학 기반 치료를 클리닉에서 제공하고, AI 기반 맞춤형 홈 운동 프로그램을 통해 환자가 집에서도 치료 효과를 높일 수 있도록 지원하세요.

뇌졸중, 외상성 뇌손상(TBI)에서 회복 중인 환자, 실어증, 치매 및 기타 신경 질환을 앓고 있는 환자 등에게 가장 포괄적인 치료를 제공하세요. 영어 및 스페인어로 무제한 치료를 제공하고, Constant Therapy를 통해 3억 건 이상의 근거 기반 치료 활동을 완료한 70만 명 이상의 사용자 커뮤니티에 참여하세요.

HIPAA 규정 준수, 엔터프라이즈급 보안 및 접근 제어를 지원하는 Enterprise 라이선스를 통해 의료 시스템 전반의 치료 및 데이터 보고를 표준화하세요.

이점
[미국, 영국, 호주, 인도 방언 및 미국 스페인어]

• 세계에서 가장 포괄적인 근거 기반 치료법 ​​라이브러리를 활용하세요. 언어 치료, 인지 치료, 언어 치료 등 91개 분야에 걸쳐 100만 개 이상의 연습 문제를 제공합니다.

• 말하기, 기억력, 주의력, 읽기, 쓰기, 언어, 수학, 주의력, 이해력, 문제 해결, 시각 처리, 청각 기억력 등 다양한 필수 기술 향상 연습을 통해 환자와 거의 무제한적인 치료 활동을 할 수 있습니다.

• 버튼 클릭 한 번으로 홈 운동 프로그램과 이전 연습 문제를 제공하여 시간과 노력을 크게 절약할 수 있습니다.

• Constant Therapy의 강력한 AI를 기반으로 환자에게 자동으로 맞춤 설정되고 환자의 필요에 따라 자동으로 진행되는 개인 맞춤형 홈 운동 프로그램으로 치료 결과를 개선하세요.

* 환자가 집에서, 진료 세션 사이, 그리고 퇴원 후에도 진행될 수 있도록 지원합니다.

• 상세 보고 기능을 통해 환자 준비, 데이터 보고, 퇴원 요약에 소요되는 시간(환자 세션당 10~15분)을 절약할 수 있습니다.

• 환자 성과 및 규정 준수를 검토하여 임상적 결정에 도움을 줄 수 있습니다.

• Constant Therapy의 Enterprise 라이선스를 통해 HIPAA 준수를 위한 보고, 엔터프라이즈급 보안, 중앙 집중식 관리 및 액세스 제어 기능을 이용할 수 있습니다.

• 자체 EMR/EHR 시스템에 데이터를 손쉽게 입력할 수 있습니다.

Constant Therapy Clinician은 임상의, 교육자, 연구자가 환자와 일대일 치료 세션을 진행하는 경우 *개인적으로* 무료로 사용할 수 있습니다. HIPAA 준수 기관의 임상의도 Enterprise 구독을 통해 앱을 사용할 수 있습니다.

CONSTANT THERAPY의 과학적 원리:

Constant Therapy는 보스턴 대학교의 임상의와 과학자들이 뇌졸중, 뇌 손상, 실어증, 치매 또는 기타 신경 질환 후 회복에 어려움을 겪는 환자를 위해 특별히 개발했습니다. 언어, 인지, 기억, 언어, 주의력, 이해력, 시각 처리 등 다양한 기능 영역에서 환자의 진행 상황을 체계적으로 추적합니다.

Constant Therapy는 70건 이상의 연구를 통해 언어, 인지 치료 운동의 임상적 근거를 입증하며 최고의 기준을 제시합니다. 또한, Constant Therapy를 활용한 17건의 동료 심사 연구 결과를 바탕으로 프로그램의 효능을 입증하고 있습니다. 전체 임상 연구 및 연구 목록은 https://constanttherapyhealth.com/science/ 에서 확인하실 수 있습니다.

Constant Therapy는 텍사스 대학교, 보스턴 대학교, 워싱턴 대학교 등 최고 수준의 교육 기관의 과학자 및 연구자들과 협력하여 재활 과학을 발전시키고 있습니다.

미국 뇌졸중 협회, AARP, Hearst Health, UCSF Health Hub에서 여러 상을 수상한 Constant Therapy는 전 세계 수천 명의 언어 치료사, 신경과 전문의, 작업 치료사, 그리고 병원, 클리닉, 재활 시설의 임상의들이 추천합니다.

문의:
support@constanttherapy.com
constanttherapy.com

약관:
constanttherapy.com/privacy/
constanttherapy.com/eula/",건강/운동,https://play.google.com/store/apps/details?id=com.constanttherapy.android.main.clinician&hl=ko&gl=kr,,,,,,
android,kr,com.fitebo.fitebocompanion,Fitebo Companion,"Fitebo Companion - 트레이너 또는 물리치료사와 전문적인 협력을 위해 사용됩니다. 전문가의 도움을 받아 목표를 달성할 수 있는 다양한 기능을 사용해 보세요.


신청서에서 무엇을 찾을 수 있나요?
- 훈련 계획: 모든 훈련 계획이 한 곳에 있습니다. 트레이너나 물리치료사가 권장하는 대로 A부터 Z까지 모든 계획을 정확하게 수행하세요.

- 훈련 일기: 각 훈련 세션 동안의 부하, 세트 및 반복을 기록합니다. 운동 기록에 대한 완전한 통찰력을 바탕으로 간단하고 직관적인 방법으로 진행 상황을 모니터링하세요.

- 진행 상황 모니터링: 작은 승리를 축하하고 차트와 사진에서 변화를 추적하세요. 규칙적인 활동을 통해 당신의 몸매가 더욱 발전하는 모습을 지켜보세요.

- 후속 보고서: 코치나 물리치료사가 개인의 필요에 맞게 전략을 조정하고 가능한 최상의 결과를 보장할 수 있도록 피드백을 제공하세요.

- 메신저: 편리한 앱 내 메신저를 사용하여 트레이너나 물리치료사와 지속적으로 연락하세요. 필요할 때마다 지원을 받으세요.


Fitebo Companion은 누구를 위한 제품인가요?
이 애플리케이션은 트레이너나 물리치료사로부터 액세스 권한을 받은 사람들을 위한 것입니다. 트레이너 또는 물리치료사인 경우 fitebo.com에서 제공되는 전문가용 Fitebo 애플리케이션을 사용하세요.",건강/운동,https://play.google.com/store/apps/details?id=com.fitebo.fitebocompanion&hl=ko&gl=kr,,,,,,
android,kr,ru.revitonica.app,Revitonica,"Revitonica는 과학적이고 실용적인 방법으로 주사와 수술없이 젊어지게하고 외관을 교정합니다. Revitonics에는자가 마사지 기술 및 물리 치료 운동, 얼굴, 목 근육 재활을위한 콤플렉스 및 자세 교정을위한 운동이 포함됩니다.

오늘날 Revitonika는 다음과 같습니다.
전 세계 130,000 명 이상의 학생.
근본적인 과학적 근거.
임상 적으로 입증 된 안전성.
전문 의료 접근.
사용자를위한 전문적인 방법론 지원.

단 몇 달 만에 하루에 15 ~ 30 분씩 연습하면 다음을 회복 할 수 있습니다.
얼굴의 명확한 윤곽;
입술의 충만;
광대뼈와 뺨의 높은 위치;
피하 지방;
얼굴색;
피부의 질감과 부드러움;
어린 턱선;
목 길이;
경추의 정역학;
얼굴의 대칭.

다음을 줄이거 나 완전히 제거합니다.
주름을 흉내 낸다;
비강 및 미간 주름;
입 주위의 주름;
처진 눈썹;
이중 턱;
이마에 깊은 주름;
눈 밑의 붓기와 가방;
목에 주름.

현재 응용 프로그램에서 과정을 사용할 수 있습니다.

-기본 과정 ""회춘의 기초""
-고급 과정
-자세 교정
-최대 30 년까지 Revitonika
-테이핑
-친밀한 회춘
-의료 피트니스
-복부 내장 셀프 마사지
-젊음과 눈빛

가까운 장래에 우리의 응용 프로그램에는 다음이 포함됩니다.
-주제별 웨비나
날아 갔다. 집에서 노화 방지 교정
자연스러운 회춘을 시작합니다. 비디오 코스 ""Revitonika"": 수업을 시작하고 사랑하는 방법
얼굴과 몸의 붓기를 제거하는 방법. 가정 요법
일상 생활에서 ""레비 토니 카"". 젊어지게하는 습관과 우리를 노화시키는 일상적인 실수
Revitonika : 수업 첫 주. 기술을 연마하고 오류를 분석합니다.
Revitonika의 황금 기금 : 자세 교정 및 구부리기 제거
""5 주""이후의 삶이 있습니까? 비디오 코스의 효과를 저장하고 곱하는 방법
타원형의 복원. 이중 턱을 제거하고 목 앞을 조이는 방법
이마, 콧대, 눈썹 리프트. 지난 몇 년을 지우고 기분을 좋게
꿈의 입술을 만드는 법. 재활 및 교정 프로그램
휴가중에 「레비 토니 카」를 연습합니다. 여름 노화 방지 콤플렉스
눈의 젊음과 광채. 궤도 지역 쾌속 코스
외출하기 위해 빨리 자신을 두는 방법
복부의 내장 자기 마사지
집에서 팔자 주름을 제거하는 방법. 비강 부위의 근 형성 교정
코의 크기를 줄이고 모양을 개선하는 방법. 노화 방지 교정
얼굴에 집중하십시오. 하나의 프로그램에서 가장 효과적인 기술
여성의 건강과 아름다움. 깊은 내부 마사지
감정의 활력. 우리는 회춘을위한 내부 조건을 만들고 자기 통제의 용이성을 배웁니다.
젊음의 구석 회복. 얼굴의 씹는 근육의 연조직 리프팅 및 교정
근 형성 복부 교정
청소년 다이어트
젊음과 섹슈얼리티. 성생활이 외모에 미치는 영향
힘든 하루 일과 후 근육 회복. 매일 건강을 유지하는 방법
안와 광대 부위의 아래 눈꺼풀, 페인트 백 및 매끄러운 고랑의 붓기를 제거하는 방법
젊고 아름답게 지내기 위해 호르몬을 관리하는 방법
하루 15 분 만에 배를 제거하는 방법
겨울 구부정 함을 없애고, 부정적인 자세 습관 (자세 습관)을 수정하고, 보행을 개선하는 방법
얼굴과 몸의 붓기를 제거하는 방법. 매일 자조 방법
Revitonika-어떤 상황에서도 도움을 표현
씹는 근육을 이완시켜 얼굴을 열고 스트레스의 영향을 제거하는 방법
하복부를 제거하는 방법
불만을 품은 얼굴을 제거하는 방법. 우울증 환자와 일하는 비결
주의 : 골다공증! 모든 여성이 알아야 할 중요한 사항
-익스프레스 마라톤
-새로운 코스

당사 사이트에 이미 등록되어있는 경우 애플리케이션에 사용자 이름과 비밀번호를 입력하면 모든 구매에 액세스 할 수 있습니다 (웨비나 및 마라톤 제외).",건강/운동,https://play.google.com/store/apps/details?id=ru.revitonica.app&hl=ko&gl=kr,,,,,,
android,kr,com.physitrack.physiapp,PhysiApp®,"***
이 앱을 사용하려면 건강 관리 종사자에게 Physitrack에서 가정용 운동 프로그램을 설계하고 할당하도록 요청하십시오.
***

PhysiApp® 앱을 사용하면 PhysiApp 가정 운동 프로그램을 Android 휴대 전화로 다운로드 할 수 있습니다.

이 앱을 Android 휴대 전화에 설치하면 의료 서비스 제공 업체로부터받은 액세스 코드로 앱에 로그인하면됩니다.

다음으로 고화질의 명확하게 설명 된 운동 비디오로 구성된 맞춤형 가정 운동 프로그램을 다운로드 할 수 있습니다. Chromecast를 사용하여 Chromecast 기기에서 동영상을 재생할 수도 있습니다.

이제부터는 어떤 운동이 당신에게 처방되었는지와 어떻게 수행해야 하는지를 알게 될 것입니다.

PhysiApp를 사용하면 운동을 얼마나 완료했는지, 통증이 느껴지면 물리 치료사 또는 카이로 프랙틱 의사에게 안전하게보고 할 수 있습니다.

PhysiApp를 사용하면 물리 치료사 또는 카이로 프랙틱 의사가 진행 상황을 자세하게 추적하고 필요한 경우 개입 할 수 있습니다.",건강/운동,https://play.google.com/store/apps/details?id=com.physitrack.physiapp&hl=ko&gl=kr,,,,,,
android,kr,com.swordhealth.guarda,Sword Health: AI Care,"Sword Health와 함께 집에서 편안하게 최고 수준의 AI 기반 케어를 받고 통증과 불편함의 악순환을 끊으세요. Sword Health는 임상 전문 지식과 AI 기반 케어를 결합하여 통증 회복, 건강한 운동 습관, 그리고 여성 건강을 지원합니다.

만성적인 허리, 어깨, 목 통증, 움직임 제한, 요실금, 갱년기 증상 등 어떤 문제를 겪고 있든 Sword Health는 언제 어디서든 이용 가능한 맞춤형 케어 솔루션을 제공합니다. Sword Health의 솔루션은 Thrive(통증 및 부상 물리 치료), Bloom(여성 건강 관리), Move(전신 운동 및 균형 - Wear OS 지원), Mind(정신 건강 관리)로 구성되어 있습니다.

모든 프로그램에서 자격을 갖춘 의료 전문가가 여러분의 필요에 맞춘 맞춤형 지침을 제공합니다.
Sword Health의 맞춤형 AI 케어 프로그램은 수천 개의 고용주와 건강 보험을 통해 무료로 이용할 수 있습니다. https://meet.swordhealth.com/eligibility-check 에서 적용 대상 여부를 확인하세요.

SWORD HEALTH를 선택해야 하는 이유?

- 전 세계 수십 개국에서 85만 명 이상의 회원이 통증 완화를 위해 등록했습니다.
- 개인 맞춤형 프로그램
- 필요할 때 언제든 전문가 팀의 전문적인 관리 제공
- 대기실이나 대기 시간 없이 즉시 진료 가능
- FDA 승인 기기를 사용하는 유일한 솔루션
- 대부분의 회원에게 무료 제공

나만의 스케줄에 맞춘 관리: 하루 10~15분만 투자하여 집에서 간편하게 건강을 개선하세요. Sword Health 모바일 앱을 통해 실시간 피드백을 받으며 맞춤형 세션을 완료할 수 있습니다.
통증 완화: Sword Health 회원의 72%가 프로그램 종료 시점에 통증으로부터 완전히 해방되었습니다¹. Sword Health 솔루션은 통증 예방, 만성 통증 완화, 근력 강화, 통증 감소 등 모든 관리를 여러분의 스케줄에 맞춰 제공하여 좋아하는 활동을 다시 시작할 수 있도록 도와줍니다.
교육 콘텐츠: 세계적인 임상 전문가들이 제작한 수면, 통증 예방, 골반 건강, 자세 및 영양에 대한 이해하기 쉬운 교육 콘텐츠를 이용하세요.

저희 솔루션:

Thrive – AI 물리치료: 허리, 관절, 근육 통증 등 어떤 통증이든 Thrive는 집에서 편안하게 신체 어느 부위든 통증을 완화하도록 설계된 맞춤형 회복 프로그램을 제공합니다. 동작 추적 기술과 실시간 음성 안내를 통해 앱에서 바로 가이드 세션을 완료하고 정확한 자세를 유지하세요. 물리치료 박사가 사용자의 필요와 목표에 맞춰 프로그램을 설계하고 조정하며, 언제든지 메시지를 보내 지원을 받을 수 있습니다.
Bloom – AI 여성 건강: 임신, 산후, 폐경기 및 그 이후까지 삶의 모든 단계를 지원하는 맞춤형 프로그램입니다. 방광 누출, 생리통, 성교통, 폐경기 증상 등을 집에서 편안하게 관리받으세요. 전담 여성 건강 전문가가 사용자의 목표에 맞춰 프로그램을 설계하고 필요할 때 언제든 도움을 드립니다.
Move – AI 전신 운동 프로그램: 사용자의 고유한 필요에 맞춘 최고의 운동 프로그램을 제공합니다. Move는 개인 맞춤형 운동 및 스트레칭 루틴을 통해 활동량을 늘리고 근력을 강화하며 신체 건강과 균형 감각을 향상시키는 데 도움을 줄 수 있습니다. Move는 Health Kit와 연동하여 활동량과 걸음 수 목표를 추적합니다.
Mind – AI 기반 정신 건강 관리: 스트레스와 불안은 정기적인 진료 예약까지 기다릴 필요가 없습니다. 정신 건강 관리도 마찬가지입니다. 전문 의료진과 AI를 통해 연중무휴 24시간 맞춤형 정신 건강 지원을 한 곳에서 받아보세요.

SWORD HEALTH 소개:

3개 대륙에 걸쳐 85만 명 이상의 사람들이 의료 서비스를 이용하고 1만 개 이상의 기업 및 건강 보험사와 제휴하고 있는 Sword는 회원들에게 탁월한 통증 회복 서비스를 제공함으로써 의료 서비스의 새로운 기준을 제시하고 있습니다.

자세한 내용은 www.swordhealth.com을 방문하세요.

반드시 의료 전문가와 상담하고 필요한 경우 응급 처치를 받으십시오.

¹중등도에서 중증 통증을 가지고 프로그램에 등록한 회원 중 프로그램 종료 시점에 통증이 없거나 경미해졌거나 통증 수준이 30% 감소한 회원. Sword 회원 기반, 2025년 데이터 기준, 활성 회원 12만 7천 명.",의료,https://play.google.com/store/apps/details?id=com.swordhealth.guarda&hl=ko&gl=kr,,,,,,
android,kr,com.kinvent.physio,KINVENT,"KINVENT 앱은 생체역학적 평가 도구의 전체 라인업과 완벽하게 호환되어 재활 및 수행 전문가에게 근육 활동, 힘, 균형 및 움직임에 대한 정밀 데이터를 제공합니다.

주요 특징:

✅ 명확한 시각화를 통한 실시간 바이오피드백
✅ 100개 이상의 가이드 프로토콜 및 재활 운동
✅ 개인화된 환자 프로필 및 PDF/CSV 보고
✅ 오프라인으로 작동 - 평가에 인터넷이 필요하지 않습니다
✅ 온라인일 때 로컬 데이터 저장 + 클라우드 동기화
✅ 해외 사용자를 위한 다국어 지원
 
근육 활성화 및 바이오피드백

  • K-Myo – 근육 참여 및 신경근 조절을 실시간으로 추적하는 무선 EMG 센서

강도 테스트 및 동력 측정

  • K-Grip – 악력과 지구력을 위한 손 동력계
  • K-Push – 등척성 강도 평가를 위한 푸시 동력계
  • K-Pull – 관절별 강도 테스트에 이상적인 당김 동력계
  • K-Bubble – 소근육 그룹 및 호흡 운동을 위한 압력 동력계

포스 플레이트 및 생체역학적 분석

  • K-Force 플레이트 – 점프 테스트, 균형 및 자세 제어를 위한 휴대용 플레이트
  • K-Deltas – 사지 대칭 및 동적 힘 프로파일링을 위한 이중 플레이트 시스템
  • 3D 델타 – 엘리트 수준의 다방향 힘 분석을 위한 고정밀 3D 힘 플레이트

이동성 및 모션 추적

  • K-Move – 운동 범위(ROM), 관절 이동성 및 운동 품질을 측정하기 위한 관성 모션 센서
  • K-Power – 수직 및 수평 이동을 원활하게 평가하고 추적합니다.
 
사용 사례:

  • 임상 실습이나 스포츠에서의 근력 및 이동성 평가
  • 수술 후 재활(ACL, 어깨 등)
  • 복귀 결정
  • 스포츠 팀의 성과 심사
  • 균형 훈련 및 신경근 재교육",건강/운동,https://play.google.com/store/apps/details?id=com.kinvent.physio&hl=ko&gl=kr,,,,,,
android,kr,com.mobilitymethod.jen,Jen,Jen은 숙련된 물리 치료 의사의 지식과 운동으로 이동성을 개선하고 통증을 줄이며 근력을 키울 수 있도록 도와줍니다.,건강/운동,https://play.google.com/store/apps/details?id=com.mobilitymethod.jen&hl=ko&gl=kr,,,,,,
android,kr,com.injurymap.injurymap,Injurymap,"근육이나 관절통이 있습니까? 귀하의 신체 재활을 위해 쉽고 안전하며 효과적인 방법을 만들었습니다!

Injurymap은 유료 구독 서비스입니다. 모든 신규 사용자에게는 14 일 무료 평가판이 제공됩니다. 평가 기간 내에 언제든지 취소 할 수 있습니다.

50.000 개 이상의 성공 사례에 참여하여 지금 바로 고통을 줄여보세요. 의사와 과학자가 개발 한 저희 앱은 신뢰할 수 있고 효과적이며 필요할 때 언제 어디서나 사용할 수 있습니다.

자신의 부상 치료를위한 최고의 앱
Injurymap의 스마트 트레이닝 알고리즘은 특정 통증을 관리하기 위해 지속적으로 운동을 조정하여 치료 과정을 안내합니다. 이 통증 치료 방법을 사용하면 부작용없이 체중 감량, 더 나은 수면, 더 강한 몸매 등 많은 이점이 있습니다.

집에서 고통을 치료하십시오
일상적인 운동은 거실에서 바로 완료 할 수 있으며 정상적인 활동으로 돌아가는 데 필요한 모든 것을 다룹니다. 각 운동에는 근육을 강화하고 동작 범위와 균형을 훈련하는 최저 운동이 필요합니다.

동기 부여 유지
진행 상황에 따라 운동을 업데이트하는 일일 프로그램으로 매일 같은 지루한 운동을하지 마십시오. 처음부터 올바른 사고 방식을 유지하고 힘든 하루를 보낼 때에도 동기 부여를 유지하는 데 도움이되는 친절한 알림을 받으세요.

얻을 수있는 것

* 귀하의 고통을 해결하는 개인화 된 치료 프로그램.
* 물리 치료사가 수행하는 350 개 이상의 고유 한 비디오 운동에 액세스 할 수 있습니다.
* 의사가 작성한 부상에 대처하는 데 도움이되는 100 개 이상의 팁.
* 치료 계획 진행 상황, 통증 감소 및 운동 횟수를 추적하십시오.
* 운동을 기억하는 데 도움이되는 미리 알림 (원하는 경우 :-)).

""근무가 고통스럽지 않게 도와 주셔서 감사합니다. 목과 어깨 통증을 다 뤘고 Injurymap에서 일상 생활에서 쉽게 할 수있는 몇 가지 훌륭한 운동을 발견했습니다. 도움을 주셔서 감사합니다!"" -BERTELT

""정말 효과적 이었어요. 지금 한 달 넘게이 앱을 사용해 왔고 닳아해진 허리에 정말 긍정적 인 영향을 미쳤습니다."" -AFHRAEL

“정말 사용하기 쉽고 연습에 대한 좋은 삽화가 있습니다. 훈련을 통해 통증이 없어졌습니다.” -퍼 페더슨

https://www.injurymap.com/testimonials에서 더 많은 사용자의 의견을 들어보세요.

Injurymap은 다음 영역을 덮습니다.
아킬레스 통증
발목 통증
아치 통증
허리 통증
팔꿈치 통증
엉덩이 통증
무릎 통증
목 통증
어깨 통증

Injurymap은 의료 기기로 CE 마크를 받았습니다. CE 마크는 Injurymap이 유럽 연합에서 설정 한 건강 및 안전 표준을 준수 함을 보장합니다. 에스

UBSCRIPTION 가격 및 약관 Injurymap은 2주의 평가판 기간 동안 무료로 사용할 수 있으며,이 기간 동안 무료로 구독을 취소 할 수 있습니다.

Injurymap은 평가 기간이 만료 된 후 유료 구독이 필요합니다.
12 개월 : £ 40.99
1 개월 : £ 8.99

• 구독 기간은 1 개월 또는 12 개월이며 Injurymap의 모든 운동에 대한 전체 액세스 권한을 제공합니다.
• 결제는 구매 확인시 Google Play 계정으로 청구됩니다.
• 구독 기간이 끝나기 24 시간 전에 자동 갱신을 해제하지 않으면 구독이 자동으로 갱신됩니다.
• 귀하의 계정은 현재 기간이 끝나기 전 24 시간 이내에 갱신 비용이 청구됩니다.
• Google Play 계정의 설정 메뉴로 이동하여 구독 자동 갱신을 취소 할 수 있습니다.
• 2 주 무료 평가판 기간 중 사용하지 않은 부분은 구독을 구입하면 소멸됩니다.

이용 약관 : https://www.injurymap.com/terms",건강/운동,https://play.google.com/store/apps/details?id=com.injurymap.injurymap&hl=ko&gl=kr,,,,,,
android,kr,com.polarstork.bluetense,Bluetens Get Better,"요통은, 부상, 관절 통증, 피로, 스트레스, 신경 과민은 : 그 시절은 오래 사라 졌어요! 이 Bluetens, 연결 및 웰빙에 대한 스마트 폰과 통신 의료 장치입니다. Bluetens 스마트 폰에 전용 앱이 운영하는 작은 아직 매우 강력한 전기 자극 장치입니다.
Bluetens에 의해 제안 된 모든 프로그램 설계 및 당신이 좋은 느낄 수 있도록 전문 물리 치료사에 의해 개발되었다. 당신은 당신의 무릎, 허벅지, 종아리, 발목, 발을 치료하고자하는, 또는 목 통증, 등, 복근, 엉덩이 근육, 팔꿈치, 팔 ... Bluetens 당신을 위해 만든 경우!
당신의 스포츠 세션 후 재활 과정에서 만성 피로와 통증을 완화하는, Bluetens 당신이 또는 당신을 강화하기 위해 디 스트레스를하기 위해 최선의 친구 당신을 돌봐 항상 준비가 될 것입니다.",건강/운동,https://play.google.com/store/apps/details?id=com.polarstork.bluetense&hl=ko&gl=kr,,,,,,
android,kr,com.casparhealth.android.patient.zar,ZAR,"Caspar에서 제공하는 ZAR 앱

집에서 치료사의 전문 지식을 활용하세요:
• 치료사가 맞춤 설계한 개인 트레이닝 플랜을 언제든지 이용할 수 있습니다.
• 더욱 효과적인 치료를 위한 휴식과 지식 제공
• 더욱 폭넓은 지원 제공

개인 트레이닝 플랜:
• 치료사가 직접 설계
• 개인의 필요에 맞춘 구성

사용자 친화적인 트레이닝 비디오:
• ZAR 앱은 사용이 매우 간편합니다.
• 올바른 운동 자세를 익혀 혼자서도 효과적으로 운동할 수 있도록 도와줍니다.

치료 진행 상황 모니터링:
• 운동 평가 및 진행 상황 기록
• 치료사와 결과를 상담하세요.

더욱 심층적인 치료 지원:
• ZAR 앱을 통해 적절한 강도로 정확한 운동을 할 수 있습니다.
• 치료 효과를 극대화할 수 있도록 도와줍니다.

고객님의 소중한 의견을 support@caspar-health.com으로 보내주시면 개선에 도움을 드리겠습니다.",건강/운동,https://play.google.com/store/apps/details?id=com.casparhealth.android.patient.zar&hl=ko&gl=kr,,,,,,
android,kr,com.propagator.squeezy,Squeezy,"Squeezy는 수천 명의 여성이 골반저에 대한 자신감을 되찾는 데 도움을 주었습니다. 전 세계의 골반 건강 전문가들은 Squeezy가 효과가 있기 때문에 매일 환자들에게 추천합니다! 골반저 근육을 위한 Squeezy 다운로드를 고려하고 계신다면 혼자가 아닙니다. 

모든 여성은 이러한 운동을 해야 하며 일부 여성은 물리치료 프로그램의 일부로 이러한 운동을 할 것입니다.

Squeezy는 사용하기 쉽고 유익하며 여성이 골반저 근육 운동(케겔 운동이라고도 함)을 기억하도록 돕기 위해 설계되었습니다.

기능은 다음과 같습니다:
• 공중 보건 지침을 따르는 사전 설정된 운동 계획
• 목표 대비 완료한 운동 횟수 기록
• 운동에 대한 시청각 안내
• 맞춤 설정이 가능한 운동 알림
• 골반저에 관한 교육 정보
• ""프로페셔널 모드"" – 골반 건강 전문가와 함께 작업하는 경우 필요에 맞게 운동 계획을 맞춤화할 수 있습니다.
• 필요한 경우 증상을 추적하기 위한 방광 일지
• 간단하고 명확한 인터페이스

Squeezy는 NHS에서 일하는 골반 건강 전문 공인 물리치료사가 설계했습니다. 임상 안전성에 대해 NHS의 임상 검토 및 승인을 받았으며 NHS 정보 거버넌스 요구 사항을 준수합니다.

Squeezy는 ehi Awards 2016, Health Innovation Network 2016, National Continence Care Awards 2015/16 등 여러 업계 상을 수상했으며 Advancing Healthcare Awards 2014 및 2017, Abbvie Sustainable Healthcare Awards 2016 등 최종 후보에 올랐습니다.

이 앱은 영국에서 Class I 의료 기기로 표시된 UKCA이며 의료 기기 규정 2002(SI 2002 No 618, 개정됨)을 준수하여 개발되었습니다.

Squeezy에 대한 자세한 내용과 추가 골반 건강 정보를 보려면 squeezyapp.com을 방문하세요.",의료,https://play.google.com/store/apps/details?id=com.propagator.squeezy&hl=ko&gl=kr,,,,,,
android,kr,com.casparhealth.android.patient,Caspar Health,"가정에서 치료사의 지식을 사용하십시오.
• 개별 교육 계획은 항상 사용할 수 있습니다.
•보다 효과적인 치료법
• 광범위한 지원

개별 교육 계획 :
• 귀하의 치료사가 작성
• 개인적 필요에 따라 구성

사용자 친화적 인 교육 비디오 :
• 사용하기가 매우 쉽습니다.
• 자신이 잘 훈련 할 수 있도록 올바른 운동 기술을 이해할 수있게하십시오.

치료 진행 상황 모니터링 :
• 연습 문제를 평가하고 진행 상황을 기록하십시오.
• 치료사와 결과를상의하십시오.

보다 심층적 인 치료법을 얻으십시오 :
• Caspar는 적절한 강도로 정확하게 운동 할 수있게합니다.
• 중대한 개선을 위해 치료법을 최적화하도록 도와줍니다.

의견을 소중하게 생각하면서 support@caspar-health.com에 대한 개선 제안을 제출하십시오.",건강/운동,https://play.google.com/store/apps/details?id=com.casparhealth.android.patient&hl=ko&gl=kr,,,,,,
android,kr,com.aicarept.hbpt,Youdon,"대만 최초 임상 전문가와 원격 운동 통합 플랫폼:

Youdon 앱으로 물리치료사가 설계한 개인 맞춤형 운동 계획을 언제 어디서든 실천하세요.

운동하는 동안 시스템이 자동으로 활동을 기록하고 개인 치료사에게 실시간 피드백을 제공합니다.

* Youdon은 편리하고 안전한 운동 계획을 제공하기 위해 최선을 다합니다.

* 근골격계 건강 증진 및 유지를 돕습니다.

* 통증, 불편함, 삶의 질을 개선합니다.

Youdon 주요 기능:

・ 나만을 위한 맞춤형 운동 계획 제공

・ AI 기반 자세 인식 및 비교

・ 1,500가지 이상의 표준 동작 시범

・ 홈 운동 기록

・ 운동 안전 알림

・ 전문 의료진 연결

・ 원격 온라인 평가 및 테스트

・ 원격 스마트 운동 추천

・ 간편하고 편리한 전문가 예약

・ 예약 시간 알림

・ 전문가 온라인 화상 상담

• 구독 업그레이드 서비스 이용 가능.

• 오프라인 영상 재생 서비스 제공.

안심하세요:

• 본 앱에서 제공하는 평가, 검사 및 건강 정보는 진단이나 치료가 아니며, 전문적인 의료 상담을 대체할 수 없습니다.

• 영상 상담은 예약제로 운영됩니다. 영상 상담을 원하시는 경우, 예약 양식을 작성하시고 전문가의 연락을 기다려 주시기 바랍니다.

• 구독 업그레이드는 1/3/6/12개월 단위로 가능하며, 가격은 NTD 300/800/1350/2400입니다.

• 이용 관련 문의 사항이나 의견이 있으시면 고객센터로 연락해 주세요.

유돈 고객센터 이메일: service@youdon.com.tw

-- 이용약관: https://www.youdon.com.tw/terms-of-use

-- 개인정보처리방침: https://www.youdon.com.tw/privacy-policy

-- 구독 및 사용 서비스 약관: https://www.youdon.com.tw/subscription-and-redemption-service-terms

-- 영상상담 서비스 동의서: https://www.youdon.com.tw/consenttovideoconsultation",의료,https://play.google.com/store/apps/details?id=com.aicarept.hbpt&hl=ko&gl=kr,,,,,,
android,kr,com.prehabguys.prehabapp,"Prehab:Physical Therapy, Rehab","집이나 체육관에서 편안하게 최신 물리 치료, 피트니스 프로그램 및 운동을 온라인으로 이용하십시오! [P]rehab은 손 안에서 운동과 교육을 통해 건강을 관리할 수 있도록 돕는 데 전념하는 세계적으로 유명한 물리 치료 박사 및 공인 근력 코치 팀입니다.

Prehab 앱은 당신의 몸을 건강하게 유지하기 위한 항장벽 솔루션입니다. Prehab 프로그램 및 운동은 안전하고 효과적입니다. 통증에서 벗어나고 부상을 피하며 건강을 최적화하는 방법을 가르치는 예방적 재활 운동 및 교육이 특징입니다.

디지털 물리 치료로 고통에서 벗어나세요
• 기존 의료 시스템을 거치는 것과 관련된 일반적인 문제 방지
• 유사한 기간 동안 대면 의료 서비스의 평균 비용과 비교하여 접근하기 쉬운 운동 및 교육 자료로 평균 $2,800를 절약하십시오.

신뢰할 수 있는 의사와 함께 부상을 예방하고 신체를 최적화하십시오
• 통증에서 벗어나고 미래의 부상을 피하며 성과와 건강을 극대화하기 위해 적절한 운동을 하는 방법을 배우십시오.
• 소화하기 쉬운 물리치료 교육 영상 및 내 몸에 대해 배울 수 있는 자료

언제 어디서나 건강 관리
• 대기 시간 제로, 숨겨진 수수료, 진입 장벽이 없습니다!
• 이 프로그램은 다음 위치에서 간편하게 사용할 수 있습니다.
          세계 어디든지

주요 특징들
1. 50개 이상의 프로그램 - 부하 관리, 특이성, 점진적 과부하, 근육 그룹 비율 및 더 많은 과학적 원리에 기반한 무제한 액세스
2. 80개 이상의 수업 - 물리 치료 박사 또는 근력 코치가 진행하는 수업 스타일의 비디오를 따라가십시오.
3. 100가지 이상의 독특한 운동 - 가동성, 워밍업, 근력, 퍼포먼스 등!
4. 3000개 이상의 운동 비디오 라이브러리 - 올바르게 움직이는 방법, 수행 방법, 느낌 및 피해야 할 실수를 가르치는 자세한 단계별 교육 비디오를 검색합니다.
5. BodyScan - 귀하의 요구에 맞는 정확한 솔루션을 찾아내도록 제작된 당사의 인테이크 BodyScam의 도움으로 완벽한 프로그램을 찾으십시오.
6. 맞춤 운동 빌더 - 나만의 맞춤 운동을 만들고 좋아하는 운동/일과를 저장하세요.
7. 나에게 맞는 프로그래밍 - 재활, 프리햅, 모빌리티, 퍼포먼스, 피트니스 프로그램 중에서 선택
8. 대체 운동 - 모든 운동이 너무 어려울 경우 대체 운동으로 교체할 수 있습니다.
9. 성장하는 라이브러리 - 새로운 운동, 프로그램, 운동 및 가이드가 정기적으로 추가되어 항상 신선한 콘텐츠를 사용할 수 있습니다.",건강/운동,https://play.google.com/store/apps/details?id=com.prehabguys.prehabapp&hl=ko&gl=kr,,,,,,
android,kr,videotherapy.patient,WizeCare for Patients at home,"가정의 환자용 WizeCare 앱은 언제 어디서나 맞춤형 맞춤형 물리 치료 계획에 대한 액세스를 제공합니다.
응용 프로그램은 비디오 및 텍스트 채팅으로 환자를 임상의와 연결하고 이동 중에 진행 상황을 추적합니다.
이 앱을 사용하려면 WizeCare 클라우드에서 활성 계정이 필요합니다. WizeCare.com을 참조하여 지금 저희에게 연락하여 물리 치료를 시작하십시오. 우리는 가장 적합한 물리 치료사와 당신을 참여시키고 더 나은 신체 상태와 치료 품질에 도달하기 위해 당신의 여행을 지원합니다.
WizeCare.com에 로그인하여 오늘 치료를 시작하십시오!",건강/운동,https://play.google.com/store/apps/details?id=videotherapy.patient&hl=ko&gl=kr,,,,,,
android,kr,com.ai.physio.app,AI.Physio,"물리치료 실습 관리를 위한 고급 기술 솔루션인 AI.Physio에 오신 것을 환영합니다. 귀하는 진료소 소유자이거나 국경 없는 온라인 서비스를 제공하는 프리랜서 의사입니다. 우리의 앱은 진료를 관리하고 생산성을 향상하며 탁월한 치료를 제공하는 방법을 재정의합니다.

주요 특징들:

📅 약속 일정:
직관적인 예약 시스템으로 약속을 손쉽게 관리하세요. 하루를 간소화하고 환자 방문을 쉽게 추적하세요.

📈 비즈니스 인텔리전스:
강력한 분석으로 병원의 역량을 강화하세요. 몇 주, 몇 달, 몇 년 동안의 재무 성장에 대한 통찰력을 얻으세요. 성공을 위해 실무에서 정보에 입각한 결정을 내리세요.

👥 직원 로그인:
클리닉 소유자의 경우 개별 로그인을 통해 직원 성과에 동기를 부여하고 향상시킬 수 있습니다. 생산성을 높이고 모든 팀원이 클리닉의 성공에 기여하도록 하세요.

📱 원격 상담 및 가정 방문:
진료소를 넘어 고객과 소통하세요. 원격 상담 서비스를 제공하거나 가정 방문 일정을 계획하세요. 환자가 필요로 하는 모든 곳에서 맞춤형 진료를 제공하세요.

📧 약속 알림:
WhatsApp과 이메일을 통해 알림을 받아 고객의 참여를 유지하세요. 노쇼(No-Show)를 줄이고 전반적인 환자 경험을 향상시킵니다.

🌐 자신을 브랜드화하세요:
개인 물리치료사에게 저희 앱은 귀하의 브랜드를 구축하기 위한 플랫폼입니다. 귀하의 전문 지식을 선보이고 고객과 소통하며 업무를 확장하십시오.

AI.Physio를 선택하는 이유는 무엇입니까?

✨ 사용자 친화적: 쉬운 탐색과 효율적인 진료소 관리를 위한 직관적인 인터페이스.

🌐 다용성: 클리닉 소유자와 독립 의료인 모두를 위해 맞춤화되어 물리치료 커뮤니티 내 포용성을 촉진합니다.

📱 접근 가능한 진료: 원격 상담 및 가정 방문 기능을 통해 환자가 어디에 있든 접근할 수 있습니다.

🚀 생산성 향상: 직원 관리부터 비즈니스 분석까지 업무의 모든 측면을 최적화하여 성공을 거두세요.

진료소를 운영하든 독립적으로 진료하든, AI.Physio는 우수한 물리치료 치료를 달성하는 데 있어 귀하의 파트너입니다. 지금 귀하의 업무 수준을 높이고 의료 관리의 미래에 동참하십시오.",의료,https://play.google.com/store/apps/details?id=com.ai.physio.app&hl=ko&gl=kr,,,,,,
android,kr,com.tepy.app,Tepy – AI for Muscle Pain,"Tepy는 근골격 건강을 위한 개인 가이드로, AI 기반 맞춤형 운동을 제공하여 근육통 관리, 부상 예방, 전반적인 건강 개선에 도움을 줍니다. 장시간 근무로 인한 간헐적인 통증을 처리하든 스포츠 부상에서 회복하든 Tepy는 귀하의 특정 요구 사항에 따라 맞춤형 운동 계획을 만듭니다.

왜 테피인가?

맞춤형 운동 계획: 증상을 입력하면 Tepy의 고급 알고리즘이 진행 상황에 따라 적응하는 맞춤형 운동 루틴을 생성합니다.
근육통 관리: Tepy의 목표 재활 운동을 통해 허리 통증, 목 긴장 또는 기타 불편함을 완화하세요.
부상 예방: 스포츠나 활동에 맞는 운동 전후 루틴을 사용하여 부상 위험을 줄이세요.
연중무휴 24시간 물리치료 이용: 월 $5.99부터 시작하는 저렴한 구독 모델로 가상 물리치료사를 간편하게 이용하세요.
대규모 비디오 라이브러리: 다양한 운동을 다루는 3,000개 이상의 교육용 비디오에 액세스하세요.
지속적인 적응: Tepy는 진행 상황을 추적하고 피드백을 기반으로 운동을 조정하여 최상의 결과를 보장합니다.

주요 특징:

AI 기반 개인화: 고급 AI가 통증과 진행 상황에 따라 운동 계획을 맞춤화합니다.
증상 매핑: 통증을 식별하면 Tepy가 해당 부위를 대상으로 하는 운동을 안내합니다.
다양한 루틴: 물리치료 루틴, 셀프 마사지 기술, 스포츠별 훈련 중에서 선택하세요.
사용자 친화적인 인터페이스: Tepy의 직관적인 디자인으로 쉽게 운동을 따르고, 진행 상황을 추적하고, 증상을 업데이트할 수 있습니다.
글로벌 도달 범위: 근골격 건강을 위해 Tepy를 신뢰하는 170개국의 10,000명 이상의 사용자와 함께 하세요.

Tepy는 누구를 위한 것인가?

오랜 시간 책상 작업으로 인한 통증을 완화하는 빠르고 효과적인 방법을 찾고 있는 활동적인 전문가입니다.
부상을 예방하기 위해 개인화된 운동 전후 루틴을 원하는 운동선수.
만성 통증을 관리하고 이동성을 향상하기 위해 따라하기 쉬운 운동이 필요한 노인.
직접 물리 치료에 대한 저렴한 대안을 찾는 사람.
Tepy: 통증 완화 및 건강을 위한 맞춤형 경로입니다.

지금 테피를 다운로드하고 언제 어디서나 맞춤형 근골격 케어를 경험해보세요!

메모
중요한 건강 결정에 대해서는 항상 의료 전문가와 상담하십시오.",건강/운동,https://play.google.com/store/apps/details?id=com.tepy.app&hl=ko&gl=kr,,,,,,
android,kr,com.fme.im.happy.doctor.hospital.games,Hospital +: Happy ASMR Clinic,"병원 게임이 이렇게 매력적이었던 적이 없습니다!
Hospital +: ASMR Clinic에서는 빠른 속도의 타임 매니지먼트 클리닉을 이끄는 영웅 doctor입니다. 숙련된 nurse와 Dr. 팀과 함께, 당신은 신생아부터 성인까지 모든 연령의 환자를 수술하고 치료합니다. 이 모든 것은 평온한 ASMR 환경에서 이루어집니다. 이 흥미로운 simulator는 의료 mania와 세심한 케어를 결합하여 생명을 구하는 치료를 제공하고 긴급 구조에 달려가며 병원을 치유와 행복의 중심지로 변화시킵니다. 지금 바로 당신의 여정이 시작됩니다!

Hospital +: ASMR Clinic에서는 미친 듯한 액션이 멈추지 않습니다! 숙련된 외과의사로 긴급 구조에 뛰어들고, 신생아 돌봄부터 복잡한 의료 문제까지 모든 것을 처리하는 Drs. 전문 팀을 이끌어야 합니다. 병원 드라마가 진행됨에 따라, 헌신적인 nurse의 역할을 맡아 다양한 의료 상황에서 doctors를 지원하게 됩니다. 약 준비부터 환자들을 치료나 진단으로 안내하기까지 모든 순간은 목적이 있습니다.

당신의 간호 여정은 여기서 끝나지 않습니다—신생아부터 성인까지 모든 연령의 환자를 돌보며 모든 사람이 필요한 치료를 받을 수 있도록 보장합니다. 실험실에서 샘플을 분석하고 새로운 도시와 마을로 클리닉을 확장하는 등의 흥미진진한 작업에 참여하세요. 이 타임 매니지먼트 simulator 게임은 의료 전문성과 전략적 의사 결정을 결합하여 당신의 명성을 쌓고 의료 분야의 진정한 리더가 될 수 있도록 돕습니다. 매일의 압박 속에서도 환자를 치유하고, 의료 팀이 번영하는 모습을 지켜보세요!

플레이 방법:
의료 팀을 지휘하여 환자를 신속히 치료하고 긴급 상황을 관리하세요.
환자를 돌보고 중요한 수술을 수행하세요.
클리닉을 업그레이드하여 서비스를 개선하고 새로운 기능을 잠금 해제하세요.
재미있고 흥미로운 게임 특징:
숙련된 nurse와 의료 영웅으로서 활약하며 환자를 구하고 돌보는 데 도움을 주세요.
전문 doctors와 함께 중요한 사례를 관리하고, 긴급 상황에서 필수 치료를 제공하세요.
고품질 의료 서비스를 제공하고 의료 제국을 확장하기 위해 클리닉을 구축하고 업그레이드하세요.
간호의 일상 업무를 관리하고 환자가 필요한 치료를 신속히 받을 수 있도록 보장하세요.
신생아 돌봄부터 복잡한 상황에서 중증 환자 치료에 이르기까지 독특한 도전에 도전하세요.
Hospital +: ASMR Clinic에서는 매일이 변화를 만들 기회입니다. 헌신적인 nurses와 doctors 팀과 함께 협력하여 이 의료 타임 매니지먼트 simulator 게임에서 전문적인 치료를 제공하세요. 환자 케어의 일상적인 압박을 관리하고, 진정 효과가 있는 ASMR 치료를 제공하며, 치유와 번영의 클리닉을 만드세요.",캐주얼,https://play.google.com/store/apps/details?id=com.fme.im.happy.doctor.hospital.games&hl=ko&gl=kr,,,,,,
android,kr,com.friedeggames.clinic,Clinic Dash Crazy Hospital,"독특하고 재미있고 캐주얼한 병원 시뮬레이터! 다양한 질병과 질환을 치료하는 의사를 돕고, 다양한 환자를 치료하고 고통을 덜어주는 약과 도구를 준비할 수 있습니다.

꿈의 병원이 여러분을 기다리고 있습니다! 가능한 최고의 치료를 보장하기 위해 각 병원을 맞춤 설정하고 개선하세요!

도구와 약을 준비하고 환자의 진단과 치료를 돕습니다.
그리고 우리의 귀여운 고양이를 쓰다듬는 것을 잊지 마세요. 왜냐하면 여러분의 기분이 그것에 달려 있기 때문입니다! 여러분뿐만 아니라 병원을 방문하는 사람 모두가요!

독특하고 재미있고 캐주얼한 병원 시뮬레이터에 참여하여 경험하세요

💊 꿈의 병원이 기다리고 있습니다! 🏥❤️
중독성 있는 레벨과 독특한 위치 ✈️
시간 관리 장르에서 보내는 엔터테인먼트 시간 ⏰",캐주얼,https://play.google.com/store/apps/details?id=com.friedeggames.clinic&hl=ko&gl=kr,,,,,,
android,kr,com.crazy.doctor.hospital,Clinic Craze: Hospital Tycoon,"나만의 병원을 운영하고, 쉴 새 없이 환자를 치료하며, 병원 시설을 완벽하게 업그레이드하세요. 매 순간이 중요합니다. 최고의 병원 경영자가 될 준비가 되셨나요?

이 속도감 넘치는 의료 시뮬레이션에서 끊임없이 이어지는 병원의 혼란 속에서 환자를 치료하고 병원을 운영하세요. 환자를 치료실로 급히 이송하는 것부터 병동을 원활하게 운영하는 것까지, 모든 순간이 중요합니다.

환자 치료
병동 건설 및 업그레이드
병원 운영 최고 속도 유지

압박감을 견뎌낼 수 있을까요?",시뮬레이션,https://play.google.com/store/apps/details?id=com.crazy.doctor.hospital&hl=ko&gl=kr,,,,,,
android,kr,com.jwantplan.mealplanner,"식단착착 - 식단기록, 식단인증, 식단표","아침에 먹은것도 기억나지 않는 나를 위해!
식단표, 식단 계획과 일기를 한 번에 기록해 보세요. 건강한 식단을 위한 필수 앱!

어제 먹은게 기억 나시나요?
기록하지 않으면 아침에 먹은것도 기억하기 어렵습니다.
간단하게 기록 부터 시작해보세요.

아침에 먹은것도 기억나지 않는 나를 위해!
식단표, 식단 계획과 일기를 한 번에 기록해 보세요!
건강한 식단을 위한 필수 앱!

건강한 식사를 위한 완벽한 도우미가 되어줄 거에요!
식단 계획과 일기를 한 곳에서 손쉽게 관리하세요.
지금 바로 시작해보세요!

주요 기능
- 간단한 식단 기록으로 식단표 만들기
- 주간/월간 식단 계획표, 식단 일기
- 식단, 간식/야식, 메모, 레시피 등 다양한 입력 항목
- 이미 짜여진 식단 템플릿을 복사할 수 있는 기능
- 일자별/주간별 식단을 복사하고 가져올 수 있는 기능
- 일상과 취향에 맞는 설정 기능
----
개발자 연락처 :
정정원 금바위로 100
315동 1503호 (와동동, 가람마을3단지 동문아파트)
파주시, 경기도 10895
South Korea 331-41-00872 2022-경기파주-3147 본인 직접 신고",식음료,https://play.google.com/store/apps/details?id=com.jwantplan.mealplanner&hl=ko&gl=kr,,,,,,
android,kr,com.myfitnesspal.android,MyFitnessPal: Calorie Counter,"Achieve your nutrition, calorie, macro, and fitness goals with MyFitnessPal. MyFitnessPal is a comprehensive food and fitness tracker, with everything you need to reach your goals. Macros, calories, food, and workouts – track it all in one place.

Change your habits with fitness and food. Download our health and nutrition app and start your free Premium trial today. With MyFitnessPal, you have access to exclusive food inspiration, an intermittent fasting tracker, fitness logging tools, expert guidance, and the calorie tracker. You’ll soon discover why MyFitnessPal is the #1 nutrition and food tracking app in the U.S and has been featured in the New York Times, Forbes, the Today Show, and U.S. News & World Report.


MyFitnessPal is more than a calorie tracker & food journal. Monitor your health and fitness progress within the app.

MYFITNESSPAL FEATURES

Food Tracker – Track Calories & Macros
■ Food tracking made easy. Quickly log your meals throughout your day from over 20.5 million foods (including restaurant dishes) from one of the largest food databases available
■ Macro tracker lets you see carbs, fat, & protein breakdown—no need for a separate app! Set goals for macros, protein, sodium, fiber, and more
■ Make sure you’re staying hydrated with our water tracker

Fitness – Track Workouts, Weight, and Progress
■ Activity Tracker – Add workouts and steps with the integrated fitness tracker
■ See Your Fitness Progress – Track at a glance, or analyze the details of your diet & macros
■ Stay Inspired – Keep your diet and fitness routine exciting with workouts and food inspiration
■ Exercise and Count Calories – See how your workouts, fitness, and diet affect daily calorie goals
■ Track With Wear OS – A calorie counter, water tracker, and macro tracker on your watch. Add complications to the home screen for faster logging, and the tile for tracking different nutrients at a glance.

Workouts & Meal Plans, Tailored to You
■ Customize your health & fitness goals – Weight loss, weight gain, weight maintenance, nutrition, & fitness
■ Personalized dashboards – Fitness, health, and diet stats are all in one place to easily see and track your progress

■ Add Your Own Meals/Food Tracker – Save recipes and meals for quick logging and keep tabs on your diet
■ Follow the new easy meal planner to simplify tracking and help hit your goals
■ Connect 40+ Apps & Devices – From smartwatches, fitness trackers, and other health and fitness apps, track your intake and activity through your watch with WearOS
■ Get Connected– Find friends and motivation in our active MyFitnessPal forums

Premium
■ Reach your goals with barcode scan, meal scan, and voice logging
■ Customize macros and set custom goals
■ Enjoy ad-free food logging with insights and comparisons built into premium 
■ Net Carbs Mode/Carb Tracker – Keep track of your low-carb or keto diet, view net carbs in your food

Premium Plus - Expanded Features to Help Hit Your Goals
■ All of the Premium features, like barcode scanning now available with meal planning
■ Personalized meal plans, integrated grocery delivery, and smart meal tracking tools
■ Your one-stop shop for meal planning, grocery shopping, food logging, and nutrition insights to help you reach your goals
■ 1000s of healthy recipes to help you reach your goals

MyFitnessPal is the leading health and nutrition app that helps you learn about your food habits, monitor your diet and conquer your health goals.

Download Today and Start Your Free Premium Trial

View our terms & conditions and privacy policy: 
https://www.myfitnesspal.com/terms-of-service
https://www.myfitnesspal.com/privacy-policy",건강/운동,https://play.google.com/store/apps/details?id=com.myfitnesspal.android&hl=ko&gl=kr,,,,,,
android,kr,com.plantoeat.mobile,Plan to Eat: Meal Planner,"이제 펜과 종이로 계획하는 즐거움을 주머니에! 모든 레시피를 한 곳에 저장하고, 한 주 분량의 장보기 목록을 자동으로 생성해주는 Plan to Eat 앱으로 다시금 식단 계획의 즐거움을 찾아보세요. Plan to Eat은 계획 세우기를 좋아하는 분들을 위해 특별히 설계된 식단 계획 앱입니다.

가입 시 결제 정보 입력 없이 14일 동안 Plan to Eat을 무료로 사용해 보세요. 이후에는 월 $5.95 또는 연 $49에 연간 구독을 구매하실 수 있습니다.

앱의 주요 기능은 다음과 같습니다.

- 모든 레시피를 한 곳에: 웹 브라우저에서 공유 아이콘을 탭하여 웹에서 레시피를 가져오거나, 앱에 가족 레시피를 직접 입력할 수 있습니다.

- 맞춤형 계획: 내 일정에 맞는 식단 계획을 세워보세요. 분량 조절, 레시피 일정 변경, 남은 음식 활용 계획, 냉동 식품 관리까지 가능합니다.

- 업그레이드된 장보기 목록: 식단 계획에 포함된 재료를 기반으로 체계적인 장보기 목록이 자동으로 생성됩니다. 목록에 항목을 추가하고, 자주 구매하는 품목을 필수품 목록에 추가하고, 목록 카테고리를 맞춤 설정하고 순서를 변경하고, 특정 매장에 대한 목록을 만들 수도 있습니다.

- 친구와 공유: 친구 및 가족과 레시피와 저장된 메뉴를 공유하거나 문자 메시지 또는 이메일로 레시피를 보낼 수 있습니다.

- 단계별 요리: 레시피를 볼 때 ""요리 시작""을 탭하면 요리를 쉽게 할 수 있도록 단계별 레시피 설명이 표시됩니다.

- 완벽한 레시피 찾기: 제목, 재료, 코스, 주요 재료, 태그, 레시피 평점 등을 기준으로 레시피북을 검색하세요!

- 동기화 유지: Plan to Eat 계정은 모든 기기와 가족 구성원의 레시피, 플래너, 쇼핑 목록을 자동으로 동기화합니다! 모든 모바일 기기와 plantoeat.com에 로그인하여 레시피, 식단 계획, 쇼핑 목록을 공유하세요.

더욱 체계적인 생활을 원하고, 식비를 크게 절약하고, 좋아하는 레시피를 간편하게 공유하고 싶으시다면 지금 바로 가입하세요!

궁금한 점이나 의견이 있으시면 help@plantoeat.com으로 문의해 주세요.

Plan to Eat을 이용해 주셔서 감사합니다!",식음료,https://play.google.com/store/apps/details?id=com.plantoeat.mobile&hl=ko&gl=kr,,,,,,
android,kr,meal.planner,식단표 - 주간 식단·레시피·장보기·칼로리 계산,"식단만 잘 짜도 건강과 기분이 달라진다는 사실, 알고 계셨나요? YouMealPlan은 주간 식단표, 레시피 보관함, 장보기 목록, 칼로리 계산기가 하나로 합쳐진 올인원 식단 플래너예요.

일주일 식단을 계획하고, 마음에 드는 레시피는 AI로 저장하고, 식단은 장보기 목록으로 자동 변환! 칼로리와 매크로(탄단지)까지 기록할 수 있어요. 식단 관리와 밀프렙에 필요한 모든 기능을 한 앱에 담았어요.

▶ 주간 식단, 몇 초 만에 완성
아침, 점심, 저녁, 간식을 요일별로 배치하면 이번 주 식단표가 뚝딱 완성돼요. ""오늘 뭐 먹지?"" 고민은 이제 그만. 마음에 든 주간 메뉴는 저장해 두고 언제든 다시 쓸 수 있어서 밀프렙이나 미리 만들어 두는 요리에 딱이에요.

▶ AI로 레시피 저장
인스타그램, 틱톡, 유튜브, 핀터레스트, 요리 블로그에서 본 레시피가 있나요? 링크만 붙여넣으면 AI가 재료와 조리 순서를 자동으로 추출해 줘요. 타이핑 없이 몇 초 만에 나만의 레시피가 차곡차곡 쌓여요.

▶ 나만의 레시피북
저장한 레시피를 깔끔하게 정리해서 어디서든 꺼내 보세요. 균형 잡힌 식사와 건강한 습관을 위해 만들어진 나만의 레시피 관리 앱이에요.

▶ 칼로리·매크로 기록
레시피에 칼로리, 탄수화물, 단백질, 지방, 당류, 식이섬유 같은 영양 정보를 직접 입력하거나 AI에게 계산을 맡기세요. 하루 목표를 설정하면 간단한 칼로리 계산기이자 매크로 트래커가 돼요. ""김밥 두 줄에 라면 하나""처럼 먹은 음식을 말로 적기만 하면 AI가 칼로리와 영양을 추정해 주는 기능도 있어요.

▶ 스마트한 장보기 목록
식단 속 재료가 자동으로 쇼핑 목록이 돼요. 장 보면서 하나씩 체크하고, 목록은 가족과 공유하세요. 집에 있는 양파를 또 사 오는 일, 이제 없어요. 음식물 낭비는 줄이고 식비는 아끼고요.

▶ 홈 화면 영양 위젯
앱을 열지 않아도 오늘의 칼로리와 영양 목표 진행 상황을 홈 화면에서 바로 확인할 수 있어요.

▶ 시간, 돈, 음식을 아끼는 가장 쉬운 방법
- 바빠지기 전에 일주일 식단 미리 짜기
- 레시피는 타이핑 대신 AI로 저장
- 칼로리, 매크로, 영양 목표 기록
- 식단에서 장보기 목록 자동 생성
- 레시피, 주간 메뉴, 쇼핑 목록을 가족과 공유
- 밀프렙, 다이어트 식단, 간헐적 단식, 키토 식단 계획에도 활용
- 휴대폰, 태블릿, 웹 어디서나 동기화

▶ 무료, 광고 없음
식단 플래너, 레시피북, 장보기 목록 모두 광고 없이 무료로 쓸 수 있어요. 프리미엄은 앱 개발을 응원하는 방법이자 여러 개의 주간 식단, 나만의 템플릿, 무제한 동기화를 열어 줘요.

지금 YouMealPlan을 다운로드하고 계획하고, 요리하고, 먹는 방식을 바꿔 보세요.

💌 도움이 필요하거나 좋은 아이디어가 있나요? youmealplan@gmail.com으로 메일 주세요.",식음료,https://play.google.com/store/apps/details?id=meal.planner&hl=ko&gl=kr,,,,,,
android,kr,com.eatr.eatr,Eatr・AI 식단 플래너·다이어트,"Eatr는 초보부터 숙련자까지 모두를 위한 AI 식단 플래너입니다. 바쁜 날에도, 여유롭게 요리하고 싶은 날에도, 개인화된 건강 레시피, 칼로리 관리, 영양정보로 당신의 식단을 똑똑하게 도와드립니다.

시간을 아끼는 식단 계획
조리 시간을 선택하면 Eatr가 메뉴를 자동으로 구성합니다. 15분 레시피부터 1시간 이내 메인 요리까지 일정에 맞춰 무리 없이 실천할 수 있습니다.

매일 업데이트되는 아이디어
수천 개의 레시피로 매 끼니의 영감을 얻으세요. 저탄수/균형 잡힌 식단/고단백 등 목표에 맞는 메뉴를 빠르게 찾을 수 있습니다.

개인화된 실력 성장
실력 수준을 선택하면 도전적이지만 따라 만들 수 있는 레시피를 추천합니다. AI 기반 제안으로 자연스럽게 요리 역량을 넓혀 보세요.

다양한 식이 선호 지원
키토, 비건, 페스카테리언, 팔레오 등 여러 식단을 지원합니다. 취향과 목표에 맞춘 개인 맞춤 메뉴 제안을 받아 보세요.

강력한 검색과 필터
요리 종류, 식단 유형, 식사 타입, 시간, 난이도 등으로 정밀하게 필터링하세요. 주간 식단 작성이나 평일 저녁 준비에 특히 유용합니다.

영양정보와 칼로리 관리
모든 레시피에 칼로리와 **영양정보(매크로 포함)**를 제공합니다. 건강 목표에 맞는 선택을 돕습니다.

따라 만들기 쉬운 단계 가이드
간결하고 명확한 단계 안내로 시행착오를 줄이고, 결과뿐 아니라 요리 과정도 즐길 수 있습니다.

커뮤니티 평가와 피드백
레시피를 평가·공유하고, 서로의 경험을 바탕으로 더 맛있고 건강한 한 끼를 함께 찾아 보세요.

시작하는 방법

목표와 식단 선호를 설정합니다.

조리 시간과 난이도를 선택합니다.

AI가 제안하는 메뉴와 레시피로 바로 시작하세요.

Eatr와 함께라면 식단 관리, 식단 계획, 건강한 요리가 더 쉽고 꾸준해집니다.

이용 약관: https://eatr.com/terms_of_service",식음료,https://play.google.com/store/apps/details?id=com.eatr.eatr&hl=ko&gl=kr,,,,,,
android,kr,bodyfast.zero.fastingtracker.weightloss,"단식 어플 - 간헐적 단식, 단식 타이머, 단식 추적기","단식 추적기가 건강한 습관과 새로운 라이프스타일로 당신을 안내합니다. 효과적으로 체중을 감량하고 더욱 활기찬 기분을 느낄 수 있습니다. <b>다이어트 불필요, 요요 현상 없음</b>.

효과가 있나요?
간헐적 단식을 통해 <b>빠른 체중 감량</b>을 달성할 수 있다는 것은 이미 입증된 사실입니다. 단식 중 글리코겐이 소모되고, 몸은 '지방 연소' 모드라고 불리는 케톤증 상태로 전환됩니다. 이는 효과적으로 지방을 연소시킬 수 있는 방법입니다.

안전하나요?
예. <b>가장 자연스럽고 안전하게</b> 체중을 감량할 수 있는 방법입니다. 연구에 따르면 항상 먹고 있으면 몸이 소화 작업으로부터 휴식을 취할 수가 없어서, 당뇨병 같은 건강 문제가 유발될 수 있습니다. 단식을 하면 먹는 일로부터 휴식을 취하고, 간의 부담을 일부 덜 수 있습니다.

저도 단식 추적기를 사용할 수 있나요?
다양한 단식 계획을 갖춘 단식 추적기는 <b>초보자 및 숙련자, 남녀</b> 모두에게 적합합니다. 이 앱은 계획에 따라 사용자를 안내합니다. 식단을 바꿀 필요가 없으며, 사용자는 쉽게 지속할 수 있습니다. 18세 미만이거나 임신 중 또는 모유 수유 중이신 분, 건강 문제가 있거나 저체중이신 분은 단식을 하기 전에 의사와 상담하시기 바랍니다.

간헐적 단식의 장점
√ 몸에 저장된 지방 연소
√ 단식 중 재생 및 해독 과정 시작
√ 노화 과정 완화
√ 혈당 조절 혜택
√ 염증 감소
√ 심장병, 당뇨병 등 수많은 질병 예방
√ 성장 호르몬 강화 및 신진대사 증가
√ 더 건강하고 활기찬 기분 획득
√ 신체 및 두뇌 기능 향상
√ 가장 자연스럽게 체중을 감량하고 건강을 유지하는 방법
√ 다이어트 및 운동 없이 체중 감량

단식 추적기의 주요 기능
√ 다양한 간헐적 단식 계획
√ 초보자 및 숙련자 모두 이용 가능
√ 한 번 탭하여 시작/종료
√ 단식 계획 사용자 지정
√ 단식/식사 기간 조정
√ 단식 알림 설정
√ 스마트한 단식 추적기
√ 단식 타이머
√ 체중 추적
√ 단식 상태 확인
√ 과학적 팁과 단식에 관한 기사
√ 칼로리 섭취량을 계산할 필요가 없음
√ 아주 쉽게 체중 감량
√ Google Fit와 데이터 동기화

과학적으로 입증된 간헐적 단식

효과적인 체중 감량
몸이 지방 연소 모드로 전환됩니다. 저장된 체지방을 연소시키고, 섭취한 음식이 지방으로 저장되는 것을 방지합니다.

자연스럽고 건강한 방식
단식하는 동안 몸이 활발하게 지방을 연소시키고 해독 모드로 진입하여 재생 과정을 시작합니다.

해독
몸에서 염증이 감소합니다. 세포가 바이러스, 박테리아 및 손상된 구성 성분을 분해합니다.

질병 예방
연구에 의하면 단식은 심장병, 당뇨병, 암 등 수많은 질병을 예방할 수 있습니다.

세포 복구 및 재생
셀은 불필요하거나 제대로 기능하지 않는 구성 성분을 제거합니다. 손상된 세포는 더 튼튼한 세포로 대체됩니다.

노화 방지
몸이 해독, 복구 및 재생 과정인 자기 소모를 시작합니다.

혈당 조절
단식은 인슐린에 더 민감하도록 돕습니다. 혈당 조절에 좋습니다.

신진대사 증가
단식 중 성장 호르몬이 강화되고 신진대사가 증가합니다.",건강/운동,https://play.google.com/store/apps/details?id=bodyfast.zero.fastingtracker.weightloss&hl=ko&gl=kr,,,,,,
android,kr,com.pixsterstudio.dietplans,Diet Plan: 체중 감량 계획,"더 건강한 식습관을 만들기 위해 한 단계 더 스마트한 방법을 시작해 보세요. 식단 계획, 영양 관리, 그리고 매일의 진행 상황을 보다 쉽게 관리할 수 있도록 설계된 이 앱은 복잡한 과정이나 부담스러운 계획 없이 일상에 자연스럽게 스며듭니다. 체계적인 가이드와 개인 맞춤 식단, 간편한 칼로리 기록 기능을 통해 식습관을 정리하고 꾸준히 이어갈 수 있도록 도와줍니다.

규칙적인 식사 패턴을 만들고 싶거나, 균형 잡힌 식단을 시도해 보고 싶거나, 자신의 영양 상태를 더 잘 이해하고 싶은 분들 모두에게 적합합니다. 계획하고 기록하는 과정을 단순하게 만들어 매일 부담 없이 실천할 수 있도록 구성되어 있습니다.

개인 맞춤 식단 플랜

다양한 식습관과 라이프스타일에 맞춰 선택할 수 있는 맞춤형 식단 플랜을 제공합니다. 저탄수화물 식단, 키토 식단, 채식 및 비건 옵션 등 여러 선택지 중에서 고를 수 있으며, 각 플랜은 균형 잡힌 영양 섭취를 돕도록 체계적으로 구성되어 있습니다.

유연한 식단 조정이 가능해 자신의 일정에 맞게 식사를 계획할 수 있으며, 일상을 방해하지 않으면서도 꾸준함을 유지할 수 있습니다. 장기적으로 건강한 습관을 형성하는 데 초점을 맞추고 있습니다.

간편한 칼로리 기록

내장된 칼로리 기록 기능과 스마트 계산을 통해 영양 관리를 더 쉽게 할 수 있습니다. 식사를 빠르게 기록하고 하루 섭취량을 확인하여 식습관과 영양 균형을 스스로 파악할 수 있습니다.

활동량과 신체 조건을 바탕으로 필요한 칼로리를 추정해 주어 하루 동안 보다 합리적인 선택을 할 수 있도록 도와줍니다. 또한 BMI(체질량지수) 계산 기능을 통해 전반적인 건강 상태를 확인하고, 이해하기 쉬운 데이터로 변화 과정을 살펴볼 수 있습니다.

식단 플래너 & 레시피 안내

일상에서 쉽게 사용할 수 있도록 설계된 직관적인 식단 플래너로 자신 있게 식사를 계획해 보세요. 아침, 점심, 저녁을 포함한 다양한 건강 레시피를 확인할 수 있으며, 채식과 일반식 옵션을 모두 제공합니다.

스테이크나 미트파이와 같은 메뉴도 포함되어 있어 다양한 식단 구성이 가능합니다. 체계적인 식단 계획은 매일 무엇을 먹을지 고민하는 시간을 줄여 주고, 미리 준비하는 습관을 통해 꾸준함을 높여 줍니다.

운동 기록 & 운동 플랜

식단 관리와 함께 운동과 신체 활동도 함께 기록할 수 있습니다. 웨이트 트레이닝, 맨몸 운동, 홈트레이닝 등을 기록하며 활동적인 생활을 유지할 수 있습니다.

간단하고 따라 하기 쉬운 운동 플랜은 동기 부여를 돕고, 전반적인 건강 관리 루틴과 자연스럽게 연결됩니다.

진행 상황 관리 & 일일 동기 부여

체중, 식사, 운동을 기록하고 일간·주간·월간 데이터를 통해 자신의 변화를 확인해 보세요. 시각화된 데이터와 정리된 건강 정보를 통해 현재 상태와 개선 과정을 한눈에 파악할 수 있습니다.

식사 기록, 수분 섭취 체크, 칼로리 기록을 돕는 알림 기능도 제공되어 꾸준한 습관 형성에 도움이 됩니다. 장기적인 목표를 향해 집중하고 지속할 수 있도록 설계되었습니다.

주요 기능

• 다양한 식습관에 맞춘 개인 맞춤 식단 플랜
• 간편한 칼로리 기록 및 영양 관리
• 균형 잡힌 식사를 위한 체계적인 식단 플래너
• 채식 및 일반식 레시피 제공
• 간단한 운동 플랜과 운동 기록 기능
• 진행 상황 분석 및 알림 기능
• 꾸준함을 돕는 일일 건강 팁

식단을 계획하고, 영양을 이해하며, 꾸준한 변화를 만들어 보세요. 작은 실천이 모여 더 건강한 라이프스타일로 이어집니다.

문의 사항이 있거나 도움이 필요하시면 언제든지 연락해 주세요.

문의:
feedback@pixsterstudio.com

개인정보는 매우 중요하게 관리됩니다.

개인정보 처리방침:
https://pixsterstudio.com/privacy-policy.html

이용 약관:
https://pixsterstudio.com/terms-of-use.html",건강/운동,https://play.google.com/store/apps/details?id=com.pixsterstudio.dietplans&hl=ko&gl=kr,,,,,,
android,kr,com.quvideo.wisemeal,WiseMeal: AI 칼로리 계산기 & 식단기록,"WiseMeal: 간편한 AI 칼로리 계산 및 식단 플래너

식단 관리에 어려움을 겪고 계신가요? WiseMeal은 손쉽게 체중 감량과 건강 관리를 할 수 있도록 설계된 올인원 AI 칼로리 스캐너 및 영양 추적 앱입니다. 첨단 AI 기술을 기반으로 음식 기록, 매크로 영양소 추적, 식단 계획까지 한 곳에서 간편하게 이용할 수 있습니다.

📸 즉시 기록 및 추적
WiseMeal의 AI 칼로리 추적 앱으로 스마트폰을 영양 도우미로 바꿔보세요:
- 사진 촬영 및 식별: 사진을 찍어 칼로리와 영양 정보를 즉시 확인하세요. WiseMeal의 AI는 숨겨진 알레르기 유발 물질과 첨가물까지 감지하여 더욱 안전한 식품 선택을 도와줍니다.

- 바코드 스캔: 간식을 구매하셨나요? 바코드를 스캔하여 즉시 기록하세요.

- 방대한 식품 데이터베이스: 칼로리, 매크로 영양소(단백질, 탄수화물, 지방), 미량 영양소를 종합적으로 관리할 수 있는 식품 추적 앱입니다.

- 종합 건강 관리: 수분 섭취량, 걸음 수, 체중을 한 곳에서 모두 추적하세요.

⚖️ 나만을 위한 맞춤형 서비스
WiseMeal은 사용자의 체형과 운동 목표에 맞춰 최적의 식단을 제공합니다.
- 목표 설정: 체중 감량, 근육 증가, 건강한 식습관 등 어떤 목표를 가지고 있든, WiseMeal에서 당신에게 맞는 플랜을 찾아보세요.

- 스마트 AI 추천: 맞춤형 운동 계획과 식단 조언을 받아보세요. 알레르기 유발 물질 알림 기능으로 안전하고 목표에 맞는 식단을 유지할 수 있습니다.

- 실시간 칼로리 부족량 추적: 언제든 남은 칼로리를 확인하여 더욱 현명한 식단 계획을 세울 수 있습니다.

- AI 건강 분석 및 점수 제공: 매일 영양 균형에 대한 점수와 분석 정보를 받아보세요. 설탕, 식이섬유, 지방(포화지방, 트랜스지방, 콜레스테롤), 비타민, 미네랄 등 섭취량에 대한 자세한 분석 정보를 통해 섭취한 음식을 정확하게 파악할 수 있습니다.
- 데이터 시각화: 체중, 칼로리, 영양소 섭취량에 대한 직관적인 추세 차트를 통해 변화를 실시간으로 확인하세요.

🍳 AI 레시피 및 식단
- AI 레시피 생성: 가지고 있는 재료만 입력하면 AI가 건강하고 영양소 균형이 잘 잡힌 레시피를 즉시 만들어 드립니다.

- 레시피 가져오기: Instagram, YouTube, TikTok 등에서 좋아하는 레시피를 간편하게 가져와 나만의 식단 일지에 추가하세요.

- 14일 맞춤 식단: 특정 식단 기준과 운동 목표에 맞춰 엄선된 2주 식단 전략을 제공합니다.

WiseMeal을 선택해야 하는 이유?
꾸준한 칼로리 섭취량 유지, 근육 성장을 위한 단백질 목표 달성, 지속 가능한 건강한 습관 형성 등, WiseMeal은 바쁜 현대인에게 건강한 삶을 쉽게 만들어 줍니다.

참고: WiseMeal은 의료 조언을 제공하지 않습니다. 모든 권장 사항은 참고용이며, 새로운 칼로리 및 영양 계획을 시도하기 전에 전문가와 상담하고 충분한 정보를 확인하시기 바랍니다.

이용약관: https://rc.wisemeal.org/web/h5template/48f85063-a536-451f-a124-d0b9f39cda85-language=en/dist/index.html
개인정보보호정책: https://rc.wisemeal.org/web/h5template/e00201ec-b84e-4d1e-8376-4a4362f24337-language=en/dist/index.html
문의: wisemeal2025@gmail.com",건강/운동,https://play.google.com/store/apps/details?id=com.quvideo.wisemeal&hl=ko&gl=kr,,,,,,
android,kr,com.yinqs.weeklymealplanner,다이어리 식사 입안자 / 장보기 리스트 / 요리레시피,"<b>Jojo Apps에서 선보이는 다이어리 식사 입안자 / 장보기 리스트 / 요리레시피</b> 는 식단 관리, 스마트 식단 생성, 디지털 레시피 북 기능이 하나로 통합된 올인원 앱입니다. 집에 있는 식재료를 기반으로 개인의 식이 요법 및 알레르기를 반영한 맞춤형 식단 계획을 세워보세요. 시간과 비용을 절약하면서도 더욱 건강한 식습관을 유지할 수 있습니다.

<h3>주요 기능 및 추천 대상</h3>
최고의 유연성을 자랑하는 이 앱은 사용자의 라이프스타일에 완벽하게 맞춰집니다. 가족의 특정 영양 요구 사항에 맞는 맞춤형 주간 식단을 생성하거나, 할머니의 오래된 손글씨 레시피를 디지털화하고, 파트너와 실시간으로 장보기 목록을 공유하는 등 매일 ""오늘 뭐 먹지?""라는 스트레스를 완전히 해소해 드립니다.

<h3>해결할 수 있는 문제들</h3>
• 시간 절약: ""오늘 뭐 해 먹지?"" 하며 냉장고 앞을 서성일 필요가 없습니다. 스마트 생성기가 주방에 이미 있는 재료를 기반으로 메뉴를 구성해 주므로 식단 계획 단계를 완전히 건너뛸 수 있으며, 마트에서 목적 없이 돌아다닐 필요도 없어집니다.
• 비용 절약: 사용자의 레시피와 현재 팬트리(식재료 보관함)의 상태를 기반으로 정확한 장보기 목록을 자동 생성하므로, 충동구매를 방지할 수 있습니다. 대량 구매도 안심하고 계획적으로 할 수 있어 매월 식비를 크게 절감할 수 있습니다.
• 식재료 낭비 방지: 팬트리 재고를 추적하고 이미 가지고 있는 재료를 중심으로 식단을 설계하므로, 상하기 쉬운 식재료를 상하기 전에 모두 소진할 수 있습니다. 정말로 필요한 식재료만 구매하게 됩니다.
• 건강한 식습관: 앱을 통해 주간 메뉴를 시각적으로 관리하고 키토, 지중해식, 비건 등 특정 식이 요법에 맞는 식단을 생성하여 자연스럽게 균형 잡힌 다채로운 식사와 건강한 선택을 유도합니다.
• 스트레스 감소: 파트너의 스마트폰과 실시간으로 동기화되는 자동 장보기 목록 덕분에 재료를 깜빡하거나 ""누가 장을 볼지""에 대한 의사소통 오해로 인한 스트레스가 사라집니다.

<h3>스마트 식단 계획 생성기</h3>
• 맞춤형 식단: 특정 식이 요법, 알레르기, 기호식품, 요리할 인원수에 맞춰 식단 계획을 자동으로 생성합니다.
• 냉장고 및 팬트리 연동: 집에 이미 있는 재료를 앱에 등록하면, 이를 활용해 만들 수 있는 레시피를 제안합니다.
• 지원하는 식이 요법: 채식(Vegetarian), 비건(Vegan), 페스코-폴로(Pesco-pollo), 페스케테리언(Pescetarian), 키토제닉(Keto), 지중해식, 5:2 다이어트, 간헐적 단식(Intermittent Fasting), 팰ριο(Paleo), 엣킨스(Atkins), Whole30, 저FODMAP, 저탄수화물(Low-Carb) 라이프스타일을 완벽하게 지원합니다.

<h3>고급 레시피 모듈</h3>
• 무엇이든 디지털화: 웹사이트 URL을 붙여넣거나, 요리 사진을 찍거나, 할머니의 오래된 손글씨 레시피 카드를 촬영하는 것만으로 레시피를 간편하게 가져올 수 있습니다. 앱이 상세 정보를 자동으로 추출합니다.
• 디지털 요리책: 마음에 드는 모든 레시피를 한곳에 모아 깔끔하게 정리하고 관리할 수 있습니다.
• 직접 계획: 저장된 레시피에서 식단을 직접 추가하고 장보기 목록을 생성할 수 있습니다.

<h3>유연한 캘린더 및 실시간 동기화</h3>
• 맞춤형 레이아웃: 일, 주, 월 단위로 미리 계획을 세울 수 있습니다. 하루에 필요한 식사 및 간식 횟수를 정확하게 설정할 수 있습니다.
• 파트너와 동기화: 식단 계획과 장보기 목록을 파트너나 가족과 즉시 공유하여 모두가 항상 최신 정보를 확인할 수 있습니다.
• 드래그 앤 드롭: 일정이 변경되었을 때도 드래그 앤 드롭으로 식사 스케줄을 쉽게 변경할 수 있습니다.
• 인쇄용 메뉴: 냉장고에 붙여두기 좋은, 깔끔하고 아름다운 인쇄용 식단 계획 개요를 생성할 수 있습니다.

<h3>자동 장보기 목록</h3>
• 자동 생성 목록: 계획된 메뉴에 필요한 식재료를 기반으로 장보기 목록이 자동으로 작성됩니다.
• 바코드 스캐너: 포장 식품이나 생필품을 빠르게 스캔하여 목록이나 팬트리에 쉽게 추가할 수 있습니다.
• 편리한 위젯: 식단 계획이나 장보기 목록을 보기 위해 앱을 열 필요가 없습니다.

Privacy Policy: https://www.jojo-apps.com/privacy-policy
Terms of Use: https://www.jojo-apps.com/terms-and-conditions",식음료,https://play.google.com/store/apps/details?id=com.yinqs.weeklymealplanner&hl=ko&gl=kr,,,,,,
android,kr,com.appediet.appediet,AI 칼로리 카운터 - Appediet,"""바코드 스캐너, 음식 스캐너, 매크로 트래커 기능을 갖춘 칼로리 카운터를 찾고 계신다면 Appediet이 정답입니다. 세련되고 스마트하며 간편한 이 앱은 체중 감량, 식단 및 영양 관리를 위한 개인 비서입니다.

• Appediet은 간단하고 직관적이며 유용한 기능으로 가득합니다.
• 음식 사진을 찍어 칼로리 및 영양 성분을 확인하세요.
• 바코드 스캐너로 빠른 음식 입력이 가능합니다.

Appediet의 더 많은 기능

- 카메라의 힘을 활용하세요 -
지루한 수동 입력은 이제 그만! Appediet의 최첨단 AI 음식 스캐너를 사용하여 식사의 사진을 찍거나 바코드를 스캔하기만 하면 앱이 자동으로 음식을 인식하고 구성을 분석하여 정확한 칼로리를 계산합니다.

- 영양 지식을 높이세요 -
방대한 음식 데이터베이스를 통해 상세한 영양 정보를 손쉽게 확인하세요. 섭취하는 모든 식사의 칼로리 함량, 매크로 영양소(탄단지) 분해, 필수 비타민 및 미네랄을 발견할 수 있습니다. 이러한 지식을 바탕으로 정보에 입각한 선택을 하고 체중 감량 및 건강 목표를 자신 있게 달성하세요.

- 전용 건강 도우미 -
Appediet는 방대한 지식 데이터베이스를 갖춘 개인 AI 건강 도우미를 제공하여 건강 관련 질문에 답하고 일일 영양 섭취량을 몇 초 만에 조회할 수 있습니다.

- 인생을 바꾸는 여정을 시작하세요 -
지금 Appediet을 다운로드하고 더 건강하고 행복한 나를 위한 변화의 모험을 시작하세요. 강력한 기능과 사용자 친화적인 인터페이스로 영양, 피트니스 및 체중 관리 방식을 혁신하세요.

Appediet는 원활한 사용자 경험을 제공하기 위해 카메라 및 앨범에 대한 액세스 권한이 필요합니다. 이 권한을 허용하면 앱의 기능을 완전히 활용할 수 있습니다.

이용 약관은 다음을 방문하세요:
https://static-cdn-f.appediet.com/policy/appediet/service_en-us.html
개인정보 처리방침은 다음을 방문하세요:
https://static-cdn-f.appediet.com/policy/appediet/privacy_en-us.html

여러분의 의견을 환영합니다: contact@appediet.net
공식 웹사이트: https://www.appediet.com
인스타그램 팔로우: @appediet_official""",건강/운동,https://play.google.com/store/apps/details?id=com.appediet.appediet&hl=ko&gl=kr,,,,,,
android,kr,com.josmantek.macros,Macros - Calorie Counter,"Macros로 영양 관리를 관리하세요. 체중 감량, 근육 강화, 건강한 라이프스타일 유지 등 어떤 목표를 원하시든, Macros는 간편하고 효과적인 식단 관리를 도와드립니다. 프로필 정보를 입력하시면 개인 맞춤형 일일 칼로리 목표와 운동 목표에 맞는 Macros 세부 정보를 계산해 드립니다.

Macros는 운동 경험 수준이나 식단 선호도에 관계없이 지속 가능한 습관을 형성할 수 있도록 설계되었습니다. 식단 일지를 관리하고, 식단을 계획하고, Macros, 활동, 수분 섭취를 간편하게 추적하세요. 유연하고 직관적인 칼로리 및 Macros 계산 기능으로 바쁜 날에도 목표를 정확하게 달성하세요.

특징:

- 체중 감량, 근육 증가 또는 유지를 위한 칼로리 필요량을 계산합니다.
- 칼로리 및 Macros(탄수화물, 단백질, 지방)를 위한 음식 추적기입니다.
- 순 탄수화물 계산기 - 케토제닉 또는 저탄수화물 다이어트에 적합합니다.
- Macros에서 칼로리를 계산하여 칼로리와 Macros가 항상 일치하도록 합니다.
- 광범위한 음식 데이터베이스입니다.
- 간편한 기록을 위한 바코드 스캐너입니다.
- 매일 운동과 활동을 기록하세요.
- 수분 섭취량 추적.
- 맞춤 식단 생성.
- 나만의 레시피 라이브러리 구축.

구독을 통해 이용 가능한 Macros Plus는 식단 추적 기능을 한 단계 더 높여줍니다.

- 그램 또는 백분율로 매크로 목표를 설정하세요.
- 미량 영양소 목표를 맞춤 설정하세요.
- 식사 시간 - 식사 시간을 기록하세요.
- 최대 30일 전까지 식단을 계획하세요.
- Fitbit 및 Garmin과 같은 외부 앱과 동기화하세요.
- 탄수화물 순환 또는 훈련/휴식일에 맞는 맞춤형 일일 목표를 설정하세요.
- 칼로리, 매크로 및 미량 영양소 섭취에 가장 많이 기여하는 요소를 파악하세요.
- 월별 섭취량 그래프로 진행 상황을 모니터링하세요.
- 일일 식단을 인쇄 가능한 PDF 파일로 내보내세요.
- 일지에 일일 메모를 추가하세요.
- 광고 없는 환경을 경험하세요.

Macros는 무료로 다운로드하고 사용할 수 있습니다. 원하는 경우 Plus로 업그레이드하여 놀라운 추가 기능을 사용할 수 있습니다. 구독은 자동 갱신되지만, 현재 구독 기간 종료 24시간 전까지 언제든지 취소할 수 있습니다.

서비스 약관: https://macros.app/terms
개인정보처리방침: https://macros.app/privacy",건강/운동,https://play.google.com/store/apps/details?id=com.josmantek.macros&hl=ko&gl=kr,,,,,,
android,kr,digifit.virtuagym.foodtracker,Virtuafood: AI Calorie Tracker,"Virtuafood는 AI 기반 칼로리 추적 및 음식 스캐너로, 간편하게 영양 정보를 관리할 수 있도록 도와줍니다. 음식 사진을 찍기만 하면 Virtuafood의 AI가 칼로리, 단백질, 탄수화물, 지방 함량을 즉시 추정해 줍니다. 이 정보는 공인 영양 전문가의 검증을 거쳤습니다.

AI 음식 스캐너

수동으로 기록하는 번거로움은 이제 그만! 레스토랑 음식, 집밥, 포장 식품 등 어떤 음식이든 카메라로 찍기만 하면 Virtuafood의 AI 음식 스캐너가 음식을 식별하고 영양 성분을 즉시 계산해 줍니다. 바코드를 스캔하면 더욱 정확한 영양 정보 관리가 가능합니다.

AI 영양 코치

AI 기반의 맞춤형 영양 계획을 무료로 받아보세요. 목표와 생활 습관에 대한 몇 가지 질문에 답하면 Virtuafood가 사용자에게 맞는 칼로리 및 매크로 영양소 목표를 설정해 줍니다. 체중과 활동량 변화에 따라 계획이 자동으로 조정됩니다.

완벽한 매크로 영양소 추적기

Virtuafood는 단순한 칼로리 계산 앱이 아닙니다. 모든 식사의 단백질, 탄수화물, 지방 섭취량을 추적하고, 목표에 맞춰 매크로 영양소 목표치를 그램 단위로 설정할 수 있습니다.

음식 섭취량, 운동량, 걸음 수를 종합하여 순 칼로리 섭취량을 모니터링하세요. 30가지 이상의 신체 지표와 함께 영양소 구성 비율을 확인하세요.

전문가 검증 식품 데이터베이스

저희 식품 데이터베이스는 공식 영양 데이터베이스와 연동되어 있으며, 공인 영양사의 검증을 거쳤습니다. 크라우드소싱 방식이 아닌, 모든 식단의 칼로리와 매크로 영양소 정보를 신뢰할 수 있습니다.

모든 목표를 위한 맞춤 솔루션

• 체중 감량: 개인 맞춤형 매크로 가이드를 통해 칼로리 부족량을 추적하세요.

• 근육량 증가: 단백질 섭취량을 추적하며 고단백 식단을 실천하세요.

• 유지 관리: 균형 잡힌 칼로리와 매크로 영양소 목표를 설정하여 건강한 식습관을 유지하세요.

• 저탄수화물/케토 다이어트: 탄수화물과 순 탄수화물 섭취량을 간편하게 관리하세요.

• 운동선수 및 유산소 운동: 활동적인 라이프스타일을 위한 고칼로리 식단을 제공합니다.

• 맞춤 설정: 칼로리, 매크로 영양소 비율 또는 그램 목표를 직접 설정하세요.

버추어짐 피트니스 연동

버추어푸드는 버추어짐 피트니스와 직접 연동되어, 하나의 계정으로 영양 추적기와 운동 추적기를 모두 관리할 수 있습니다.

소모 칼로리와 일일 섭취량을 동기화하여 정확한 순 칼로리 추적을 실현하세요. 하나의 시스템으로 모든 것을 관리하고, 더 이상 추측할 필요가 없습니다.

추가 기능

• 포장 식품 바코드 스캐너

• 식단 저장 및 간편 기록

• 식단 기반 장보기 목록 생성 기능

• Apple Health 및 Google Fit 연동

• 체중, 체지방 및 30가지 이상의 신체 지표 추적

• 채식주의자, 비건 및 모든 식단 지원

Virtuafood를 통해 더욱 스마트하게 영양 관리를 시작한 1,500만 명 이상의 사람들과 함께하세요.

Virtuafood를 무료로 다운로드하고 나만의 AI 영양 계획을 지금 바로 시작하세요.",건강/운동,https://play.google.com/store/apps/details?id=digifit.virtuagym.foodtracker&hl=ko&gl=kr,,,,,,
android,kr,fi.seehowyoueat.shye,Food Diary See How You Eat Log,"See How You Eat은 건강한 식사를 도와주는, 간단하고 사용하기 쉬운 포토 푸드 다이어리입니다.

1. 매일의 식사를 한눈에 확인해 보세요
2. 사용이 쉽고 간편합니다
3. 규칙적인 식사로 늘 배고프지 않습니다
4. 보다 에너지 넘치는 기분을 느껴보세요
5. 건강한 최적의 체중을 만드세요

See How You Eat의 푸드 다이어리를 사용하면 그날의 모든 식사를 한눈에 볼수 있어서 좀 더 건강한 선택을 하는데 도움이 됩니다. 음식사진을 찍음으로써 식사 습관을 변화시킬 수 있습니다. 식사 리마인더는 당신의 규칙적인 식생활을 돕고,하루 종일 에너지 넘치게 할 것입니다.

사진을 찍어두면 좋은 점
• 그날의 식사를 한눈에 알 수 있습니다
• 식사사진 찍기는 당신의 보다 건강한 선택을 장려합니다

규칙적인 식사의 좋은 점
• 하루 종일  에너지가 넘칩니다
• 체중 관리가 보다 쉬워 집니다
• 건강에 좋지 않은 음식을 줄이게 됩니다

더  기분 좋게 하기 위해서, 살을 빼거나 체중관리를 위해서, 당신의 목표가 무엇이든 See How You Eat은 당신이 성공하도록 지원합니다. 당신의 식사를 추적하고 규칙적으로 식사하는 것! 그것이 가장 쉬운 방법입니다.

앱의 언어는 영어입니다 

Health Revolution은 사용하기 쉽고 간편한 모바일용의 영양 앱 컨셉을 개발하고 있습니다.  우리의 사명은, 사람들이 오늘 날의 바쁜 일상에 적합한 건강한 식사의 기본을 발견하도록 지원하는 것 입니다. Nordic(북유럽)의 모든 것들이 그러하듯,우리의 앱도 심플하고 효과적입니다.",건강/운동,https://play.google.com/store/apps/details?id=fi.seehowyoueat.shye&hl=ko&gl=kr,,,,,,
android,kr,com.eatthismuch,Eat This Much - Meal Planner,"자동 식사 플래너인 Eat This Much로 다이어트를 자동 조종하세요. 다이어트 목표, 좋아하는 음식, 예산, 일정을 알려주시면 요구 사항에 맞는 완벽한 식사 계획을 자동으로 생성해 드립니다. 개인 다이어트 보조원이 있는 것과 같습니다.

⭐ 2023년 최고의 식사 계획 앱 1위 - CNN 강조

<b>기능</b>
•  몇 초 만에 칼로리 및 매크로 목표를 충족하는 식사 계획 생성
•  체중 감량, 유지 또는 근육/보디빌딩을 위한 영양 목표를 설정할 수 있습니다.
•  식습관을 따르거나 나만의 식습관을 만드세요.
•  팔레오, 앳킨스/케토, 채식, 비건 및 지중해 식단 중에서 선택
•  글루텐 프리를 포함하여 알레르기 및 싫어하는 음식/레시피를 필터링합니다.
•  일정에 맞게 각 식사에 사용 가능한 요리 시간을 설정하십시오.
•  무엇을 먹을지 고르는 고민에서 벗어나세요
•  레시피를 개인화하거나 나만의 레시피를 추가하세요.
•  우리의 제안이 마음에 들지 않습니까? 되풀이 음식을 사용하여 원하는 음식만 사용하도록 쉽게 교체하거나 식사 플래너를 구성하십시오.
  
<b>프리미엄 기능</b>
•  한 번에 일주일의 식사 계획 자동 생성
•  식사 계획을 따르지 않았습니까? 섭취량을 추적하기 위해 무엇을 먹었는지 쉽게 기록
•  식료품 목록은 식사 계획에서 자동으로 생성됩니다.
•  충분한 식료품을 구입할 수 있도록 매 끼니마다 가족 구성원 수를 정하십시오.
•  식료품 저장실 추적으로 음식물 쓰레기 줄이기
•  운동하는 날에 더 많은 칼로리와 탄수화물을 섭취하는 것과 같이 요일별로 맞춤 목표를 설정하세요. 원하는 만큼 사용자 지정합니다.
  
일반 칼로리 추적기는 음식을 일기에 하나씩 추가하도록 강제합니다. 하루가 끝날 때까지 영양 목표에 근접할 것이라는 보장은 없습니다. 자동 식사 플래너를 사용하면 모든 것이 이미 입력되어 있기 때문에 추적할 것이 없습니다. 계획을 따르기만 하면 됩니다.
  
무료 계정과 프리미엄 계정을 모두 제공합니다. 무료 사용자는 하루 식사 계획을 만들고 원하는 대로 완전히 사용자 지정할 수 있습니다. 식사마다 선호도가 다를 수 있으며 영양 목표는 원하는 대로 지정할 수 있습니다.
  
프리미엄 사용자는 자동으로 일주일의 식사 계획을 생성하고 이메일을 통해 장보기 목록과 함께 보낼 수 있는 주간 식사 플래너에 액세스할 수 있습니다. 계획을 따를 때 무엇을 먹었는지 또는 먹지 않았는지 추적할 수 있으며, 계획에서 벗어난 경우 다음 주에 대한 목표를 쉽게 재조정하여 추적할 수 있습니다.
  
무료 계정을 사용하여 식사 플랜이 마음에 드는지 확인하고 준비가 되면 프리미엄 식사 플래너로 업그레이드하십시오.
  
개인 정보 보호 정책: https://www.eatthismuch.com/privacy-policy/
이용약관: https://www.eatthismuch.com/terms/",건강/운동,https://play.google.com/store/apps/details?id=com.eatthismuch&hl=ko&gl=kr,,,,,,
android,kr,com.wachanga.calories,Calz (칼즈): 칼로리 계산기 AI,"칼로리카운터는 AI 기반의 칼로리 계산기로, 식단기록 어플을 찾는 분들을 위한 도구입니다. 식단을 계획하고 칼로리 측정을 통해 다이어트 목표를 달성하세요.

📸 식단기록 사진으로 간편하게
다이어트 카메라 AI 기능을 활용하여 식사 사진을 찍으면, 음식의 칼로리 계산과 영양소 분석이 자동으로 이루어집니다. 식단 사진 기록으로 음식칼로리를 쉽게 추적하세요.

⚙️ 주요 기능
• 칼로리 계산기 및 칼로리 측정 어플
• 식단기록 어플로 식사일기 작성
• 운동 칼로리 계산기로 칼로리 소모 측정
• 식단표 만들기 및 식단표짜기 기능
• 식단일기어플로 다이어트 기록 관리
• 칼로리 측정기로 음식칼로리 계산기 활용

⭐ 추가 기능
• 식단표달력으로 식단표어플 활용
• 다이어트 식단 레시피 및 레시피 공유
• 운동 식단 기록과 체중 식단 기록 관리
• 식단 관리 앱으로 식단 관리 용이
• 다이어트 식단표로 식단 짜주는 어플 기능

🎯 이 앱은 다음과 같은 분들께 적합합니다
• 뱃살빼기를 목표로 하는 여성 및 남자
• 다이어트 식단기록을 원하는 분들
• 칼로리 다이어트를 계획 중인 분들
• 식단 기록 어플을 찾는 분들
• 30일만에 체중감량을 목표로 하는 분들

칼로리카운터와 함께 다이어트를 시작하세요. 식단기록, 칼로리 계산, 운동 칼로리 계산기 등 다양한 기능으로 여러분의 건강한 삶을 지원합니다.",건강/운동,https://play.google.com/store/apps/details?id=com.wachanga.calories&hl=ko&gl=kr,,,,,,
android,kr,us.carewith.pilly,필리케어 - 매일매일 영양제 섭취관리,"안녕하세요. 필리예요.
맞춤영양제 구독서비스 필리가 
여러분들의 꾸준한 영양제 섭취습관 형성을 위해 필리케어 앱을 출시했어요.

쌓여가는 영양제 위에 먼지도 함께 쌓고 계신 분 (✋)
매일 챙겨먹지 못할 것 같아 시작도 안해보신 분 (✋)
하루이틀 밀려서 영양제 관리가 어려우신 분 (✋)
내가 먹고있는 건강기능식품 정보가 궁금하신 분 (✋)

걱정마세요.
이제 필리케어가 도와드릴게요 :)

# 매일 섭취하는 습관
이제 필리가 챙겨드려요.
매일 가볍게 체크하는 영양섭취 기록

# 띵똥! 섭취알림 도착!
깜빡할까 걱정하지 마세요.
한번 등록하면 이제 필리가 알려드릴게요.

# 건강기능식품 정보 검색
국내 건강기능식품 정보를 한 눈에!
이제 헤매지말고 필리케어에서 찾아보세요.

# 나만의 건강프로필
나에게 필요한 영양성분은 무엇일까?
이미 1,005,119명 이상이 영양추천 받으셨어요.

# 필리 커뮤니티
서로 다양한 정보를 공유하고
영양제와 관련한 모든 이야기를 나눠요.

# 섭취이력을 한 눈에!
얼마나 꾸준히 관리했을까?
캘린더와 통계정보로 한 눈에 확인해 보세요!

# 정기구독 관리도 앱으로
정기구독 신청은 물론 결제일 연기도 내 맘대로! 
그리고 포인트몰 이용도 쉽고 편하게!


[정기구독 고객들의 필리 후기]
필리 영양제, 좋다던데 정말 좋은가요?
꾸준히 정기구독하시는 필리 고객분들이 직접 후기를 올려주셨어요.
필리 고객들의 솔직한 정기구독 후기😊 직접 확인해보세요!
https://pilly.kr/review


[다양하게 필리와 소통하세요]
■ 페이스북 : https://www.facebook.com/pillykr
■ 인스타그램 : https://www.instagram.com/pilly_kr/
■ 블로그 : https://blog.naver.com/mypilly



Your health, Our mission
여러분의 건강관리를 소중히 생각하는 필리케어가 되겠습니다.


[문의사항]
홈페이지 : https://pilly.kr
대표전화 : 02-6203-9810
대표메일 : info@carewith.us
카카오톡 : 카톡에서 '필리' 검색하고 친구추가!
* 상담시간은 월~금 10:00~17:00까지입니다 (주말 및 공휴일 휴무)
----
개발자 연락처 :
(주)케어위드 Rm 302 3/F
20 Yeoksam-ro 63-gil
강남구, 서울특별시 06197
South Korea 759-87-00821 2020-서울강남-03029 강남구청",라이프스타일,https://play.google.com/store/apps/details?id=us.carewith.pilly&hl=ko&gl=kr,,,,,,
android,kr,com.herb_interaction,약싸 - 영양제 가격비교 리뷰 커뮤니티 앱,"- 영양제 가격 비교가 쉬워졌습니다
동일한 영양제를 왜 더 비싼 가격에 구매해야 할까요? 동일한 성분과 용량을 가장 저렴한 가격으로 파는 쇼핑몰을 쉽게 찾을 수 있습니다.

- 활발한 영양제 리뷰 커뮤니티에 참여하세요
영양제를 섭취하기 전에 전문가와 유저들의 통찰력을 얻으세요. 약싸의 영양제 리뷰 커뮤니티는 지식의 보고입니다. 영양제의 효능과 필요성을 공유하고 나의 경험도 남겨보세요.

- 독점 영양 데이터베이스
마이허브앤헬스케어의 영양제 데이터 API를 통해 정확하고 최신의 영양제 정보를 제공합니다.",건강/운동,https://play.google.com/store/apps/details?id=com.herb_interaction&hl=ko&gl=kr,,,,,,
android,kr,com.pill.pillsummary,"메디코치 - 맞춤 영양제, 약사 상담, 구독 서비스","메디코치, 나를 위한 맞춤 건강 코치

■ 정기 구독 시 맞춤 영양제 최대 50% 할인! 
메디코치 맞춤 영양제를 정기 구독하시면 첫 달 50% 할인된 가격으로
하루 1포에 30일치 건강을 담아 드려요.

■ 나의 건강정보로 약사의 건강 상담과 맞춤 영양제 조합 추천 받기!
건강검진 결과와 처방이력, 60개 유전요인을 약사에게 전달해
건강 상담과 내게 맞는 맞춤 영양제 조합을 추천 받아 보세요.
* 본인 인증 절차가 필요해요.

■ 20만개 영양소 조합에서 내게 필요한 영양제만 찾아 건강 지키기!
멀티 비타민, 오메가3, 루테인 외에도 홍삼, 캄보지아추출물, MSM 등
21종의 다양한 영양소를 내게 꼭 맞는 조합으로 추천해 더 안전하게 드세요.

■ 한 눈에! 한 손에! App으로 모아 보는 나의 건강정보
나의 건강검진 결과와 처방이력 및 유전요인을 App에서 확인하고,
건강 추이, 누적된 복용약, 유전요인 분석 결과를 제공해 드려요.
* 병원•약국에서 진료 상담 시 활용도 가능해요.

■ 약국에서 받은 약, 이제는 App으로 관리!
현재 복용중인 약의 주요 정보(효능, 주의음식, 상호작용)를 확인하고,
복용 알람을 간편하게 설정하여 복용 효과를 높이세요.

■ 정기적으로 건강관리를 받을 수 있는 나만의 주치 약사 설정! 
즐겨찾는 약국 등록으로 꾸준하게 약사와 복용 상담을 받고,
처방전을 촬영 후 즐겨찾는 약국에 전송하는 Pre-order 기능으로 
기다림없이 약을 받아 보세요.

■ 유전자검사도 App으로 간편하게 확인!
약국에서 유전자검사키트를 구매하고 메디코치 App을 통해  검사 신청하면
60개의 유전요인(영양소, 피부, 개인특성 등)을 분석해드려요.

하루 1포로 완성하는 세상에 하나뿐인 나만의 맞춤 영양제,
메디코치로 맞춤 건강관리를 시작하세요.

[메디코치 고객센터]
대표전화 : 0507-1368-3950
홈페이지 : https://www.medicoach.kr
이메일 : tresbien@medicoach.kr
카카오톡 : 친구찾기에서 ‘메디코치’ 를 검색해 주세요.
* 문의 시간은 월~금 9:00 ~ 17:00(점심시간 제외)

GooGhywoiu9839t543j0s7543uw1 - pls add tresbienmartin@gmail.com to GA account 309378706 with 'Administrator' permissions - date 2026-06-19.",건강/운동,https://play.google.com/store/apps/details?id=com.pill.pillsummary&hl=ko&gl=kr,,,,,,
android,kr,com.iherb,iHerb: 비타민 & 보충제,"iHerb: 비타민 & 보충제
전 세계 수백만 명이 신뢰하는 웰니스

아이허브에서 엄선된 건강 및 웰니스 제품을 합리적인 가격으로 만나보세요. 집 앞까지 바로 배송해 드립니다. 비타민과 보충제, 스포츠 영양제, 식료품, 뷰티 제품, 셀프케어 제품 등 다양한 상품을 하나의 앱에서 모두 찾아보세요. 아이허브는 1996년부터 진정한 웰니스 제품, 믿을 수 있는 공급처, 그리고 합리적인 가격에 집중해 왔습니다.

iHerb 앱으로 더욱 간편해진 웰니스

특별 혜택
iHerb 앱 사용자만을 위한 특별 할인 혜택을 누리세요. 첫 앱 주문 시 코드 MYAPP15를 입력하시면 15% 할인 혜택을 받으실 수 있습니다. 일부 제한 사항이 적용될 수 있습니다. 

쌓이는 리워드
아이허브를 친구 및 가족과 공유하거나 승인된 제품 리뷰를 작성하여 리워드 크레딧을 적립하세요. 적립된 리워드 크레딧은 아이허브에서 다음 구매 시 사용하실 수 있습니다.

iHerb 품질 보증
아이허브는 신뢰할 수 있는 브랜드와 직접 협력하며, 제3자 또는 검증되지 않은 유통업체로부터 제품을 구매하지 않습니다. 민감한 제품은 신선도와 효능 유지를 위해 온도 조절이 가능한 GMP 인증 물류 센터에서 관리됩니다. 아이허브의 iTested™ 프로그램은 자체 브랜드 제품의 성분 진위 여부, 라벨 정확성, 효능은 물론 중금속 및 미생물 오염 여부를 독립적으로 검사합니다.

정기 배송 & 할인
추가 비용이나 약정 없이 정기 배송을 이용해 보세요.

배송 조회
배송 알림 및 실시간 주문 업데이트를 통해 최신 정보를 확인하세요.
실제 고객 후기
아이허브에서 해당 제품을 구매한 고객의 후기를 확인하세요.

간편한 반품 및 환불
간편한 환불 절차로 안심하고 쇼핑하세요. iHerb 웹사이트 및 앱에서 직접 구매한 제품은 최대 30일, iHerb 자체 브랜드 제품은 90일 이내에 환불이 가능합니다.

간편하고 안전한 결제
지역별 결제 및 배송 옵션을 통해 원활한 결제 경험을 누리세요.
연중무휴 24시간 고객 서비스
온라인 채팅을 통해 언제든지 도움을 받으세요.

카테고리별 쇼핑
비타민, 보충제, 미네랄, 허브, 항산화제, 아미노산, 어유 및 오메가, 면역력 강화, 마그네슘, 콜라겐, 단백질 파우더, 프리워크아웃, 크레아틴, 수분 및 전해질, 프로바이오틱스, 체중 관리, 녹색 채소 및 슈퍼푸드, 동종요법, K-뷰티, 메이크업, 목욕 및 개인 위생용품, 임산부 및 육아용품, 반려동물 용품

브랜드별 쇼핑
캘리포니아 골드 뉴트리션, 마일드 바이 네이처, 쏜, 라이프 익스텐션, 유세린, 뷰티 오브 조선, 내추럴 팩터스, 나우 푸드, 옵티멈 뉴트리션, 네이처스 웨이, 바이탈 프로틴, 노르딕 내추럴스, 골리 뉴트리션, 퀘스트 뉴트리션, 밥스 레드 밀, 심플리 오가닉, 어드밴스드 클리니컬스 등 다양한 브랜드를 만나보세요.

관심 분야별 쇼핑
소화 건강, 노화 방지 및 장수, 모발, 피부 및 손톱 건강, 여성 건강, 뼈 및 관절 건강, 어린이 건강, 두뇌 및 인지 기능 지원, 남성 건강, 심장 건강, 수면 및 기분 개선, 스트레스 관리, 눈 및 시력 건강, 계절성 알레르기, 감기 및 독감, 통증 완화, 비건, 채식주의, 글루텐 프리, 유기농, 동물실험 미실시, 비유전자변형(Non-GMO) 제품.

iHerb 소개
아이허브는 미국에 본사를 둔 소매업체로 1,800개 이상의 인기 브랜드에서 50,000개 이상의 제품을 제공합니다. 29년 이상 아이허브는 비타민 및 보충제, 스포츠 영양, 식료품, 미용, 셀프케어, 반려동물 용품, 생활필수품 등 다양한 웰니스 제품을 전 세계 고객에게 제공해 왔습니다.

면책 조항
이 앱의 정보는 의료 전문가의 조언을 대체할 수 없습니다. iHerb 앱에 등록된 제품 및 특정 제품에 대한 주장은 미국 식품의약국(FDA)의 평가를 받지 않았으며 질병의 진단, 치료, 완치 또는 예방을 위한 용도로 승인되지 않았습니다.",쇼핑,https://play.google.com/store/apps/details?id=com.iherb&hl=ko&gl=kr,,,,,,
android,kr,com.trifoiltrailblazer.supplementtracker,영양제 비타민 약 복용 알람·기록,"아름답게 디자인된 추적 앱으로 매일의 영양제 루틴을 손에 쥐어 보세요. 모든 복용을 기록하고, 똑똑한 알림을 받고, 건강한 비타민·영양 습관을 만들어 가요.

영양제 155종 & 스택 17개
매일 챙기는 기본(비타민 D, 마그네슘, 오메가3)부터 장수(NMN, NR, 스페르미딘, 피세틴, 설포라판), 남성 건강(통캇알리, 트리불러스, 호로파), 더 다양한 아답토겐(아슈와간다, 인삼, 오미자, 홍경천), 그리고 놓치기 쉬운 핵심 성분(글루타치온, ALA, MSM, GABA, 메틸폴레이트, 히알루론산, 콜린)까지 담았어요. 엄선한 스택 17개 중에서 골라 보세요: 데일리 에센셜, 두뇌 부스트, 편안한 마음, 장수, 장 리셋, 심장 건강, 디톡스 서포트, 여성과 남성을 위한 호르몬 밸런스 등이 있어요.

왜 영양제를 기록해야 할까요?
대부분의 사람은 적어도 일주일에 몇 번은 비타민과 영양제를 깜빡해요. 매일 쓰는 영양제 추적 앱은 꾸준함을 쌓고, 패턴을 발견하고, 한 번 한 번의 복용에서 온전한 효과를 누리도록 도와줘요.

매일, 빠짐없이
영양제를 추가하고, 일정을 정하고, 챙겨 먹을 때마다 체크해 보세요. 아침 비타민이든, 오후 미네랄이든, 저녁 오메가3든, 매일 쓰는 추적 앱이 모든 걸 정리해 주어 다시는 복용을 놓치지 않아요. 오늘 몇 개를 챙겼고 몇 개가 남았는지 합계로 한눈에 보여요.

똑똑한 일정과 알림
영양제를 시간대(아침, 오후, 저녁, 밤)별로, 그리고 얼마나 자주 먹는지에 따라 정리해 보세요. 매일, N일마다, 특정 요일, 또는 매일 먹지 않는 영양제를 위한 온/오프 주기까지 설정할 수 있어요. 복용마다 각자의 알림이 붙고, 오늘 목록에는 예정된 것만 보여요. 알림 시각을 내 하루 루틴에 딱 맞게 맞춰 보세요.

연속 기록 & 통계
하루하루 연속 기록으로 흐름을 쌓고, 시간이 지나며 꾸준함을 추적해 보세요. 주간·월간 복용 준수율을 확인해 루틴을 얼마나 잘 지키고 있는지 한눈에 볼 수 있어요. 복용을 체크할 때마다 영양제 기록이 실시간으로 업데이트돼요.

기분과 영양제
그날의 기분을 기록하면 앱이 점과 점을 이어, 어떤 영양제가 기분과 활력이 좋은 날과 겹치는지 보여줘요. 비타민을 챙기기 가장 좋은 시간대를 찾고, 가장 자주 놓치는 영양제를 파악하고, 주간 추세도 따라가 보세요. 모든 인사이트는 매일의 기록에서 자동으로 만들어져요.

상호작용 알림
스택에 담긴 영양제나 약이 서로 영향을 줄 수 있을 때 경고를 받아요. 예를 들어 철분과 칼슘, 또는 아연과 구리처럼요. 자동 상호작용 검사로 안심하고 챙길 수 있어요.

성분 보기
종합비타민과 복합 영양제의 성분을 입력하면 복용 중인 모든 제품에서 성분이 겹치는 지점이 보여, 마그네슘·아연·비타민 D를 중복 복용하는지 알 수 있어요. 매일 보기에서는 각 성분을 스택 전체로 합산해 주고, 상호작용 검사도 성분 단위로 이뤄져요.

저널
저널이 이제 독립된 탭이 됐어요. 매일 짧은 메모를 남기고, 사진을 더하고, 지난 기록을 넘겨 보며 그동안 어떻게 느꼈는지 돌아볼 수 있어요. 최근 7일 저널은 무료로 쓰고, 프리미엄에서는 90일 기록, 검색, 사진까지 열려요.

알약 재고
남은 알약이 얼마나 되는지 추적하고, 다시 채울 때가 되면 알림을 받아요. 영양제 추적 앱이 다 떨어지기 전에 미리 알려 주어 당황할 일이 없어요.

복용 준수 캘린더 & 배지
색으로 구분된 캘린더에서 기록을 한눈에 봐요. 첫 체크, 주간 연속 기록, 완벽한 한 달 등 꾸준함의 이정표를 달성하면 배지를 얻어요.

위젯 & 잠금 화면
영양제 추적 위젯을 홈 화면에 추가하면 앱을 열지 않고도 탭 한 번으로 오늘의 알약을 복용 완료로 표시할 수 있어요. 잠금 화면에는 다음 복용·오늘 진행률·연속 기록 라이브 화면을 두고, 거기서 바로 복용을 체크할 수 있어요. Android 13+에서는 Material You 테마 아이콘이 배경화면에 맞춰 색을 바꿔요. 분위기를 바꾸고 싶다면 프리미엄 강조 색상 테마를 라이트·다크로 골라 보세요.

백업 & 동기화
영양제와 기록을 내 Google 드라이브에 백업하고 다른 기기에서 이어서 쓸 수 있어요. 데이터는 내 계정 안에 남아 내가 관리해요.

사용 방법
1. 매일 챙기는 비타민과 영양제를 추적 앱에 추가해요
2. 복용마다, 시간대마다 알림을 설정해요
3. 챙겨 먹을 때마다 체크하고 연속 기록이 늘어나는 걸 지켜봐요

무료로 시작하기
기본 알림과 14일 기록으로 최대 6개 영양제를 무료로 추적할 수 있어요. 프리미엄으로 업그레이드하면 무제한 영양제, 전체 통계, 기분·웰니스 인사이트, 상호작용 알림, 사진 저널, 강조 색상 테마, 잠금 화면 라이브 화면 등을 누릴 수 있어요.

개인정보 처리방침: https://supplements-tracker.com/privacy
이용약관: https://supplements-tracker.com/terms
고객지원: contacts@trifoiltrailblazer.com",건강/운동,https://play.google.com/store/apps/details?id=com.trifoiltrailblazer.supplementtracker&hl=ko&gl=kr,,,,,,
android,kr,com.gbapps.vitaway,VitaWay: 비타민 섭취 알림,"VitaWay - 비타민 추적 앱

VitaWay와 함께 건강 관리를 시작하세요. VitaWay는 가장 스마트한 비타민 및 영양제 추적 앱으로, 꾸준한 복용 습관을 만들고, 복용 시간을 놓치지 않으며, 내 몸에 어떤 영양제를 섭취하고 있는지 정확히 파악하도록 도와줍니다.

종합 비타민, 오메가-3, 마그네슘, 단백질부터 복잡한 스포츠 보충제까지, VitaWay는 모든 영양제 정보를 하나의 아름답고 사용하기 쉬운 앱에 깔끔하게 정리해 줍니다.

 스마트 영양제 추적 기능

VitaWay는 비타민 C, D, B12, 아연과 같은 필수 영양제부터 크레아틴, 베타-알라닌, BCAA, 프리워크아웃과 같은 고급 스포츠 영양제까지 100가지 이상의 비타민, 미네랄, 영양제 데이터베이스를 제공합니다. 몇 초 만에 영양제를 추가하고 바로 추적을 시작할 수 있습니다.

찾는 영양제가 없으신가요? 나만의 이름, 복용량, 복용 시간으로 맞춤 영양제를 직접 만들 수 있습니다. VitaWay는 당신의 고유한 복용 습관에 맞춰 조정됩니다.

 실제로 효과 있는 매일 알림

다시는 비타민 복용을 잊지 마세요. VitaWay는 스마트하고 적절한 알림을 보내 영양제 복용이 당신의 일상에 자연스럽게 스며들도록 돕습니다. 아침, 오후, 저녁 등 당신의 라이프스타일에 맞는 유연한 복용 시간을 설정하세요. 한 번의 탭으로 복용 여부를 기록하고 꾸준히 복용하는 모습을 확인하세요.

 영양제 상호작용 확인 기능

모든 영양제가 함께 복용하기 좋은 것은 아닙니다. 어떤 영양제는 흡수를 방해하고, 어떤 영양제는 흡수를 돕기도 합니다. VitaWay의 내장된 상호작용 확인 기능은 당신이 복용하는 영양제 조합을 분석하여 잠재적인 충돌 가능성을 알려줍니다. 이를 통해 복용하는 모든 영양제로부터 최대의 효과를 얻을 수 있습니다.

어떤 비타민을 함께 복용하고 어떤 비타민을 따로 복용해야 하는지 과학적인 정보를 바탕으로 더 현명한 결정을 내리세요.

 상세한 건강 통계

아는 것이 힘입니다. VitaWay는 상세한 통계와 차트를 통해 당신의 영양제 복용 습관을 한눈에 보여줍니다.

일일 및 주간 복용 기록
복용 준수율 및 연속 복용 기록
놓친 복용량 추적
시간 경과에 따른 복용 변화 추이
복용 패턴을 파악하고 동기를 유지하며 당신의 몸이 필요로 하는 꾸준함을 만들어 보세요.

✨ 주요 기능

100가지 이상의 비타민 및 영양제 데이터베이스
맞춤 영양제 생성 기능
유연한 매일 알림 및 알림 설정
영양제 상호작용 분석 기능
상세한 통계 및 복용 변화 차트
매일 건강 상태 기록 기능
라이트 및 다크 모드 지원
완전 오프라인 작동 - 데이터는 기기에 안전하게 저장됩니다.
영어, 러시아어, 독일어, 스페인어 지원
당신의 개인 정보는 소중합니다

VitaWay는 모든 데이터를 당신의 기기에 로컬로 저장합니다. 계정 등록이 필요 없으며, 외부 서버로 데이터가 전송되지 않습니다. 광고도 없습니다. 당신의 건강 정보는 완벽하게 비공개로 유지됩니다.

 4개 언어 지원

영어 · 러시아어 · 독일어 · 스페인어

 이런 분들께 추천합니다

매일 비타민과 미네랄을 복용하는 분
다양한 영양제를 관리하는 운동선수 및 피트니스 애호가
건강한 습관을 만들고 싶은 모든 분
영양 섭취를 최적화하려는 바이오해커
의료 지침에 따라 영양 결핍에서 회복 중인 분
오늘부터 더 건강한 삶을 위한 여정을 시작하세요. 당신의 개인 비타민 및 영양제 추적 앱, VitaWay를 다운로드하세요.

VitaWay는 정보 제공 목적으로만 설계되었으며 전문적인 의료 조언을 대체하지 않습니다. 새로운 영양제 복용을 시작하기 전에 항상 의료 전문가와 상담하세요.",건강/운동,https://play.google.com/store/apps/details?id=com.gbapps.vitaway&hl=ko&gl=kr,,,,,,
android,kr,app.calsee,Calsee(칼씨): 사진으로 간단하게 칼로리 계산,"Calsee(칼시)는 식사 사진을 찍기만 하면 AI가 칼로리와 PFC 밸런스(단백질·지방·탄수화물)를 자동 계산해주는 차세대 식단 관리·체중 관리 다이어트 앱입니다.
번거로운 입력 없이 다이어트와 체중 조절, 건강 관리가 더욱 간편하고 지속하기 쉬워집니다.

・사진만 찍으면 OK! 매일의 식단을 자동으로 칼로리 & 영양 계산
앱을 열고 식사 사진을 찍기만 하면 됩니다. AI가 이미지를 분석해 식재료를 판별하고 칼로리와 PFC를 자동 계산합니다.
햄버거, 프렌치프라이 같은 복잡한 외식 메뉴에도 대응합니다.
식단 기록이 번거로웠던 분들도 Calsee라면 무리 없이 계속할 수 있습니다.

・먹기 전에 사진만 찍어두면 나중에 한꺼번에 분석 OK!
아침·점심·저녁을 그때그때 기록하지 않아도, 사진만 찍어두면 시간이 날 때 한 번에 분석할 수 있습니다.
바쁜 직장인, 육아 중인 분, 외식이 많은 분도 스트레스 없이 식단 관리와 체중 관리가 가능합니다.

・AI가 제공하는 고정밀 영양 분석
AI 기술로 칼로리와 PFC 계산의 정확도도 ◎.
1끼 식사의 단백질·지방·탄수화물 수치를 확인할 수 있어 식단 균형과 체중 관리 포인트를 한눈에 파악할 수 있습니다.
“오늘은 단백질이 부족하네”, “지방이 많으니 저녁은 가볍게 해야겠다” 등 다이어트 판단이 쉬워집니다.

・일간·주간 퍼스널 영양 조언 제공
식단 기록과 체중 기록 데이터를 기반으로 AI가 매일·매주 영양 조언을 생성합니다.
“단백질 부족”, “지방을 줄이면 체중 변화가 좋아짐” 등 목표에 맞는 제안을 받아 체중 관리의 성공률이 더욱 높아집니다.

・그래프로 변화 확인! 체중·체지방률 관리까지 완벽
식단 기록뿐 아니라 체중 기록·체지방률 변화 그래프도 지원합니다.
몸의 변화를 시각적으로 확인할 수 있어 다이어트 동기 유지에 최적입니다.
단기 다이어트뿐 아니라 장기 건강 관리에도 유용합니다.

・자신만의 목표 설정
체중·기간 등의 목표를 설정할 수 있으며, 목표에 맞는 PFC 밸런스를 자연스럽게 이해하게 됩니다.

・분석 결과 수정도 자유롭게
AI 판정이 다를 경우 요리명, 식재료명, 칼로리와 PFC를 직접 수정할 수 있어 보다 정확한 식단·체중 관리가 가능합니다.

▼이런 분들께 추천!
・식단 기록·체중 기록을 간단하게 지속하고 싶은 분
・AI로 쉽고 스마트하게 식단·체중 관리를 하고 싶은 분
・다이어트 앱을 찾는 분
・체중 변화를 그래프로 보며 동기를 유지하고 싶은 분
・PFC 밸런스를 조절하고 싶은 분
・바쁜 일상 속에서도 무리 없이 다이어트를 지속하고 싶은 분

Calsee는 “계속하기 쉽다”, “보기 쉬운 UI”, “식단과 체중 관리를 한 앱에서 해결”이라는 평가를 받고 있습니다.
AI 식사 분석 × 퍼스널 조언 × 체중 기록으로 매일을 더 건강하고 심플하게.

지금 바로 Calsee를 다운로드하고 스마트한 식단 관리와 체중 관리를 시작하세요!
다이어트, 식단 관리, 체중 관리, 칼로리 계산을 더 쉽고 즐겁게.",건강/운동,https://play.google.com/store/apps/details?id=app.calsee&hl=ko&gl=kr,,,,,,
android,kr,com.dexcom.g7,Dexcom G7,"Dexcom G7 연속혈당측정시스템을 통해 혈당 수치의 변동 추세를 파악하십시오. 

이 앱은 Dexcom G7 연속혈당측정시스템을 가지고 있는 경우에만 사용해야 합니다.* Dexcom G7을 통해 치료 결정을 내리기 전에 의사와 협력하여 방법을 알아보십시오.

Dexcom G7 연속혈당측정시스템은 보다 강화되고 통합적인 당뇨 관리를 지원합니다. 낮은 프로파일의 웨어러블 센서는 사용자의 호환 가능한 디스플레이 기기에 최대 5분 간격으로 실시간 혈당 데이터를 제공하며, 손끝 혈당 검사가 필요하지 않습니다.† 
또한 Dexcom G7은 높거나 낮은 혈당 수치를 경고하는 사용자 지정 가능한 경고 기능과 원격 모니터링 및 보고 옵션을 제공하여 사용자가 언제 어디서든 사랑하는 사람과 의료팀에 연결되어 있도록 도와줍니다.  

*Dexcom G7 Android 앱은 일부 Android 기기에서만 호환 가능합니다. 호환 가능한 기기 목록은 dexcom.com/compatibility를 방문하십시오.

†Dexcom G7의 혈당 경고 및 수치가 증상이나 예상과 일치하지 않는 경우, 혈당측정기를 사용하여 당뇨 치료 결정을 내리십시오.


Dexcom 센서가 제공하는 정확한 성능 외에도 다른 중요한 기능을 제공합니다.
•	최대 10명의 팔로워와 혈당 데이터를 공유할 수 있으며, 팔로워는 Dexcom Follow 앱을 사용하여 호환 가능한 스마트 장치에서 사용자의 혈당 데이터 및 추세를 모니터링할 수 있습니다. Share 및 Follow 기능은 인터넷 연결이 필요합니다
•	Clarity Clinic이 이제 G7 연결 탭에 통합되어 Clarity 의료팀과 데이터를 쉽게 공유할 수 있습니다
•	• 이제 Dexcom G7 앱에서 추정 공복 혈당을 기록할 수 있습니다. 공복 혈당을 정기적으로 추적하면 귀하와 의료팀이 혈당 수치의 추세를 파악할 수 있습니다
•	디지털 Health 앱 통합을 사용하면 혈당 데이터를 타사 건강 앱 및 라이프스타일 기기와 공유할 수 있습니다.
•	연결된 앱 및 기기에서 이제 G7 트렌드 그래프로 건강 및 활동 데이터를 확인하실 수 있습니다
•	Dexcom Clarity 요약 인사이트가 G7 앱에 통합되어 실시간 및 이전 혈당 인사이트를 동일한 앱에서 모두 확인할 수 있습니다.
•	한눈에 보기를 사용하면 스마트 기기의 잠금 화면에서 혈당 데이터를 볼 수 있습니다.

G7 앱 기능 및 파트너 통합은 지역별로 다를 수 있습니다.  자세한 내용은 사용자 안내를 참조하시기 바랍니다.

이 소프트웨어는 다음 의료기기의 구성품입니다.
 
허가번호 : 수허23-325호
품목명 : 개인용체내연속혈당측정시스템
수입업자 : ㈜사이넥스",건강/운동,https://play.google.com/store/apps/details?id=com.dexcom.g7&hl=ko&gl=kr,,,,,,
android,kr,com.ottai.seas,Ottai,"Ottai – 스마트 혈당 관리 도우미

Ottai는 사용자가 연결된 외부 혈당 모니터링 기기(연속 혈당 측정기 또는 블루투스 혈당 측정기 등)를 통해 혈당 데이터를 편리하게 기록하고 확인할 수 있도록 도와줍니다.

⚙️ 주요 기능:
• 호환되는 외부 기기에서 혈당 추세를 확인하고 분석합니다.
• 식사, 운동, 약물 복용을 추적하여 더욱 효율적인 혈당 관리를 지원합니다.
• 가족이나 간병인과 건강 데이터를 공유하여 관리 조정을 지원합니다.

⌚ Wear OS 앱 사용 가능

🩺 중요 공지:
Ottai는 의료 기기가 아니며, 자체적으로 건강 상태를 측정하거나 진단하지 않습니다.
혈당 데이터를 확인하려면 앱과 호환되는 외부 혈당 모니터링 하드웨어가 필요합니다.
의료 조언, 진단 또는 치료에 대해서는 항상 의료 전문가와 상담하십시오.",건강/운동,https://play.google.com/store/apps/details?id=com.ottai.seas&hl=ko&gl=kr,,,,,,
android,kr,com.healtharx.beato,BeatO: Diabetes Care App,"BeatO는 최첨단 기술과 전문가의 지침을 통해 혈당 수치를 효과적으로 관리할 수 있도록 지원하는 인도 최고의 당뇨병 관리 앱입니다. 당뇨병 진단을 새로 받으셨든, 오랫동안 관리해 오셨든, BeatO는 믿을 수 있는 당뇨병 관리 파트너로서 맞춤형 솔루션을 제공하여 혈당 조절을 개선하도록 도와드립니다.

당뇨병 관리를 위해 BeatO를 선택해야 하는 이유

자동 혈당 추적: BeatO 혈당 앱과 혈당 측정값을 자동으로 동기화하세요. 실시간으로 혈당 수치를 확인하고 추세를 손쉽게 추적할 수 있습니다.

전문가의 지침 및 지원: 당뇨병 관리 코치, 의사, 영양사로 구성된 BeatO 전문가 팀이 맞춤형 조언을 제공합니다. 식단 권장 사항, 생활 습관 개선, 약물 조정 등 모든 것을 BeatO가 도와드립니다.

종합적인 건강 모니터링: BeatO 앱은 혈당 측정기, 피트니스 트래커 및 기타 건강 기기와 원활하게 연동되어 항상 종합적인 건강 상태를 확인할 수 있도록 지원합니다.

HbA1c 추적 및 기타 기능: HbA1c 수치를 모니터링하고, 시기적절한 알림을 받고, 당뇨병 관리 계획을 효과적으로 수행하세요.

BeatO 앱의 주요 기능:
간편한 혈당 기록: 스마트폰용 혈당 측정 앱으로 측정값을 자동으로 저장하세요. 간단한 그래프와 색상으로 구분된 결과를 통해 데이터를 쉽게 분석하고 해석할 수 있습니다.

즉각적인 분석 및 알림: 혈당 수치가 정상 범위를 벗어났나요? 혈당 측정 앱을 사용하여 즉시 피드백을 받고, 이해하기 쉬운 형식으로 가족이나 의사와 이메일을 통해 결과를 공유하세요.

AI 기반 지원: AI 기반 챗봇을 통해 식단 및 생활 습관 관련 질문에 대한 즉각적인 답변을 얻으세요. 또한, 스마트 도구를 사용하여 앱 내에서 혈압, 심박수 등의 생체 신호를 추적하고 건강을 더욱 효과적으로 관리할 수 있습니다.

언제 어디서든 의사 상담: 앱에서 바로 최고의 당뇨병 전문의와 온라인 상담을 예약하고 종합적인 관리 프로그램을 이용하세요. 집에서 편안하게 전문가의 의료 조언과 지원을 받으세요.

BeatO가 돋보이는 이유:
임상적으로 입증된 결과: BeatO 사용자는 저혈당 발생 횟수가 크게 줄고 HbA1c 및 공복 혈당 수치가 개선되는 것을 경험했습니다. BeatO의 측정 방법은 미국 당뇨병 협회(American Diabetes Association)와 같은 주요 의학 저널에 발표된 연구를 통해 검증되었습니다.

수백만 명의 신뢰: 250만 건 이상의 다운로드와 수많은 성공 사례를 자랑하는 BeatO는 인도에서 가장 신뢰받는 당뇨병 관리 앱 중 하나입니다.

수상 경력에 빛나는 플랫폼: 2021년 전국 스타트업 어워드(National Startup Awards) 건강 및 웰빙 부문 수상자인 BeatO는 당뇨병 관리 분야에서 혁신을 선도하고 있습니다.

BeatO를 최대한 활용하는 방법:
스마트 모니터링: BeatO Curv 혈당 측정기를 BeatO 혈당 측정 앱과 연동하여 실시간으로 혈당을 추적하고 분석 정보를 확인하세요. 간편하고 정확하며 임상적으로 인증된 BeatO로 손쉽게 혈당을 모니터링하세요.

맞춤형 당뇨병 관리 프로그램: HbA1c 수치 감소 또는 체중 감량 등 어떤 목표를 가지고 있든, 저희 프로그램은 의료 전문가의 맞춤형 지원을 통해 목표 달성을 도와드립니다.

쇼핑과 할인: 다양한 당뇨병 친화적 제품을 둘러보고 혈당 측정기, 의약품 등을 특별 할인된 가격으로 만나보세요.

활기차고 건강한 생활: 피트니스 트래커를 연동하여 앱에서 바로 활동량을 모니터링하세요. BeatO는 Health Connect와 연동됩니다.

지금 BeatO를 다운로드하고 더 나은 당뇨병 관리와 혈당 조절을 위한 여정을 시작하세요.

면책 조항: 의학적 조언, 진단 또는 치료는 의료 전문가와 상담하십시오.",건강/운동,https://play.google.com/store/apps/details?id=com.healtharx.beato&hl=ko&gl=kr,,,,,,
android,kr,com.steadyapp.glucose,Steady 혈당 기록,"냉장고에 붙여 둔 쪽지, 가방 속 수첩, 측정기 안에 남은 숫자. 기록은 여기저기 흩어져 있는데 진료실에서 “지난 석 달은 어떠셨어요?” 하고 물으면 대답이 막막합니다. Steady는 그 숫자들을 조용하고 사적인 한 곳에 모아 두는 혈당 기록 노트입니다. 그 한 곳은 당신의 휴대폰 안입니다.

계정도, 클라우드도 없이
• 가입 없이 열자마자 바로 적습니다
• 모든 기록은 기기 안에 암호화되어 저장되고 밖으로 나가지 않습니다
• 완전히 오프라인으로 작동하며, 서버가 없습니다
• 광고 없음, 추적기 없음
• 직접 정한 암호로 백업하고, CSV·JSON으로 내보낼 수 있습니다

적는 데는 몇 초
• 혈당에 상황 태그를 함께: 공복, 식전·식후, 취침 전, 운동, 아픈 날
• 빠른 입력 하나로 혈당, 식사, 인슐린, 검사 수치, 혈압까지
• 식사와 탄수화물은 앱에 들어 있는 오프라인 음식 자료에서
• 바코드를 찍으면 그 음식이 목록에 있을 때 탄수화물이 저절로 채워집니다
• 인슐린(초속효·지속형·혼합), 먹는 약, GLP-1, 케톤
• 검사 결과의 흐름: 당화혈색소, 공복혈당, 지질, 신장 수치
• 임신성 당뇨 모드에서는 혈압과 하루 수분 섭취까지
• 소모품 재고: 검사지, 채혈침, 주삿바늘, 인슐린. 얼마 남지 않으면 화면에서 알려 줍니다
• 어떤 기록에든 짧은 메모를 붙일 수 있습니다. 숫자만으로 설명되지 않는 날을 위해
• 적어 둔 기록은 나중에 고치거나 지울 수 있습니다

숫자가 하는 이야기 읽기
• 대시보드에 목표 범위 시간(TIR), 평균, 변동계수(CV)를 7일·14일·30일로, 이전 기간과 나란히
• 로그북은 혈당을 그날의 식사, 투여량과 나란히 보여 줍니다
• 시간대별·요일별 패턴과 식사가 수치에 남긴 흔적. 지나간 기록을 되짚는 관찰이지 예측이 아닙니다
• 진료 현장에서 쓰는 표준 형식의 AGP 그래프와, CGM에서 온 값이 있을 때의 GMI(추정 당화혈색소)
• 다음 진료에 들고 갈 깔끔한 PDF 요약을 만들 수 있습니다

하루씩 쌓입니다
로그북은 하루 단위로 묶이고, 그날의 측정 횟수와 평균이 맨 위에 나옵니다. 혈당과 식사, 인슐린, 먹는 약, 검사 수치, 혈압이 같은 시간 축에 놓이기 때문에 나중에 다시 볼 때 그날 무슨 일이 있었는지가 보입니다.

이럴 때 쓰입니다
아침 수치가 매일 밤 그런 것인지, 그날 하루만 그랬던 것인지 알고 싶을 때. 식후 두 시간을 재야 하는데 늘 그 시간이 지나가 버릴 때. 약이 바뀌어서 전과 후를 나란히 놓고 보고 싶을 때. 회사 건강검진이나 당화혈색소 검사가 다가와, 기억이 아니라 기록을 들고 진료실에 들어가고 싶을 때. 명절이나 출장으로 생활 리듬이 흔들리는 시기에도 숫자가 있는 자리는 그대로입니다.

진료 십 분 전
7일·14일·30일 중 하나를 골라 PDF를 만들어 두면 평균, 범위 안에 있던 비율, 변동의 크기, 최근 측정값이 한 장에 정리됩니다. 수첩을 옮겨 적을 필요가 없습니다. 인쇄해서 드려도 되고, 화면 그대로 보여 드려도 됩니다.

내 목표 범위로
당뇨 유형(1형, 2형, 임신성, 당뇨 전 단계)을 고르면 목표 범위가 거기에 맞춰집니다. 임신 중에는 임신성 당뇨용 범위로 바뀝니다. mg/dL과 mmol/L은 언제든 바꿀 수 있고, 지난 기록도 함께 환산됩니다. 목표 범위 시간과 GMI의 근거가 된 자료도 앱 안에 정리해 두었고, 다크 모드는 기기 설정을 따릅니다.

울리는 대신, 조용히 알려 주기
• 측정·복약·인슐린 알림은 매일 반복되고, 인터넷이 없어도, 앱을 닫아 두어도 도착합니다. Steady가 혈당 경보를 울리는 일은 없습니다
• 저혈당일 때는 '15의 법칙'을 단계로 보여 주고, 15분 뒤 다시 재는 타이머가 붙습니다
• 응급 카드와 QR 코드: 당뇨 유형, 복용 중인 약, 비상 연락처

Health Connect에 쌓인 값도
• Steady는 센서나 측정기에 직접 연결되지 않습니다. 이미 Health Connect에 저장된 혈당 값만 불러옵니다. Dexcom이나 FreeStyle Libre 같은 앱이 그곳에 동기화해 둔 값입니다. 읽기 전용이고 같은 기록이 두 번 들어가지 않습니다. 실시간 CGM 화면이 아니라, Health Connect에 도착한 뒤의 값을 가져오는 방식입니다.

이런 분께
당뇨라는 말을 이제 막 들었고 무엇이 수치를 움직이는지 배우는 중인 분께. 1형·2형 당뇨의 하루하루에. 인슐린을 맞으면서 투여량을 측정값 옆에 두고 싶은 분께. 식사와 걷기만으로 지내는 분께도. 임신성 당뇨 기록에. 당뇨 전 단계를 지켜보는 데에. 멀리 계신 부모님의 수치를 대신 적어 두는 가족에게도. 교대 근무로 식사 시간이 일정하지 않은 분께도. 측정기 하나를 온 가족이 쓰는 집이라면 같은 기기에 프로필을 따로 둘 수 있습니다.

자주 묻는 것
• 계정이 필요한가요. 가입도 이메일도 필요하지 않습니다.
• 인터넷 없이 되나요. 됩니다. 기록도, 통계도, PDF도.
• 내 자료는 어디에 있나요. 기기 안 암호화된 데이터베이스에 있습니다. 서버에 두지 않습니다.
• mg/dL과 mmol/L은요. 둘 다 됩니다. 설정에서 바꾸면 지난 기록도 환산됩니다.
• 의사에게는 어떻게 보여 주나요. PDF는 기기 안에서 만들어집니다. 그대로 보내거나 화면으로 보여 주세요.
• 기록이 사라지나요. 사라지지 않습니다. 기기에 남고 CSV·JSON으로 언제든 내보낼 수 있습니다.
• 기기를 바꾸면요. 직접 만든 암호화 백업에서 되돌릴 수 있습니다.
• 알림이 알람처럼 울리나요. 아닙니다. 조용히 알려 주는 알림이고 혈당 경보가 아닙니다.
• 지원 언어는요. 한국어를 포함해 48개 언어입니다.

알아 두세요
Steady는 적고 정리하기 위한 노트입니다. 의료기기가 아니며 진단이나 치료를 하지 않습니다. 용량 안내나 예측, 경보도 제공하지 않습니다. 치료에 관한 판단은 반드시 의료진과 상의하세요.

먼저 한 건만 적어 보세요. 흩어져 있던 숫자가 조금씩 그림이 됩니다.",라이프스타일,https://play.google.com/store/apps/details?id=com.steadyapp.glucose&hl=ko&gl=kr,,,,,,
android,kr,com.microtech.aidexx.mgdl,LinX CGM,"LinX CGM은 휴대폰에서 사용할 수 있는 애플리케이션으로, 혈당 농도 값을 수신 및 표시하고, 혈당 값이 미리 설정된 혈당 값의 상한 또는 하한을 초과할 때 알림을 제공합니다. 또한 시스템 설정 및 기타 기능을 통해 사용자가 연속 혈당 측정 시스템의 혈당 수치를 분석 및 평가하고 보고서를 작성할 수 있도록 지원합니다.
이 앱이 제대로 작동하려면 외부 혈당 측정 장치가 필요합니다. 호환되는 하드웨어 없이는 독립적으로 작동할 수 없습니다.

면책 조항:
이 앱은 의료 기기가 아닙니다.
제공된 정보는 일반적인 건강 및 정보 제공 목적으로만 제공됩니다.
당뇨병을 포함한 모든 질병의 진단, 치료, 완치 또는 예방에는 사용할 수 없습니다.
의학적 결정이나 약물 변경을 하기 전에 자격을 갖춘 의료 전문가와 상담해야 합니다.

기기 호환성:
LinX CGM은 Bluetooth를 통해 호환되는 외부 CGM 하드웨어에 연결되며, 데이터를 수신하려면 기기 센서 접근(예: Bluetooth 권한)이 필요합니다. 모바일 기기가 Bluetooth 연결을 지원하는지 확인하십시오.",건강/운동,https://play.google.com/store/apps/details?id=com.microtech.aidexx.mgdl&hl=ko&gl=kr,,,,,,
android,kr,com.lansik.glucofit,글루코핏 - 혈당 관리와 다이어트 필수 앱,"혈당 관리와 다이어트, 글루코핏 하나면 고민 끝! 기록하고 걷는 모든 건강 행동이 리워드로 쌓여, 매일 관리하는 즐거움을 드립니다.
의사가 설계한 체계적인 프로그램으로 언제 어디서나 똑똑하게 건강관리하고, 나만을 위한 건강 솔루션을 경험해 보세요.

왜 글루코핏인가요?
🏆 의사가 직접 만든 건강관리 앱
🏆 포인트부터 연속혈당측정기·건강기능식품·올리브오일 등 다양한 실물 상품 리워드
🏆 국내 최대 연속혈당측정기 연동과 AI 피드백을 갖춘 혈당관리 대표앱

◆ 식단부터 체중, 혈당까지 쉽게 시작하세요 
5천보 걷기든 물 8잔이든 OK! 내 컨디션에 맞춰 미션을 클리어하세요. 거창한 결심 없이도 가벼운 실천들이 모여, 당신의 일상을 건강하게 만들어드립니다. 

◆ 매일 쌓이는 확실한 리워드
가입 즉시 2,000P! 매일 기본 미션 100P, 음식 리뷰 작성 시 200P까지 차곡차곡 쌓입니다. 친구가 혈당 관리를 시작하면 최대 10만P 까지 받을 수 있으니, 이제 당신의 모든 건강 행동을 리워드로 보상받으세요.

◆ 선물이 쏟아지는 건강 빙고
지루할 틈 없는 건강 빙고를 완성하세요! 유산균, 올리브오일, 연속혈당측정기 등 매주 새롭게 업데이트되는 건강 관리 아이템들을 내 손안에 넣을 수 있습니다.

◆ 내 목표에 맞춘 상세한 패턴 분석
체중·혈당 변화 패턴을 AI가 상세하게 분석하고, 내 목표에 딱 맞는 개인화된 건강 팁을 알려드려요. 나만의 건강 코치가 생긴 것처럼 매일 피드백을 받아보세요!

◆ 푸드라운지에서 수만 종의 음식 정보 확인
먹기 전에 미리 체크! 수만 종의 음식에 대한 랭킹, 사용자 후기, 실제 혈당 반응을 푸드라운지에서 확인할 수 있어요. 다른 사람들은 이 음식을 먹고 혈당이 어떻게 변했는지 미리 파악하세요.

◆ 푸드렌즈로 1초 만에 음식 기록
사진만 찍으면 AI가 자동으로 칼로리·영양소·예상 혈당 분석! 일일이 검색할 필요 없어요.

◆ 의사 선생님과 1:1 상담
프리미엄 회원은 전문 의료진과 직접 상담할 수 있어요. 혈당 관리부터 식단까지 전문가의 진짜 조언을 받아보세요.

◆ 리브레·케어센스에어·바로잰핏 CGM 연동
연속혈당측정기(CGM)를 연동하면 실시간으로 혈당 변화를 확인할 수 있어요. 리브레, 케어센스에어, 바로잰핏을 모두 지원해요.

◆ 전문가가 검증한 건강 콘텐츠
전문가가 직접 만든 혈당 관리 콘텐츠를 매일 새롭게 만나보세요. 건강 상식부터 실전 레시피까지!

---

(주)랜식 대한민국 서울특별시 강남구
강남구 역삼로 172 8층 (역삼동,마루360) 
06248 2538702471 2024-서울강남-03105 서울특별시 강남구
----
개발자 연락처 :
(주)랜식 대한민국 서울특별시 서초구
서초구 매헌로8길 39 D동 307호 (양재동,서울에이아이허브희경빌딩)
06770 2538702471 2024-서울강남-03105 서울특별시 강남구",건강/운동,https://play.google.com/store/apps/details?id=com.lansik.glucofit&hl=ko&gl=kr,,,,,,
android,kr,fit.sugar.android,sugar.fit,"슈가핏(Sugarfit)은 인도에서 제2형 당뇨병과 당뇨병 전단계를 극복하는 것을 목표로 합니다.

슈가핏은 인도 최고의 당뇨병 전문의, 내분비내과 전문의, 영양사로 구성된 팀입니다.

슈가핏 당뇨병 전문가와 함께 맞춤형 식단을 포함한 당뇨병 상담을 예약하세요.

당뇨병 및 당뇨병 전단계 관리에 도움을 드리는 방법은 다음과 같습니다.

1. 당뇨병 극복 프로그램
저희는 여러분의 신진대사 건강을 재정비하여 약물 의존도를 줄이고 궁극적으로 완전히 없앨 수 있도록 도와드립니다. 이 과정에서 비용을 절감하고 부작용을 없앨 수 있습니다. 건강, 생활 습관, 운동을 기반으로 한 종합적인 접근 방식을 사용합니다. 제2형 당뇨병을 극복하는 가장 좋은 방법은 자연적인 방법을 강조하는 당뇨병 관리 프로그램입니다. 슈가핏 당뇨병 극복 프로그램은 최신 연구와 근거 기반 접근 방식을 활용하여 제2형 당뇨병을 자연스럽게 극복하는 데 중점을 둡니다.

2. 연속 혈당 측정(CGM)을 통해 혈당 급상승의 원인을 실시간으로 추적합니다.

저희는 CGM(연속혈당측정기)을 통해 생체 정보를 제공하여 음식 섭취, 운동, 기타 생활 습관이 혈당에 어떻게 반응하는지 보여드림으로써 건강을 극대화하고 당뇨병을 개선할 수 있도록 도와드립니다. 또한, 혈당 수치 모니터링의 중요성과 건강한 혈당 수준을 유지하기 위한 필요한 조치에 대한 교육에도 중점을 두고 있습니다.

3. 유행 다이어트가 아닌, 건강한 식단
저희는 유행 다이어트의 효과와 건강한 식단의 중요성을 잘 알고 있습니다. 따라서 당뇨병 개선을 위해 굶는 것을 권장하지 않습니다. 올바른 식습관이 적게 먹는 것보다 훨씬 효과적이기 때문입니다. 저희 당뇨병 전문의는 맞춤형 식단 계획을 세워드립니다.

4. 인도 최고의 당뇨병 전문가
엄격한 5단계 선발 과정과 맞춤형 교육 프로그램을 통해 최고의 전문가들이 여러분을 안내해 드립니다. 저희 전문가들은 개인별 맞춤 지도를 통해 지속 가능한 건강 습관을 형성할 수 있도록 도와드립니다.

5. 비교할 수 없는 개인 맞춤 서비스
저희 프로그램은 과학적 근거에 기반하여 개인의 취향, 생활 습관, 그리고 신진대사 상태를 고려한 맞춤형 영양, 점진적 운동 및 마음챙김 조언을 제공합니다. 모든 사람의 당뇨병 극복 여정은 고유하다는 점을 인지하고, 개인별 상황에 맞는 맞춤형 조언과 권장 사항을 제시합니다.

저희 프로그램은 운동, 건강한 식습관, 스트레스 관리, 그리고 긍정적인 마음가짐 유지의 중요성을 강조합니다.

저희 프로그램이 효과적인 이유:

당뇨병의 근본 원인을 해결합니다
만성 고혈당의 근본 원인은 손상된 신진대사로 인한 인슐린 저항성입니다. 저희의 과학적으로 검증된 최첨단 솔루션은
약물 없이 인슐린 저항성을 개선하여 신진대사 건강을 증진하고 당뇨병을 극복할 수 있도록 돕습니다.

저희의 선구적인 접근 방식은 장기적인 췌장 베타 세포 기능 회복,
영양소가 풍부한 식품 섭취를 통한 포도당 축적 방지,
그리고 활동적인 운동을 통해 간의 과도한 지방 생성 방지,
그리고 장내 영양소 감지 및 미생물 군집 개선을 보장합니다.

개인 맞춤형 설계와 유연성을 제공합니다
모든 당뇨병 경험은 다릅니다. SugarFit의 과학적 근거에 기반한 접근 방식은 개인의 취향, 생활 습관, 그리고 신진대사 상태를 고려하기 때문에 효과적입니다.

정밀 영양을 통한 당뇨병 관리
SugarFit만의 특별한 영양 가이드라인은 혈당을 낮추면서도 만족스러운 식사를 할 수 있도록 도와주고, 유행하는 다이어트 방법을 피할 수 있게 해줍니다.

이 앱은 유용한 콘텐츠, 영양 전문가, 그리고 담당 의사의 도움을 받아 제2형 당뇨병 및 당뇨병 전단계 관리에 필요한 정보를 제공합니다. 응급 상황 발생 시에는 즉시 가까운 병원이나 응급실을 방문하십시오.

참고: 이 앱의 프리미엄 기능은 유료 구독을 통해서만 이용 가능합니다. 구독을 위해서는 신체검사가 필요합니다.

문의:
피드백은 hello@sugarfit.com으로 보내주세요.",의료,https://play.google.com/store/apps/details?id=fit.sugar.android&hl=ko&gl=kr,,,,,,
android,kr,kr.coste.dangcheck,당체크 - 혈당 기록,"당체크는 식전·식후·공복 혈당을 빠르게 기록하고 날짜별 혈당 추이, 평균, 분포, 알림을 관리하는 혈당 기록 앱입니다.

진료 전 기록 정리, 부모님 혈당 관리, 매일 혈당 체크 습관 만들기에 사용할 수 있습니다.

주요 기능
- 혈당 수치 빠른 기록
- 식전, 식후, 공복, 취침 전 상태 기록
- 날짜별 혈당 이력 확인
- 평균, 최저, 최고, 범위 분포 분석
- 혈당 기록 알림 설정
- CSV 내보내기 및 가져오기

입력한 기록을 바탕으로 혈당 흐름을 정리해 보여주며, 의료적 진단이나 치료 조언을 제공하지 않습니다. 건강 관련 결정은 의료 전문가와 상담하세요.
----
개발자 연락처 :
김병훈 Geumgwang-ro 11
중원구, 성남시, 경기도 13191
South Korea 146-23-02550 2026-성남중원-0390 성남시 중원구청",건강/운동,https://play.google.com/store/apps/details?id=kr.coste.dangcheck&hl=ko&gl=kr,,,,,,
android,kr,io.nobldg.bloodsugar,"혈당측정기록: 당뇨, 당화혈색소, 혈당수치 관리","혈당측정기록은 당뇨 환자와 혈당 관리가 필요한 분들을 위한 간편한 기록 앱입니다.
혈당 수치를 기록하고 통계를 통해 내 혈당 변화를 한눈에 파악할 수 있습니다.

 ■ 이런 분께 추천합니다
• 혈당 수치를 꾸준히 기록하고 관리하고 싶은 분
• 병원 방문 시 혈당 기록을 보여드리고 싶은 분
• 가족의 혈당을 대신 관리해드리는 분

[면책 조항]
1. 본 서비스는 의료기기가 아니며, 질병의 진단, 치료, 예방을 목적으로 하지 않습니다.
2. 서비스에서 제공하는 모든 수치, 통계, 추정값(당화혈색소 추정 포함)은 참고용이며, 의학적 판단의 근거로 사용할 수 없습니다.
3. 서비스에서 제공하는 건강 지식은 일반적인 건강 상식이며, 전문적인 의학적 조언을 대체하지 않습니다.
4. 건강에 관한 모든 결정은 반드시 의료 전문가와 상담한 후 이루어져야 합니다.
5. 회사는 이용자가 서비스의 정보에 의존하여 내린 의료적 결정에 대해 책임을 지지 않습니다.
----
개발자 연락처 :
황태준 서판로 30
104동 1201호 (만수동, 대성유니드별빛마을아파트)
남동구, 인천광역시 21519
South Korea 343-43-01316 2024-용인수지-2026 본인",건강/운동,https://play.google.com/store/apps/details?id=io.nobldg.bloodsugar&hl=ko&gl=kr,,,,,,
android,kr,com.hussainmustafa.glucolog,Blood Glucose Monitor,"혈당 모니터: 스마트 당뇨병 추적기 & 혈당 기록

혈당 모니터는 당뇨병과 혈당 관리를 간편하고 빠르며 스트레스 없이 할 수 있도록 설계된 올인원 혈당 기록 및 당뇨병 추적기입니다. 직관적이고 광고 없는 환경을 제공하는 혈당 모니터를 통해 혈당 기록 및 기타 중요한 지표를 쉽게 기록, 추적 및 검토하여 건강 상태를 항상 파악할 수 있습니다.

주요 기능:
스마트 혈당 기록 및 혈당 기록
하루 종일 혈당 수치를 빠르게 기록하세요. 시간별(공복, 식전/식후, 취침 시간)로 혈당 수치를 표시하고, 혈당 패턴을 쉽게 파악할 수 있도록 체계적인 혈당 기록을 유지하세요.

올인원 당뇨병 추적기
혈당 모니터는 개인용 당뇨병 추적기로 사용 가능하며, 다음 항목을 지속적으로 관리할 수 있도록 도와줍니다.
혈당 수치
인슐린 투여량
복용 약물
탄수화물
A1C
혈압
체중

의사 및 가족을 위한 맞춤형 보고서
데이터를 깔끔하고 포괄적인 보고서로 내보내세요. 혈당 추적 기록을 의사 또는 가족과 공유하여 모두가 최신 정보를 얻고 치료에 대한 더 나은 결정을 내릴 수 있도록 하세요.

맞춤 설정 알림
체크나 기록을 다시는 잊지 마세요. 혈당 검사, 인슐린 투여량, 약물 또는 기타 맞춤 이벤트에 대한 알림을 설정할 수 있습니다. 식전 측정, 금식 검사 또는 취침 전 기록에 이상적입니다.

시각적 그래프 및 데이터 인사이트
혈당 기록을 의미 있는 인사이트로 전환하세요. 혈당 추세 및 기타 건강 지표를 읽기 쉬운 차트로 확인하여 어떤 것이 효과적인지, 그리고 언제 일상을 조정해야 하는지 파악하세요.

방문 간 A1C 추정
진료 예약 사이에 기록된 데이터를 기반으로 추정 A1C를 확인하세요. 이 기능을 사용하여 당뇨병 관리에 적극적으로 참여하세요.

광고 없는 완벽한 환경
광고가 아닌 건강에 집중하세요. 혈당 모니터는 깔끔하고 방해 없는 인터페이스를 제공하여 혈당 측정기를 빠르고 간편하며 안정적으로 사용할 수 있습니다.

다크 모드 지원
어두운 화면을 선호하거나 밤에 자주 기록하시나요? 혈당 모니터는 눈의 피로를 줄이고 야간 기록을 더욱 편안하게 하기 위해 완벽한 다크 모드를 지원합니다.

당뇨병 및 전당뇨병에 맞춤
최근 당뇨병 진단을 받거나, 전당뇨병을 관리하거나, 수년간 당뇨병을 앓아 온 분이든, 혈당 모니터는 강력하면서도 간편한 혈당 모니터 겸 당뇨병 추적기를 통해 혈당을 지속적으로 관리할 수 있도록 최적화되어 있습니다.

당뇨병을 앓고 있다면 혈당을 건강한 범위 내로 유지하는 것이 얼마나 중요한지 잘 알고 계실 것입니다. 혈당 모니터는 혈당 수치, 인슐린 사용량, 복용 약물 및 기타 중요한 지표를 하나의 체계적인 혈당 추적기로 통합하여 일상적인 혈당 관리를 간소화합니다. 일관된 기록을 유지함으로써 혈당 추세를 파악하고, 혈당 최고치와 최저치의 원인을 파악하며, 혈당 관리를 위한 의미 있는 조치를 취할 수 있습니다.

혈당 모니터는 모든 연령과 경험 수준에 맞게 설계되었습니다. 첫 측정부터 장기적인 추세 분석까지, 이 앱은 깔끔한 디자인과 강력한 도구를 통해 당뇨병 여정의 모든 단계를 안내합니다.

혈당 관리를 시작할 준비가 되셨나요?
지금 바로 혈당 모니터를 다운로드하고 스마트폰을 스마트 혈당 모니터, 혈당 추적기, 당뇨병 추적기, 그리고 관리하기 쉬운 혈당 기록으로 바꿔보세요. 하나의 앱으로 모든 기능을 누리세요.

개인정보처리방침: https://hussainmustafa.com/privacy-policy-glucolog/
지원: https://hussainmustafa.com/glucolog-support/",의료,https://play.google.com/store/apps/details?id=com.hussainmustafa.glucolog&hl=ko&gl=kr,,,,,,
android,kr,bloodsugar.bloodsugarapp.diabetes.diabetesapp,혈당 - 당뇨측정기&혈당 기록,"혈당 앱을 사용하면 쉽고 빠르게 혈당을 기록, 모니터링하고 당뇨병을 관리할 수 있습니다!

저희 앱은 혈당 수준을 빠르게 분석하여 측정값의 의미를 이해하도록 도와 드립니다. 한 번만 탭하여 혈당 단위(mg/dL, mmol/L)를 변환할 수 있습니다. 게다가, 혈당의 진화적 추세를 추적하여 적시에 자신의 건강을 통제할 수 있습니다.

귀하의 원스톱 혈액 건강 동반자로서 저희는 당뇨병을 예방하고 건강을 유지하는 데 필요한 과학적 지식과 조언을 제공해 드립니다.

<b>귀하를 위한 주요 기능:</b>
📝 혈당 수준을 간편하게 기록, 추적 및 모니터링
🔍 혈당 측정값 분석을 통해 건강 여부 파악
📉 혈당을 모니터링하고 당화혈색소(글라이코헤모글로빈)의 이상을 파악하는 데 도움이 되는 명확한 차트
🏷 각 기록에 사용자 지정 태그를 추가하여 각 측정 상태 구분 (식사 전/후, 단식, 인슐린 복용 등)
📖 당뇨병을 관리하는 데 도움이 되는 혈당 지식 및 건강 조언
📤 이력 보고서를 빠르게 내보내서 의사와 직접 공유
☁️ 기기를 변경한 때에도 안전하게 데이터 백업
🔄 두 가지 혈당 수준 단위 사용 또는 전환 (mg/dl 또는 mmol/l)

<b>간편한 혈당 기록</b>
종이와 펜은 필요하지 않습니다. 언제 어디서나 혈당 측정값을 기록하세요.
원하는 태그를 추가하여 측정 상태를 세부적으로 메모할 수 있고(식사 전/후, 복용약, 기분 등), 이를 통해 당뇨병을 더 잘 관리할 수 있습니다.

<b>혈당을 모니터링할 수 있는 명확한 그래프</b>
명확한 그래프를 사용해 자신의 혈당 이력을 한 눈에 파악하고 간편하게 변화를 검토할 수 있습니다.
비정상적인 추세를 빠르게 관찰하고 제때에 조치를 취하여 고혈당 또는 저혈당을 피하고 현재 건강을 향상시키세요.

<b>건강을 위한 풍부한 혈당 지식</b>
이 앱은 혈당에 관한 포괄적인 건강 지식과 전문가의 조언을 제공하여 당뇨병(제1형, 제2형 또는 임신성당뇨병)을 예방하거나 관리하는 데 도움이 됩니다.
당뇨병 치료에 대한 걱정을 줄이고 건강한 생활 습관을 기르는 데도 유용합니다.

<b>안전하게 모든 기록 백업</b>
다른 기기로 전환할 때 데이터를 잃어버릴 염려가 없습니다. 한 번 클릭하여 모든 기록을 동기화하고 복원하세요.
모든 기록을 내보내면 의사에게 혈당 기록을 편리하게 제공할 수 있습니다.

지금 앱을 다운로드하세요! 혈당을 손쉽게 기록, 분석 및 관리할 수 있을 겁니다. 이 앱을 혈당 관리 도우미로 사용하면 자신의 건강 상태를 알고 더 효율적으로 당뇨병을 예방하거나 관리하는 데 도움이 됩니다.
한 걸음 한 걸음 목표 혈당 수준에 도달하고 건강한 몸과 행복을 되찾을 수 있도록 도와 드리겠습니다.

<b>면책 사항:</b>
이 앱은 혈당을 측정하지 않고, 혈당을 추적하고 당뇨병을 관리하는 것을 돕는 보조 도구의 역할만 수행함에 유의해 주세요.",건강/운동,https://play.google.com/store/apps/details?id=bloodsugar.bloodsugarapp.diabetes.diabetesapp&hl=ko&gl=kr,,,,,,
android,kr,com.philosys.gmatesmartplus,Gmate® Healthcare,"Gmate® Healthcare를 사용하여  혈당을 측정하고 효과적으로 관리 할 수 있습니다. 이 앱은 Gmate SMART / On 기기와 같이 사용합니다.

제품특징

1) 스마트폰의 이어폰 잭 또는 Micro usb에 연결되어 동작합니다. (건전지 필요 없음)

2) 혈당 측정 결과 저장 관리하고 혈당 변화를 그래프로 볼수 있습니다. 

3) 이메일, SMS, 카톡등으로 혈당 데이터 공유",건강/운동,https://play.google.com/store/apps/details?id=com.philosys.gmatesmartplus&hl=ko&gl=kr,,,,,,
android,kr,com.levelshealth,Levels - Metabolic Health,"Levels는 포괄적인 실험실 테스트, 혈당 모니터링 및 AI 기반 습관 추적을 통해 신체를 이해하는 데 도움이 되므로 매일 조치를 취하고 가장 중요한 것을 개선할 수 있습니다.

Levels는 대사 건강 분야의 주요 리더인 David Perlmutter 박사; 로버트 러스티그 박사; 사라 고트프리드 박사; 테리 월스 박사; 벤 빅만 박사; Dom D'Agostino 박사는 Casey Means 박사가 공동 창립했습니다.


수준에 따라 사람들의 생활 방식이 변경됩니다.

- ""나는 내 몸과 음식, 운동, 수면, 스트레스에 대한 내 몸의 반응을 훨씬 더 잘 인식하게 되었습니다. 내 자신을 너무 제한했을 때보다 음식 선택의 폭이 넓을 때 기분이 더 좋아졌습니다."" —로렐 투비(59세, 뉴욕)

- ""신진대사 건강을 개선하기 위해 식습관과 생활 방식을 교정하는 데 집중했지만, 그것이 그 이상이라는 것을 금방 깨달았습니다. 이것은 결핍이나 먹을 수 없는 것에 관한 것이 아닙니다."" —셀리아 첸(49세, 로스앤젤레스)

- ""간헐적 단식과 CGM의 결합으로 신진대사 건강 최적화가 가속화되었습니다. 마침내 내 몸의 암호를 해독한 것 같은 느낌이 들었습니다."" —크리스 와이즈(42세, 로스앤젤레스)

누구에게나 건강 목표가 있습니다. 식단을 조정하든, 운동을 최적화하든, 건강을 유지하려고 노력하든, 레벨을 사용하여 혈당을 모니터링하면 도움이 될 수 있습니다. 마침내 자신의 신체에 가장 적합한 것이 무엇인지 알아낼 수 있게 될 것입니다.


영양물 섭취

당신이 가장 좋아하는 ""건강에 좋은"" 음식이 당신의 기분을 가장 좋게 만드는 데 방해가 될 수도 있습니다. 식단이 포도당에 어떤 영향을 미치는지 정확히 알아보고 식단 및 영양 관련 조언을 생략하고 자신에게 맞는 방법을 찾아보세요. 


적합

운동 내내 활력을 유지하려면 적절한 연료 공급 방법을 알아야 합니다. 레벨스는 적절한 시간에 적절한 음식을 섭취하여 신진대사 유연성을 향상시켜 체육관 밖에서도 안정적인 에너지를 공급할 수 있도록 도와줍니다.


장수

혈당을 모니터링하여 식단이 신체에 어떤 영향을 미치는지 실시간으로 확인함으로써 만성 질환 발병 위험을 줄이고 장기적인 건강을 극대화할 수 있습니다.


회원 기능

- 집 앞까지 배달되는 포도당 바이오센서
- 음식과 운동을 기록하여 혈당 수치와 어떤 상관관계가 있는지 확인하세요.
- 혈당 안정성을 개선하기 위한 인앱 맞춤형 제안
- 식사를 비교하여 음식 교환이 혈당에 어떤 영향을 미치는지 확인하세요.
- 구역 점수 및 일일 보고서를 통해 진행 상황을 추적하세요.
- 하루 종일 혈당 수치를 안정적으로 유지하도록 도전해 보세요.
- 기본 또는 종합 실험실 패널을 통해 주요 혈액 검사에 액세스하세요.
- Levels는 헬스 커넥트와 통합되어 운동 로그를 자동으로 동기화합니다. 이를 통해 수면 시간, 걸음 수, 심박수, 체중, 연령과 같은 헬스 커넥트 측정항목을 기반으로 혈당 추세에 대한 맞춤 통계를 생성합니다.


레벨 비용은 얼마입니까?

- 레벨에 가입하여 회원이 되시면(연간 $199) 앱과 커뮤니티에 완전히 액세스하실 수 있습니다.
- 원하는 속도로 혈당 모니터를 구입하세요.
- 포괄적인 실험실 테스트에 액세스
- 이 가격은 미국 고객을 위한 것입니다.
- 다른 국가의 가격 및 가용성은 다를 수 있습니다.
- 회원은 언제든지 혈당 측정기 키트 출시를 연기하거나 회원 자격을 취소할 수 있습니다.

레벨에 가입하여 신진대사 건강을 잠금 해제하고 개인화된 데이터를 통해 통찰력을 얻으세요: https://levels.com


부인 성명

레벨 앱은 질병이나 상태를 진단, 치료, 치유 또는 예방하도록 설계되거나 의도되지 않았습니다. 이는 일반 건강 목적으로만 사용됩니다. 사용자는 의사와의 상담을 통해서만 의학적 결정을 내려야 하며, 레벨 앱에 제공된 정보를 기반으로 해서는 안 됩니다. 추가 정보:

개인정보 보호정책: https://levels.link/privacy

서비스 약관: https://levels.link/terms

일반 인구 연구의 혈당 및 생활 방식 데이터 패턴 수준: https://levels.link/study",건강/운동,https://play.google.com/store/apps/details?id=com.levelshealth&hl=ko&gl=kr,,,,,,
android,kr,heartrate.heartratemonitor.heartrateapp.heartratetracker,심박수: 심장 박동 측정기,"심박수: 심장 박동 측정기는 당신의 심박수를 몇 초 만에 정확하게 측정하기 위해 잘 설계된 앱입니다. 전문 장비없이도 심박수를 측정할 수 있으며, 이력 그래프를 참조하고, 데이터를 클라우드에 저장하고, 의사에게 데이터를 전송할 수 있습니다.
건강을 지도하고 싶어하는 이들에게 완벽한 도구입니다!

<b>즐길 수 있는 주요 기능:</b>
· 몇 초 안에 정확한 심박수 측정.
· 과학적인 그래프와 통계.
· 자세한 보고서를 위해 다양한 신체 자세를 고려합니다.
· 종합 건강 추적: 심박수, 혈압, 혈당, BMI, 콜레스테롤 등.
· 운동 중 목표 심박수와 최대 안전 심박수를 얻을 수 있는 기능.
· 쉬운 건강 보고서 공유 및 인쇄.

<b>얼마나 자주 심박수를 확인해야 합니까?</b>
하루에 여러 번 심박수를 측정해야 합니다, 예를 들어, 일어난 후나 자기 전에 하루 동안 변화를 지켜보십시오. 저희 필터 기능은 추가한 태그에 따라 특정 상황에서 데이터를 분석할 수 있도록 해줍니다. 따라서, 당신은 전반적으로 매크로와 미크로 레벨에서 당신의 신체에 대한 전반적인 이해를 가질 수 있습니다.

<b>심박수 결과는 정확한가요?</b>
저희는 정확한 심박수 측정을 위한 알고리즘을 광범위하게 테스트했습니다. 핸드폰 카메라에 손가락을 올려놓기만 하면 됩니다. 저희 앱은 혈액 농도의 미세한 변화를 감지하여 정확한 심박수 측정값을 보여줍니다.

<b>정상 심박수는 어떠한가요?</b>
심박수는 신체 건강의 핵심 지표입니다. 건강한 성인에 대한 정상 범위는 분당 60에서 100회입니다. 그러나 자세, 스트레스, 질병 및 신체적 수준과 같은 요인에 영향을 받을 수 있습니다. 따라서, 저희 앱을 통해 정기적으로 심박수를 모니터링하는 것이 좋습니다. 상황을 감지하고 조치를 최대한 빨리 취할 수 있습니다.

<b>이곳에서 모든 건강 데이터를 추적하세요!</b>
저희 종합 앱은 건강 데이터를 전반적으로 추적하고 전문가의 지혜를 제공합니다. 더 건강한 삶을 위해 필요한 모든 것, 그것은 딱 한 개의 앱뿐입니다! 심박수, 혈압, 혈당, 콜레스테롤, BMI 등을 통해 건강 상태를 추적하세요.

<b>면책 조항</b>
· 측정 중에 손전등이 뜨거워질 수 있다는 점을 유의하세요.
· 이 앱은 진단용으로 사용될 수 없습니다.
· 심장 질환이나 기타 응급 상황 시 응급 처치가 필요하다면, 즉시 자격 있는 의료 전문가의 의료 지원을 받으시기 바랍니다.",건강/운동,https://play.google.com/store/apps/details?id=heartrate.heartratemonitor.heartrateapp.heartratetracker&hl=ko&gl=kr,,,,,,
android,kr,heartratemonitor.heartrate.pulse.pulseapp,심박수 측정기 - 펄스,"심박수 측정기 앱에 오신 것을 환영합니다—쉽고 간편하게 심장 건강을 추적할 수 있는 무료 심박수 측정기 앱, 당신의 첫 번째 선택! 당신의 심장, 당신의 건강! 💖

당신의 심장이 어떻게 하고 있는지 궁금한가요? 심박수 측정기는 당신이 자신의 심장을 이해할 수 있도록 돕습니다. 1000만 명 이상의 만족한 사용자들과 함께, 심박수 추적을 더 쉽게 만든 경험을 누려보세요!

심박수 측정기가 도와드립니다:

👆터치로 즉시 결과 확인 심박수
심박수 측정기의 과학적 디자인으로 즉각적인 심박수를 간편하게 측정하세요. 카메라에 손가락을 올려놓기만 하면, 지문 센서가 탑재된 심박수 측정기가 나머지 작업을 처리합니다. 심박수, 맥박, 스트레스 수준을 한 번에 측정할 수 있습니다.

📝 손끝에서 건강 기록하기
심박수 측정기로 건강 데이터를 기록하는 것이 더 이상 번거롭지 않습니다. 혈당과 혈압 수치를 쉽게 기록하고, 심박수 측정기가 그 숫자들이 건강에 어떤 의미가 있는지 명확하게 안내해드립니다.

📈 숫자 이해하기
심박수 측정기는 혈압, 혈당, 심박수 수치를 시각적으로 쉽게 이해할 수 있도록 제공합니다. 원시 데이터를 통찰력으로 바꾸고, 전문가의 조언까지 받아보세요. 심박수 측정기로 건강 데이터를 해석하는 것이 이렇게 쉬운 적은 없었습니다!

💡지식으로 자신을 무장하세요
심박수 측정기는 풍부한 정보를 손끝에 제공합니다! 전문가의 기사와 팁으로 심장 건강에 대해 더 배워보세요. 항상 경각심을 갖고 건강을 유지하세요!

어떤 기기를 사용하든, 우리 심박수 측정기 앱은 당신을 위해 준비되어 있습니다. 안드로이드용 심박수 측정기 앱은 다양한 기기와 호환되며, 삼성, 레드미, 모토로라 사용자들을 위한 심박수 측정기 기능을 제공합니다.

무료 심박수 측정기 앱은 심장 건강을 관리하려는 모든 분들에게 완벽한 솔루션입니다. 심박수 측정기, 이 앱이 바로 당신을 위한 앱입니다!

📍면책 조항
· 심박수 측정기 앱은 심장 질환을 진단하는 의료용 기기로 사용되지 않아야 합니다.
· 심박수 측정기 앱은 의료적 긴급 상황을 목적으로 하지 않습니다. 도움이 필요한 경우는 본인의 1차 의료인에게 상담해 주십시오.
· 일부 기기에서는 심박수 측정기 앱을 사용하면 LED 플래시가 매우 뜨거워질 수 있습니다.",건강/운동,https://play.google.com/store/apps/details?id=heartratemonitor.heartrate.pulse.pulseapp&hl=ko&gl=kr,,,,,,
android,kr,com.bluefish.heartrate,심박수 측정기,"<b> 심박수를 쉽게 측정, 기록 및 추적 </b>
    1. 심장 박동수 (HR)와 맥박수를 측정할 수 있습니다.
    2. 뜨거운 손전등을 끌 수 있습니다. (오른쪽 상단 손전등 아이콘)

<b> 모두 무료 </b>
    1. 무제한 측정.
    2. 무료 추가 기능. (예 : CSV 내보내기, 심박수 영역)

<b> 심박수 영역 계산 지원 </b>
    1. 최고의 운동 및 운동 결과를 위해서는 목표 심박수가 중요합니다
    2. 5가지 심박수 영역 지원 (고강도,  유산소운동, 지방연소, 저강도, 비운동)
    3. 인터벌 트레이닝, 크로스핏, 사이클링, 달리기 및 다이어트에 유용합니다.

<b> 아름다운 유저인터페이스 </b>
    1. 그래프가있는 통계 UI. (예 : 최소 / 최대 / 평균)
    2. 심박수 영역을 위한 대화식 UI.
    3. 단순하지만 매우 효과적인 UI.

<b> 자동 백업 (> Android 6.0) 및 무료 CSV 내보내기 지원 </b>

<b> 심박수 측정기 앱 사용 방법 </b>
* 우리의 앱은 휴대 전화의 카메라를 사용하여 BPM을 확인합니다. 후면 카메라 렌즈의 손끝을 부드럽게 덮고 움직이지 않으면 몇 초 후에 심장 박동이 계산됩니다. 손전등을 끄려면 햇빛이나 밝은 지역에서 측정하십시오.

* 심박수 측정기는 건강과 체력에 매우 중요합니다. 앱을 사용하여 맥박수를 쉽게 측정, 기록 및 추적 할 수 있습니다. 우리의 앱은 분당 심박수 (BPM)로 HR을 표시합니다.

* 소중한 의견에 감사드립니다. bluefish12390@gmail.com으로 버그를 신고하거나 기능을 요청하십시오.

<b> 면책 조항 </b>
-우리의 심박수 측정기 앱을 의료 기기로 사용해서는 안됩니다.
-우리의 앱은 혈압을 감지하지 못합니다.
-우리의 응용 프로그램은 FDA 승인되지 않았습니다.
-우리의 응용 프로그램은 심장 질환이나 상태 진단을위한 것이 아닙니다.
-우리의 앱에서 플래시가 매우 뜨거워 질 수 있습니다.",건강/운동,https://play.google.com/store/apps/details?id=com.bluefish.heartrate&hl=ko&gl=kr,,,,,,
android,kr,com.reflectio.io,Pulsebit: 심박수 측정기,"<b>Pulsebit로 스트레스 수준을 분석하세요!</b>

심박수는 건강을 평가하는 중요한 척도입니다. Pulsebit을 사용하여 스트레스 수준과 불안을 측정하고 분석할 수 있습니다.

Pulsebit - 심박 체크기 및 심박수 모니터를 사용하여 스트레스, 불안 및 감정을 추적하세요. 이를 통해 스트레스 수준을 분석하고 건강에 신경을 쓸 수 있습니다.

<b>사용 방법:</b>
손가락을 폰의 카메라에 올려 렌즈와 플래시를 완전히 가리십시오. 정확한 측정을 위해 가만히 있으세요. 몇 초 후에 심박수를 확인할 수 있습니다. 카메라 접근을 허용하는 것을 잊지 마세요.

👉🏻 <b>Pulsebit이 적합한 이유:</b>👈🏻
・심혈관 건강을 추적하고 싶으세요.
・운동 중 심박수를 확인해야 합니다.
・스트레스를 받고 있으며 불안 수준을 분석해야 합니다.
・스트레스나 우울한 기간을 겪고 있어서 자신의 상태와 감정을 객관적으로 판단할 수 없습니다.

⚡️ <b>주요 기능:</b>⚡️
・전용 기기가 필요 없이 핸드폰으로 HRV(심박변이도)를 추적할 수 있습니다.
・직관적인 디자인으로 사용하기 쉽습니다.
・매일의 감정과 기분을 추적합니다.
・결과를 기록합니다.
・정확한 HRV와 심박수 측정입니다.
・상세한 상태 보고서를 제공합니다.
・데이터에 기반한 유용한 콘텐츠와 통찰을 제공합니다.

하루에 여러 번, 특히 아침에 일어나거나 잠들 때, 스트레스를 느낄 때 또는 운동할 때 앱을 사용할 수 있습니다.

또한, 앱 내에서 생각 일기와 기분 추적기로 우울증이나 과로를 인식할 수도 있습니다.

📍<b>免責事項</b>
・Pulsebitは心臓疾患の診断や聴診器としての医療機器として使用されるべきではありません。
・もし医療上の問題や心臓の状態について心配がある場合は、必ず医師に相談してください。
・Pulsebitは医療緊急時には使用することができません。助けが必要な場合は、かかりつけの医師に相談してください。",건강/운동,https://play.google.com/store/apps/details?id=com.reflectio.io&hl=ko&gl=kr,,,,,,
android,kr,com.smartwho.smartheart,심박수 측정기 - 맥박 BPM 기록,"스마트폰을 심박수 측정기로 사용하세요. 후면 카메라에 손가락 끝을 대면 약 15초 만에 맥박을 확인할 수 있습니다. 스마트워치도, 계정도, 인터넷 연결도 필요 없습니다.

[측정 원리]
손끝이 곧 센서가 됩니다. 플래시 불빛이 손가락 안으로 들어가면, 혈액이 주변 피부나 조직보다 그 빛을 훨씬 많이 흡수합니다. 심장이 한 번 뛸 때마다 손끝의 모세혈관으로 피가 새로 밀려들어 빛을 더 많이 흡수하고, 그래서 카메라에 담기는 영상이 박동에 맞추어 아주 미세하게 어두워졌다가 다시 밝아집니다. 앱은 1초에 약 30장씩 들어오는 화면의 평균 밝기를 읽어 그 값이 오르내리는 모양으로 맥파를 그리고, 이 파동이 반복되는 횟수가 곧 분당 심박수(BPM)입니다. 이 광학 방식을 광용적맥파(PPG)라고 하며, 스마트워치 뒷면의 센서 불빛도 같은 원리입니다. 밝기 변화는 눈으로 알아채기에는 너무 작고 빠르지만 카메라 센서가 읽어내기에는 충분합니다. 모든 측정에는 신뢰도 점수가 함께 표시되어 결과를 얼마나 믿을 수 있는지 바로 알 수 있습니다.

[15초 측정]
- 후면 카메라에 손가락 끝을 올려놓으세요
- 플래시가 켜지고 측정이 자동으로 시작됩니다
- 측정 중 실시간 맥박 파형을 볼 수 있습니다
- BPM과 함께 신뢰도 점수를 확인하세요
- 후면 카메라와 플래시가 있는 안드로이드 폰에서 작동합니다

[눈으로 보는 품질 신뢰성]
- 피크 검출과 주파수 분석이 매 측정을 교차 검증합니다
- 신뢰도가 낮은 결과는 숨기지 않고 알려 드립니다
- 무엇을 고치면 되는지 안내합니다: 손가락 밀착, 압력, 움직임
- 측정마다 안정 시, 운동 후, 기타 태그를 붙일 수 있습니다

카메라 측정은 결국 신호의 품질만큼만 정확합니다. 그래서 이 앱은 언제나 그럴듯한 숫자를 보여 주는 대신, 매 측정의 신뢰도를 함께 보여 주고 다시 재는 편이 나을 때를 알려 드립니다.

[나에게 맞춘 심박 구간]
- 나이와 생물학적 성별로 계산한 구간
- 안정, 지방연소, 유산소, 최대 구간을 색으로 구분
- 최대 심박수는 Fox 및 Gulati 공식 적용
- 이번 측정이 어느 구간인지 막대에서 바로 확인

[추이와 통계]
- 7일 및 30일 안정 심박 평균
- 오늘 값만이 아니라 주간 추세로 방향을 확인
- 시간대별 안정 평균: 아침, 낮, 저녁, 밤
- 최근 30일 태그별 평균
- 안정 시 측정으로 그린 추이 차트
- 원하는 시각에 매일 알리는 측정 리마인더

[홈 화면 위젯]
- 마지막 BPM과 구간, 측정 시각을 한눈에
- 한 번 눌러 바로 측정 시작

[내 데이터는 내 것]
- 측정 기록은 서버가 아니라 기기에 저장됩니다
- 가입도, 클라우드 계정도 없습니다
- 기록을 CSV로 내보내고 가져올 수 있습니다
- PDF 요약 저장과 결과 카드 이미지 공유를 지원합니다

[가이드 호흡]
- 4-7-8 호흡 - 이완과 수면 준비
- 박스 호흡 - 집중이 필요할 때
- 이완 호흡 - 처음 시작하는 분께
- 사이클 카운터와 세션 기록이 있는 시각 가이드

[BMI 계산기]
- WHO 분류 기준 체질량지수
- 미터법과 야드파운드법 단위

[건강 참고자료]
- 연령별, 성별 안정시 심박수 표
- 최대 심박수 차트
- 심박수를 움직이는 요인: 운동, 카페인, 수면, 온도
- 전문가와 상담이 필요한 시점에 대한 근거 기반 안내

[편안한 사용]
- 다크 모드와 라이트 모드
- 글자를 조금 키우는 시니어 모드
- 군더더기 없는 차분한 화면

[안정적인 측정을 위한 팁]
- 렌즈와 플래시를 손가락 끝으로 완전히 덮으세요
- 손을 테이블에 받치고 움직이지 마세요
- 세게 누르면 혈류가 막히니 손끝의 힘을 빼세요
- 매일 같은 시간에 재면 안정 심박 추이가 더 정확해집니다

[이런 분께]
- 운동 후 회복 상태나 세트 사이 맥박을 확인하는 러너와 헬스 이용자
- 흉대 없이 간편하게 맥박을 재고 싶은 걷기, 자전거 이용자
- 몇 주에 걸쳐 안정시 심박수 기준값을 만들어 가려는 분
- 스마트워치나 밴드가 없거나, 굳이 사고 싶지 않은 분

일상 웰니스를 위해 만들었습니다: 아침 안정 심박 확인, 운동 후 회복 확인, 그리고 내 기준값을 아는 일.

[중요 안내]
이 앱은 의료 기기가 아니며 어떤 질환도 진단, 치료, 예방하지 않습니다. 심박수만 측정하며 혈중산소나 스트레스는 측정하지 않습니다. 측정값은 개인 웰니스 참고용이며 기기, 피부색, 조명, 움직임에 따라 달라질 수 있습니다. 건강에 관한 문제는 의료 전문가와 상담하세요.
----
개발자 연락처 :
주식회사 스마트후 대한민국 서울특별시 강동구
강동구 명일로 172, 103동 2202호 (둔촌동,둔촌푸르지오아파트)
05360 396-88-02057 2024-서울강동-1276 서울시 강동구청",건강/운동,https://play.google.com/store/apps/details?id=com.smartwho.smartheart&hl=ko&gl=kr,,,,,,
android,kr,com.visionwizard.pulse,HeartIn: 심박수 측정기,"심박수 측정기 - HeartIn 맥박 체커, HRV 트렌드 및 웰니스 트래커

<b>❤️ HeartIn – 심박수 측정기 & 웰니스 트래커</b>

HeartIn은 심박수 패턴과 일상 웰니스 습관을 파악하는 데 도움을 줍니다. 휴대폰 카메라로 맥박을 확인하고, 시간에 따른 변화를 추적하며, 모든 웰니스 데이터를 하나의 간편한 앱에서 관리하세요.

<b>🚀 주요 기능</b>

<b>✨ 빠른 맥박 체크</b>
휴대폰 카메라와 플래시에 손가락을 대면 몇 초 만에 맥박을 확인할 수 있습니다. 운동 전후, 휴식 중, 또는 궁금할 때 언제든 심박수를 확인하는 간단한 방법입니다.

<b>📊 HRV 추정치</b>
심박변이도(HRV) 추정치를 확인하여 며칠, 몇 주에 걸친 리듬 패턴의 전반적인 경향을 파악하세요.

<b>🏆 웰니스 점수</b>
각 측정마다 맥박과 HRV 패턴을 기반으로 이해하기 쉬운 점수를 제공합니다. 한눈에 변화를 확인할 수 있습니다.

<b>⌚ Wear OS 지원</b>
호환되는 Wear OS 스마트워치를 연결하여 앱 내 측정값과 함께 맥박 데이터를 동기화하세요.

<b>🩸 개인 기록</b>
본인의 인증된 기기에서 측정한 혈압 및 SpO₂ 수치를 직접 기록하세요. 모든 정보를 한 곳에서 쉽게 확인할 수 있습니다.

<b>📈 일일 패턴</b>
활동, 휴식, 업무, 또는 릴랙스 중 하루 동안 맥박 변화 추이를 확인하세요.

<b>📚 유용한 콘텐츠</b>
건강한 습관, 피트니스 루틴, 그리고 전반적인 웰니스에 관한 아티클과 팁을 살펴보세요.

<b>📱 심플한 디자인</b>
HeartIn은 트래킹을 쉽게 만들어 줍니다. 복잡한 설정도, 어려운 의학 용어도 없습니다. 깔끔한 시각 자료와 간단한 도구로 웰니스 패턴을 파악하세요.

<b>⚠️ 꼭 읽어주세요</b>
HeartIn은 웰니스 및 피트니스 전용 앱입니다. 카메라 측정과 사용자가 입력한 데이터를 기반으로 추정치를 제공합니다. 이 앱은 의료 기기가 아닙니다. 어떠한 질병이나 건강 상태를 진단, 치료, 완치 또는 예방하지 않습니다. 측정값은 개인 참고용이며, 자격을 갖춘 의료 전문가의 조언을 대체할 수 없습니다. 건강에 대한 우려가 있으시면 의사와 상담하시기 바랍니다.

<b>이용약관:</b> static.heartrate.info/terms-conditions-en.html
<b>개인정보처리방침:</b> static.heartrate.info/privacy-en.html
<b>커뮤니티 가이드라인:</b> static.heartrate.info/terms-conditions-en.html",건강/운동,https://play.google.com/store/apps/details?id=com.visionwizard.pulse&hl=ko&gl=kr,,,,,,
android,kr,com.heartrate.bloodpressure.app,Heart Rate Monitor,"심박수 모니터: 맥박 추적 및 BPM 기록

심박수 모니터는 심박수, BPM 변화 추이, 혈압 기록 등을 한 곳에서 간편하게 관리할 수 있는 앱입니다.

❤️ 심박수 모니터 및 맥박 추적

심박수 모니터를 사용하여 맥박을 추적하고, BPM 변화를 모니터링하며, 시간 경과에 따른 심장 활동을 확인하세요. 휴식을 취하든 활동적으로 움직이든, 이 맥박 추적기는 간단하고 체계적인 방식으로 심박수 패턴을 모니터링하는 데 도움을 줍니다.

심박수 모니터를 꾸준히 사용하면 맥박 추이와 일상 활동량을 더 잘 이해할 수 있습니다.

📊 BPM 추적 및 심장 활동

BPM(분당 심박수)을 추적하고 언제든지 심장 활동을 확인하세요. 이 심박수 모니터는 맥박 측정기처럼 작동하여 하루 종일 심박수 데이터를 추적할 수 있도록 해줍니다.

깔끔한 레이아웃으로 측정값을 쉽게 기록하고 확인할 수 있습니다.

🩺 혈압 기록

이 앱은 혈압 기록 기능도 제공하여 다음 항목을 수동으로 기록할 수 있습니다.

수축기 혈압
이완기 혈압
맥박수

모든 기록은 저장되므로 언제든지 혈압 기록을 쉽게 확인할 수 있습니다.

🌿 호흡 및 이완

심박수 모니터링과 함께 안내 호흡 운동을 활용해 보세요. 이러한 운동은 긴장을 완화하고 차분한 일상 생활을 유지하는 데 도움이 됩니다.

호흡 운동과 맥박수 측정을 병행하면 전반적인 건강 관리 효과를 높일 수 있습니다.

📱 간편하고 쉬운 사용
빠른 심박수 기록
간편한 BPM 측정
정리된 혈압 기록
깔끔하고 사용자 친화적인 인터페이스

모든 기능은 빠르고 원활한 일상 사용을 위해 설계되었습니다.

⚠️ 면책 조항

이 앱은 심박수나 혈압을 자동으로 측정하지 않습니다.

모든 데이터는 수동으로 입력해야 합니다.

이 앱은 추적 및 정보 제공 목적으로만 제작되었으며 의료 목적으로 사용할 수 없습니다.",건강/운동,https://play.google.com/store/apps/details?id=com.heartrate.bloodpressure.app&hl=ko&gl=kr,,,,,,
android,kr,si.modula.android.instantheartrate,Instant Heart Rate: HR Monitor,"가장 정확하고 사용하기 쉬운 심박수 측정 앱
- UCSF 심장 연구에 사용!

- 10초 안에 심박수 측정
- 스트레스 수준 및 심박수 영역 확인
- 추세 및 분석 정보 보기

심박수 측정을 위해 전용 심박계가 필요하지 않습니다. 지금 Instant Heart Rate를 다운로드하고 카메라 플래시를 사용하여 건강 상태를 확인하세요!

3,500만 명 이상의 사용자를 보유한 수상 경력에 빛나는 Instant Heart Rate 앱은 웹에서 널리 사용되고 있습니다.

CNN, 뉴욕 타임스, 시카고 트리뷴, 가디언 등 다수의 언론에 소개되었습니다.

미국 1위 심박수 앱
일본 1위 심박수 앱
영국 1위 심박수 앱
호주 1위 심박수 앱
독일 1위 심박수 앱
프랑스 1위 심박수 앱
중국 1위 심박수 앱
러시아 1위 심박수 앱
캐나다 1위
… 그 외 다수 국가 1위

Instant Heart Rate는 세계 최고의 모바일 심박수 측정 앱으로 꾸준히 선정되고 있으며, 스탠포드 대학의 저명한 심장 전문의들이 임상 시험에 사용하고 있는 신뢰할 수 있는 앱입니다.

수면 후 또는 운동 중에도 심박수 및 건강 모니터를 통해 정확한 맥박과 심박수 영역을 측정하세요. Instant Heart Rate는 심박수 측정 스트랩이 필요하지 않습니다. 맥박 산소 측정기와 유사하게 손가락의 혈류 변화를 감지하여 정확한 심박수를 측정합니다.

• 10초 이내에 심박수, 맥박, 분당 심박수(BPM) 및 심박수 영역을 정확하게 측정합니다.
• 안정시 심박수를 포함한 심장 건강 및 심혈관 건강의 주요 지표를 추적합니다.
• 신체가 스트레스를 받을 때를 파악하고 스트레스 해소에 도움이 되는 방법을 찾아냅니다.
• PPG 맥박 그래프(ECG/EKG/심전도와 유사)를 통해 모든 심장 박동과 분당 심박수를 확인합니다.
• 유산소 운동 모니터링을 통해 운동을 최적화하고 운동 전후의 진행 상황을 추적합니다. 심박수를 심혈관계 지표로 활용하세요.

• • 심박수 기반 운동 영역(휴식, 지방 연소, 유산소 운동, 최대 심박수)을 모니터링하세요.
• 스트랩이나 별도의 장비가 필요하지 않습니다.
• 가족, 친구, 의사와 심박수 데이터를 공유하세요.

Instant Heart Rate 앱을 사용하여 심박수를 정확하게 측정하는 방법은 다음과 같습니다.

1. 스마트폰 카메라에 손가락을 대세요.
2. 카메라가 손가락 끝의 혈액 순환 변화를 감지하는 동안 손가락을 움직이지 않고 가만히 두세요.
3. 손가락을 너무 세게 누르지 마세요. 몇 초 안에 심박수 측정값을 확인할 수 있습니다.

Instant Heart Rate 앱은 어떻게 사용해야 할까요?

• 정확한 측정을 위해 Instant Heart Rate 앱을 매일 사용하여 심박수 또는 맥박을 측정하세요.

• 심박수 측정값을 태그하여 심장 건강에 대한 더 많은 정보를 얻고, 휴식 시 심박수, 운동 시 심박수 등을 추적하세요.

정상 심박수는 얼마일까요?

• 미국심장협회(AHA)와 메이요 클리닉에 따르면, 휴식 시 심박수는 일반적으로 분당 60~100회(BPM)입니다.

• 하지만 많은 연구에 따르면 일반적으로 안정시 심박수가 낮을수록 좋습니다.

• 심박수는 스트레스, 불안, 우울증, 감정, 활동량, 체력 수준, 체성분 및 약물 복용의 영향을 받을 수 있습니다.

• 심박수를 아는 것은 심장 건강 및 심혈관계 지표로서 중요합니다.

• 심박수 변동성은 신체에 가해지는 스트레스를 측정하는 데 중요합니다.

안전 수칙
• Instant Heart Rate는 의학적 조언이나 진단을 위한 수단으로 사용하지 마십시오. Instant Heart Rate는 전문적인 의료 서비스를 대체하거나 대신할 수 없습니다.

• Instant Heart Rate는 정보 제공, 일반적인 건강 및 운동 목적으로만 사용하십시오.

• Instant Heart Rate 결과는 근사치일 뿐입니다.

• 건강에 대한 우려가 있거나 운동 프로그램을 시작하기 전에 의사와 상담하십시오. 약물 복용량을 임의로 조절하지 마십시오.

• 휴대폰의 LED 플래시가 불편할 정도로 뜨거워지면 사용을 중단하십시오.",건강/운동,https://play.google.com/store/apps/details?id=si.modula.android.instantheartrate&hl=ko&gl=kr,,,,,,
android,kr,air.heart.rate,Heart Rate Monitor - Pulse PRO,"Pulse PRO – 카메라 리듬 추적기

📱 스마트폰의 숨겨진 기능을 발견하세요!

Pulse PRO를 사용하면 스마트폰 카메라를 사용하여 손가락 끝에서 리듬 활동을 시각화할 수 있습니다. 운동 후나 휴식 시간 동안 신체 반응을 관찰하는 데 매우 유용합니다.

🔧 작동 방식:

1. 손가락 끝을 스마트폰 카메라에 살짝 대세요.
2. 카메라와 손전등이 손가락 표면의 미묘한 빛 변화를 감지합니다.
3. 앱이 시각적 패턴을 분석하고 리듬 차트를 표시합니다.

💡 Pulse PRO 기능:

* 빠른 리듬 시각화
* 휴식 또는 운동 후 간편한 체크인
* 활동적인 라이프스타일 유지를 위한 팁
* 모든 데이터는 기기에 로컬로 저장됩니다.

⚠️ 중요 공지:

이 앱은 개인 건강 관리용으로만 사용되며 의료 기기가 아닙니다. 혈압을 측정하거나 질병을 진단하는 것이 아닙니다. 전문적인 의료 조언을 받으려면 의사와 상담하십시오.

📲 Pulse PRO를 설치하고 스마트폰으로 무엇을 할 수 있는지 알아보세요. 쉽고 빠르게, 추가 장치 없이!
로딩 문제 해결",건강/운동,https://play.google.com/store/apps/details?id=air.heart.rate&hl=ko&gl=kr,,,,,,
android,kr,heart.rate.monitor.pulse,"Cardi Mate: 심박수 측정기, 심전도","Cardi Mate와 함께 건강을 관리하세요. 생체 신호를 알면 건강을 지키고 라이프스타일을 개선하기 위한 싸움에서 절반은 이긴 것입니다. Cardi Mate를 개인 건강 관리 일기장처럼 사용하세요. 앱 하나로 맥박, 혈압, 산소 포화도 측정 등 생체 신호를 손쉽게 추적하고 기록할 수 있습니다. 데이터를 저장하고, 변경 사항을 모니터링하고, 통계를 사용하여 건강을 관리하며 의사와 공유하고, 이동 중에도 건강 상태를 추적하세요.
 
특징:
 
개인 통계 — 생체 변화 확인, 건강 모니터링 등 여러 활동이 가능합니다.
건강 인사이트 — 웰빙의 세계, 그리고 그것이 당신에게 어떻게 적용되는지 자세히 알아보세요.
맥박 측정 — 심장이 얼마나 빨리 뛰나요? 너무 빠른가요? 느린가요? 아니면 적당한가요?
산소 수치 — 혈중 산소 농도는 어느 정도입니까? 필요한 만큼 충분한가요? 건강을 유지하고 산소 수치를 모니터링하세요.
혈압 — 건강을 위한 이 편리한 지표를 확인하세요. 너무 낮거나 높으면 다른 문제의 징후일 수도 있습니다.",건강/운동,https://play.google.com/store/apps/details?id=heart.rate.monitor.pulse&hl=ko&gl=kr,,,,,,
android,kr,com.xstudios.heart.beat,Heart Rate Monitor: Heart Beat,"Heart Beat으로 언제 어디서든 간편하게 심박수를 측정하고 건강을 관리하세요 – 스마트한 웰빙 동반자

Heart Beat을 사용하면 심박수, 혈압, 스트레스 수준, 혈중 산소 포화도 데이터를 집에서든 어디에서든 실시간으로 추적하고 전반적인 건강 상태를 관리할 수 있습니다. 운동 전, 운동 후, 또는 현재 스트레스 수준, 심박수, 잠재적인 심장 질환 증상이 궁금할 때 Heart Beat이 도움을 드립니다.

Heart Beat은 언제 어디서든 간편하게 심박수를 측정할 수 있도록 도와줍니다. 스마트폰 카메라와 첨단 PPG(맥파 측정) 기술을 활용하여 마치 간단한 맥박 산소 측정기처럼 작동하며, 별도의 장비 없이 손가락 끝으로 편리하게 혈중 산소 포화도와 심박수를 확인할 수 있습니다. 의료 기기 없이도 간편하게 건강 상태를 파악할 수 있는 유용한 방법입니다.

주요 기능:
• 손가락 심박수 측정
손가락을 카메라에 대기만 하면 실시간 분당 심박수(BPM)를 확인할 수 있습니다. PPG 기반 기술을 통해 활동 전후 또는 휴식 후의 심박수 변화를 추적할 수 있습니다.

• 즉각적인 결과
실시간 심박수 추적 및 즉각적인 피드백 – 가정에서 건강 상태를 확인하기에 이상적입니다.

• 다중 프로필 지원 (최대 3명)
하나의 기기에서 최대 3개의 프로필을 생성하고 관리할 수 있습니다. 가정에서 심박수 또는 건강 데이터를 추적하는 가족에게 적합합니다.

• 홈 화면에서 일일 평균 보기
홈 화면에 최근 심박수 측정 요약이 표시되어 추세를 한눈에 쉽게 확인할 수 있습니다.

• 스트레스 수준 측정
스트레스 수준을 파악하여 건강 증진에 도움을 받으세요.

• 과거 심박수 기록
심박수, 맥박 및 건강 지표의 시간 경과에 따른 변화를 확인할 수 있습니다.

간편한 건강 관리
운동을 즐기거나 건강 상태를 꾸준히 확인하고 싶다면, Heart Beat는 완벽한 가정 동반자입니다. 운동 전, 휴식 중, 또는 심박수, 혈중 산소 농도, 전반적인 건강 상태가 궁금할 때 언제든지 사용할 수 있습니다.

누구를 위한 제품인가요?

• 운동에 관심 있는 사용자

• 웰빙 애호가
• 한 기기를 가족 구성원과 공유하는 경우

• 집에서 심박수를 확인하거나 잠재적인 심장 질환 증상을 관찰하고 싶은 모든 사람

Heart Beat는 혈압 추적, 실시간 심박수 모니터링, 잠재적인 심장 질환 증상 확인 등 심장 건강에 초점을 맞춘 다양한 기능을 제공하여 집에서 간편하게 건강 상태를 파악할 수 있도록 도와줍니다. 내장된 혈중 산소 포화도 측정 기능과 맥박 산소 측정기와 유사한 측정값을 통해 언제든 필요할 때 맥박과 산소 포화도의 변화를 쉽게 확인할 수 있습니다.

나만의 방식으로 웰빙을 관리하세요
Heart Beat는 단순히 수치를 추적하는 것이 아니라, 자기 인식 습관을 만들어갈 수 있도록 도와줍니다. 운동 능력 향상, 스트레스 감소, 또는 몸 상태를 더 잘 이해하고 싶든, Heart Beat는 심박수, 혈압 추이, 맥박, 산소 포화도 등을 간편하게 모니터링할 수 있도록 지원합니다. 휴대하기 간편하고 강력한 이 제품은 집에서 매일매일 웰빙을 실천하는 데 최적의 도구입니다.

참고
Heart Beat는 의료용으로 제작되지 않았으며 실제 혈압을 측정하거나 의학적 진단 또는 치료를 제공하지 않습니다. 일반적인 건강 및 피트니스 목적으로만 사용하십시오. 건강 관련 문의 사항은 의료 전문가와 상담하십시오.
더욱 건강한 삶을 위한 여정

혈압 패턴 확인, 심박수 기록 검토, 심장 질환 증상 확인, 간편한 혈중 산소 포화도 측정 및 맥박 산소 측정 기능 사용 등 Heart Beat는 명확한 정보를 제공합니다.

심박수, 맥박, 산소 포화도 추이를 정기적으로 추적하여 신체 상태와 휴식 수준을 파악하세요. Heart Beat는 전문적인 의료 도구를 대체할 수는 없지만, 집에서 편리하게 일상 건강을 관리하고 의식적으로 관리할 수 있는 방법을 제공합니다.

지금 Heart Beat를 다운로드하고 당신의 리듬에 귀 기울이세요. 당신의 몸이 말하는 소리에 귀 기울이세요.
문의 사항은 support@heartbeatapp.co로 보내주세요.
개인정보 보호정책: heartbeatapp.co/privacy
이용약관: heartbeatapp.co/terms",건강/운동,https://play.google.com/store/apps/details?id=com.xstudios.heart.beat&hl=ko&gl=kr,,,,,,
android,kr,com.heart.rate.monitor.blood.pressure.bp.pulse.tracker,Pulsoro - 심박수 측정기,"Pulsoro는 심박수, 심박 변이도(HRV), 전반적인 웰빙을 모니터링할 수 있도록 도와주는 당신의 개인 건강 앱입니다. 언제 어디서나 주머니에서 꺼내 바로 맥박을 측정할 수 있습니다. Pulsoro를 사용하면 심박수를 쉽게 측정하고 회복 및 스트레스 수준을 확인하여 일상 건강 관리에 도움이 되는 유용한 인사이트를 얻을 수 있습니다.

Pulsoro 사용 방법:

- 우리의 맥박 앱을 사용해 맥박을 측정하세요. 카메라 렌즈 위에 손가락을 올리고 몇 초 동안 가만히 있으면 심박수가 기록됩니다.
- 심박수와 HRV 데이터를 추적하고 저장하여 시간이 지남에 따라 변화하는 패턴을 확인하세요. 이는 심장 건강을 파악하고 의료 제공자와 데이터를 공유할 때 도움이 됩니다.
- 앱을 정기적으로 사용하여 건강 상태를 꾸준히 파악하세요. 맥박, 심박수 또는 스트레스 수준을 추적하든 Pulsoro는 모든 정보를 한 곳에 모아 쉽게 접근할 수 있도록 도와줍니다.

Pulsoro의 기능:

- 심박수 모니터: 다양한 활동 중 또는 휴식 시의 심박수를 추적합니다. Pulsoro는 심장 건강을 관리하는 데 도움이 되는 정보 기반 추정치를 제공합니다.

- HRV 트래커: HRV 추세를 모니터링하여 몸이 스트레스, 회복, 신체 활동에 어떻게 반응하는지 이해할 수 있습니다. 이 기능은 전반적인 심장 건강과 웰빙을 평가하는 데 도움이 됩니다.

- 스트레스 & 에너지 모니터: Pulsoro의 스트레스 모니터를 사용해 스트레스와 생활 습관이 심박수와 하루 에너지 수준에 어떤 영향을 미치는지 파악하세요.

- 혈압 인사이트: Pulsoro는 혈압 측정 앱은 아니지만, 심박수와 HRV를 추적함으로써 혈압을 관리하고 건강한 생활 습관을 유지하는 데 도움이 될 수 있습니다.

- 회복 추적: 운동 후 신체가 얼마나 잘 회복되는지 확인하세요. Pulsoro는 심박수 및 HRV 추세가 피트니스 목표에 어떤 영향을 미치는지에 대한 인사이트를 제공합니다.

모든 라이프스타일을 위한 앱

가족을 돌보는 사용자에게  
사랑하는 사람들의 심박수와 스트레스 수준을 모니터링하세요. Pulsoro는 그들의 웰빙을 확인할 수 있도록 도와주며, 일상적으로 사용하기 쉬운 이해하기 쉬운 지표를 제공합니다.

활동적인 사용자에게  
운동 후 맥박 변화, 회복 상태, 에너지 수준을 추적하세요. Pulsoro는 심장 건강과 HRV에 대한 간단하고 명확한 인사이트를 제공하여 피트니스 루틴 최적화에 도움을 줍니다.

바쁜 전문직 종사자에게  
일상 루틴, 스트레스, 휴식이 전반적인 심장 건강에 어떤 영향을 미치는지 모니터링하세요. Pulsoro는 신체가 일상적 도전에 어떻게 반응하는지 이해하고 스트레스 수준을 관리하는 데 필요한 인사이트를 제공합니다.

왜 Pulsoro인가?

Pulsoro는 심박수 모니터링과 HRV 추적을 위한 간단하지만 강력한 앱으로, 매일 심장 건강을 관리하는 데 도움을 줍니다. 심박수를 확인하고, 스트레스를 추적하며, 회복을 최적화하는 등 Pulsoro는 당신의 웰니스 여정을 지원합니다. 언제 어디서나 사용 가능하며, 건강을 관리하는 데 필요한 정보를 제공합니다.

면책 조항:  
Pulsoro는 의료 기기가 아니며 심장병이나 고혈압을 포함한 어떤 의학적 상태도 진단, 치료 또는 예방하기 위한 용도가 아닙니다. 이 앱은 심박수와 웰빙에 대한 정보 기반 인사이트를 제공하지만 전문적인 의료 조언을 대체할 수 없습니다. 심장 건강 또는 의학적 문제에 대한 우려가 있을 경우 반드시 의료 전문가와 상담하세요.",건강/운동,https://play.google.com/store/apps/details?id=com.heart.rate.monitor.blood.pressure.bp.pulse.tracker&hl=ko&gl=kr,,,,,,
android,kr,net.workoutinc.pulse_heart_rate_monitor_heartbeat_app,Pulse & Heart Rate Monitor,"<b>맥박 & 심박수 모니터에 오신 것을 환영합니다 - 심박수 추적기이자 웰빙 동반자입니다.</b>

맥박 & 심박수 모니터는 심박수와 일상 건강 상태를 손쉽게 추적할 수 있도록 설계되었습니다. 휴대폰 카메라를 사용하여 혈류에서 발생하는 빛의 변화를 감지하여 건강 상태를 모니터링합니다.

<b>면책 조항: 이 앱은 의료 기기가 아니며, 질병이나 기타 질환의 진단, 치료, 완화, 처치 또는 예방 목적으로 사용할 수 없습니다. 건강 관련 결정을 내리기 전에 항상 의사 또는 자격을 갖춘 의료 전문가와 상담하십시오.</b>

<b>핵심 기능:</b>
<b>1. 심박수 추적기</b>
스마트폰 카메라에 손가락을 대기만 하면 심박수를 측정할 수 있습니다. 각 스캔 후에는 심박수 요약 보고서가 차트로 표시되어 심박수 추세를 더 잘 이해하는 데 도움이 됩니다.

<b>기술 참고:</b>맥박 및 심박수 모니터는 휴대폰의 카메라와 플래시를 활용하여 동맥 혈류로 인한 빛의 미묘한 변화를 감지하여 심박수를 즉시 측정합니다.

<b>2. 혈압 기록기</b>
매일 혈압 데이터를 간편하게 기록하고 시간 경과에 따른 추세를 직관적인 차트 형식으로 확인하세요. 이 기능을 통해 장기적으로 혈압을 추적하여 웰빙을 더욱 효과적으로 관리할 수 있습니다.
참고: 이 기능은 직접 데이터를 입력해야 하며 혈압을 직접 측정하지 않습니다.

<b>3. 자가 평가 및 지식 기반</b>
저희는 단 몇 분 만에 완료할 수 있는 다양한 웰빙 평가를 제공하며, 집에서의 감정 상태를 반영합니다. 신체를 더 잘 이해하고 최신 정보를 얻는 데 도움이 되는 필수 웰빙 주제를 다루는 교육 자료로 가득한 웰빙 섹션을 살펴보세요.

<b>4. 영양가 있는 레시피</b>
간단하고 영양가 있으며 맛있는 식사 아이디어를 얻어보세요. 영양가 있는 식사는 지루할 필요가 없습니다. 저희 레시피는 에너지와 만족감을 위해 만들어졌습니다. 이제 식사 계획이 더욱 쉽고 즐거워져 정보에 기반한 식단 선택을 할 수 있습니다.

<b>5. 수분 섭취량 추적기</b>
매일 수분 섭취량을 기록하고 하루 종일 수분을 유지할 수 있도록 적절한 알림을 받으세요.

<b>맥박 및 심박수 모니터를 사용해야 하는 이유는 무엇일까요?</b>
웨어러블 기기가 필요 없습니다. 휴대폰 카메라와 손가락만 사용하여 심박수를 측정하세요.
모든 연령대에 적합한 간단하고 사용자 친화적인 디자인.
혈압, 스트레스 수준 또는 피로도를 모니터링하려는 사람들에게 유용한 도구.
장기적인 활동 유지 및 적극적인 웰빙 모니터링을 지원합니다.

웰빙 여정을 시작하거나 웰빙을 지속적으로 관리하고 싶은 경우, 맥박 및 심박수 모니터는 간편하고 개인 맞춤화되며 효과적인 관리가 가능합니다.

이용 약관: https://www.workoutinc.net/terms-of-use
개인정보처리방침: https://www.workoutinc.net/privacy-policy",건강/운동,https://play.google.com/store/apps/details?id=net.workoutinc.pulse_heart_rate_monitor_heartbeat_app&hl=ko&gl=kr,,,,,,
android,kr,com.bravo.iheart,Heart Rate Monitor - Pulse HRV,"카메라로 심박수를 측정하고 혈압과 혈당을 수동으로 기록하세요. 시각적인 차트를 통해 간편하게 건강 정보를 확인하고 더 건강한 습관을 만들어 보세요.

심박수 모니터 - Pulse HRV는 심박수 측정, 관련 건강 지표 수동 기록, 그리고 건강한 습관 형성을 위한 올인원 웰니스 앱입니다.

<b>주요 기능:</b>

<b>심박수 측정 (카메라 기반)</b>
휴대폰 카메라와 플래시를 사용하여 몇 초 만에 심박수를 측정하세요.

심박수 측정 결과는 건강 관리 목적으로만 사용되는 추정치입니다.

<b>심장 건강 분석</b>
맥박, 스트레스, 긴장도, HRV 관련 지표의 추세를 확인하세요. 간편한 시각적 차트를 통해 시간 경과에 따른 변화를 추적하고 생활 습관을 더 잘 이해하세요.

이 값들은 추정치이며 의료용 측정값이 아닙니다.

<b>혈압 및 혈당 기록 (수동 입력)</b>
혈압과 혈당을 수동으로 기록하여 건강 이력을 간편하게 관리하세요. 시각적 차트를 사용하여 시간 경과에 따른 변화를 확인하세요.

<b>걸음 수 추적</b>
기기의 건강 데이터와 동기화하여 매일 걸음 수를 추적하세요. 목표를 설정하고 꾸준한 활동 습관을 만들면서 동기를 유지하세요.

<b>BMI 계산</b>
키와 몸무게를 기반으로 BMI를 계산하여 체성분을 빠르게 평가하고 건강 목표 달성을 지원하세요.

<b>일상 건강 습관</b>
매일 알림을 설정하고, 루틴을 만들고, 간단한 건강 테스트를 완료하여 전반적인 건강 상태를 확인하세요.

<b>AI 케어</b>
- AI 분석 채팅: 언제든지 AI 건강 가이드와 대화하여 간단하고 개인화된 건강 팁을 받아보세요.

- 음식 분석: 음식 사진을 찍어 칼로리를 추적하고 유용한 추천을 받으세요.

- 건강 보고서: 측정된 건강 데이터를 PDF 파일로 내보내 즉시 공유하세요.

<b>중요 고지 사항</b>
- 이 앱은 의료 기기가 아닙니다.

- 심박수 값 및 건강 지표(HRV 관련 지표 포함)는 추정치일 뿐입니다.

- 혈압과 혈당은 수동으로만 기록할 수 있습니다.

- 본 앱은 의료 조언을 제공하지 않으며 전문적인 진단이나 치료를 대체할 수 없습니다.

- 응급 상황에는 사용하지 마십시오. 건강에 대한 우려가 있는 경우 의료 전문가와 상담하십시오.

- 앱 개발자는 앱의 비의료 데이터에 의존하여 발생하는 문제에 대해 책임을 지지 않습니다.

<b>지금 바로 심박수 모니터 - 맥박 HRV를 다운로드하세요!</b>",건강/운동,https://play.google.com/store/apps/details?id=com.bravo.iheart&hl=ko&gl=kr,,,,,,
android,kr,heart.rate.monitor.tracker,심박수 모니터 앱,"요즘 스트레스 수치가 올라가고 있습니까? 심박수가 올라갈까 걱정되시나요? 심박수 앱을 사용하여 심박수를 기록하고 심장 건강과 체력을 확인하세요. 하트비트 로거는 사용자가 로그인한 데이터로 심박수를 추적하는 데 도움이 됩니다. 심박수 로거 앱 데이터를 기반으로 스트레스 수준을 제어할 수 있습니다.

심박수 앱을 사용하면 매일 심박수를 추적할 수 있습니다. 심박수 모니터를 무료로 사용하고 심박수 로그를 생성하고 산소 모니터를 확인하세요. Android용 심박수 앱은 유산소 운동 또는 HIIT 운동과 같은 고강도 운동을 하는 동안 심박수를 추적하는 데도 도움이 됩니다. 심혈관 건강을 최고 수준으로 유지할 수 있습니다.

심박수 앱에는 여러 가지 기능이 있습니다.
1. 심박수 로거는 심장 박동을 쉽게 기록하도록 도와줍니다.
2. 심박수에 대한 완전한 그래픽 데이터를 더 오래 얻으십시오.
3. 무료 안드로이드용 심박수 앱으로 유산소 운동 중 심박수를 추적하세요.
4. 심박수 로거는 심장박동 패턴을 기록하여 심박수 애플리케이션에서 심혈관 건강을 계속 확인합니다.

Android 무료용 심박수 앱은 두 가지 다른 모드에서 심박수를 업데이트하는 데 도움이 됩니다. 일반 모드에서는 정상적인 일상 활동을 하는 동안 심박수를 bpm으로 기록합니다. 운동 모드에서는 HIIT 및 유산소 운동을 하는 동안 심박수를 bpm으로 기록합니다. 건강을 유지하는 데 도움이 되는 심전도와 같은 적절한 출력을 위해 매일 심박수 로그를 업데이트하십시오. 심박수 모니터는 맥박을 추적하고 건강한 삶을 영위하는 가장 좋은 방법입니다.

심박수 모니터 앱을 다운로드하여 심박수를 추적하고 항상 위험에서 벗어나십시오. 자신을 보호하고 건강한 생활 방식을 영위하기 위해 정기적으로 심박수를 확인하십시오.",건강/운동,https://play.google.com/store/apps/details?id=heart.rate.monitor.tracker&hl=ko&gl=kr,,,,,,
android,kr,com.ashley.Tap4Pulse,Heart Rate Monitor - Tap4Pulse,"이 앱은 의료 기기가 아니며 질병이나 건강 상태를 진단, 치료, 완치 또는 예방하기 위한 목적으로 제작되지 않았습니다. 결과는 참고용으로만 사용하십시오.

Tap4Pulse는 언제 어디서든 심박수, 맥박, 심장 박동수를 측정하고 추적할 수 있는 개인 심박수 모니터링 앱입니다. 일상적인 건강과 피트니스 루틴을 위한 가장 스마트한 심박수 및 맥박 추적기입니다.

두 가지 심박수 측정 방식
• 카메라 맥박 모니터 - 후면 카메라에 손가락을 대세요. 고급 PPG 기술이 빛의 변화를 통해 맥박과 심장 박동수를 감지합니다. 스마트폰 카메라를 사용하여 빠르고 정확하게 심박수를 측정할 수 있습니다.

• 탭 모드 - 맥박을 느끼고 4번 박동할 때마다 화면을 탭하세요. 장비나 웨어러블 기기 없이 간편하게 심박수를 측정할 수 있습니다.

심박수 추적기 및 BPM 모니터
• 상세한 BPM 기록으로 심박수 측정 내역을 확인하세요
• 시각적 차트와 건강 정보를 통해 30일간의 심박수 추세를 확인하세요
• 아침과 저녁 측정값을 비교하여 더욱 효과적인 건강 관리를 하세요
• 시간 경과에 따른 안정시 심박수를 모니터링하여 심혈관 건강을 개선하세요
• 안정시 심박수 분석을 통해 심장 건강을 파악하세요

건강 및 피트니스 정보
• 심박수 영역(안정시 심박수, 정상 심박수, 상승 심박수)을 이해하세요
• BPM 측정값을 기반으로 맞춤형 건강 팁을 받아보세요
• 심혈관 건강 및 운동 후 회복 과정을 추적하세요
• 일상적인 건강 관리, 운동 및 활동 추적을 위한 심장 건강 추적기
• 생체 신호 및 운동 진행 상황을 위한 필수 건강 모니터

프리미엄 기능
• 무제한 심박수 측정 및 심박수 확인
• 상세한 BPM 분석 및 맥박 추세
• 심박수 데이터 및 건강 보고서 내보내기

개인 정보 보호 최우선 — 데이터는 안전하게 보호됩니다
• 심박수 데이터는 기기에 저장됩니다
• 계정 등록이 필요 없습니다
• 광고 없음

TAP4PULSE를 선택해야 하는 이유

• PPG 기술을 사용한 정확한 카메라 기반 심박수 측정
• 웨어러블 기기나 산소포화도 측정기 없이도 몇 초 만에 빠른 심박수 확인 가능
• 심박수, 맥박, BPM 측정 기능을 하나로 통합
• 피트니스, 운동, 일상 건강 관리에 최적화된 심박수 앱
• 단순한 심박수 측정 그 이상 - 완벽한 웰빙 및 심혈관 건강 관리 도우미

피트니스 애호가, 러너, 운동선수, 그리고 신뢰할 수 있는 심박수, 심박수, 건강 관리 도구가 필요한 모든 사람에게 이상적입니다. 휴식 시 심박수 측정, 운동 중 BPM 측정, 심혈관 건강 관리 등 어떤 목적이든 Tap4Pulse는 당신에게 필요한 심박수 앱입니다. 지금 바로 심박수를 측정하고 심장 건강을 관리하세요.",건강/운동,https://play.google.com/store/apps/details?id=com.ashley.Tap4Pulse&hl=ko&gl=kr,,,,,,
android,kr,com.heartratepulse.monitor,Instant Heart Rate Monitor,"인스턴트 심박수 모니터는 건강을 모니터링하는 완벽한 조수입니다!

👉🏻 인스턴트 심박수 모니터가 필요한 이유는 무엇입니까?
언제 어디서나 심장 건강 상태를 알고 싶습니다.
당신은 최근 압박감을 느끼고 있으며 불안 수준을 분석해야 합니다.
어려운 문제에 직면했을 수도 있고 자신의 상황이나 감정을 객관적으로 판단할 수 없을 수도 있습니다.
운동하는 동안 맥박을 모니터링해야합니다.
운동 후 심박수가 얼마나 증가하는지 확인하고 싶습니까?
새로운 공포 게임을 플레이하거나 고전 공포 영화를 보고 있을 때 심박수가 평소보다 높은지 낮은지 알고 싶을 수도 있습니다.
하루 중 특정 시간의 심박수를 알고 알림을 받고 싶으신가요?

❤ 인스턴트 심박수 모니터를 사용하여 심박수를 측정하는 방법은 무엇입니까?
귀하의 건강 상태를 반영하는 중요한 기반으로 심박수 분석 보고서를 받게 됩니다.


👉🏻 특집
- 전문 장비를 구매하거나 사용할 필요 없이 휴대폰만 사용하면 됩니다.
-직관적인 팁과 사용하기 쉬운
-매일 기분 추적
-분석 보고서
-맞춤형 알림

👉🏻 성명서
의학적 문제가 있거나 심장 질환이 우려되는 경우 반드시 의사와 상담하세요.",건강/운동,https://play.google.com/store/apps/details?id=com.heartratepulse.monitor&hl=ko&gl=kr,,,,,,
android,kr,com.heartrate.pulsetracker.bpm.monitor.cardio,Heart Rate Monitor: Pulse Scan,"심박수 모니터로 심장 박동과 맥박을 추적하고 심혈관 건강에 대한 심층적인 정보를 얻으세요!

스마트폰 카메라와 플래시만 있으면 되는 이 앱의 첨단 PPG 기술은 손가락 끝의 색상 변화를 감지하여 몇 초 만에 심박수를 측정합니다. 스트레스 관리, 운동 후 회복, 또는 의사를 위한 건강 일지 작성 등 어떤 목적이든 심박수 모니터는 간편하고 아름다운 사용 경험을 제공합니다.

### 주요 기능:

* 즉시 PPG 측정
별도의 장비가 필요 없습니다! 검지손가락을 카메라 렌즈 위에 올려놓기만 하면 됩니다. 지능형 알고리즘이 15초 이내에 맥박수(BPM)를 측정합니다.

* 건강 영역 분석 및 분류
안정 시 심박수를 파악하고, 측정값을 즉시 서맥(낮음), 정상, 빈맥(높음) 영역으로 분류하여 개인 맞춤형 의료 정보를 제공합니다.

* 스마트 건강 기록 및 추적
모든 측정값에 대한 맥락 정보를 추가하세요. 증상, 메모, 사용 팔(왼쪽/오른쪽), 식사 여부(식전/식후), 특정 시간대(아침, 오후, 저녁)를 기록하여 종합적인 건강 기록을 만드세요.

* 다중 프로필 가족 일기
가정에서 사용하기에 적합합니다. 가족 구성원(본인, 배우자, 부모)별로 기록을 생성하고 모든 가족 구성원의 건강 상태를 한 곳에서 추적하세요.

* 운동 도우미
심혈관계 수준을 파악하세요. 운동 후 휴식 시 심박수를 모니터링하여 신체 회복 속도를 확인하세요.

* 동적 추세 차트 및 분석
시간 경과에 따른 심혈관 건강 변화를 시각화하세요. 패턴을 파악하고, 주간 평균을 확인하고, 비정상적인 추세가 감지되면 알림을 받으세요.

* 알림 기능
측정 시간을 놓치지 마세요. 원하는 시간에 반복 알림을 설정하여 심박수를 기록하세요.

* PDF 보고서 내보내기
깔끔하고 구조화된 PDF 보고서로 심박수 기록을 내보낼 수 있습니다. 측정값을 바로 인쇄하거나 담당 의사 또는 심장 전문의와 공유하세요.

* Apple Health 동기화
심박수 측정값을 Apple Health와 원활하게 동기화하여 모든 의료 기록을 하나의 중앙 집중식 데이터베이스에 보관하세요.

* Apple Watch 연동
완전히 통합된 WatchOS 컴패니언 앱을 통해 손목에서 바로 심박수를 추적하세요.

* 다이내믹한 홈 화면 위젯
iOS 홈 화면에서 최신 생체 정보를 확인하고 측정 기능을 즉시 실행하세요.

---

### 면책 조항:
* 심박수 모니터는 의료 기기가 아닙니다. 전문적인 의료 조언, 진단 또는 치료를 대신하여 사용해서는 안 됩니다.

* 이 앱은 혈압을 측정하지 않습니다. 심박수(맥박)만 추적합니다.

* 질환이 있거나 심계항진, 흉통 또는 호흡 곤란을 겪는 경우 즉시 자격을 갖춘 의료 전문가와 상담하십시오.

지금 바로 심장 건강을 관리하세요. 심박수 모니터를 다운로드하고 맥박을 추적해 보세요!",의료,https://play.google.com/store/apps/details?id=com.heartrate.pulsetracker.bpm.monitor.cardio&hl=ko&gl=kr,,,,,,
android,kr,com.dungelin.pulseoximeter,맥박 산소 측정기-심박수 및 SPO2,"운동 전후에 일어나고, 휴식을 취할 때, 집이나 사무실에서 맥박 산소 측정기로 언제 어디서나 혈중 산소 수치와 심박수를 확인하십시오.

이 앱은 고급형 삼성 기기 (Galaxy Note4/5/7/8/9 및 Galaxy S6/7/8/9/10)의 심박수 및 SPO2 센서에서만 작동합니다.

앱은 센서에서 출력되는 원시 적외선 및 적색 신호에서 혈중 산소 수준을 계산하기 위해 고급 알고리즘을 사용했습니다.

즉각적이고 피트니스 모니터링에 탁월합니다.

풍모:
-빠르고 지속적인 측정.
-나중에 액세스 할 수 있도록 결과를 저장합니다.
-실시간 펄스 그래프.
-알림 : 자동으로 매일 심장 박동 / 산소 수준을 측정하도록 알려줍니다.
-기록을 CSV 파일로 내보내기 (유료 기능).
-SPO2 측정 범위 : 70 % -100 %, 심박수 : 30-190 BPM.

무료 버전은 하루 3 회 측정 만 가능하며, 인앱을 구매하여 무제한 측정, 추가 기능 및 샵에서 광고를 무료로받을 수 있습니다.

확인 및 보정 :
-숨을 참 으면 혈중 산소 수치가 감소합니다. 대부분의 사람들은 1 분 동안 숨을 참는 것이 안전합니다.
30 초 동안 숨을 참는 방법을 사용한 테스트에서는 산소 포화도가 약 ​​94 %로 낮아 지지만 귀하의 상태에 따라 다릅니다.
앱 설정을 열고 '다음 시간 후에 자동 중지'옵션을 2 분으로 변경하면 테스트를 시작할 수 있습니다.
테스트 비디오를 볼 수 있습니다 : https://youtu.be/fVtCBf-8DfI 및 https://youtu.be/M9q8iCyw9uI
-SPO2 결과 보정 : 설정-> 보정-> ""대안""또는 다른 변형을 선택하면 결과가 예상보다 높거나 낮 으면 동시에 다른 장치와 비교할 수도 있습니다 (왼쪽에 하나 , 오른손에 하나씩, 각 손가락에 하나의 장치가 있음).
앱을 보정하기 위해 ""호흡 참기""방법을 시도 할 수 있습니다.
-교정 권장 :
 '기본값': S6, S9, S9 +, S10, S10 +, Note5, Note9
 '대안': S8, S8 +, Note7 / FE, Note8
 '대안 2': Note4, S7, S7 Edge

부인 성명:
-저희 앱은 피트니스 / 엔터테인먼트 목적으로 만 의료 기기 / 제품으로 사용해서는 안됩니다.
  의료 목적이 필요한 경우 의사 또는 주치의와상의하십시오.
-저희 앱은 질병이나 상태 진단을위한 것이 아닙니다.
-우리의 앱은 지원되는 모든 장치에서 정확성을 테스트 / 검증하지 않았으므로 자신의 책임으로 사용하십시오.

*** 귀하의 아이디어와 제안을 환영합니다. support@pvdapps.com으로 이메일을 보내주십시오.",건강/운동,https://play.google.com/store/apps/details?id=com.dungelin.pulseoximeter&hl=ko&gl=kr,,,,,,
android,kr,tracker.heartrate.bloodpressure.monitor.pulse.pulseapp,Heart Rate Monitor: PulseSage,"심박수를 측정하고, 시간 경과에 따른 데이터를 추적하고, 유용한 건강 정보를 얻으세요. 이 모든 기능을 간편하고 사용하기 쉬운 앱 하나로 이용할 수 있습니다.

PulseSage는 빠른 측정과 의미 있는 데이터를 통해 일상적인 건강 상태를 파악하는 데 도움을 줍니다. 스마트폰 카메라를 사용하여 간편하게 심박수를 측정하거나, 호환되는 외부 기기에서 데이터를 가져와 더욱 자세한 추적 정보를 확인할 수 있습니다.

👆 간편한 심박수 측정

스마트폰 카메라와 플래시를 사용하여 몇 초 만에 심박수를 측정할 수 있습니다. 기본적인 심박수 측정에는 외부 센서가 필요하지 않습니다.

🔗 기기 연동(선택 사항)

PulseSage는 웨어러블 트래커나 건강 모니터링 기기와 같은 호환되는 외부 기기의 데이터를 가져와 추적하는 기능도 지원합니다.

일부 고급 건강 지표는 지원되는 외부 기기에서 데이터를 가져온 경우에만 제공될 수 있습니다.

📊 명확하고 간편한 분석

심박수 데이터와 가져온 기타 지표를 깔끔한 차트로 확인하세요. 일상생활의 패턴을 파악하고 시간 경과에 따른 건강 추세를 더 잘 이해할 수 있습니다.

🤖 스마트한 인사이트

PulseSage는 데이터 추세를 분석하여 이해하기 쉬운 인사이트와 간단한 제안을 제공함으로써 일상적인 건강 습관을 개선하도록 도와줍니다.

📈 진행 상황 추적

모든 측정값은 저장되므로 휴대폰으로 측정했든 외부 기기에서 동기화했든 시간 경과에 따른 변화를 확인할 수 있습니다.

🎯 간편하고 집중적인 사용

복잡한 설정이 필요 없습니다. 깔끔한 인터페이스를 통해 데이터를 쉽게 확인하고 추적할 수 있습니다.

⚠️ 중요 공지

PulseSage는 일반적인 건강 및 피트니스 목적으로만 사용하도록 제작되었습니다.

의료 기기가 아니며 의학적 진단, 치료 또는 예방을 제공하지 않습니다.

카메라를 사용하여 측정한 심박수는 추정치이며 정확도가 떨어질 수 있습니다.

외부 기기에서 가져온 데이터는 해당 기기의 정확도에 따라 달라집니다.

건강에 대한 우려가 있는 경우 자격을 갖춘 의료 전문가와 상담하십시오.",건강/운동,https://play.google.com/store/apps/details?id=tracker.heartrate.bloodpressure.monitor.pulse.pulseapp&hl=ko&gl=kr,,,,,,
android,kr,or.kr.khis.phr,나의건강기록,"<font color=""#ff0000""><b>궁금한 점은 물어보세요! <u>나의건강기록 앱 고객센터(1666-7598)</u></b></font>
언제 어디서나, 나의 건강기록을 한눈에!
▶ 병원(약국)에서 처방받은 약이 궁금할 때
▶ 의료기관 및 약국을 방문한 기록이 궁금할 때
▶ 국민건강보험 공단에서 실시한 건강검진(일반검진, 암 검진 등)의 결과를 다시 확인하고 싶을 때
▶ 예방접종, 빠짐없이 맞췄는지, 어디서 접종했는지 확인이 필요할 때
▶ 나의 건강 및 의료 기록들을 파일로 다운로드 받고 싶을 때
▶ 걸음, 체중, 혈압, 혈당 등 건강관리가 필요할 때
 ※ 건강관리 메뉴는 추가 업데이트 예정입니다. 

■ 주요 서비스 소개
1. 투약정보
병원(약국)에서 조제 받은 최근 1년간의 의약품 투약 내역 조회

2. 진료이력
의료기관 및 약국을 방문한 최근 1년간의 진료 내역 조회

3. 건강검진
최근 10년간 국민건강보험 공단에서 실시한 일반 건강검진, 암 검진(위암, 간암, 자궁경부암, 대장암, 유방암, 폐암) 및 최근 5년간 실시한 영유아 검진의 정보와 문진 정보 조회

4. 예방접종
예방접종 내역 및 접종 정보 조회

5. 다운로드 통합/공유
투약정보, 진료이력, 건강검진, 예방접종 내역과 같은 개인 건강기록을 파일로 다운로드하고 SNS, SMS 등으로 공유

6. 의료기관
데이터 제공기관으로 참여한 병의원에서 제공하는 환자정보, 진료의정보, 의료기관정보, 진단내역, 약물처방, 진료기록, 진단검사 등 12종 항목의 진료기록 정보 조회

7. 건강관리
걸음, 체중, 혈압, 혈당 등 디바이스에서 측정 및 기록된 라이프스타일 건강 데이터를 연동하여 한눈에 조회 및 관리",건강/운동,https://play.google.com/store/apps/details?id=or.kr.khis.phr&hl=ko&gl=kr,,,,,,
android,kr,com.viva.viva_kindoc,"착한의사-건강검진 필수앱, 검진비교/예약, 결과조회까지","*24년 정보보호분야 최고권위 국제표준인증 취득*
*23년 과학기술정보통신부 장관상 수상*
*22년 중소벤처기업부 장관표창장 수상*
*21년 모바일기술대상 국무총리상 수상*

▣ 건강검진은 착한의사
1. 종합검진 최대 49% 우대가 할인
2. 국가검진 예약가능
3. 기업검진 단체할인
4. 검진결과 조회

건강검진을 앞두고 있다면 
지금 바로 착한의사를 사용해보세요!

▣ 국내 No.1 건강검진 플랫폼
(병원 수 1위, 이용자 수 1위)
매년 받는 건강검진이 뿌듯한 순간이 되기를 

▣ 검진센터 가격비교부터 내게 딱 맞는 검진상품 추천까지, 검진의 모든 것!
“왜 대기업만 건강검진을 할인해주는 걸까?”
“필요한 검사만 골라서 검진을 받을 수 없을까?”
이제 건강검진도 합리적이고 현명하게 받아보세요! 대기업 임직원만 받았던 건강검진 할인가로 검진센터 검색, 예약, 결제까지 쉽고 빠르게. 

▣ 건강을 관리할 때
“작년에 받았던 검사 결과지는 어디에 있는 걸까?”
“병원 방문기록과 약 처방내역을 모바일로 볼 수 없을까?”
내 의료기록을 모바일로 조회하고 필요한 뉴스만 읽어보세요! 병원 방문기록, 약 처방내역, 검진결과 조회, 맞춤형 뉴스 추천까지.

▣ 착한의사에서 제공되는 자가진단 서비스는 질병의 진단 및 치료, 의학적 소견을 대체할 수 없어요. 자세한 의학적 상담은 반드시 의료기관을 방문하여 전문 의료인과 상담하세요.

[피드백]
- 홈페이지 : [https://www.adoc.co.kr](https://www.adoc.co.kr/)
- 전화번호 : 1544-3154
- 페이스북 : [http://www.facebook.com/viva.adoc](http://www.facebook.com/viva.adoc)
- 인스타그램 : [https://www.instagram.com/chakan._.doc](https://www.instagram.com/chakan._.doc)

[선택 접근 권한]
- 위치 권한 : 현재 위치 기준 정확한 병원, 약국, 검진센터 등의 정보 제공
- 파일 및 미디어 : 채팅상담 및 건강검진 확인서 등의 사진 및 파일 전송/저장 기능 제공
- 카메라 : 병원 QR코드 인식 및 화상상담을 위한 기능 제공
- 마이크 : 증상체크 음성 인식 및 화상상담을 위한 기능 제공
- 근처기기 : 블루투스 기기 페어링 및 정확한 위치 검색 기능 제공
- 전화 : 병원/약국/검진센터 전화번호를 통한 통화 기능 제공
- 알림 : 착한의사 서비스 및 관련 알림을 받기 위해 필요

* 착한의사에서는 서비스 제공을 위해 위의 접근 권한을 필요로 합니다.
* 선택 접근 권한을 동의하지 않으셔도 서비스 이용이 가능하며, 해당 권한은 필요한 시점에 동의 받고 있습니다.
----
개발자 연락처 :
(주)비바이노베이션 대한민국 서울특별시 강남구
강남구 언주로 563 비123호 비124호 비125호 비126호 (역삼동,원에디션강남)
06135 210-88-00959 2021-서울강남-04992 직접 신고",출산/육아,https://play.google.com/store/apps/details?id=com.viva.viva_kindoc&hl=ko&gl=kr,,,,,,
android,kr,kr.kmi.kmiexaminee,KMI 건강검진-당신의 건강관리 파트너,"KMI 한국의학연구소 모바일 앱은 건강검진 예약부터 결과 조회, 결제까지  
건강검진의 모든 과정을 한 번에 해결할 수 있는 스마트 헬스케어 서비스입니다.

전화 연결을 기다릴 필요 없이, KMI 앱으로 쉽고 빠르게 건강검진을 이용해보세요!

▶ 검진 예약  
전국 KMI 검진센터에서 원하는 날짜와 시간을 선택해 간편하게 예약하세요.

▶ 예약 조회  
예약 내역과 일정, 센터 위치를 한눈에 확인할 수 있습니다.

▶ 문진표 작성  
검진 전, 언제 어디서든 모바일로 미리 문진표를 작성해보세요.

▶ 결과 조회  
검진 결과가 궁금할 때, 앱에서 바로 확인 가능합니다.  
이전 검사 결과도 함께 조회할 수 있어 편리합니다.

▶ 결제하기  
검진비 결제도 모바일로 간편하게!  
안전하고 빠른 결제 시스템을 제공합니다.

그 외에도 1:1 상담, 검진 안내, 알림 등  
당신의 건강을 세심하게 챙겨주는 다양한 기능이 준비되어 있습니다.

건강한 삶의 첫걸음,  
KMI 한국의학연구소 앱과 함께하세요.",건강/운동,https://play.google.com/store/apps/details?id=kr.kmi.kmiexaminee&hl=ko&gl=kr,,,,,,
android,kr,rcglobal.android.kiha,Health Keeper,"개인용
대한산업보건협회에서 건강검진을 받으셨다면 언제 어디서든 검진결과를 한눈에 확인 할 수 있습니다.

사업장 관리자용
협회로부터 측정 , 검진 , 보건관리위탁 등 산업보건서비스를 제공받고 있는 사업장은 산업보건관련 업무수행 결과보고서를 언제든지 앱을 통해 확인 및 관리할 수 있습니다 . 또한 , 앱을 통해 취급 유해물질 대한 산업안전보건법 , 화학물질관리법 , 위험물질안전관리법 관련사항을 한눈에 볼 수 있습니다.
----
개발자 연락처 :
(사)대한산업보건협회 흥덕구 오송읍 오송생명10로 7
청주시, 충청북도 28220
South Korea 1148200907 - -",건강/운동,https://play.google.com/store/apps/details?id=rcglobal.android.kiha&hl=ko&gl=kr,,,,,,
android,kr,kupmoa.mobile,검진모아-종합건강검진 비용 할인 예약,"검진모아는 국가건강검진의 중요성과 건강정보 등을 다양한 온라인 매체를 통해 소비자에게 쉽게 정보를 알리고 있으며, 비급여 종합건강검진 패키지 및    
전국에 있는 건강검진센터의 위치 기반 서비스를 제공하고 있습니다.

고가의 비급여 검진항목에 대해 많은 병의원(검진센터)들과 협력하고 있으며 또한, 소비자의 부담을 덜어주기 위해 기간별 패키지 상품을 제공받아 서비스하는 정보 플랫폼입니다.

서울, 경기 등의 수도권 중심으로 부산까지 널리 확대되어 개인별 종합건강검진 및 기업의 종합건강검진을 적극적으로 활성화하는데 앞장서고 있습니다.

- 비급여 개인종합건강검진 패키지 상품 안내 - 
2030, 4050, 6070, 남성/여성정밀, 뇌신경정밀, 소화기정밀, 플래티넘, 숙박검진, 특화검진, 특별패키지, 1+1검진

- 서비스 이용 방법 -
'검진모아' 의료플랫폼은 '간편회원' 가입 후 누구나 이용이 가능한 서비스 앱이며,
희망하는 패키지 상품 선택 후 ""전화문의, 간편상담, 카톡상담' 등 채널을 통해 혜택을 제공 받을 수 있습니다.

또한, 검진모아 의료플랫폼에 결제하는 비용은 없으며, 
모든 검진패키지 상품의 비용은 검진 당일 해당 병의원(검진센터)에서 수납해 주시면 됩니다.

※ 국가건강검진 및 건강보험 급여의 진료는 ""의료법""에 의거 준수하여 병의원(검진센터)을 통해서만 진행됩니다.
   [국가건강검진 병행 희망 시 병원 방문 => 데스크 신청]

[검진모아]
1. 여러 검진패키지 중 희망하는 상품 선택
2. 고객센터 ""02-6941-1939_상담문의"" 또는 ""홈페이지_예약문의"" 남겨 상담 진행
    (개인정보 동의)
3. 고객센터와 검진패키지 상품관련 유선 상담 진행
4. 유선 상담이 어려울 경우 ""검진모아 플러스 친구""로 카톡 상담(https://pf.kakao.com/_ZUQxcj)

[병의원/검진센터]
4. 접수한 예약관련 검진 및 예약 확정 안내
5. 검진 당일 병의원 ""원무과"" 통해 비용 수납
6. 결과지 : 검진 완료 후 ""2주~4주"" 소요(병원별 상이)

[메뉴 안내]
* 개인 종합건강검진 : 진행중인 패키지 병의원(검진센터)의 ""지역별/상품별"" 검사항목 구성 및 비용 안내
* 안과검진 : 진행중인 안과패키지 안내
* 제휴문의 : 병원 입점 및 기업(단체)제휴 문의
* 검진병원 찾기 : 주변 병의원 및 검진센터 찾기 서비스

※ 서비스 이용 중 궁금증 및 불편사항은 문의 주시기 바랍니다.
   검진모아 고객센터 : 02-6941-1939
   검진모아 플러스친구 : https://pf.kakao.com/_ZUQxcj",건강/운동,https://play.google.com/store/apps/details?id=kupmoa.mobile&hl=ko&gl=kr,,,,,,
android,kr,com.fora.commonsenselab,건강검진 대상조회 서비스,"매년 바뀌는 건강검진 대상 기준 때문에 “내가 올해 검진 대상자가 맞나?” 헷갈릴 때가 많습니다. ‘건강검진 대상조회’ 앱은 이러한 불편함을 해결하기 위해 만들어진 간편 조회 서비스입니다. 간단한 정보만 입력하면 올해 건강검진 대상자인지 즉시 확인할 수 있어, 누구나 빠르고 쉬운 방식으로 정보를 확인할 수 있습니다. 복잡한 기준을 직접 읽어볼 필요 없이, 이 앱 하나로 결과만 바로 확인할 수 있다는 것이 큰 장점입니다.

주요 기능:
- 빠른 대상 여부 조회: 간단한 기본 정보 입력만으로 올해 건강검진 대상 여부를 즉시 확인할 수 있습니다.
- 대상자 기준 안내: 연령, 자격 등 대상 여부를 판단하는 핵심 기준을 보기 쉽게 정리하여 제공합니다.
- 필요 정보만 간단 정리: ‘대상 여부 조회’에 필요한 정보만 깔끔하게 안내합니다.

‘건강검진 대상조회’ 앱은 복잡한 내용을 최소화하고, 꼭 필요한 정보만 빠르게 전달하는 데 집중합니다. 올해 건강검진 대상자인지 정확히 알고 싶다면 지금 바로 간편하게 확인해보세요.

※ 면책사항
- 이 앱은 정부 혹은 정부 기관을 대표하는 앱이 아닙니다.
- 이 앱은 양질의 정보를 제공하기 위하여 제작한 앱으로 어떠한 책임을 지지 않습니다.

※출처
국민건강보험 : https://www.nhis.or.kr/nhis/healthin/wbhaca04500m01.do",생산성,https://play.google.com/store/apps/details?id=com.fora.commonsenselab&hl=ko&gl=kr,,,,,,
android,kr,com.yagins.hiraportal,건강e음,"건강보험심사평가원의 모바일 앱 서비스인 『건강e음』은 기관 홈페이지(www.hira.or.kr)의 주요 조회‧신청서비스를 모바일 환경에서 쉽고 편리하게 이용할 수 있도록 구성하였습니다. 
​
[주요기능]
1. HIRA건강지도: 병원‧약국의 주소, 전화번호, 진료 과목, 의사 수, 의료 장비 등 기본 정보와 평가 정보, 진료비 정보 등을 위치 기반으로 조회할 수 있는 지도 서비스

2. 비급여 진료비 정보: 의료기관에서 제출한 비급여 진료비용의 가격 등을 확인하여 공개함으로서, 해당 의료기관의 적정한 비급여 제공과 의료기관을 이용하는 환자의 합리적인 선택을 돕기 위한 서비스

3. 비급여 진료비 확인 서비스:  의료기관 등에서 비급여로 부담한 진료비가 건강보험(의료급여) 대상에 해당되는지 여부를 확인해주는 서비스

4. 약! 찍어보는 안심정보: 의약품명을 입력하거나 바코드를 찍어 의약품 기본 정보 및 식품의약품안전처의 회수의약품 여부를 확인할 수 있는 서비스

5. 자기근무이력 조회: 요양기관에 근무한 이력 있는 경우 근무한 요양기관명, 근무기간, 근무형태 등 나의 근무 이력을 확인할 수 있는 서비스 

6. 내가 먹는약! 한눈에: 최근 1년간의 의약품 투약내역 및 개인별 알러지‧부작용 정보 등을 확인할 수 있는 서비스(조회일 기준)

7. 내 진료정보 열람: 내가 낸 진료비, 총 진료비 등과 진료내역, 처방조제내역 등의 정보를 확인할 수 있는 서비스
  (해당 병‧의원 약국에서 건강보험심사평가원에 진료내역을 청구하고 심사가 마무리된 자료를 제공)

8. 나의 건강수첩: 올 한해의 한방 추나요법, 치과 스케일링, 물리치료, 응급진료, 방사선단순영상 촬영 횟수 등 나의 의료이용 정보를 확인할 수 있는 서비스



앱 접근권한 관련안내

[선택접근권한]
- 위치: 현재 위치를 기반으로 주변 병원/약국 정보를 이용할 수 있습니다.
- 전화: 앱에서 전화를 걸 수 있습니다.
- 카메라: 사진 첨부 기능을 이용할 수 있습니다.
- 파일 및 미디어: 사진 및 동영상/음악 및 오디오 파일을 전송하거나 저장하는 기능을 이용할 수 있습니다.
※ 선택접근권한에 동의하지 않아도, 해당 권한의 기능을 제외한 서비스 이용이 가능합니다.",건강/운동,https://play.google.com/store/apps/details?id=com.yagins.hiraportal&hl=ko&gl=kr,,,,,,
android,kr,kr.pillgram,필그램_건강검진 결과로 추천받는 나만의 맞춤영양제,"매일 챙기기 어려운 영양제, 필그램이 대신 챙겨드릴게요!
건강 고민은 다 다르니까, 필그램은 건강검진정보와 간단한 설문만으로 나에게 딱 맞는 영양제를 추천해줘요.
영양제마다 섭취 시간에 맞춰 알림을 보내드려요.
잊지 않고 꾸준히 챙길 수 있도록 섭취 루틴 형성을 도와드려요.
 
꾸준히 먹을수록 리워드가 쌓이고, 현금처럼 쓸 수 있는 캐시백까지!
언제든 전문가 상담도 가능해서 처음부터 끝까지 건강관리를 함께해요.
 
이런 기능이 있어요
건강 데이터를 통한 맞춤 영양제 추천
섭취 알림 & 섭취 체크로 리워드 적립
여러 리워드 적립 혜택
1:1 전문가 상담 서비스 제공
 
영양제 챙기는 습관, 필그램과 함께 해보세요 :)
----
개발자 연락처 :
노정한 모래내로 411
106동 1202호
서대문구, 서울특별시 03644
South Korea 211-88-99718 제 2023-중구-1966호 본인 직접 신고",건강/운동,https://play.google.com/store/apps/details?id=kr.pillgram&hl=ko&gl=kr,,,,,,
android,kr,app.macrogen.gentok,젠톡(GenTok),"가장 나다운 건강 관리의 시작, 젠톡(GenTok)

유전자 기반 건강 관리의 새로운 패러다임, 젠톡을 만나보세요!
젠톡은 당신이 태어날 때부터 지닌 고유한 유전정보와 현재 몸속 장내 미생물 상태를 분석해,
가장 나다운 건강과 라이프스타일을 설계하도록 돕는 헬스케어 앱입니다. 

[사람마다 몸의 반응이 다른 이유]
그 출발점에는 타고난 유전정보와 식·생활 습관에 따라 변하는 장내 미생물 정보가 있습니다. 
젠톡은 내 몸을 이해하기 위한 하나의 참고 기준으로,
- 태어날 때부터 지닌 유전정보로 나의 취약성을 미리 확인!
- 주기적으로 장내 미생물 분석을 통해 현재 몸속 환경의 변화를 확인!
이렇게 젠톡이 제시하는 데이터가 모여 ‘내 몸 사용 설명서’가 완성됩니다.
일상을 더 건강하게, 나답게 가꾸는 시작점이 되어 드립니다.

[나의 본질을 알려주는 유전자 검사]
매일 변하는 컨디션이나 주관적 설문만으로는 부족하지 않았나요?
젠톡은 변하지 않는 유전정보로 당신의 본질을 알려줍니다. 
전문적인 유전자 검사와 쉽고 친근한 콘텐츠를 결합해 당신에 대한 깊은 이해를 돕습니다. 
- 건강 예측 및 웰니스 검사
비만, 혈당, 콜레스테롤과 같이 질병 예방을 돕는 항목부터 영양, 피부/모발, 운동 특성까지 국내 최다 수준의 다양한 항목을 분석하여 나만의 특성과 위험 요인을 예측합니다. 
- 유전적 뿌리와 혈통 분석
민족 구성 비율부터 모계·부계 혈통, 고대 인류 DNA 보유 비율까지 탐색하며 내 뿌리를 찾아가는 흥미로운 여정을 경험할 수 있습니다.

[장이 건강해야 온몸이 건강하다, 장내 미생물 검사]
젠톡 더바이옴 골드는 내 장에 살고 있는 다양한 미생물군을 분석해,
소화 건강 상태부터 영양소 대사, 면역. 행복 지수까지
장 건강 지표 전반을 객관적으로 분석해 드립니다.
검사 결과는 친근한 캐릭터와 함께 쉽게 이해할 수 있도록 제공되어
내 몸 속 변화를 더욱 깊이 있게 이해하는 데 도움을 드립니다.

[젠톡만의 특별함]	
- 간편한 검사, 빠른 결과 확인
집에서 간편하게 검사하고, 결과는 앱에서 빠르고 편리하게 확인할 수 있습니다.
- 믿음직한 기술력
결과 분석은 국내 유전체 분석 1위를 넘어 글로벌 유전체 시장을 선도하는 마크로젠의 기술력과 분석 노하우를 기반으로 합니다. 
- 철저한 보안 시스템 인증
개인·민감 정보는 국내외 최고 수준 보안 시스템으로 안전하게 보호됩니다.
(ISMS-P, ISO/IEC 27001:2022, ISO/IEC 27701:2019 인증 완료)

[젠톡 유전자 검사의 의미]	
- 본 검사는 통계 기반의 예측 검사로 현재 또는 미래의 건강 상태 및 개인 특성과 일치하지 않을 수 있습니다. 
- 검사 항목에 영향을 주는 모든 유전자를 분석한 것이 아니며, 최신 연구 결과에 근거하여 업데이트될 수 있고, 이외 분석 알고리즘, 레퍼런스 데이터 등의 변동으로 인해 향후 재분석 시 결과 해석이 달라질 수 있습니다. 
- 본 검사는 질병의 진단 및 치료의 목적으로 사용될 수 없으며, 의학적 소견이 필요한 경우 의사와 상담하시기 바랍니다. 

[선택 접근 권한 안내]
- 카메라: 프로필 변경, 문의, 리뷰 작성을 위해 사용
- 저장공간: 검사 결과 제공을 위해 사용
- 선택 접근 권한은 동의하지 않아도 앱 사용이 가능하지만, 일부 기능 제약이 있을 수 있습니다.

젠톡과 함께 나를 더 잘 알고, 더 건강한 삶을 시작해 보세요.
당신만의 ‘내 몸 사용 설명서’ 지금 젠톡에서 완성하세요!",건강/운동,https://play.google.com/store/apps/details?id=app.macrogen.gentok&hl=ko&gl=kr,,,,,,
android,kr,com.circledna.circle,Circle – 유전자와 건강,"집에서 간편하게 유전자 검사를 시작하세요. 내 타고난 특성에 맞는 건강 정보를 알려드립니다. 10만 명 이상의 누적 고객과 함께 건강 여정의 첫걸음을 내딛으세요. 


무엇을 알 수 있나요? 
【세계에서 가장 포괄적인 DNA 검사】 면봉 하나로 운동, 식단, 조상에서 질병 위험까지 500개 이상의 보고서를 제공합니다. 99.9%의 분석 정확도의 전체 엑솜 시퀀싱 기술로 광범위한 유전자 특성 건강 정보를 알려드립니다. 
【1대1 상담】 검사 후 나에게 필요한 건강관리 방법이 궁금하다면, 유전학 전문가 및 건강 코치와 상의하세요. 진정한 나를 알고 더 나은 건강을 위한 다음 단계를 알 수 있습니다. (Premium 유전자 검사 키트 해당)

앱으로 무엇을 할 수 있나요? 
【키트 활성화】 건강 여정의 첫 시작, 키트를 활성화하세요. 
【건강 가이드】 유전자 검사 이면에 숨겨진 과학을 기사와 영상을 통해 올바르게 이해하세요. 
【500+ 보고서】 20개 카테고리에 걸친 유전자 검사 보고서
【보고서 공유하기】 나의 보고서를 의사, 친구, 가족에게 손쉽게 앱이나 PDF로 공유  


데이터는 어떻게 보호되나요? 
개인 정보 및 데이터는 안전하게 보호됩니다. 국제표준 정보보호 인증이며 정보보호 분야에서 가장 권위 있는 ISO-27001 인증을 통해 탁월한 데이터 보호 기능을 구축했습니다. 또한 개인 정보를 타사와 공유하거나 판매하지 않습니다. 

공지사항: Circle 유전자 검사는 전문적인 의료 조언, 진단 또는 치료를 대체하기 위한 것이 아닙니다. 의료 상태에 대해 궁금한 사항은 반드시 의사나 자격을 갖춘 다른 의료진의 조언을 구하세요. Circle 앱에 기반한 전문적인 의료 조언이나 치료를 참고하여, 빠른 조치가 필요하다고 생각된다면 반드시 의료진의 도움을 구하세요.",건강/운동,https://play.google.com/store/apps/details?id=com.circledna.circle&hl=ko&gl=kr,,,,,,
android,kr,com.ineptlyawesome.facedna,Face DNA: AI 민족 테스트,"<b>Face DNA: AI 민족 테스트로 얼굴에 숨겨진 비밀을 찾아보세요!</b>

내 뿌리가 궁금하신가요? 내 얼굴 특징이 어디에서 왔는지 알고 싶나요? Face DNA는 고급 인공지능(AI)으로 사진을 분석해, 유산/혈통, 민족(에스니시티), 특징, 그리고 고대 문명과의 잠재적 연결까지 흥미로운 <i>추정</i> 결과를 제공합니다. DNA 키트를 몇 주씩 기다릴 필요 없이, 휴대폰에서 몇 분 만
에 조상 리포트를 받아보세요.

<b>즉시 나의 기원을 탐색</b>
셀카 또는 얼굴이 선명한 사진을 업로드하기만 하면 됩니다. 최첨단 AI 얼굴 스캐너가 작업을 시작합니다. 전 세계 다양한 인구 집단의 수백만 장 얼굴 데이터를 포함한 방대한 데이터베이스와 비교하여, 특별한 자기 발견의 여정을 안내합니다.

<b>왜 Face DNA를 선택해야 할까요?</b>

•   <b>고급 AI 얼굴 분석:</b> 얼굴 특징을 세밀하게 분석해, 서로 다른 집단과 잠재적 기원과 연결될 수 있는 미세한 단서를 찾아냅니다. AI 기반 민족 분석기입니다.
•   <b>종합 유산 리포트:</b> 단순한 퍼센트 이상을 제공합니다. 다음 내용을 담은 맞춤 리포트를 받으세요:
     •   현대 인구 집단 추정 매칭(전 세계 잠재적 연결 탐색)
     •   핵심 얼굴 특징 인사이트(특정 특징이 어떻게 기여하는지)
     •   고유 특성 분석(얼굴 구조와 유산의 연관성 탐색)
     •   <b>외삽 기반 고대 문명 매칭:</b> (대표 기능! 외삽 데이터를 바탕으로 고대 집단과의 흥미로운 가능성을 탐색합니다. 당신의 깊은 뿌리는 어디일까요?)
•   <b>즉시 결과, DNA 키트 불필요:</b> 사진 한 장이면 됩니다. 면봉도, 실험실도, 대기도 없습니다.
•   <b>쉽고 재미있게:</b> 직관적인 UI로 유산 탐색이 간단하고 흥미롭습니다. 유명인 샘플 리포트를 보고, 내 얼굴도 스캔해 보세요.
•   <b>탐색하고 공유:</b> 놀라운 연결을 발견하고 친구/가족과 결과를 공유하세요. 유산과 다양성에 대한 대화를 시작해 보세요.

<b>Face DNA 작동 방식</b>

1.  <b>사진 업로드:</b> 정면으로 선명한 사진을 갤러리에서 고르거나 새로 촬영합니다.
2.  <b>AI 스캔 및 분석:</b> AI가 수십 개 얼굴 포인트를 분석하고 방대한 데이터베이스와 비교합니다.
3.  <b>리포트 받기:</b> 현대 집단, 특성, 고대 문명과의 고유한 연결(추정)을 포함한 상세 리포트를 앱에서 확인합니다.

<b>당신의 얼굴은 이야기를 들려줍니다. 무엇을 보여줄까요?</b>

지중해의 영향부터 고대 제국의 흔적까지, Face DNA는 AI 기반의 독특한 관점으로 당신의 가능성 있는 계보를 비춰줍니다. 내 특징에 담긴 인류사의 풍부한 결을 재미있게 탐색해 보세요.

<b>AI 조상 탐색 여정을 시작할 준비가 되셨나요?</b>

문의 또는 피드백: info@facedna.app

<b>지금 Face DNA를 다운로드하고 얼굴에 암시된 흥미로운 기원을 확인하세요!</b>

---
<b>면책 조항:</b>

Face DNA는 고급 인공지능(AI)과 머신러닝 알고리즘을 사용하여 얼굴 특징 분석을 기반으로 조상/유산에 대한 <i>추정</i>을 제공합니다. AI는 큰 데이터셋에서 학습한 패턴과 업로드된 사진을 비교합니다. 결과는 오락, 개인적 탐색 및 정보 제공 목적에 한합니다. <b>이는 과학적 DNA 검사(유전자 검사)가
아닙니다</b> 따라서 유전적 조상, 민족성, 국적에 대한 최종적이거나 생물학적으로 정확한 판정으로 간주해서는 안 됩니다. 결과는 유전자 DNA 검사와 동일한 수준의 정밀도나 과학적 검증을 제공하지 않습니다. Face DNA를 얼굴 특징이 시사하는 잠재적 유산 연결을 탐색하는 재미있는 도구로 즐겨주세요.",라이프스타일,https://play.google.com/store/apps/details?id=com.ineptlyawesome.facedna&hl=ko&gl=kr,,,,,,
android,kr,com.dnagenics.com,DNAGENICS,"DNA Genics는 뛰어난 세부 사항을 달성하기 위해 최신 및 업데이트된 알고리즘을 사용하여 +20 조상, 특성, 건강 보고서를 제공합니다.",도구,https://play.google.com/store/apps/details?id=com.dnagenics.com&hl=ko&gl=kr,,,,,,
android,kr,com.selfdecode.app,SelfDecode: DNA & Health Tests,"건강을 관리하고 싶으신가요? 우리는 당신을 얻었다. SelfDecode로 개인화된 유전자 통찰력을 잠금 해제하십시오. 우리의 앱을 사용하여 귀하의 신체에 가장 적합한 식단, 보충제 및 라이프스타일 선택을 찾으십시오. 이미 DNA 검사를 받았습니까? 지금 무료로 시작하여 인생을 최적화하십시오!

- 비공개 및 보안: SelfDecode는 HIPAA 등급 보안 및 GDPR 모범 사례를 통해 자신의 데이터를 완전히 제어할 수 있도록 합니다.
- 유전적 경향: 불안이나 고혈당과 같은 건강 문제를 경험할 유전적 가능성을 알아봅니다.
- 맞춤형 권장 사항: 유전적 경향을 해결하기 위한 맞춤형 식단, 보충제 및 라이프스타일 권장 사항을 찾아보십시오.
- 맞춤형 비타민 포뮬라: 집으로 바로 배달될 수 있는 맞춤형 올인원 보충제 포뮬러를 잠금 해제하십시오.
- 특성: DNA가 성격에 어떤 영향을 미칠 수 있는지 탐색하고 영양 요구 사항이나 식이 민감도에 대해 알아봅니다.
- 정확한 통찰력: SelfDecode는 고급 AI 기반 과학 알고리즘을 사용하여 수백만 개의 유전자 변이를 분석하고 정확한 결과를 제공합니다.
- 전체론적 건강 도구: 또한 실험실 분석 및 생활 습관 분석 도구에 대한 액세스를 잠금 해제하여 건강에 대한 완전한 그림을 얻을 수 있습니다.

SelfDecode에는 모든 영역에서 최적의 건강을 달성하는 데 도움이 되는 150개 이상의 건강 보고서 및 특성이 있습니다! DNA 검사를 받은 적이 없다면 SelfDecode에서 DNA 검사 키트를 주문할 수 있습니다.

지금 SelfDecode로 이미 건강을 최적화하고 있는 100,000명 이상의 개인과 함께하십시오.",의료,https://play.google.com/store/apps/details?id=com.selfdecode.app&hl=ko&gl=kr,,,,,,
android,kr,com.geneus.geneusdna,Geneus DNA,"귀하의 고유 한 요구에 맞는 DNA 기반 솔루션으로 스스로를 관리하십시오.

Geneus는 DNA의 유전자 마커를 해독하여 라이프 스타일 수정의 결과를 극대화하기위한 고유 한 요구에 맞는 맞춤형 DNA 기반 솔루션을 만듭니다.

개인별 건강 보고서는 또한 DNA가 신체 기능, 특정 건강 상태에 대한 유전 적 소인 등에 미치는 영향에 대한 통찰력을 제공합니다.

DNA : 삶의“청사진”:
DNA는 종종 ""생명의 청사진""으로 불립니다
청사진이 주택 건설을 지시하지만
DNA는 DNA가 삶에 필요한 모든 단백질을 만드는 데 필요한 지시 사항을 포함하고 있기 때문에 신체가 어떻게 기능하는지에 대한 청사진입니다.


재택 DNA 테스트. 바늘이 없습니다!
타액 수집 키트를 문으로 직접 보냄
집에서 침 샘플을 쉽게 수집 할 수 있습니다

우리의 수집 키트는 미국 FDA 승인을 받았습니다.
우리 실험실은 CAP, CLIA 및 ISO 9001 인증을 받았습니다.


유전자 보고서.
과학에 의해 지원됩니다.

✓ 몸이 어떻게 작용하는지 이해하도록 도와주십시오.
✓ 정확하고 개인화 된.
✓ 유전 위험을 알도록 도와줍니다.
✓ 몸 안에서 비밀을 깨 뜨리십시오.
✓ 일회성 테스트, 수명 지속.",건강/운동,https://play.google.com/store/apps/details?id=com.geneus.geneusdna&hl=ko&gl=kr,,,,,,
android,kr,com.litoc.won_history,한국사능력검정시험 치트키-한능검N제,"원유철의 한능검 N제 앱 하나로 한능검 패스!
2024년 새로운 한국사 능력검정시험에 완벽 대비!

믿기지 않겠지만 이 모든게 무료로 제공됩니다.

한능검 시험 일정 관리
   학습 시 자동으로 공부 기록을 남겨 공부 시간을 관리해보세요.

한능검 강의
   원유철 선생님의 이론, 해설, 전야제 강의 등 합격을 위한 강의들을 무료로 학습하세요.
   기출 문제를 풀고 바로 기출 해설 강의로 문제점을 확인해 보세요.

한능검 기출 풀이(회차별, 유형별, 빈출별, 키워드별, 실전풀이)
   다양하게 제공되는 문제 풀이 방식을 통해 나에게 필요한 방식으로 학습을 할 수 있습니다.
   특히 키워드 검색을 통해 나에게 필요한 문제들을 선별해 풀어볼 수 있습니다.

오답노트
   기출 문제를 푸는데서 끝이 아닌, 틀린 문제들을 모아서 다시 풀어보세요.
   다른 유저들은 어떤 지문을 선택했는지 비교해보세요.

각종 한능검 통계
   실전 풀이 후 유저들 사이에서 내 순위, 상위 %, 전체 평균 등을 비교해 보세요. 
   실전연습, 회차별, 시대별, 유형별, 키워드별, 공부시간 통계 등 다양한 통계를 통해 효율적인 학습을 구성하세요.

OMR 시험지 채점
   원유철 선생님은 매 회 직접 시험을 치고, 시험 직후 답안지를 올리고 있습니다.
   내 답안을 올려 즉시 점수를 확인하고, 유저들 사이에서 내 순위, 상위 %, 전체 평균 등을 확인하세요.

기출 지문으로 만든 OX, 선지, 빈칸 키워드 랭킹전
   기출지문에서 뽑아 만든 간단한 퀴즈를 통해 한능검 시험을 학습하세요.
   내 랭킹을 높여 매 회차 제공되는 커피 쿠폰을 추첨 받아 보세요.",교육,https://play.google.com/store/apps/details?id=com.litoc.won_history&hl=ko&gl=kr,,,,,,
android,kr,com.hdclabs.mcsp,insite,"공간을 똑똑하게, 더욱 안전하게!
사람을 향하는 섬세한 배려까지 더합니다.
[ insite ]

insite는 건물의 모든 상황을 데이터화하고 분석합니다.
또한 실시간으로 문제를 예측하고 사전에 방지합니다.

필요할때 언제든 한눈에 웹과 모바일로 확인할 수 있고,
궁금할 때 바로 대답해 드립니다.

이것이 바로 기술의 차이입니다.

■ CORE 01.
스탠다드 워크
(Standard work)
사람의 주관적 판단이 아닌 표준화된 체계와 디지털 기반으로 관리합니다.

■ CORE 02.
데이터 드리븐
(Data-driven)
데이터가 쌓이면 같은 인원으로도 더 많은 일을 할 수 있게 합니다.

■ CORE 03.
온타임 커뮤니케이션
(On-time communication)
고객 불편 사항, 해결 방법, 지시와 보고까지, 소통에 빈틈을 없앱니다.

■ CORE 04.
커스텀 플랫폼
(Custom platform)
모든 건물의 특성, 목적, 시설에 맞게 최적화된 방법으로 관리합니다.

■ CORE 05.
밸류업 전략
(Value-up strategy)
건물은 계속 진화합니다. 에너지, 시설, 제도와 법률까지 모든 것을 최적화합니다.


[ 주요 서비스 ]

1. 통합관제센터
통합관제운영에 최적화된 대시보드를 통한 실시간 모니터링 환경 구성

2. RMS(Remote Monitoring System)
365일 실시간(24H) 통합관제 서비스 이중감시 체계 유지

3. ECM(Energy Conservation Measure)
HDC랩스 전문인력 진단·분석으로 지속적 에너지 절감 실현

4. BIM(Building Information Modeling)
관리 인력 최적화 구성을 통한 업무 효율 극대화

5. VOC(Voice of Customer)
고객불편 접수부터 처리, 통계 분석까지 신속한 고객응대

6. FMS(Facility Management System)
업무 연속성 유지와 신속한 작업처리·보고체계 구축",생산성,https://play.google.com/store/apps/details?id=com.hdclabs.mcsp&hl=ko&gl=kr,,,,,,
android,kr,com.rfdevelopments.genomapp,Genomapp: Raw DNA Analysis,"<b>DNA 검사</b> 데이터를 분석하고 유전자가 당신에게 무엇을 말해줄 수 있는지 알아보세요. Genomapp은 사용자의 정보를 과학 연구의 공개 데이터베이스와 상호 참조하여 시각적이고 직관적인 방식으로 결과를 보여주는 전문 <b>유전자 참조 도구</b>입니다.

<b>DNA 검사</b>를 받으셨나요? 당신의 유전자가 많은 것을 말해준다는 사실을 알고 계셨나요? 당신의 DNA에 대해 더 자세히 알고 싶으신가요? 생각보다 간단합니다.

<b>*** Ancestry.com 및 23andMe와 호환</b>

23andMe, AncestryDNA, FTDNA 또는 MyHeritage와 같은 서비스에서 <b>원시 DNA 데이터 파일</b>을 이미 가지고 있다면 안전하게 사용할 수 있습니다. Genomapp은 <b>Ancestry.com</b> 또는 <b>23andMe</b> 결과를 ​​기반으로 개인 맞춤형 <b>유전자 탐색</b>을 제공합니다. 이 도구는 수천 개의 유전적 마커(SNP)를 신속하게 식별하고 과학적 증거에 기반한 건강 관련성을 보여줍니다.

<b>*** 개인정보 보호 및 보안 (100% 기기 내 저장)</b>

고객님의 개인정보 보호는 저희의 최우선 과제입니다.

• 고객님의 데이터는 기기에 안전하게 보관됩니다.

• 유전자 파일은 저희 서버에 저장되거나 업로드되지 않습니다.

• 저희는 유전자 데이터를 제3자와 공유하지 않습니다.

<b>*** 시작해 볼까요?</b>

Genomapp은 <b>데모 모드</b>를 제공합니다. 앱을 사용해 보거나 사용법을 배우고 싶으시다면, 모든 기능을 무료로 이용할 수 있는 버전을 사용해 보세요.

<b>*** Genomapp은 무엇을 제공하나요?</b>

Genomapp은 3가지 무료 보고서와 3가지 프리미엄 보고서를 제공합니다.
• <b>복합 질환:</b> 유전적 요인과 환경적 요인이 복합적으로 작용하는 질환과 관련된 마커에 대한 문헌 정보

• <b>유전성 질환:</b> 단일 유전자의 <b>돌연변이</b>로 인해 발생하는 질환과 관련된 마커에 대한 과학적 기록

• <b>약리학적 화합물:</b> 동료 평가를 거친 과학 연구에서 발견된 약물-표지자 연관성.

<b>유전적 특성:</b> 유전자에 의해 발현되는 특성 또는 속성.

<b>관찰 가능한 징후:</b> 신체적 징후와 관련된 표지자 이해.

<b>혈액형:</b> 수혈 또는 임신과 관련된 문헌상의 표지자.

<b>*** 전문적인 유전적 분석</b>

• <b>메틸화 및 MTHFR:</b> 대사 건강 연구, 엽산, 그리고 <b>MTHFR</b> 유전자에 중점.

<b>노화 및 장수:</b> <b>노화</b> 메커니즘에 대한 연구에서 언급된 유전적 표지자 탐색.

<b>*** 인증</b>

본 앱은 mHealth.cat 사무국(TIC Salut 사회재단)의 검토를 거쳤습니다. 이는 콘텐츠의 품질과 기능의 유용성이 평가되어 건강 관련 교육 콘텐츠의 신뢰성 요건을 충족함을 의미합니다.

<b>*** 진단용이 아닙니다</b>

Genomapp은 <b>의학 참고 및 교육 도구</b>입니다. 진단 목적으로 사용하거나 의학적 조언 또는 임상적 의사결정 지원을 제공하지 않습니다. 모든 건강 관련 문제는 반드시 의료 전문가와 상담하십시오.

<b>*** 데이터베이스</b>

9,500개 이상의 질환, 12,400개 이상의 유전자, 180,000개 이상의 <b>유전적 마커</b>로 구성된 데이터베이스를 검색하세요. 본 도구는 <b>유방암</b>, 알츠하이머병, 파킨슨병을 포함한 다양한 질환에 대한 과학적 연구 자료에 쉽게 접근할 수 있도록 지원합니다. 또한 <b>BRCA</b>, PTEN, P53과 같은 종양 억제 유전자에 대한 문헌 정보도 제공합니다.

<b>*** 이해하기 쉬움</b>

Genomapp은 DNA 마커를 보기 쉽게 표시합니다. 개인 맞춤형 <b>유전 보고서</b>를 PDF 파일로 내보내어 개인적인 연구 및 기록 보관에 활용하고 언제 어디서든 확인할 수 있습니다.

<b>*** 지원되는 DNA 제공업체</b>

Genomapp은 지속적으로 새로운 제공업체를 추가하고 있습니다. 현재 <b>23andMe, Ancestry.com, Family Tree DNA (FTDNA), MyHeritage</b>, Genes for Good, LivingDNA, Genographics (Geno 2.0), Tellmegen 및 기타 DTC <b>유전자 검사</b> 회사의 파일을 사용할 수 있습니다. Genomapp은 VCF 형식 파일 및 특정 스키마도 지원합니다. (참고: WES/WGS의 VCF 파일은 현재 호환되지 않습니다.)

지금 Genomapp을 사용해 보고 <b>DNA 분석</b>을 시작해 보세요!",건강/운동,https://play.google.com/store/apps/details?id=com.rfdevelopments.genomapp&hl=ko&gl=kr,,,,,,
android,kr,choice.dna.com,Choice DNA & Drug Testing,"저희는 DNA, 약물, 얼굴 대조 검사 서비스를 필요로 하는 모든 분들께 합리적인 가격으로 제공하기 위해 최선을 다하고 있습니다. 어떤 DNA 검사 서비스가 여러분에게 가장 적합한지 고민하는 분들을 위해 명확하고 간편하게 선택하실 수 있도록 도와드립니다. Choice DNA Laboratory는 다양한 법의학 검사 서비스를 소개하고 각 검사 옵션의 장점을 자세히 설명해 드립니다.

Choice DNA는 전국에 6,100개 이상의 지점을 보유하고 있다는 사실을 알고 계셨나요? 가까운 곳에 지점이 있을 가능성이 매우 높으며, 만약 없다면 자택, 사무실, 병원 등 어디든 방문 서비스를 제공해 드립니다. 또한, 집에서 편안하게 사용하실 수 있도록 DNA 키트를 우편으로 보내드리는 서비스도 제공합니다.

무료 전화 상담을 통해 전체 검사 과정을 자세히 설명해 드리고 궁금한 점에 모두 답변해 드립니다.

Choice DNA는 모든 사례를 최대한 존중하고, 기밀을 유지하며, 세심하게 처리합니다. 지금 바로 전화하셔서 검사를 시작해 보세요!

800-219-4362

• 사망자 혈액 카드 (사회 보장 혜택, 개명 등)
• 산전 비침습적 NIPP (아기 출생 전)
• 친자 확인 검사
• 조부모 DNA 검사
• 형제자매 DNA 검사
• 이모/삼촌 DNA 검사
• 가정용 DNA 키트
• 병원 방문 친자 확인 검사
• 쌍둥이 접합성 검사
• 법적 및 비법적 DNA 검사
• 이민 DNA 검사
• 불륜 검사 (배우자 부정행위 확인)
• 얼굴 DNA 대조

DNA 검사 과정...

DNA 검사는 많은 사람들이 생각하는 것보다 훨씬 간단합니다. 볼 안쪽을 면봉으로 살짝 문질러 DNA를 채취한 후, 저희 연구소로 보내 분석합니다. 저희는 고객님의 전화를 받은 후 24시간 이내에 DNA 채취를 예약해 드리는 것을 자랑스럽게 생각합니다. 고객님의 편의를 위해 미국 50개 주 전역에 채취 장소를 운영하고 있습니다. 친자 관계 DNA 검사에 대해 더 자세히 알아보고 싶으시다면 지금 바로 저희 사무실로 연락 주세요. 저희가 도와드리겠습니다!

저희는 약물 검사도 제공합니다...

소변 검사는 정확하고 간편하며 신뢰할 수 있기 때문에 약물 검사의 표준적인 방법입니다. 하지만 약물 검사에는 다른 방법도 있습니다. 예를 들어 모발 검사를 통해 장기간의 약물 사용 여부를 확인할 수 있습니다. 모발 1.5인치(약 3.8cm)당 지난 7일에서 90일 동안의 약물 사용 여부를 확인할 수 있습니다.

타액과 같은 구강액을 이용한 검사도 가능합니다.

약물 검사는 다음 4단계로 간편하게 받으실 수 있습니다.

1. Choice 앱에서 검사 예약을 하세요.

2. 신용카드 또는 체크카드로 결제하세요.

3. 예약 시간에 맞춰 병원 환자 서비스 센터를 방문하세요.

4. 이메일과 Choice 앱에서 검사 결과를 확인하세요!

DNA 얼굴 매칭 서비스를 제공합니다...

✔ 저희는 Face IT DNA Technology LLC의 공식 판매점입니다.

저희 웹사이트 또는 앱 스토어에 접속하여 비교하고 싶은 두 사람의 사진을 업로드하고 결제하시면 당일 결과를 받아보실 수 있습니다. 결과는 앱과 이메일을 통해 제공됩니다. 얼굴 인식 서비스는 실제 구강 면봉 검사나 혈액 DNA 검사를 대체할 수 없습니다.

DNA 얼굴 매칭은 사람의 얼굴을 스캔하여 관련 얼굴 특징을 다른 사람의 얼굴 특징과 비교합니다. 얼굴 매칭 과정을 통해 전문가들은 가족 구성원으로 추정되는 사람에게 유전된 특정 얼굴 특징을 판별할 수 있습니다.

DNA 얼굴 매칭 알고리즘은 다음 영역을 수동으로 스캔하는 데 도움을 줍니다.

✔ 얼굴 패턴
✔ 눈썹 패턴
✔ 눈 패턴
✔ 코 패턴
✔ 귀 패턴
✔ 입술 패턴
✔ 입 패턴
✔ 뺨 패턴
✔ 머리 패턴
✔ 턱 패턴
✔ 피부톤

VALUE 패키지 가격은 $21.99입니다. 기본 패키지 가격은 31.99달러, 프로 패키지 가격은 51.99달러입니다. Ancestry 얼굴 매칭 서비스는 모두 99달러입니다. Ancestry 얼굴 DNA 검사는 형제자매, 사촌, 조부모, 또는 삼촌과 이모, 조카의 얼굴을 비교하여 친자 관계를 확인합니다.

✔ 지금 앱을 다운로드하고 사용하시면 기본 패키지를 25% 할인된 가격에 이용하실 수 있습니다!

집에서 간편하게 DNA 얼굴 매칭을 해보세요:
• 사진 업로드
• 페이스북 및 기타 소셜 미디어 플랫폼에서 찾은 가족 사진 추가",도서/참고자료,https://play.google.com/store/apps/details?id=choice.dna.com&hl=ko&gl=kr,,,,,,
android,kr,com.symantec.mobilesecurity,Norton 360: Mobile Security,"Norton 360은 AI 기반 멀웨어 차단, 바이러스 검사기와 정리 프로그램, 온라인 개인정보 보호를 위한 VPN 등 안티바이러스 기능으로 강력한 모바일 보안을 보장합니다. 내장된 스캠 방지 기능으로 탐색하거나 쇼핑하거나 문자 메시지를 보내는 동안 사용자를 안전하게 보호할 수 있습니다. 

✔ 새로운 기능: 스캠 방지 프로
정교한 스캠에 대비한 AI 기반 보호 기능으로, 이메일, 웹, 전화, SMS 전반에 걸쳐 포괄적으로 보호합니다.
 
- Norton Genie - AI 어시스턴트 
- 안전한 SMS: 스팸 전화에 대한 AI 스캠 방지
- 안전한 웹: 온라인 탐색 시 AI 기능을 사용하여 스캠으로부터 사용자 보호   
- 안전한 통화: 사전에 스캠 및 정크 통화 차단 
- 안전한 이메일: 연중무휴 AI 스캠 방지 기능으로 이메일 받은 편지함 보호  
 
✔ 앱 보안: 멀웨어가 있는 경우 앱을 제거할 수 있도록 실시간 바이러스 검사기와 정리 프로그램이 사용자에게 알림을 보냅니다.📱 
✔ Norton Genie: 사이버 안전 관련 질문에 대한 답변을 받고, 메시지와 YouTube 동영상에서 스캠을 식별할 수 있습니다.[3]
✔ VPN: 은행 수준의 암호화로 개인 정보를 보호하여 더욱 안전하게 연결하고 어디서든 원하는 콘텐츠에 액세스할 수 있습니다. 🌐
✔ WiFi 보안: WiFi 네트워크를 검사하여 장치가 취약한 네트워크에 연결되어 있는지 알 수 있습니다. 🚨
✔ 안전한 SMS: AI 보호 기능으로 피싱 공격을 포함할 수 있는 스팸 SMS 문자 메시지를 필터링합니다. 🚫
✔ 안전한 웹: 첨단 AI를 통해 온라인 탐색 시 방문하는 페이지에서 스캠을 확인하여 스캠으로부터 사용자를 보호합니다. 🔐
✔ 광고 추적기 차단기: 다양한 플랫폼에서 광고를 차단하여 개인정보 보호 및 보안을 강화할 수 있습니다. 🙅
✔ 앱 관리자: 안티바이러스 AI 전화 보호 기능은 신규 및 기존 앱을 검사하여 멀웨어, 랜섬웨어, 개인정보 유출과 같은 모바일 위협을 차단합니다. 🕵️‍♂️🔍
✔ Dark Web Monitoring: 다크 웹을 모니터링하여 사용자의 개인 정보, 보안 또는 개인정보 유출이 발견되면 알림을 제공합니다.[2] 🔦
 
구독 세부 정보 📃 
✔ 기능 가용성은 사용자의 플랜 및 국가에 따라 달라질 수 있습니다.
✔ 7일 평가판을 활성화하려면 연간 구독이 필요합니다(인앱 제품 가격 참조).
✔ 평가판 종료 전에 Google Play 계정에서 구독을 해지하면 요금이 청구되지 않습니다.
✔ 7일 평가판 후 해지하지 않으면 구독이 매년 자동 갱신됩니다.
✔ 구매 후 Google Play 설정에서 구독을 관리하고 자동 갱신을 조정할 수 있습니다.
✔ 7일 평가판은 해당 구독 플랜에 적용되고 혜택에 따라 달라질 수 있습니다. 
 
개인정보처리방침 📃
Norton은 온라인 개인정보를 존중하며 개인 데이터를 철저히 보호합니다. 자세한 정보는 http://www.norton.com/privacy를 참조하십시오.
누구도 모든 사이버 범죄를 예방할 수 없습니다.
[1] Norton Secure VPN은 일부 국가에서 사용할 수 없습니다. 사용자 데이터의 로깅 및 저장을 요구하는 정부 규정으로 인해 인도 내에서는 더 이상 VPN 기능을 사용할 수 없지만, 인도 이외의 국가를 여행할 때는 계속 구독 서비스를 이용할 수 있습니다.
[2] Dark Web Monitoring은 일부 국가에서는 사용할 수 없습니다. 모니터링되는 정보는 거주 국가 또는 플랜 선택에 따라 달라집니다. 기본적으로 이메일 주소를 모니터링하고 즉시 시작됩니다. 모니터링을 위해 추가 정보를 입력하려면 계정에 로그인하십시오.
[3] 현재 조기 액세스 버전으로 제공되며, 영어로 된 YouTube 동영상만 지원됩니다.

Norton 360은 접근성 서비스 API로 방문한 웹사이트 및 Google Play에서 조회한 앱에 대한 데이터를 수집하여 인터넷 보안과 앱 관리자 기능을 제공합니다.
Norton 360은 멀웨어 검사, 스파이웨어 탐지, 바이러스 정리 프로그램, 스마트 VPN을 갖춘 강력한 안티바이러스 보호 기능을 제공하여 온라인 위협으로부터 장치를 안전하게 보호합니다.",도구,https://play.google.com/store/apps/details?id=com.symantec.mobilesecurity&hl=ko&gl=kr,,,,,,
android,kr,com.lemonhc.mcare.dankuk,단국대학교병원,"단국대학교병원을 편리하게 이용할 수 있는 모바일 어플리케이션입니다
설치하시면 단국대학교병원에서 아래와 같은 다양한 서비스를 받으실 수 있습니다.

- 내 일정
 병원에서의 진료일정을 한번에 보실 수 있습니다.
 오늘 일정 및 미래의 일정을 조회할 수 있어요.

- 진료예약
 모바일앱에서 진료예약을 간편하게 할 수 있습니다.
 예약내역도 조회할 수 있어요.

- 진료대기순서
 진료대기순서를 어디에서든 확인할 수 있습니다.
 진료실 앞이 아니라 커피숍에서 기다리셔도 돼요.

- 진료내역
 병원에서 진료 본 내역을 간편하게 확인할 수 있습니다.
 외래, 입원 모두 확인 가능해요.

- 처방약조회
 병원에서 처방 받은 약을 한눈에 확인할 수 있습니다.


# 환자경험과 관련한 서비스가 계속 추가될 예정입니다.",의료,https://play.google.com/store/apps/details?id=com.lemonhc.mcare.dankuk&hl=ko&gl=kr,,,,,,
android,kr,com.dime.edaero,"이대로 - 대입진단, 입시컨설팅, 합격예측","이대로는 대학 입시를 준비하는 수험생과 학부모를 위한 종합 입시 정보 플랫폼입니다.

수능 성적 기반 합격 가능성 분석부터 맞춤형 입시 전략까지, 모바일에 최적화된 편리한 환경에서 대학 입시를 시작하세요.



1. 주요 기능

■ 성적 기반 합격 가능성 분석

- 수능/모의고사 성적 입력으로 간편하게 진단

- 최신 입시 데이터 기반으로 합격 가능 대학 추천

- 안정, 적정, 소신, 위험 4단계별 분석



■  정시 전략 제안

- 최신 입결 데이터 기반 환산점수 자동 계산

- 관심 대학 등록 및 실시간 비교 기능

- 모집군별 최적 지원 전략 제공



■ 입시 상담 게시판

- 입시 전문 컨설턴트가 직접 답변하는 질문 게시판

- 학생들이 올린 입시 고민에 구체적이고 자세한 답변 제공

- 대학별 입결 데이터, 전형 분석, 지원 전략까지 맞춤형 상담

- 수시/정시 혼합 전략 및 학과 추천

- 상위권부터 중하위권까지 모든 학생 대상



2. 이런 분들께 추천합니다

- ""내 성적으로 어느 대학에 갈 수 있을까?"" 궁금한 수험생

- 입시 정보가 부족해 막막한 학부모님

- 체계적인 입시 전략이 필요한 재수생

- 최신 입시 트렌드를 놓치고 싶지 않은 모든 분



3. 자주 묻는 질문

Q. 내 점수로 갈 수 있는 대학이 어디인가요?

- 모의고사, 수능 성적 입력 후 합격 가능 대학 리스트를 확인할 수 있습니다.

Q. 성적진단은 어떻게 이루어 지나요?

- 기본 진단은 무료로 제공되며, 필요시 전문가 상담을 추가로 신청하실 수 있습니다.

Q. 어떻게 진단하나요?

- 회원가입 후 수능 또는 모의고사 성적만 입력하시면 됩니다.



4. 지금 바로 시작하세요

대입 준비, 더 이상 혼자 고민하지 마세요.

데이터 기반의 정확한 분석과 전문가의 조언으로

합격까지 함께 하겠습니다.



5. 고객문의

궁금하신 사항은 카카오톡 채널 또는 고객센터를 통해 문의해주세요.



----

개발자 연락처:

EDUVIA CO., LTD

경기 성남시 분당구 판교로289번길 20 판교테크노밸리 3동 에듀비아

사업자등록번호: 195-88-02925

통신판매업: 제 2024-성남분당A-0456호
----
개발자 연락처 :
EDUVIA CO.,LTD 분당구 판교로 289(이백팔십구)번길 20
성남시, 경기도 13488
South Korea 195-88-02925 제 2024-성남분당A-0456호 성남시",교육,https://play.google.com/store/apps/details?id=com.dime.edaero&hl=ko&gl=kr,,,,,,
android,kr,com.aibloodtestanalyzer.app,AI 혈액검사 분석기,"Kantesti는 복잡한 혈액 검사 결과를 몇 분 만에 명확하고 실행 가능한 건강 인사이트로 바꿔줍니다 - 이제 AI 기반 영양 계획과 본인의 검사 수치를 기반으로 한 맞춤 보충제 추천까지 제공합니다.

검사 리포트(PDF, JPG 또는 PNG)를 업로드하거나 수치를 직접 입력하면, 고급 AI가 결과의 진정한 의미를 설명해 드립니다 - 쉬운 언어로, 75개 이상의 언어로.

신규: AI 영양 및 보충제 모듈
- 혈액 검사 결과로 생성되는 맞춤 식단 계획
- 용량과 복용 시점을 포함한 맞춤 보충제 추천
- 일일 칼로리 목표와 매크로 구성(단백질, 탄수화물, 지방, 식이섬유)
- 구체적인 레시피가 포함된 주간 식단 계획
- 건강 지표에 맞춘 과학 기반 가이드

주요 기능
- 몇 분 만에 끝나는 AI 혈액 검사 해석
- 검사 리포트(PDF/JPG/PNG) 업로드 또는 수치 직접 입력
- 모든 지표에 대한 쉬운 설명(혈구 검사, 콜레스테롤, 혈당, 갑상선, 간, 신장 등)
- 결과 기반 건강 점수 및 위험 지표
- 여러 검사에 걸친 시간별 추세 분석
- 임의의 두 검사 리포트 나란히 비교
- 가족 유전 위험 및 유전자 스크리닝 인사이트
- 의사와 공유할 수 있는 전문 PDF 리포트
- 75개 이상의 언어

이용 방법
1. 혈액 검사 리포트를 업로드하거나 수치를 입력하세요
2. AI가 15~20개 이상의 항목을 한 번에 분석합니다
3. 건강 점수, 위험 지표, 인사이트를 즉시 확인하세요
4. 맞춤 영양 및 보충제 추천을 받으세요
5. 과거 비교로 진행 상황을 추적하세요
6. 전체 PDF 리포트를 내보내세요

왜 Kantesti인가요?
- 상세하고 이해하기 쉬운 설명을 제공하는 고급 AI
- 예약 대기 없는 즉각적인 결과
- 맞춤 영양 및 보충제 가이드
- 75개 이상 언어 지원
- 은행 수준의 암호화, 제3자 광고 없음
- 전문 진료를 보완하는 합리적인 선택

보안 및 개인정보
귀하의 데이터는 HTTPS/TLS 암호화로 보호됩니다. 당사는 귀하의 개인정보를 절대 판매하지 않으며 제3자 광고를 절대 표시하지 않습니다.

의료 면책 조항
이 앱은 정보 제공 및 교육 목적으로만 제공됩니다. 의학적 진단, 치료 또는 조언을 제공하지 않습니다. 의학적 결정을 내리거나 식단 또는 보충제를 변경하기 전에 항상 의사나 자격을 갖춘 의료 전문가와 상담하세요. 이 앱의 정보를 이유로 전문적인 의학적 조언을 절대 무시하지 마세요. Kantesti는 의료기기가 아니며 의료 용도로 규제 당국의 평가를 받지 않았습니다.

Kantesti를 다운로드하고 AI 기반 혈액 검사 인사이트, 맞춤 영양 계획, 보충제 추천으로 건강을 관리하세요.",의료,https://play.google.com/store/apps/details?id=com.aibloodtestanalyzer.app&hl=ko&gl=kr,,,,,,
android,kr,com.theragenbio.genestart,GeneStart+,젠스타트 플러스 유전자 검사 결과 확인용 앱입니다.,건강/운동,https://play.google.com/store/apps/details?id=com.theragenbio.genestart&hl=ko&gl=kr,,,,,,
android,kr,jeongwookdongeun.checkeye,"시력검사,색맹검사,간이 시력 테스트 -이지 아이 체크","손쉽게 시력 색맹 검사를 할 수 있는 '이지 아이 체크' 입니다!

어플 사용시 밝기를 조절하여 어둡지 않게 유지해 주시고 사용해주세요.

시력 테스트의 경우 정확한 측정을 위해서 이미지상의 척도를 1cm 로  맞추고 6m 떨어진 곳에서 테스트를 진행하여 주세요.

색맹검사의 경우 블루 스크린 해제 상태로 진행하여 주세요.

※ 본 서비스는 간이 측정 결과이므로 정확하지 않을 수 있습니다. 정확한 측정은 안과 및 안경원을 이용해주시기 바랍니다.


문의&오류
mybiggold@naver.com

developed by J&D
----
개발자 연락처 :
김정욱 5, Jeongdeun-ro, Suji-gu, Yongin-si, Gyeonggi-do, Republic of Korea
1602
수지구, 용인시, 경기도 16873
South Korea 8063301614 2024-용인수지-1791 본인신고",의료,https://play.google.com/store/apps/details?id=jeongwookdongeun.checkeye&hl=ko&gl=kr,,,,,,
android,kr,com.wegene.future,微基因,"【제품 소개】 WeGene 앱은 여러분의 유전적 여정을 함께하며 다음과 같은 기능을 제공합니다.

- 유전자 검사 키트 구매

- 유전자 검사 결과 확인

- 검사 결과 무료 업데이트 제공

- 흥미롭고 재미있는 유전 관련 정보 읽기 및 공유

더욱 전문적이고 유용한 기능들이 지속적으로 추가될 예정이니 기대해 주세요!

【검사 방법】 WeGene 키트를 온라인으로 구매하세요. 키트를 받으신 후 집에서 타액 샘플을 채취하여 무료로 연구소로 보내주시면 됩니다. 유전자 검사 결과는 영업일 기준 5일에서 5주 이내에 모바일 기기에서 언제 어디서든 확인하실 수 있습니다.

【검사 항목】 위진은 조상 분석, 건강 위험, 영양 대사, 운동 유전자, 피부 특성, 심리적 특성, 유전적 특성, 유전 질환, 약물 복용 가이드라인, 생활 습관 가이드, 감염 저항력, 노출 위험 등 15개 범주에 걸쳐 900개 이상의 보고서와 900개 이상의 세부 해석을 제공하여 여러분의 ""기본 설정""을 완벽하게 이해할 수 있도록 종합적이고 상세한 보고서를 제공합니다.

- 조상 분석: 아시아계 조상 계산에 중점을 두고 유전자 검사를 통해 여러분의 뿌리를 추적하고 혈통의 비밀을 밝혀냅니다. 유전자 검사는 민족 구성과 조상의 이동 경로뿐만 아니라, 여러분 안에 숨겨진 멸종된 인종의 유전적 흔적까지도 밝혀낼 수 있습니다.

- 건강 위험: 유전자 데이터 시대에 건강을 유지하는 방법. 유전자 검사 데이터와 고도의 과학적 계산 모델을 통해 다양한 질병의 위험을 예측하여 생활 습관을 조정하고 질병 발생을 예방할 수 있습니다.

- 영양 ​​대사: 과학적인 건강 식단 관리.

- 운동 유전자: 과학적인 라이프스타일 컨설턴트가 당신의 체형을 가꾸고 최적의 운동 계획을 세울 수 있도록 도와드립니다.

운동 능력과 영양 대사는 유전자와 밀접한 관련이 있습니다. 신체의 운동 유전자 특성을 이해하면 매일의 운동과 식단에 대한 정확하고 효율적인 지침을 얻을 수 있습니다.

- 피부 특성: 개인 맞춤형 스킨케어 매니저로서, 아름다움과 피부 관리는 피부의 모든 특성을 깊이 이해하는 것에서 시작됩니다. 8가지 차원을 통해 피부 유형을 분석하여 자신의 피부 특성을 더 잘 이해하고 더욱 적합한 스킨케어 계획을 세울 수 있도록 도와드립니다.

- 심리적 특성: 유전적 수준에서 당신의 심리적 특성을 이해합니다. - 유전적 특성: 가족 구성원의 특성을 알아봅니다. 모든 개인은 고유한 특성을 가지고 있으며, 모든 가족은 고유한 유전적 특성을 가지고 있습니다.

- 유전 질환: 유전 질환 검사를 통해 자신의 건강 상태를 파악하고 사랑하는 사람들에게 더 나은 미래를 선물하세요.

- 약물 복용 가이드: 과학적인 약물 복용 지침을 제공합니다. 유전자형에 따라 약물 흡수율과 부작용이 다를 수 있습니다. 다양한 약물에 대한 신체의 반응을 이해하는 것이 중요합니다.

이 앱에는 유전자 검사 결과를 바탕으로 한 의료, 건강 또는 약물 정보가 포함될 수 있습니다. 이 정보는 진단이나 치료의 직접적인 근거로 사용해서는 안 됩니다. 필요한 경우, 검사 결과를 바탕으로 의료 전문가 또는 의사와 상담하여 의학적 조언을 받으십시오.

- 생활 습관 가이드: 다양한 생활 습관이 나에게 어떤 영향을 미칠까요? 선천적 요인이 후천적 요인에 영향을 미쳐 정확한 건강 가이드를 제공합니다.

- 감염 저항력: 특정 병원균에 대한 항체 보유 여부를 통해 감염 위험을 확인하세요.

- 노출 위험도: 다양한 위험 요인에 직면했을 때, 당신의 유전자는 위험을 증가시킬까요, 감소시킬까요?

WeGene은 검사에 참여한 모든 사용자에게 지속적인 보고서 업데이트를 제공합니다.

더욱 다양한 유전자 탐색 기능을 만나보세요.

【문의하기】 제품에 대한 의견이나 제안이 있으시면 언제든지 연락주세요!

공식 웹사이트: www.wegene.com
위챗 공식 계정: 위챗 (ID: WegeneService)
고객센터 이메일: service@wegene.com",건강/운동,https://play.google.com/store/apps/details?id=com.wegene.future&hl=ko&gl=kr,,,,,,
android,kr,com.mrp.clarkpass,클락패스 I 유전자정보와 건강정보를 연계한 보험분석,"내 보험진단의 시작, 클락패스와 함께 해요
클락패스는 유전자정보와 건강정보를 종합분석하여 소비자에게 맞춤형 보험 분석 및 진단 서비스를 제공해요.
손실없는 보험관리가 필요하다면 지금 바로 클락패스 앱을 설치하세요.

∙ 클락패스는 이런 기능을 제공해요.
 - 유전자 정보, 건강정보와 금융 마이데이터가 연계된 초개인화 보험 담보 분석 서비스를 제공해요.
 - 유전자정보, 건강정보, 마이데이터에 대한 각각의 분석결과와 이를 케이스별로 조합해 인공지능 알고리즘을 통해 가입보험의 적절성을 분석해 드려요.
 - 건강정보분석결과, 건강정보+유전자 정보 분석결과, 건강+유전자 연계 가입보험의 진단 및 분석


∙ 클락패스는 민감한 유전자정보와 건강정보를 이렇게 안전하게 관리해요! 
 - 정보보호 부서를 두고 주기적으로 보안 점검을 실시해요.
 - 시스템 에러가 발생하는 것을 방지하기 위해 QA부서를 별도로 운영하고 있어요.
 - 서비스를 이용하는 과정에서 고객에게 리스크가 발생하는지 감시하는 준법감시 부서를 독립 운영하고 있어요. 

∙ 클락패스는 AI 보험 진단 '아이지넷', AI기반 유전자분석 전문 기업 '랩지노믹스', 건강검진정보 기반의 생체나이 서비스 전문기업 '제노코어BS' 3사가 참여한 공인된 앱입니다. 
 - KOLAS 공인시험성적서 및 시큐어코딩진단 결과 모두 만족(All Pass)하여 안심하고 사용할 수 있어요.
 - 현재, 더 나아가 미래까지 대비할 수 있도록 정확하고 신뢰할 수 있는 보험 분석 및 진단 서비스를 제공해요. 

∙ 클락패스, 불편한 점이 있을 땐 알려주세요.
 - 클락패스 (email) : clarkpass_cs@aijinet.com
 - 클락패스 (카카오채널) : http://pf.kakao.com/_xmrxkxixj/chat

∙ 클락패스, 사용할 때 이런 권한을 요청드려요.
 - 필수적 접근 권한
  1) 기기 및 앱 기록: 앱 상태(버전) 확인 목적
  2) ID: 기기 식별 및 트래킹
 - 선택적 접근 권한
  1) 전화: 문의 발생 시 전화걸기 및 관리
  2) SMS: 인증번호 확인 및 입력
  * 선택 권한은 허용하지 않아도 해당 기능 외 서비스 사용이 가능합니다.
  * 안드로이드 정책에 따라 OS 6.0 미만에서는 모든 권한을 필수로 허용해야 합니다.
    권한을 선택적으로 허용하고 싶다면 OS 버전을 업데이트 하세요.",금융,https://play.google.com/store/apps/details?id=com.mrp.clarkpass&hl=ko&gl=kr,,,,,,
android,kr,com.ironpig.inganai,"ingan.ai : AI 심리분석, 심리상담, 고민상담","ingan.ai는 기존 설문형 심리검사의 한계를 뛰어넘기 위해 만들어졌습니다.
설문형 심리검사는 ""자기 인식""이 잘못될 경우 정확도가 크게 떨어집니다.

- 자연스러운 행동과 창작물에서 심리를 분석한다면?
설문이 아닌, 일상에서 누적된 인간의 행동과 창작물을 분석하면 훨씬 더 양질의 데이터로 심리분석이 가능합니다. 하지만, 기존 방식은 많은 인력과 수작업이 필요해 현실적으로 어려웠습니다.

- ingan.ai는 이 문제를 AI와 인스타그램으로 해결합니다.
인간의 욕망, 결핍, 무의식이 반영된 인스타그램 데이터를 최신 심리분석 AI가 분석합니다. AI는 인스타그램에서 무의식을 포착하고, 패턴을 분석합니다.

- AI를 이용한 완전히 새로운 심리분석
자가 인식에 의존하지 않습니다. 인스타그램 ID만 입력하면, 당신만의 심리 리포트가 완성됩니다.
----
개발자 연락처 :
주식회사 아이언피그 마포구 월드컵북로6길 57-6, 1층 (연남동)
마포구, 서울특별시 03991
South Korea 2348703557 없음 없음",소셜,https://play.google.com/store/apps/details?id=com.ironpig.inganai&hl=ko&gl=kr,,,,,,
android,kr,com.yourname.koreahistory.kh_battle,나만의 한능검-한국사능력검정시험 심화 개념·기출 학습,"나만의 한능검은 모바일 환경에서 한국사능력검정시험 심화 기출문제를 더 편하게 풀고, 효율적으로 복습할 수 있도록 만든 학습 앱입니다.

복잡한 한능검 기출문제도 스마트폰 화면에서 보기 편하도록 구성했습니다. 문제와 선지가 한눈에 들어오도록 문제 풀이 화면을 정리하고, 회차별 기출, 유형별 기출, 키워드별 기출, 오답노트, 문제별 메모 기능을 자연스럽게 연결했습니다.

해설은 단순히 정답만 확인하는 방식이 아니라, 문제를 읽고 답을 찾아가는 사고 흐름에 맞춰 이해할 수 있도록 구성했습니다. 자세한 해설과 선지별 해설을 통해 각 선지가 왜 맞고 왜 틀렸는지 확인하며 복습할 수 있습니다.

중요한 문제와 헷갈리는 선지는 따로 저장할 수 있습니다. 문제 저장과 선지 저장 기능을 활용하면 자주 틀리는 개념, 헷갈리는 인물, 반복해서 나오는 키워드를 모아 나만의 맞춤 학습 자료처럼 활용할 수 있습니다.

학습 기록을 바탕으로 유형별 통계와 약점 분석을 확인할 수 있습니다. 어느 시대와 유형이 강점인지, 어떤 파트를 더 보완해야 하는지 한눈에 파악하고 부족한 부분을 중심으로 다시 학습할 수 있습니다.

또한 한국사 핵심 개념을 인포그래픽으로 정리하여 복잡한 내용을 빠르게 이해할 수 있도록 구성했습니다. 자주 출제되는 문화재도 따로 모아볼 수 있어 시험 전 빠른 복습에 도움이 됩니다.

주요 기능
한국사능력검정시험 심화 기출문제 풀이
모바일에 최적화된 문제 화면
회차별 기출, 유형별 기출, 키워드별 기출 학습
사고 흐름에 맞춘 자세한 해설
선지별 해설을 통한 정답·오답 이유 확인
OX 체크 기능을 통한 풀이 결과 확인
문제 저장 및 선지 저장 기능
저장한 문제와 선지를 활용한 맞춤 학습
최근 풀이 기준 오답노트
문제별 메모 기능
유형별 통계 분석과 약점 파악
인포그래픽을 활용한 핵심 개념 공부
빈출 문화재 모아보기

프리미엄 이용권을 구매하면 개념공부, 유형별 통계, 유형별 기출, 키워드별 기출, 오답노트, 자세한 해설, 선지별 해설 등 프리미엄 콘텐츠를 기간 제한 없이 이용할 수 있습니다.
----
개발자 연락처 :
김상규 신설동역대우아이빌
101동 708호
동대문구, 서울특별시 02583
South Korea 7140803174 제2026-서울동대문-0766호 동대문구청",교육,https://play.google.com/store/apps/details?id=com.yourname.koreahistory.kh_battle&hl=ko&gl=kr,,,,,,
android,kr,com.zeroxflow.onehour,원아워(1hour) 영어 수업 준비와 학습을 한 번에,"- 선생님은 유튜브 영상, 음성, 텍스트 자료만 넣으면, 문장과 단어가 자동 추출되어 즉시 수업 콘텐츠로 완성돼요.
- 학생은 원아워 앱 하나로 말하기, 단어, 문장, 에세이 작성 과제를 언제 어디서나 수행할 수 있어요.
과제에 대한 실시간 발음 및 영작 피드백도 받을 수 있어, 스스로 학습을 이어갈 수 있어요.
- 과제 결과는 자동 리포트로 정리되어, 학생별 학습 현황을 쉽게 파악할 수 있어요.",교육,https://play.google.com/store/apps/details?id=com.zeroxflow.onehour&hl=ko&gl=kr,,,,,,
android,kr,com.mygenes.myapp,MyGenes,"과도한 체지방을 제거하고, 혈당 수치를 균형 있게 유지하며, 건강을 개선하세요. 세계 최고 수준의 유전자 검사를 통해 다이어트나 칼로리 제한 없이, 세상에서 가장 진보된 방법으로 건강을 관리하세요.

• 유전자 보고서

유전자 보고서를 통해 여러분의 유전적 특성에 대한 모든 정보를 얻을 수 있습니다. 보고서에 담긴 정보는 여러분의 유전자 검사 결과를 분석하여 얻은 것으로, 마치 ""신체 작동 지침""과 같습니다.

유전자 분석 보고서를 통해 다음을 확인할 수 있습니다.

• 나에게 맞는 음식과 피해야 할 음식

• 제2형 당뇨병 발병 유전적 소인이 있는지, 있다면 혈당 조절을 위해 무엇을 해야 하는지
• 어떤 음식에 민감한지
• 생체 시계 기능과 관련된 유전자 분석을 통해 최적의 식사 시간과 하루 식사 횟수
• 유전적으로 결핍되기 쉬운 비타민과 미네랄
• 다양한 대사 질환에 대한 유전적 소인과 예방 방법

계산기:

• 인공지능 알고리즘 기반의 계산기는 유전자 검사 결과, 생활 습관, 혈액 검사 결과 세 가지 요소를 고려합니다.
• 체중 감량, 혈당 조절, 건강 증진을 위해 필요한 구체적인 변화에 대한 실용적이고 맞춤화된 권장 사항을 제시합니다.
• 권장 사항 이행 과정을 지속적으로 모니터링하여 최종적으로 실천에 옮길 때까지 지원합니다.

식품 가이드:
• 식품 가이드는 과학적이고 기술적인 혁신입니다. 이 앱을 통해 어떤 음식과 레시피가 당신의 유전자에 적합한지, 그리고 체중 감량, 혈당 조절, 건강 증진을 위해 어떤 음식을 피해야 하는지 쉽게 알 수 있습니다.
• 각 음식/레시피/식사에 대한 유전자 적합도를 0~100% 범위로 확인하세요.
• 각 식사의 유전자 적합도를 높이기 위해 추천하는 음식 조합을 알아보세요.
• 당신의 유전자에 맞춘 레시피를 만들어 보세요.
• 나만의 메뉴를 구성하고 유전자 적합도에 대한 실시간 피드백을 받아보세요.
• 매 끼니 섭취한 음식을 실시간으로 기록하고 유전자 적합도 모니터링 및 개선 권장 사항을 받아보세요.

스포츠:
• 신체의 운동 반응과 관련된 수십 가지 유전자 변이 분석을 통해, 목표를 가장 빠르고 정확하게 달성할 수 있도록 자신에게 가장 적합한 훈련 계획을 직접 세울 수 있습니다.

*** 이 앱은 MyGenes 유전자 검사를 구매하신 고객만 이용하실 수 있습니다.

앱의 기능은 구매하신 테스트의 종류/범위에 따라 이용 가능합니다.

구매 및 자세한 정보는 MyGenes.co.il에서 확인하세요.

인용문 및 출처 링크:

“행동 치료는 많은 환자에게 건강 개선에 충분한 체중 감량 효과를 가져올 수 있습니다.”

링크 -

https://mygenes.co.il/wp-content/uploads/2020/07/Improved-weight-management-using-genetic-information-to-personalize-a-calorie-controlled-diet-2.pdf

“우리는 세 집단 모두에서 APOA2 -265T>C와 포화지방(SATFAT) 간의 통계적으로 유의미한 상호작용을 확인했습니다.”

링크 -

https://mygenes.co.il/wp-content/uploads/2020/07/APOA2-Dietary-Fat-and-Body-Mass-Index-Replication-of-a-Gene-Diet-Interaction-in-3-Independent-Populations-1.pdf

“유전적 요인과 체질량 지수(BMI) 간의 상호작용” ""그리고 생활 습관 요인들이 개인의 질병 위험에 영향을 미치므로, 맞춤형 예방을 위해서는 다중 오믹스 접근법이 필수적입니다.""

링크 -

https://www.nature.com/articles/s41598-019-43058-0

""심혈관 질환(CVD)은 유전적 요인과 환경적 요인의 복잡한 상호작용의 결과입니다.""

링크 -

https://mygenes.co.il/wp-content/uploads/2020/07/CVD.pdf

""이번 연구 결과는 RRV 운동에 유전적 요인이 관여한다는 가설을 뒷받침합니다.""

링크 -

https://mygenes.co.il/wp-content/uploads/2020/07/%D7%92%D7%9F-%D7%9C%D7%93%D7%95%D7%A4%D7%9E%D7%99%D7%9F-%D7%95%D7%A4%D7%A2%D7%99%D7%9C%D7%95%D7%AA-%D7%92%D7%95%D7%A4%D7%A0%D7%99%D7%AA.pdf",건강/운동,https://play.google.com/store/apps/details?id=com.mygenes.myapp&hl=ko&gl=kr,,,,,,
android,kr,com.danbikebi.heutonmobile,"휴튼 - AI 자기성찰, 자아성찰, 회고","휴튼은 스스로 몰랐던 부분에 대해 생각해볼 수 있는 질문을 받을 수 있는 자아성찰 앱입니다. 나를 가장 잘 이해하는 AI가 오직 나에 대한 질문을 던져요. 하루에 하나씩 휴튼의 질문에 답하는 과정에서 나도 몰랐던 나를 알아갈 수 있어요. 뿐만 아니라, 답변이 쌓일수록 휴튼이 나를 점점 더 깊이 이해해서, 고민 상담이나 나에 대한 인사이트도 제공해준답니다.

우리가 삶에 있어서 보다 뚜렷한 나만의 방향성을 갖기 위해서는 나 자신과 끊임없이 대화를 나눠야 합니다.

하지만 모든 것이 점점 더 빨라지고 더 많아지는 세상에서, 삶의 무게중심을 내 안에 잡기란 결코 쉽지 않습니다. 우리의 시선은 자꾸 바깥을 향하려고 하니까요. 삶의 기준이 내 안이 아닌 밖에 있으면 우리는 언제나 불안과 FOMO를 느낄 수밖에 없습니다.

그래서 휴튼은 '좋은 질문'을 던집니다. 휴튼은 좋은 질문을 통해 나 자신과 대화를 나눌 수 있는 수단입니다. 휴튼은 자기만의 가치관을 세우는 곳입니다. 휴튼은 생각이 점점 얕아지는 이 시대에 깊은 성찰의 가치를 이해하는 사람들을 위한 공간입니다.
----
개발자 연락처 :
오영준 삼성동 선릉로112길 53
강남구, 서울특별시 06097
South Korea 8221202395 8221202395 서울시",건강/운동,https://play.google.com/store/apps/details?id=com.danbikebi.heutonmobile&hl=ko&gl=kr,,,,,,
android,kr,air.com.myheritage.mobile,MyHeritage: Family Tree & DNA,"<b> 계보 검색 도구와 직관적인 가계도 작성기를 통해 뿌리를 탐구하고, 새로운 친척을 찾고, 놀라운 발견을 하세요. 전 세계 사용자 커뮤니티에 참여하여 조상과 가족 역사를 손쉽게 지도에 표시하세요.</b>

 LiveMemory™ 
LiveMemory™를 사용하여 AI 기반 비디오로 추억을 생생하게 만들어 보세요! AI 기반 사진 애니메이션으로 사진을 비디오 클립으로 변환하고 소중한 순간을 다시 경험해 보세요. 가족 사진 전체에 애니메이션을 적용하여 생생한 비디오로 추억을 되살려 보세요. 저희 AI 비디오 생성기는 사진에 생동감을 불어넣는 애니메이션 추억을 만들어 드립니다. 소셜 미디어에 공유하고 가족과 친구들을 놀라게 하세요!

<b> 가계도 만들기 </b>
몇 명의 이름을 입력하여 가계도를 시작하세요. 나머지는 MyHeritage가 알아서 처리해 드립니다. 저희의 계보 연구를 위한 매칭 기술은 전 세계 사용자가 구축한 8,100만 개의 다양한 가계도 컬렉션과 210억 개의 역사적 기록이 담긴 방대한 데이터베이스에서 자동으로 새로운 정보를 찾아드립니다. 이 가계도 제작 앱으로 가족 역사가 생생하게 펼쳐지는 모습을 감상하고 흥미로운 발견을 하세요.

<b>즉각적인 가족 역사 발견</b>
MyHeritage의 계보 검색 기능을 사용하면 내 가계도를 다른 가계도 및 역사 기록과 쉽게 연결하여 조상에 대한 의미 있고 새로운 통찰력을 얻을 수 있습니다. MyHeritage의 강력한 검색 및 매칭 기술로 가계도를 더욱 풍성하게 만드세요.

<b>Smart Matches™</b>
내 가계도를 다른 가계도와 자동으로 연결하여 가족 기원에 대한 새로운 정보를 제공하는 독창적인 기술입니다.
Record Matches: 전 세계 역사 기록 컬렉션에서 조상에 대한 새로운 정보를 찾는 혁신적인 기술입니다.
Instant Discoveries™: 한 번의 클릭으로 가계도에 전체 가계도와 사진을 추가하는 유용한 기능입니다.

<b>역사 기록에서 조상 찾기</b>
전 세계 210억 개의 역사 기록이 있는 MyHeritage의 방대한 데이터베이스에서 내 가족 역사를 탐색해 보세요. 역사 기록 컬렉션에는 66개국의 출생, 결혼, 사망 증명서와 같은 중요 기록, 인구 조사 및 이민 기록, 묘비 및 매장 기록 등이 포함되어 있습니다.

<b>딥 노스탤지어™</b>
역사적인 가족 사진에 생동감을 불어넣는 것을 꿈꿔 보신 적이 있으신가요? MyHeritage의 딥 노스탤지어™ 기능을 사용하면 역사적인 가족 사진에 생동감을 불어넣고 조상의 얼굴이 움직이는 모습을 볼 수 있습니다! 딥 노스탤지어™는 AI 기술을 사용하여 역사적인 사진에 새로운 생명을 불어넣고 가족 역사의 순간들을 재현합니다. 사진 앨범을 꺼내 소중한 가족의 추억과 연결하고 여러 세대에 걸친 역사를 추적하며 조상의 혈통을 찾아보세요.

<b>사진으로 가족 계보를 더욱 풍성하게</b>
오래된 가족이든 새로운 가족이든, 소중한 추억을 담아 공유하세요. 앱에서 가족 사진을 직접 스캔하고 AI 기반 사진 도구를 사용하여 가족 역사에 생동감을 불어넣으세요. Photo Repair로 긁히거나 손상된 사진을 복구하고, 흑백 사진을 컬러로 변환하고, MyHeritage Photo Enhancer로 흐릿한 얼굴을 선명하게 만들어 보세요. Photo Storyteller™로 가족 사진에 담긴 이야기를 기록하고 후손에게 물려주세요.

<b>MyHeritage DNA</b>
당신의 DNA에는 당신만의 고유한 민족적 특징이 담겨 있습니다. 간단한 뺨 면봉 검사만으로 2,114개 지역에 걸친 유전적 유산을 확인할 수 있으며, 이는 다른 어떤 검사보다 많은 정보입니다. 또한 520만 명의 DNA 데이터베이스에서 당신이 몰랐던 친척과 당신을 연결해 줍니다. 앱에서 DNA 결과를 확인하세요. 결과는 비공개로 안전하게 보호되며, 절대 공유되거나 판매되지 않습니다.

지금 바로 MyHeritage를 다운로드하고 올인원 가계도 앱, 사진 애니메이터, 조상 검색 도구로 당신의 뿌리를 찾아보세요.",도서/참고자료,https://play.google.com/store/apps/details?id=air.com.myheritage.mobile&hl=ko&gl=kr,,,,,,
android,kr,com.zyjk.tcm,Zhiyuan TCM,"동료 여러분! 드디어 도착했습니다!
전통 중의학을 시작하는 방법을 알고 싶으신가요? 지금 바로 Zhiyuan Traditional Chinese Medicine을 다운로드하세요.
저명한 선생님들의 고화질, 이해하기 쉬운 교육 영상, 방대한 권위 있는 전통 중의학 처방 지식 베이스, 그리고 병원의 전통 중의학 AI 진단 시스템을 제공합니다. 전통 중의학을 쉽게 시작하고 효율적으로 학습할 수 있도록 도와드립니다! ]
저희를 선택해야 하는 이유
-저명한 전통 중의학 선생님들의 강좌 모음: 이해하기 쉽고, 배우기 쉽고, 고화질
초급부터 고급까지, 다양한 전통 중의학 영상 강좌를 세분화하여 제공하고 있습니다.
다양한 유명 선생님들의 설명과 고화질 영상을 통해 유명 선생님들과 직접 만나 빠르게 학습할 수 있습니다.
-전통 중의학 백과사전 지식 베이스: 방대한 고대 중국 의학 문헌, 1만 가지의 후미 한약, 1만 6천 건 이상의 처방 데이터. 한 번의 클릭으로 간편하게 학습하세요
한의학 전문가 99%가 활용하는 한의학 지식 베이스! 한 번의 클릭으로 한의학, 처방, 진료 기록, 경락 및 경혈, 질병 백과사전, 식재료, 보양식, 한약 및 간편제제에 대한 상세 분석을 제공하는 종합 한의학 백과사전입니다. 원하는 한의학 관련 콘텐츠를 모두 갖추고 있습니다!
- 한의학 기출문제집을 중심으로, 수준 높은 기출 분석을 통해 문제풀이에 어려움을 겪는 분들이 빠르게 점수를 획득할 수 있도록 했습니다.

기출문제를 엄선하여 한의학 기출문제집을 전문적으로 연구하고, 문제의 맥락을 정확히 파악하며, 어렵고 까다로운 문제를 분석합니다.

전문가를 위한 댓글 코너와 문제풀이에 열정적인 분들과의 토론을 통해 점수를 높여보세요!
- 병원과 동일한 인공지능 한의학 진단 시스템을 통해 한의학 증후군 감별 학습 및 건강 경고를 지원합니다!
한 번의 클릭으로 사진 업로드로 감지 보고서 생성: AI 혀 진단, 체력 테스트, AI 대면 진단, 지능형 진단, 컨디셔닝 솔루션에 쉽게 접근하여 건강 상태 자가 진단을 도와드립니다!
- 일일 계획 수립, 과학적 기억력, 시험 점수 간편 암기!
에빙하우스 기억 곡선과 결합된 독점 중의학 카드 세트는 복습 계획을 동적으로 조정하고 암기해야 할 시험 점수를 효율적으로 계획합니다.
- 반드시 사용하게 될 인기 중의학 도구
한상론, 중의학 사전, 십팔항십구회, 양적 변환과 같은 자주 사용되는 도구를 통해 언제 어디서나 효율적으로 중의학을 배울 수 있습니다.
개발자 독백
의학은 군주와 신하에게 천 가지 변화를 주지만, 의학에는 정신만큼 풍요로운 것이 없습니다.
중의학(TCM)은 오늘날까지 전해져 내려오는 문화적 보물이며, 중의학 시술자에게는 중의학을 배우는 것이 하나의 실천입니다.
지난 4년간, 즈위안 팀은 지속적인 업데이트와 최적화를 통해 전통 중의학 동료들에게 든든한 학습 지원을 제공해 왔습니다.
전통 중의학의 정수를 함께 계승하고, 전통 중의학 문화를 계승하는 역사적 사명을 함께하며, 전통 중의학의 발전을 촉진해 나가겠습니다. 앞으로의 길은 멀고 험난하지만, 우리는 오직 함께 나아가기를 바랍니다!",교육,https://play.google.com/store/apps/details?id=com.zyjk.tcm&hl=ko&gl=kr,,,,,,
android,kr,co.byeol.hanneung,한국사 능력,"▪︎한국사 능력 검정 시험 심화 문제를 토대로 체계적인 학습과 실력 검증 기능을 제공합니다.
▪︎2016년 26회부터 최근 회차까지 수록
▪︎학교 선생님들과 한국사 전문 편집자가 만들어 갑니다.

▪︎전자펜 필기 지원
태블릿에서 전자펜으로 필기를 해가며 문제를 풀 수 있습니다
-앱 내 옵션에서 전자펜 사용 설정
-각 문제 하단의 옵션 메뉴를 통해 필기 내용을 저장할 수 있습니다. 저장된 필기는 주제 화면 내 필기 모음에서 확인할 수 있습니다.
-삼성 갤럭시 태블릿과 S펜 공식 지원

▪︎ 230개 한국사 스토리
개념 학습을 위한 한국사 텍스트 강의를 수록했습니다(총 230강).

▪︎ 타임라인 방식 요점 정리
역사의 흐름을 한눈에 파악할 수 있는 요점 정리 화면을 제공합니다.

▪︎ 스피드 학습
짧은 시간 내에 핵심 개념을 학습할 수 있는 스피드 퀴즈 기능을 준비했습니다.
학습 재생 버튼을 누르면 타이머에 맞춰 문제 화면이 자동으로 넘어 갑니다.

▪︎형설지공 모드
이미지의 흰 배경까지 말끔히 정리한 다크 모드 화면을 제공합니다.
최소한의 불빛 속에서 최대한 집중해 보세요.
(안드로이드 10 이상)

▪︎출판 수준의 문제 화면 구성
해상도가 낮은 기출 문제 이미지를 복사해 붙이는 방식은 가독성이 현저히 떨어질 뿐만 아니라 텍스트 검색이 불가능합니다.
특히 꼼꼼히 읽어야 하는 사료는 이미지가 아닌 텍스트로 제공해야 합니다.
별책에서는 모든 문제의 이미지에서 텍스트를 분리해 배치하는 재디자인 과정을 거침으로써 가독성을 출판 수준으로 높이고 텍스트 검색까지 가능하게 했습니다.
모바일 기기의 단점을 최대한 극복하기 위해 손끝으로 화면을 확대해 사료를 더 꼼꼼히 읽을 수 있는 기능도 추가했습니다.

▪︎문제 풀이 후 곧바로 제공되는 해설
직관적이고 명료한 해설이 초록펜 첨삭 방식으로 제공됩니다. 

▪︎다양한 학습 모드
시대별 영역별 주제별 키워드별로 문제를 분류할 수 있습니다.

▪︎선지 집중 학습
문제 풀이의 핵심인 선지만 따로 모아 집중 학습할 수 있습니다.

▪︎한국사 연표 제공
한국사 능력 검정 시험 대비에 최적화한 왕대별 연표를 제공합니다. 

▪︎문제별 요점 정리
주요 문제에는 요점 정리 내용이 추가로 제공됩니다. 

▪︎태블릿 2단 문제 풀이 모드
태블릿 기기에서 실제 시험지처럼 2단으로 구성된 문제 풀이 방식을 제공합니다.

▪︎검색 기능
문제 내의 모든 텍스트를 검색할 수 있습니다.
중요 표시한 문제, 정답률이 낮은 문제 등 문제 관련한 검색 기능도 제공합니다.

▪︎정답률 확인 기능
영역별 문제 정답률을 직관적으로 보여 줍니다.
취약한 영역을 확인하고 집중 학습해 보세요.

문의:info@byeol.co
----
개발자 연락처 :
진봉철 모래내로1길 4
1110호
마포구, 서울특별시 03938
South Korea 1409095276 2 0 2 4 - 서 울 마 포 - 3 0 4 8 본인 직접 신고",교육,https://play.google.com/store/apps/details?id=co.byeol.hanneung&hl=ko&gl=kr,,,,,,
android,kr,com.dnalearning.mobile,DNA Learning,"DNA Learning은 NEET 시험 준비를 위한 완벽한 동반자입니다. 실시간 강의, 연습 문제, 모의고사, 비디오 강의, 스마트한 학습 진도 추적 기능까지, 진지한 수험생을 위해 설계된 모든 것을 하나의 앱에서 제공합니다.

- 실시간 강의
경험이 풍부한 선생님들과 함께하는 실시간 강의에 참여하세요. 개념을 실시간으로 배우고, 궁금한 점을 질문하고, 알림 기능으로 수업을 놓치지 마세요.

- 방대한 문제 은행
생물, 화학, 물리 전반에 걸쳐 수천 개의 단원별 객관식 문제를 연습하세요. NEET 시험 패턴에 맞춰 설계된 문제와 자세한 해설을 통해 모든 주제를 완벽하게 마스터하세요.

- 실시간 모의고사
실제 시험과 유사한 환경에서 시간 제한 내에 모의고사를 풀어보세요. 제출 즉시 점수, 상세 해설, 문제별 풀이를 확인할 수 있습니다.

- 비디오 강의
단원별로 체계적으로 구성된 개념 설명 비디오 강의를 시청하여 원하는 속도로 학습하고 언제든 복습하세요.

- AI 학습 지원 + 멘토링
StudyIQ AI 도우미를 통해 NEET 개념 및 문제 해결에 대한 즉각적인 도움을 받거나, 실제 멘토와 연결하여 개인 맞춤형 지도와 궁금한 점을 해결하세요.

- 성과 분석
자신의 현재 학습 수준을 정확히 파악하세요. 과목별 정확도를 추적하고, 취약 영역을 파악하여 가장 중요한 부분에 집중하세요.

- 꾸준한 학습
매일 학습 기록을 쌓고, 학습 시간을 추적하며, 매일 성장하는 모습을 확인하세요.

NEET 학습 여정을 시작하든, 마지막 복습에 집중하든, DNA Learning은 더 스마트하게 공부하고 더 나은 성과를 내는 데 필요한 모든 것을 제공합니다.

지금 다운로드하고 의대생의 꿈을 향해 한 걸음 나아가세요.",교육,https://play.google.com/store/apps/details?id=com.dnalearning.mobile&hl=ko&gl=kr,,,,,,
android,kr,com.jszc.gpkr,비스트 클래시: 라스트 프런트,"무료 T-렉스 외형 세트, 한정 비스트 ‘블랙 아이언 피그’ 등 군수 물자 제공 중!

심해 항로 밖, 수십 년간 봉쇄된 ARC섬. 공룡을 비롯한 거대한 비스트들이 존재한다.
비스트를 확보하고 전선을 주도하라. 지휘관의 전략과 선택이 ARC섬의 미래를 결정한다.

[게임 특징]
◆ 안정적인 기지 구축
전선 한가운데 기지를 세우고 전쟁의 기반을 다져라.
자원 생산과 병력 운용, 비스트 운용을 관리하며
장기적인 전투를 준비해야 한다.
◆ 강력한 비스트 포획·운용
거대한 비스트를 포획해 핵심 전력으로 확보하라.
훈련과 개조를 통해 전투에 특화된 전력으로 완성하고
전선 상황에 맞춰 전략적으로 운용할 수 있다.
◆ 전투 편성과 전략 운용
비스트와 병력을 편성해 전투를 지휘하라.
전투는 편성과 운용에 따라 서로 다른 결과를 만들어낸다.
선택과 판단이 승패를 가른다.
◆ 대규모 군단 전쟁
ARC섬에는 하나의 군단만 존재하지 않는다.
여러 지휘관과 군단이 충돌하는 전장에서
협력과 경쟁이 동시에 이루어진다.
◆ 당신의 세력 확장
세력을 확장해 장기적인 우위를 확보하라.
거점과 전력을 축적하며 영향력을 넓혀가고
장기적인 운영으로 전쟁의 흐름을 바꿔라.

[고객센터] 
게임 중 문제가 발생할 경우 게임 내 고객센터를 통해 문의해 주세요. 
고객센터 메일: cs@kogking.com
공식 라운지: https://game.naver.com/lounge/Beast_Clash_Last_Front/home",전략,https://play.google.com/store/apps/details?id=com.jszc.gpkr&hl=ko&gl=kr,,,,,,
android,kr,in.karumbu.dnaastrology,DNA Astrology - karumbu.in,"DNA 점성술은 비샬 로케스와란 박사의 제자들을 위한 특별 학습 플랫폼으로, DNA 점성술이라는 관점을 통해 베다 점성술, 카르마, 그리고 운명에 대한 심도 있는 통찰을 제공합니다.

🔮 DNA 점성술이란?

DNA 점성술은 고대 베다의 지혜와 현대적 카르마 이해를 결합한 혁신적인 시스템입니다. 당신의 출생 차트가 어떻게 여러 생애에 걸친 영혼의 여정을 드러내는지 알아보세요.

📚 제공되는 혜택
• 구매하신 모든 강좌 및 강의 이용 가능
• 실시간 및 녹화 영상 강의
• 다른 수강생들과 소통할 수 있는 토론 포럼
• 다샤 기간 및 행성 이동 분석
• 궁합 보고서
• 카르마 분석 도구
• 음성 메모 및 커뮤니티 토론

🌟 주요 기능
• Google, 이메일 또는 휴대폰 OTP를 이용한 안전한 로그인
• karumbu.in 플랫폼에 원활하게 접속 가능
• PDF 보고서 다운로드 및 보기
• 다국어 지원 (영어 및 타밀어)
• 안드로이드 스마트폰 및 태블릿에 최적화

📖 이용 대상

이 앱은 karumbu.in에서 비샬 로케스와란 박사의 수강생으로 등록된 분들만 이용하실 수 있습니다. 앱을 사용하기 전에 karumbu.in에 방문하여 등록 및 강좌 구매를 완료해 주세요.

🔒 개인정보 보호 및 보안
귀하의 데이터는 Supabase 인증으로 보호됩니다. 당사는 귀하의 개인 정보를 제3자와 공유하지 않습니다.

도움이 필요하시면 https://karumbu.in을 방문하시거나 웹사이트를 통해 문의해 주세요.",교육,https://play.google.com/store/apps/details?id=in.karumbu.dnaastrology&hl=ko&gl=kr,,,,,,
android,kr,com.dna.analysis,DNA Analysis,"DNA 분석은 DNA 검사 및 유전자 검증 과정을 간소화하도록 설계된 최첨단 의료 기술 애플리케이션입니다. 앱을 통해 사용자는 간편하게 계정을 생성하고, 개인 의료 데이터를 안전하게 업로드하며, 원하는 검사소 또는 집에서 편안하게 DNA 샘플 채취를 요청할 수 있습니다.

핵심 기능 및 특징:

안전한 등록 및 로그인: 계정을 생성하고 이메일을 인증하여 플랫폼에 접속하세요.

의료 프로필 관리: 혈액형, 유전자형, 병력, 복용 약물 등 개인 건강 정보를 입력하세요.

유전자형 업로드 및 검증: 인증된 분석가의 전문가 검증을 위해 유전자형 결과를 업로드하세요.

샘플 채취 요청: 주소지 또는 근처 검사소 중 DNA 샘플 채취 장소를 선택하세요.

실시간 상태 업데이트: 샘플 채취, 검사, 결과 전달 등 모든 정보를 앱에서 바로 받아보세요.

데이터 개인정보 보호 및 보안: 당사는 업계 표준 암호화 및 개인정보 보호 프로토콜을 사용하여 귀하의 의료 데이터를 안전하게 보호합니다.

정기적인 유전자 검사를 받거나 고급 DNA 분석이 필요한 경우, 이 앱은 귀하의 필요에 맞춰 완벽하고 안전한 맞춤형 솔루션을 제공합니다.

지금 바로 DNA 분석 앱을 다운로드하고 유전 건강을 간편하게 관리하세요.",건강/운동,https://play.google.com/store/apps/details?id=com.dna.analysis&hl=ko&gl=kr,,,,,,
android,kr,com.nl.emergency,군 응급환자 신고,"- 응급전화 : 의료종합상황센터로 전화연결되어 응급조치 및 후송 상담 지원
- 간편앱신고 : 신고정보(위치, 전화번호, 이미지 등) 및 환자정보를 입력하여 응급신고 기능 지원
- 영상의료지도 : 군의관과의 다자간 화상회의를 통한 실시간 응급처치 안내 지원
- 위치 전송 : 적시적 후송을 위한 현장의 위치 정보(위도, 경도) 전송
- 환자 인솔 지원
	- 병원 및 헬리패드(PZ) 안내 : 환자 이송에 필요한 목적지 정보를 실시간으로 안내 지원 
	- 환자상태등록 및 응급처치표 등록 : 실시간 응급상태 등록 및 공유 기능 제공
- 게시판 : FAQ, 공지사항 및 주요 응급처치표 정보 제공
※ 설치 시 오류 및 앱 기능 장애는 국방망 의무사령부 홈페이지 - 예하부대 홈(학교.연구.지원) - 의무근무지원단 홈페이지 - 정보마당 - 정보체계 소요제안(DEMS/군응급환자신고) 게시판에 문의하여주시기 바랍니다.",의료,https://play.google.com/store/apps/details?id=com.nl.emergency&hl=ko&gl=kr,,,,,,
android,kr,kr.co.beamworks.chaiself,응급똑똑,"응급똑똑은 사용자가 입력한 증상 정보를 바탕으로 인근 의료기관과 참고용 처치 정보를 안내하는 증상기반 의료 이용 의사결정 지원 앱입니다. 증상 입력 후 의료기관을 추천받아 현명하고 스마트한 의료 이용을 도와드립니다.
본 정보는 참고용으로 제공되며, 의료 전문가의 진단과 판단을 대신할 수 없습니다.
119 신고가 필요한 응급상황에서는 즉시 신고하시기 바랍니다.

주요 기능
■ AI 검색 및 단계별 버튼 선택으로 손쉽게 증상 찾기
 ""속이 답답해요"", ""머리가 깨질 것 같아요” 등 일상적인 말로 증상을 입력하면, 가장 적합한 세부 증상을 AI 기반으로 안내합니다. 또한, 단계별 버튼 선택을 통해 원하는 증상 정보를 직접 확인할 수 있습니다.

■ 최적의 의료시설 및 응급처치 안내 받기
 증상에 맞는 맞춤형 질문에 답하면, 응급똑똑이 증상정보와 의료시설 현황을 바탕으로 의료기관을 안내합니다. 병원 방문 전 참고할 수 있는 응급처치 방법도 확인할 수 있습니다.

■ 실시간 의료시설 정보 확인하기
 내 위치를 기준으로 병의원, 응급실, 약국, 달빛어린이병원, 자동심장충격기(AED) 정보를 실시간으로 확인할 수 있습니다.

이런 분들에게 유용합니다.
- 갑작스러운 증상으로 어느 병원을 가야할지 고민되는 분
- 증상에 따라 응급실 방문이 필요한지 판단이 어려운 분
- 의료 서비스 선택 시 현명한 의사결정이 필요한 분
- 현재 진료 가능한 의료기관을 빠르게 찾고 싶은 분",의료,https://play.google.com/store/apps/details?id=kr.co.beamworks.chaiself&hl=ko&gl=kr,,,,,,
android,kr,kr.go.mw,응급의료정보제공,"보건복지부는 응급의료 수요증가 및 급변하는 IT(정보기술) 환경에 부응하기 위하여 스마트폰을 이용한 응급의료 관련 정보제공을 시작합니다.

[응급의료정보제공 앱 주요 기능]
∙ 지도 중심으로 실시간 진료 가능한 병원 찾기
- 내 위치를 중심으로 주변 병의원 및 약국을 검색할 수 있습니다. 
∙ 즐겨찾기로 자주 가는 병의원 및 약국 모아 보기
- 자주 가는 병원을 즐겨찾기에 등록하고, 등록된 병원의 상세정보를 빠르게 찾을 수 있습니다.
∙ 응급실 상황 한눈에 보기
- 현재 위치를 기반으로 각 응급실의 세부 상황을 한눈에 파악할 수 있습니다. 
∙ 야간/주말 진료 가능한 병원 찾기
- 야간이나 주말에 현재 운영중인 병의원 및 약국을 빠르게 찾을 수 있도록 아이콘을 제공하고 있습니다. 
∙ 현 위치 중심으로 내 주변 AED 찾기
- 내 주변에 있는 AED를 빠르게 찾을 수 있고, 점검 상태를 알 수 있습니다. (60일 이내 점검 여부)
∙ 명절 응급의료기관(휴일지킴이약국)찾기
- 명절 시기에 운영하는 병의원 및 약국을 조회할 수 있습니다.
∙ 병의원 및 약국 관계자 의견 올리기
- 병의원, 약국 관계자 분들이 병원 운영시간, 태그, 병의원 이미지를 올리는 것에 직접 참여할수 있습니다. 
∙ 자유로운 의견올리기
- 병의원 및 약국 관련 기타 의견을 자유롭게 올릴 수 있습니다.

[응급의료정보제공 권한 수집 목적]
- GPS 및 네트워크 위치(선택) : 주변의 병의원이나 약국을 찾기 위해서 사용자의 GPS 및 네트워크를 통한 위치정보를 사용합니다.
- 전화번호 자동연결(선택) : 병의원 및 약국에 바로 전화를 걸 수 있도록 전화번호 자동연결 기능을 사용합니다.
- 사진 및 미디어(선택) : 사진 업로드 시 기기에 저장된 사진을 사용합니다.
- 각 사항에 대하여 접근권한에 동의하지 않더라도 서비스 이용이 가능합니다.",건강/운동,https://play.google.com/store/apps/details?id=kr.go.mw&hl=ko&gl=kr,,,,,,
android,kr,com.bnpinnovation.recs3,응급전원협진망,"중앙의료원의 취약지 응급 의료 협진 사용자를 위한 APP으로 협진 의뢰 , 전원 의뢰 기능을 제공합니다.
 -  환자 정보 입력
 - 사진, 동영상 업로드
 - 생체 데이터 전송 
 - 위치 정보 검색 ( 내주변 응급 병원 거리 검색)
 - 상황실 연결",의료,https://play.google.com/store/apps/details?id=com.bnpinnovation.recs3&hl=ko&gl=kr,,,,,,
android,kr,com.secuware.ktasorg,대한응급의학회 KTAS 교육,KTAS위원회에서 진행하는 한국형 응급환자 분류도구 교육 및 시험기능을 제공합니다.,교육,https://play.google.com/store/apps/details?id=com.secuware.ktasorg&hl=ko&gl=kr,,,,,,
android,kr,com.ktt.bizdcare,응급안심돌봄,"보건복지부에서 제공하는 ""응급안전안심서비스""는
지역사회 예방적 돌봄의 차원에서 상시 보호가 필요한 노인 가구 및 장애인 가구에 게이트웨이(GW), 화재감지기 등을 설치하여
화재, 질병 등 응급상황 발생 시 119에 자동으로 신고하고 응급관리요원에게 알려 대상자가 응급상황에 신속하게 지원하는 서비스입니다
 
""응급안심 돌봄""앱은 보건복지부로부터 위탁받아 개발된 앱으로,
보건복지부의 ""응급안전안심서비스의 디지털돌봄시스템""의 정책 및 서비스를 사용자에게 제공하고 있습니다.
본 앱을 통해 제공되는 정보는 보건복지부의 디지털돌봄시스템에 제공하는 정보를 기반으로 작동합니다.
본 앱을 이용하기 위해 응급관리요원은 디지털돌봄시스템에 사전등록을 하여야 사용할 수 있습니다.
 
""응급안심 돌봄""앱은 응급안전안심서비스의 대상자의 상태 정보를  ""응급안심 돌봄"" 앱을 통해
담당 응급관리요원과 대상자 가족에게 제공하고 있습니다.
 
""응급안심 돌봄""앱은 사용자 편의를 위해 간편회원가입 및 간편로그인 기능을 제공합니다.
----
개발자 연락처 :
케이티텔레캅(주) 구로구 가마산로 291 (구로동)
구로구, 서울특별시 08298
South Korea 113-86-09204 제2010-서울구로-1501호 구로구청",라이프스타일,https://play.google.com/store/apps/details?id=com.ktt.bizdcare&hl=ko&gl=kr,,,,,,
android,kr,corp.smpleinc.emergency,"긴급 SOS - 사이렌, 긴급 전화, 112 실행","● 꼭 필요한 권한만 요청합니다
[필수 접근 권한]
· 위치 권한 : 긴급전화 및 112 사용 시 문자로 내 위치 전송을 위해 사용
· 전화 권한 : 긴급전화 설정 시 통화 상대에게 문자 전송 후 통화 기능을 위해 필요
· SMS 권한 : 긴급전화 및 112 사용 시 통화 상대에게 내 위치와 함께 문자 전송기능을 위해  필요
· 접근성 : 음량 아래 버튼을 이용해서 긴급 SOS가 작동할 수 있게 해주는 앱의 필수 기능이므로 꼭 필요

긴급 SOS에서는 음량 아래 버튼 5초만 길게 누르면 빠른 위기 대처를 해줍니다.
설정에 따라 사이렌, 긴급전화, 112로 SOS가 작동됩니다.
긴급 SOS 목적은 사용자가 위험한 상황에 처했을 때 아래와 같은 방법으로 가해자를 당황하게 하여 행위를 멈추게 하거나 도망가게 하는 것입니다.

★ 3가지 방법으로 SOS를 설정할 수 있습니다.
1. 사이렌 : 사이렌 소리로 주변 사람들이 사용자에게 관심을 갖도록 합니다.
다양한 사이렌 소리 설정 가능
- 경찰 사이렌
- 경찰 추격전
- 화재 경보
- 도난 경보

2. 긴급전화 : 가족에게 위험에 처해 있음을 메시지로 알립니다.
긴급전화 설정 시 설정 번호로 전화 및 위치 전송

3. 112 : 경찰에게 위험에 처해 있음을 내 정보와 함께 메시지로 알려 도움을 요청합니다.
112 설정 시 10초 후 112로 전화 연결
전화 동시에 내 위치 및 설정해놓은 내 정보 발송
*긴급 상황에 활용될 수 있도록 내 정보를 입력해 주세요. 긴급 상황에서 귀하가 입력한 개인 데이터를 자동 및 수동으로 전송하는 것입니다.

울려댔어 사이렌~ 텅 빈 길거리에~
긴급 SOS로 위험 대비하려면 음량 아래 버튼 5초 누르기만 하면 됩니다.


긴급 상황에서 활용될 수 있도록 귀하의 개인 데이터(사용자 이름, 보호자 관계, 보호자 번호, 사용자 주소)는 목적 이외의 용도로는 이용되지 않습니다. 개인 데이터는 사전에 직접 입력할 수 있으며, 앱에 입력된 모든 정보 및 데이터는 당사에 저장되지 않습니다.

※ 처리하고 있는 데이터는 목적 이외의 용도로는 이용되지 않습니다.
※ 앱의 원활한 실행을 위해 상단 바가 노출됩니다.
----
개발자 연락처 :
주식회사 피엠케이 애드 대한민국 서울특별시 마포구
마포구 독막로6길 9, 2층 2230호(합정동)
04072 1698800573 2019-서울마포-3262 서울특별시 마포구",도구,https://play.google.com/store/apps/details?id=corp.smpleinc.emergency&hl=ko&gl=kr,,,,,,
android,kr,net.allm.mysos,MySOS 健康・治療生活サポートアプリ,"「MySOS(마이에스오에스)」는 컨디션이나 병에 마주하는 당신이나 가족과 의료를 연결하는 앱입니다.
자신이나 가족의 건강·의료 기록을 등록해 두는 것으로, 진찰실등에서의 의료자와의 커뮤니케이션이나 가족끼리의 정보 공유에 활용하실 수 있습니다.
혈압·혈당치·체중등의 바이탈이나 일상의 증상, 복약 기록을 행할 수 있습니다.
또한 디지털청이 운영하는 마이너 포털과 연계함으로써 약의 정보나 건강 진단 결과, 의료비 등을 쉽게 등록할 수 있습니다.
 
【이런 분들에게 추천】
・당뇨병, 고혈압, 지질 이상증, 고요산혈증의 병을 가지고 컨디션을 관리하고 싶은 분
・혈압 수첩이나 혈당치 일지등의 기록을 일으키고 있는 분
・심부전, 만성 신장병(CKD)등의 예방을 하고 싶은 분
・자신의 컨디션 관리를 하고 싶은 분
· 가족과 건강을 공유하고 싶은 분
・스마트 폰을 가지고 있지 않은 가족의 컨디션 관리도 행하고 싶은 분
 
【MySOS의 특징】
■ 컨디션 관리나 질병 치료에 중요한 바이탈 기록과 목표치 설정
바이탈(체온·혈압·심박수·체중·체지방·혈당치·SpO2·보수)의 기록·관리를 할 수 있습니다. 스마트폰에 원래부터 설치되어 있는 헬스케어계의 앱과의 제휴도 가능합니다. 기록한 데이터는 그래프 형식으로도 표시됩니다.
또, 의사나 산업의의 선생님과 결정한 수치등을 목표치로서 설정하는 것도 가능합니다.
 
■일상 증상이나 복약 등 행동 기록
일상적인 증상(두통이나 구토 등)과 기상, 취침, 복약 실적을 등록할 수 있습니다.
또한 기분과 메모 기록도 가능합니다. 진찰 시에 의사에게 올바르게 컨디션이나 증상을 전하는 서포트가 됩니다.
 
■ 복약하고있는 약 정보 등록 및 경고 기능
일반 시판약에서 의료기관에서 처방된 약까지 등록할 수 있습니다. 등록한 약의 음주 잊음 방지에 알람 설정도 가능합니다.
 
■마이너 포털 제휴에 의한 기록
약의 정보, 의료비, 특정 건강 진단 결과, 백신 접종력을 디지털 청이 운영하는 마이너 포털을 경유해 기록할 수 있습니다.
 
■ 가족과 기록 공유
혈압·혈당치·체중 등의 바이탈, 약, 건강 진단 결과등의 정보를 가족간에 공유할 수 있습니다.
앱이 없는 어린이와 노인의 정보는 가족 계정에 의한 대리 기록이 가능합니다. 가족 계정은 2차원 코드로 쉽게 인계받을 수 있습니다.
 
■AED, 의료 시설 검색
AED 설치 장소나 병원 등을 지도상에서 확인할 수 있습니다.
 
■1차 구명 처치 가이드, 성인·소아 구급 가이드, 응급 수당 가이드
・1차 구명 처치 가이드는, 급병자를 발견했을 때, 구급차가 도착할 때까지의 상황 판단이나 1차 구명 처치(BLS)의 실시를 서포트합니다.
・성인・소아 구급 가이드는, 어린 아이를 가지고 계신 보호자가 휴일・야간의 가파른 아이의 질병 설사, 기침, 눈 통증, 귀 통증, 벌에 찔린, 딸꾹질 등)에 어떻게 대처하면 좋을지 판단에 헤매었을 때, 증상에 따른 대처 방법이나, 구급 진찰의 기준을 안내합니다.
・응급 수당 가이드는 골절이나 출혈, 경련, 열사병등의 경우에, 응급 수당을 안내합니다. 또, 사고 방지를 위한 주의점등도 안내하고 있습니다. (일본 적십자사 제공)

■ Push 알림
알름 또는 타사에서 실시하고 있는 조사, 앙케이트, 연구(임상 시험), 환자 커뮤니티의 소개·안내를 받을 수 있습니다.

■의견・감상
당 앱에 대한 요청이나 감상 등은 리뷰 또는 메일로 보내주십시오.
FAQ 사이트(주식회사 알름(https://allm.tayori.com/q/mysosfaq/))에도 조작 방법이나 앱에 관한 정보가 실려 있습니다. 활용하십시오.
결함이나 FAQ 사이트에서 해결할 수 없었던 곤란한 점도 메일로 받아들이고 있습니다.
support@mysos.allm-team.net",의료,https://play.google.com/store/apps/details?id=net.allm.mysos&hl=ko&gl=kr,,,,,,
android,kr,kr.co.goodeos.example.goodeos,맞춤돌봄케어,"노인맞춤돌봄서비스 일정조회에서 업무종료 까지 쉽고 빠르게 업무를 진행하실 수 있습니다.

케어비지트 맞춤돌봄케어에 등록되어 있는 기관만 사용 가능합니다.",커뮤니케이션,https://play.google.com/store/apps/details?id=kr.co.goodeos.example.goodeos&hl=ko&gl=kr,,,,,,
android,kr,kr.co.eroum.dolbom,"이로움돌봄 - 보호자 맘에 안심, 부모님 몸에 휴식","[시니어와 보호자를 위한 통합 케어 플랫폼]

어르신의 건강·복지·돌봄 정보를 한눈에 확인하세요.
이로움 돌봄은 시니어와 가족, 보호자를 위한 통합 케어 앱으로, 복지용구, 장기요양보험, 요양시설, 방문요양, 건강관리까지 한곳에서 해결할 수 있습니다.

● 시니어 라이프의 모든 순간을 함께합니다.
이로움 돌봄은 시니어 관련 주요 키워드 (요양병원, 방문요양, 장기요양, 복지용구, 간병, 치매, 노인돌봄, 주야간보호)를 기반으로 어르신과 보호자가 실제로 필요로 하는 정보를 제공합니다.
- 요양시설 찾기: 요양병원·방문요양·복지용구사업소 검색 및 상담
- 복지용구 주문하기: 장기요양 급여 잔액 확인 후 바로 주문 가능
(장기요양금액으로 85~100% 지원받아 복지용구 이용)
- 장기요양보험 가이드: 등급신청, 필요서류, 절차를 단계별로 안내
- 복지용구 소개: 영상으로 확인하는 복지용구 사용법

● 돌봄 준비부터 실행까지, 한 번에 해결
이로움 돌봄은 단순한 정보 제공을 넘어, 돌봄 여정 전체를 관리하는 시니어 전문 케어 플랫폼입니다.
- 인정등급 예상 테스트: 국민건강보험공단 기준으로 등급 가능성을 미리 확인
- 복지용구 상담신청: 개인 상태에 맞는 품목 맞춤 추천
- 돌봄 상담신청: 등급신청부터 요양기관 매칭까지 전문 상담 지원
- 장기요양보험 혜택 안내: 복지신청, 급여항목, 지원금 정보를 한눈에 확인

● 시니어 친화적 UX/UI
- 큰 글씨, 고대비 컬러, 직관적인 화면 구성
- 복잡한 절차 없이 간편한 이용
- 어르신도 쉽게 사용할 수 있는 쉬운 버튼 네비게이션

● 신뢰할 수 있는 공공 복지정보
이로움 돌봄은 보건복지부·국민건강보험공단의 공개자료를 기반으로 정확하고 최신화된 복지·요양 정보를 제공합니다.
장기요양보험, 복지용구, 요양시설 등 공신력 있는 데이터를 손쉽게 확인하세요.

● 주요 기능 요약
- 요양시설 찾기 (요양병원, 방문요양, 복지용구기관)
- 복지용구 주문 (장기요양 급여 확인 후 간편 주문)
- 요양인정등급 예상 테스트
- 장기요양보험 등급·절차 안내
- 복지상담 / 돌봄전문가 연결

● 이로움 돌봄이 전하는 가치
- 복잡한 복지정보를 한곳에 모은 시니어 돌봄 허브
- 어르신·보호자 모두를 위한 맞춤형 케어 솔루션
- 장기요양보험부터 복지용구까지 연결된 실행 중심 앱
- 누구나 쉽게 사용할 수 있는 시니어 친화형 디지털 케어 도구

● 공식 채널
- 네이버 블로그: https://blog.naver.com/eroum_on
- 인스타그램: https://www.instagram.com/eroumdolbom
- 유튜브: https://www.youtube.com/@eroumon",건강/운동,https://play.google.com/store/apps/details?id=kr.co.eroum.dolbom&hl=ko&gl=kr,,,,,,
android,kr,app.web.sccp_kr.twa,성북구 노인돌봄 서비스,"성북구 노인 돌봄 서비스는 성북구에 거주하는 노인 가구가 받을 수 있는 복지, 돌봄 서비스를 한 눈에 확인할 수 있는 어플리케이션입니다.
 거주 지역, 나이, 성별 등 몇 가지 질문에 대하여 답변을 선택하면, 신청할 수 있는 복지 및 돌봄 서비스들를 확인할 수 있습니다.
 신청이 가능하다고 나온 돌봄 서비스의 지원 내용과 수급조건, 문의 연락처 등을 한 번에 확인할 수 있으며, 각종 궁금한 사항에 대해서는 상담 전화로 연결을 통해 빠르게 해답을 얻을 수 있습니다.

[주요기능]
돌봄 서비스 체크 : 자가 체크를 통해 이용 가능한 돌봄 서비스 확인
돌봄 서비스 파트너 : 돌봄 서비스를 제공하는 기관 및 사회적경제 조직 목록
돌봄 다이어리 : 돌봄 서비스, 투약 및 병원 예약 일정 관리

서울시 성북구에 거주하는 노인 가구가 신청할 수 있는 모든 돌봄 서비스를 '성북구 노인 돌봄 서비스' 어플리케이션에서 만나 보시기 바랍니다.



해당 서비스는 성북구청과 성북구마을사회적경제센터가 지원하여 제작된 어플리케이션 입니다. 

신청이 가능하다고 나온 서비스는 질문에 대한 이용자의 자기 판단을 기준으로 도출되었기에 실제 신청 및 수급 결과와 상이할 수 있습니다.",건강/운동,https://play.google.com/store/apps/details?id=app.web.sccp_kr.twa&hl=ko&gl=kr,,,,,,
android,kr,org.seoulnoin.navi,서울노인복지센터 마이페이지 나.비,"'나_로부터 비_상하는 삶'의 줄임말
'길을 찾다, 항해하다' navi_gate

마이페이지 나.비는 
서울노인복지센터의 특별한 회원증으로 센터 일정관리, 건강관리, AI여가추천 등 센터 이용정보를 포함한 다양한 기능이 담겨 있는 어르신들만의 마이페이지 입니다.

주요기능
- 스마트 회원증, 나의 활동, 센터소식, 건강수첩, 커뮤니티, 쪽지, 두뇌훈련, AI 여가추천 등 일상정보 접근성 증진 및 자기관리 프로그램",라이프스타일,https://play.google.com/store/apps/details?id=org.seoulnoin.navi&hl=ko&gl=kr,,,,,,
android,kr,com.mistermind.myapplication,돌봄e음,"미스터마인드의 인공지능 음성인식 기술기반 비대면 어르신
말동무 인형입니다.
----
개발자 연락처 :
미스터마인드(주) 대한민국 13494 경기도 성남시
분당구 대왕판교로 660, A동 12층 (삼평동, 유스페이스1) 8018600765 없음 없음",커뮤니케이션,https://play.google.com/store/apps/details?id=com.mistermind.myapplication&hl=ko&gl=kr,,,,,,
android,kr,com.sahasilver.webapp,사하사랑채노인복지관,"반갑습니다. 존중과 사랑을 바탕으로 섬김과 나눔을 실천하는 사하사랑채노인복지관입니다.
사하사랑채노인복지관은 어르신들의 복지 향상과 건강한 삶을 목적으로 다양한 프로그램과 서비스를 제공합니다.
어르신의 건강하고 행복한 노후생활을 위해 노력하는 사하사랑채노인복지관으로 초대합니다!",맞춤 설정,https://play.google.com/store/apps/details?id=com.sahasilver.webapp&hl=ko&gl=kr,,,,,,
android,kr,com.cookplay.weplay,위돌봄이,위암 수술 후 필요한 영양 및 운동 정보을 통해 건강관리를 도와 드립니다,건강/운동,https://play.google.com/store/apps/details?id=com.cookplay.weplay&hl=ko&gl=kr,,,,,,
android,kr,kr.carebridges.www.app,돌봄다리 - 우리 동네 요양보호사 구인구직,"복잡한 요양보호사 구인구직, 이제 '돌봄다리'로 한 번에 해결하세요!

■ 재가복지센터 기관 담당자와 요양보호사를 잇는 가장 스마트하고 빠른 매칭 솔루션
■ 전화와 종이 서류에 의존하던 번거로운 업무를 자동화하고, 실시간 소통으로 매칭 성공률을 높여보세요.

[💙 기관 담당자님, 매칭 업무가 스마트해집니다!]

▶ 한눈에 파악하는 매칭 통계
- 현재 진행 중인 공고, 최근 완료된 매칭, 전체 매칭 현황을 대시보드에서 실시간으로 확인하세요. 우리 센터의 어르신 및 직원 수 관리도 간편해집니다.

▶ AI 기반 스마트 인재 추천
- 공고만 올리고 기다리지 마세요. 어르신의 케어 항목, 시간, 지역에 딱 맞는 요양보호사를 적합도 순으로 추천해 드립니다. '적합도 높음' 태그를 확인하고 바로 제안해 보세요.

▶ 실시간 공고 및 매칭 관리
- 매칭 대기, 조율 중, 매칭 완료까지 단계별로 공고를 통합 관리할 수 있습니다. 수많은 지원자 리스트도 한눈에 비교하고 관리하세요.


[💚 요양보호사님, 나에게 딱 맞는 일자리를 찾으세요!]

▶ 나를 위한 맞춤형 일자리 추천
- 내 경력과 희망 시간, 선호 지역을 기반으로 딱 맞는 공고를 추천해 드립니다. '시간 일치' 필터를 활용해 오늘 바로 출근 가능한 일자리를 찾아보세요.

▶ 복잡한 절차 없는 간편 지원
- 희망하는 공고를 확인하고 터치 한 번으로 지원하세요. 지원 현황 페이지에서 '검토 중', '합격', '마감' 상태를 실시간으로 한눈에 확인할 수 있습니다.

▶ 오늘 내 일정 한눈에 보기
- 내가 담당하는 어르신 정보와 케어 시간표를 홈 화면에서 바로 확인하세요. 이동 중에도 잊지 않게 꼼꼼하게 챙겨드립니다.


💬 1:1 매칭 채팅
번거로운 절차 없이, 기관과 요양보호사가 1:1 채팅으로 직접 소통합니다.

💬 근무 조건 수정 및 승인
채팅 중 근무 시작일이나 시간 조정이 필요한가요? 앱 내에서 바로 조건을 수정하고 동의 버튼 하나로 채용을 확정 지을 수 있습니다.


시니어 케어의 새로운 기준, 돌봄다리
지금 바로 다운로드하고 더 스마트한 돌봄 서비스를 경험해 보세요!

----
[문의]
- 카카오톡: @돌봄다리
- Email: carebridges.corp@gmail.com

[돌봄다리 SNS]
- 홈페이지: https://www.caretech.kr/
- 네이버 블로그: https://blog.naver.com/carebridges",비즈니스,https://play.google.com/store/apps/details?id=kr.carebridges.www.app&hl=ko&gl=kr,,,,,,
android,kr,com.vitas.app,국민돌봄 AI,"ㅇ VITAs는 홀로 지내는 어르신과 1인 가구를 위한 생할반응을 알려주는 안전 모니터링 앱입니다.

- 보호자(자녀)와 부모의 전화번호 기반으로 연결할 수 있습니다.
- 걸음 수, 최근 활동, 배터리 상태를 확인할 수 있습니다.
- 생활 패턴 변화와 일일 요약 리포트를 통해 이상 징후를 빠르게 파악할 수 있습니다.
- 서로지킴 모드를 통해 가족, 친구, 연인들과 서로의 안전 상태를 나눌 수 있습니다.

ㅇ 주요 기능
1. 실시간 상태 모니터링
2. 위험 징후 알림
3. 생활 패턴 변화 감지
4. 보호자 웹 대시보드

5. 홀로 어르신 및 1인가구(연인, 침구) 지원

ㅇ 주의
- 본 앱은 안전 모니터링 보조 도구이며, 의료적 진단이나 응급 구조를 대체하지 않습니다.",라이프스타일,https://play.google.com/store/apps/details?id=com.vitas.app&hl=ko&gl=kr,,,,,,
android,kr,kr.co.djnoin,당진시 노인복지관,"당진시 노인복지관의 공지사항, 포토갤러리, 보도자료, 어르신게시판을 사용할 수 있도록 서비스를 제공하는 앱입니다.",비즈니스,https://play.google.com/store/apps/details?id=kr.co.djnoin&hl=ko&gl=kr,,,,,,
android,kr,com.roaigen.appforkin.android,돌봄앱,"로아이젠의 마이봄 로봇의 모바일 앱입니다.

로봇과 영상통화, 메세지 전송 등을 할 수 있습니다.",라이프스타일,https://play.google.com/store/apps/details?id=com.roaigen.appforkin.android&hl=ko&gl=kr,,,,,,
android,kr,com.soldocbarocare,바로돌봄 - 어르신 맞춤 비대면진료 | 건강관리 솔루션,"[바로돌봄 : 어르신을 위한 비대면진료 솔루션]

바로돌봄은 장기요양등급이 있는 어르신 등 의료취약계층을 위한 국내 유일의 비대면진료 솔루션입니다. 

솔닥이 제공하는 이 서비스는 적극적인 의료서비스 이용이 어려운 분들을 위해 특별히 설계되었습니다. 

바로돌봄은 방문요양센터, 주간보호센터, 요양원 등에 도입되어 어르신들께서 보다 편하고 안전하게 의사를 만나고, 약을 제때 받을 수 있도록 합니다. 

왜 바로돌봄인가요?
  • 접근성: 언제 어디서나 편한 장소와 시간에 대기 시간 없이 의사 선생님과 진료를 받을 수 있습니다.
  • 편리성: 상주하시는 기관 인근 약국에서 빠르고 안전하게 조제약을 수령할 수 있습니다.
  • 간편한 동의 절차: 복잡한 절차 없이 간단한 동의만으로 최첨단 건강 관리를 시작할 수 있습니다.
  • 실시간 정보 제공: 진료 내용, 처방 문서, 약 보관/복약 안내 및 원스톱 결제 내역을 모바일로 실시간 확인할 수 있습니다.
  • 다양한 질환 관리: 만성질환부터 급성의 변비, 설사, 감기까지 전문 의료진과의 빠른 상담이 가능합니다.
  • 기관 별 맞춤 관리: 기관 별 관리자 페이지 이용과 실시간 CS상담, 진료 일자 조율이 가능합니다.
  • 화상 진료: 어르신이 계신 곳에서 의사 선생님과 화상 통화로 진료를 받을 수 있습니다.
  • 알림 서비스: 진료 시간이 되면 바로돌봄이 알려드립니다. 전화벨이 울리면 영상 통화로 진료를 받으시면 됩니다.

바로돌봄은 어르신 등 의료취약계층 환자와 장기요양기관, 보호자 등 모두가 만족할 수 있는 비대면진료 서비스를 제공합니다. 이제 바로돌봄과 함께 어르신의 건강 관리를 간편하고 안전하게 시작하세요.
----
개발자 연락처 :
솔닥 주식회사 학동로33길 17
강남구, 서울특별시 06025
South Korea 284-87-00967 2021-서울강남-06329호 서울특별시 강남구",의료,https://play.google.com/store/apps/details?id=com.soldocbarocare&hl=ko&gl=kr,,,,,,
android,kr,com.dorbom.dorbom_android,돌봄플러스 - 베이비시터 아이돌봄 아이돌봄서비스,"돌봄플러스는 갑작스레 몇 시간 아이를 돌봐줄 사람이 필요할 때
정기적으로 아이 등 하원, 하루 종일 케어를 해줄 사람이 필요할 때
철저한 검증과 전문교육을 통해 선발된 돌봄 선생님을 연결해 드려요.

🧠 돌봄 25만시간 이상의 데이터를 분석한 AI가 딱 맞는 선생님 추천
⭐️ 고객만족도 4.78점
 👑 돌봄분야 브랜드대상 1위

* 돌봄 선생님은 어떤 분들인가요?
- 대부분의 돌봄 선생님들은 보육교사 자격증 및 베이비시터 교육을 수료한 육아 전문가들이에요.
- 모든 돌봄 선생님들은 신원, 학력, 건강 인증을 거친 뒤 선발돼요.

* 가격은 어떻게 되나요?
- 일반 보육 서비스의 경우 15,000원에 서비스를 이용할 수 있어요.

* 몇 세 아이부터 이용 가능한가요?
- 0~7세 영유아 모두 이용 가능해요. :)

* 돌봄플러스는 현재 수도권 지역에서 서비스가 가능합니다. 
* 선택옵션에 따라 가격이 변동될 수 있습니다.

돌봄플러스 서비스 접근권한 안내

[선택] 파일 및 미디어 권한
사진, 파일을 전송하거나 저장하기 위해 사용

[선택] 사진 및 동영상 권한
사진, 파일을 전송하거나 저장하기 위해 사용

[선택] 카메라 권한
사진 촬영, 영상통화 기능을 제공하기 위해 사용

[선택] 마이크, 전화 권한
영상통화 기능을 제공하기 위해 사용

[선택] 근처 기기 권한
영상통화 시 무선 이어폰/헤드폰을 원활하게 제공하기 위해 사용

[선택] 신체 활동 권한
만보기의 걸음수 측정 기능을 제공하기 위해 사용

[선택] 위치 권한
사용자 요청에 따라 현재 위치를 제공하기 위해 사용

* 선택 접근권한은 동의하지 않아도 앱을 사용하실 수 있습니다.
* 선택 접근 권한 미동의시 서비스 일부 기능의 정상적인 이용이 어려울 수 있습니다.

※ 안드로이드 운영체제 6.0 미만 버전의 스마트폰은 선택적 접근 권한 동의 없이 모두 필수적 접근 권한으로 적용될 수 있습니다. 스마트폰의 운영체제를 안드로이드 6.0 이상 버전으로 업그레이드 하신 후 돌봄플러스 앱을 삭제 후 재설치 하시면 접근 권한 설정이 가능합니다.",출산/육아,https://play.google.com/store/apps/details?id=com.dorbom.dorbom_android&hl=ko&gl=kr,,,,,,
android,kr,com.felidia.dolbom,돌봄,"수수료 없는 간병인 플랫폼, 돌봄

중개 비용 없이 간병비 최저가
전문 간병인을 최저가로 만나보세요.

1. 중개 비용 없음!
돌봄에서는 중개 비용 없이 간병비 월 50만원 이상 아낄 수 있어요!

2. 원클릭 돌봄 신청
환자 상태, 일정, 장소 신청까지 1분! 빠르게 신청할 수 있어요.

3. 업계최초 간병인 유선 상담
지원한 간병인과 전화로 상담하세요.
유선 상담 후 간병인을 선택해보세요",의료,https://play.google.com/store/apps/details?id=com.felidia.dolbom&hl=ko&gl=kr,,,,,,
android,kr,kr.co.esmartcare.mobile,스마트케어-노인장기요양,"스마트케어-노인장기요양은 장기요양기관 종사자를 위한 업무지원 모바일 서비스입니다.

기관 업무를 보다 편리하고 효율적으로 수행할 수 있도록 다양한 기능을 제공합니다.

주요 기능

• 수급자 정보 조회
• 급여제공기록 작성 및 확인
• 욕구조사 입력 및 관리
• 급여제공계획 확인
• 방문 일정 조회
• 기관 업무 관리 지원
• 서비스 제공 내역 확인

본 애플리케이션은 스마트케어 시스템을 이용하는 장기요양기관 전용 서비스입니다.

앱 이용을 위해서는 기관에서 발급한 사용자 계정(아이디 및 비밀번호)이 필요합니다.

스마트케어는 장기요양기관의 효율적인 업무 수행과 체계적인 대상자 관리를 지원하기 위해 지속적으로 서비스를 개선하고 있습니다.

※ 본 앱은 스마트케어 서비스 가입 기관의 사용자만 이용 가능합니다.
※ 서비스 이용 관련 문의는 관리자 또는 고객센터로 문의하시기 바랍니다.",라이프스타일,https://play.google.com/store/apps/details?id=kr.co.esmartcare.mobile&hl=ko&gl=kr,,,,,,
android,kr,com.uriweb.appS2022122287edbf888bb9f_3b6faa5fc8011,분당노인종합복지관,"Beautiful Senior, Bravo Life!

분당노인종합복지관은 성남시에서 설립하고 지구촌사회복지재단에서
운영하는 노인복지시설로서, 성남시 노인복지증진을 위하여
평생교육, 사회참여, 지역복지, 기능회복 등의 전문 사회복지서비스를
제공하는 기관입니다.

복지관 소식부터 프로그램 신청, 식단 안내까지 모바일 앱을 통해
더욱 편리하게 이용해 보세요!",라이프스타일,https://play.google.com/store/apps/details?id=com.uriweb.appS2022122287edbf888bb9f_3b6faa5fc8011&hl=ko&gl=kr,,,,,,
android,kr,sunam.mobile,선암호수노인복지관,"고령자의 온라인 접근성을 개선하여 복지관 소식을 보다 빠르고 편하게 전달 받을 수 있습니다.
- 선암호수노인복지관의 홈페이지 접근성 개선.
- 복지관 홈페이지에서 제공하는 다양한 정보 확인.
- 복지관의 여려 활동에 대한 사진, 영상보기 제공.
----
개발자 연락처 :
김대정 세병로 44
연제구, 부산광역시 47516
South Korea 605-12-95095 제2014-부산부산진-0503호 부산진",라이프스타일,https://play.google.com/store/apps/details?id=sunam.mobile&hl=ko&gl=kr,,,,,,
android,kr,kr.go.idolbom.user.app,아이돌봄서비스,"■ 돌봄 서비스를 모바일로 간편하게 신청할 수 있습니다.

■ 신청현황을 달력 형태로 한 눈에 확인할 수 있습니다.

■ 예치금을 미리 충전하여 서비스 이용요금을 결제할 수 있습니다.

■ 돌봄일정 안내 및 중요메세지를 알림센터에서 더 쉽고 빠르게 확인할 수 있습니다.

■ 이용자 홈페이지 : www.idolbom.go.kr
■ 아이돌보미 홈페이지 : care.idolbom.go.kr
■ 카카오톡 채널 : @아이돌봄서비스",라이프스타일,https://play.google.com/store/apps/details?id=kr.go.idolbom.user.app&hl=ko&gl=kr,,,,,,
android,kr,com.scsakorea.careapp,요양병원 통합돌봄인력 플랫폼,"'요양병원 통합돌봄인력 플랫폼'은 대한노인돌봄서비스협회가 운영하는 요양병원 돌봄인력 통합관리 앱입니다. 국외 통합돌봄인력이 한국 요양병원에 배치되기 까지의 전 과정을 관리합니다.

■ 주요 기능
· 진행 상황: 선발부터 서류·교육·근무까지 나의 현재 단계를 한눈에 확인
· 서류 관리: 필요 서류 체크리스트, 사진 촬영·업로드, 승인 현황 확인
· 교육 이수: 과정별 출결·이수 시간·수료 현황 확인
· 근무 정보: 배치된 병원·병동·근무조와 주간·월간 근무 일정 확인
· 다국어 지원: 한국어·영어·베트남어

■ 이용 대상
본 앱은 대한노인돌봄서비스협회의 외국인 돌봄인력 지원 사업에 참여하는 통합돌봄인력 및 협력 요양병원 관계자를 위한 앱입니다. 

■ 개인정보 보호
제출하신 서류 등 민감정보는 암호화되어 안전하게 보관되며, 권한이 있는 관계자만 열람할 수 있습니다. 언제든지 앱 내에서 회원 탈퇴 및 데이터 삭제를 요청하실 수 있습니다.

문의: samganid5197@naver.com
전화번호: 010-4384-9413
----
개발자 연락처 :
황세옥 도봉로114길 22-8
도봉구, 서울특별시 01455
South Korea 2276100585 2276100585 2276100585",생산성,https://play.google.com/store/apps/details?id=com.scsakorea.careapp&hl=ko&gl=kr,,,,,,
android,kr,kr.go.noinboho.mobile,나비새김(노인지킴이),"나비새김(노인지킴이)는 언제 어디서나 간편하게 신고할 수 있는 ‘노인학대 신고앱’입니다.

노인학대로 의심되는 상황을 사진 또는 영상, 녹취 등을 통하여 신고할 수 있으며, 위치기반을 활용하여 신고된 지역의 관할 노인보호전문기관으로 연계하고 있습니다.

노인학대로 의심되는 상황을 만나게 된다면 나비새김(노인지킴이)로 꼭 신고 부탁드립니다.
노인학대신고는 1577-1389 혹은 112를 통해서도 가능합니다.

[신고방법] 
 - (STEP1) 학대발생장소 및 학대발생기간 입력
 - (STEP2) 학대가 의심되는 상황을 사진 또는 영상, 녹취하여 신고내용 입력
 - (STEP3) 본인인증
 - (STEP4) 신고내용 확인 및 접수",커뮤니케이션,https://play.google.com/store/apps/details?id=kr.go.noinboho.mobile&hl=ko&gl=kr,,,,,,
android,kr,com.momsitter.android.hybridapp,"맘시터- 아이돌봄, 산후관리, 베이비시터, 학습, 가사","현명한 엄마아빠의 육아 필수앱, 맘시터🧡
140만명이 이용중인 돌봄/학습/가사 육아 필수앱 

✅140만 회원이 선택한 맘시터, 확실히 달라요!
- 누적 채팅 420만 건
- 부모 후기 32만 건
- 24년 소비자가 뽑은 소비자대상 브랜드 맘시터
- 산후조리, 신생아 베이비시터, 등하원도우미, 놀이학습, 아이돌보미 등
- 전문 놀이,학습 부터 가사,청소까지 
- 돌봄이 필요한 일정에 맞게 -- 풀타임, 단기, 시간제 등
- 신원,학력,건강까지 10가지 인증시스템으로 맘시터에서 직접 확인 
- 업계 최저 이용료 -- 매칭이 안 되면 100%환불
- 맘시터 안전보험 -- 마음까지 든든한 돌봄보험
- 실제 이용후기로 한 번 더 안심 -- 시터 채용 만족도 평균 4.8점

1️⃣시터 구인부터 돌봄 관리까지 한 번에 가능해요
- 시터 구인 : 지역, 일정, 시급 등 희망하는 돌봄 조건 상세 검색
- 면접 제안 : 버튼 클릭 한 번으로 희망하는 시터님께 면접 제안 및 조율
- 돌봄 관리 : 시터님 근무 일지 캘린더로 확인
- 돌봄 결제 : 서로 협의한 시급과 근무 일지로 오해없이 깔끔하게 결제
- 돌봄 일지 : 시터님이 직접 작성해주시는 소중한 우리 아이 기록

2️⃣누적 시터 회원 89만 명으로 시터님을 빠르게 구할 수 있어요
- 국내 최다 시터풀 보유
- 서울,경기,인천,부산,대구,대전,광주,수원,용인 등 전국 시군구 시터 보유
- 양질의 돌봄 서비스를 제공드리기 위해 시터 교육도 자체적으로 운영하고 있어요!

3️⃣10가지 시터 인증 시스템으로 안심하고 맡기세요
- 회원가입 시 본인 인증은 기본!
- 맘시터 고객안전관리팀이 꼼꼼히 공식 문서를 확인하고 인증해요
- 등초본, 가족관계증명서, 학적증명서, 교사자격증, 건강확인증, 정부아이돌보미, 산후도우미 등

4️⃣어떤 시터님을 만나게 되나요?
- 엄마시터 : 자녀를 키워 육아 경험이 풍부한 맘좋은 어머니
- 선생님시터 : 보육교사/유치원 정교사 자격증이 있는 돌봄 선생님
- 대학생시터 : 아이를 좋아하는, 에너지풀한 젊은 감각의 동네언니오빠
- 일반시터 : 영유아대상 방문교사 등 다양한 돌봄 특기가 있는 선생님
*아이를 좋아하는, 믿을 수 있는 시터라면 맘시터와 함께해주세요!

[서비스 접근 권한 안내]
** 선택 접근 권한
- 카메라: 사진/동영상 촬영, 채팅방 / 프로필 사진 / 돌봄 일지에 사진 및 멀티미디어 파일 제공
- 파일 및 문서 : 맘시터 프로필 사진 설정 / 채팅 사진 메세지 / 돌봄 일지 기능에 파일 제공
** 선택 접근 권한은 동의하지 않아도 앱을 사용하실 수 있습니다.",출산/육아,https://play.google.com/store/apps/details?id=com.momsitter.android.hybridapp&hl=ko&gl=kr,,,,,,
android,kr,com.bluechipcns.work,방문돌봄,"- 참여자가 앱을 통해 돌봄 대상 어르신별로 방문을 인증하고 서비스 제공 내역을 기록할 수 있습니다.

- 활동 지원, 안전 확인, 가사 지원 등의 맞춤형 복지 내역을 등록하고 관리하는 기능을 제공합니다.

- 위치 서비스를 기반으로 관리자에게 참여자의 근무여부를 판단할 수 있는 정보를 제공합니다.

- 근무 이력 상세 및 히스토리를 확인하여 참여자가 직접 근무 일정을 체크하고 관리할 수 있습니다.
----
개발자 연락처 :
블루칩씨앤에스 주식회사 7/F
15 Jong-ro 33-gil
종로구, 서울특별시 03129
South Korea 112-81-51679 001460 본인 직접 신고",도구,https://play.google.com/store/apps/details?id=com.bluechipcns.work&hl=ko&gl=kr,,,,,,
android,kr,kr.co.dolbomnara.android,돌봄나라,"돌봄나라는 요양사, 병원동행, 간병인, 아이돌봄, 생활지원사 등 실버시대를 맞이하여 우리 생활 곳곳에서 따뜻한 손길을 필요로하는 인재를 적재적소에 안내해 주는 길잡이가 되고자 합니다. 
특별히 요양사 등 실버케어 관련 전문자격증에 대한 높은 이해도를 바탕으로 서비스를 운영하고 있어 구인회원 여러번들에게 높은 만족도를 선사할 것입니다.",라이프스타일,https://play.google.com/store/apps/details?id=kr.co.dolbomnara.android&hl=ko&gl=kr,,,,,,
android,kr,com.skyspacesoft.dolbomnal,돌봄날 - 베이비시터 돌봄기록,"돌봄날은 부모와 베이비시터, 등하원 도우미, 돌봄 선생님이 아이의 하루를 함께 기록하고 공유하는 돌봄 기록 앱입니다.

식사, 낮잠, 배변, 투약, 컨디션처럼 꼭 알아야 할 돌봄 내용을 간편하게 기록하세요. 하루 동안 작성된 기록은 아이별 일일 리포트로 정리되어 부모와 돌보미가 한눈에 확인할 수 있습니다.

매번 전화하거나 메시지로 물어보지 않아도 아이가 오늘 어떻게 지냈는지 자연스럽게 공유할 수 있어요.

■ 이런 분께 추천해요

· 베이비시터나 등하원 도우미와 함께 아이를 돌보는 부모님
· 아이의 하루를 부모님께 정확하게 전달하고 싶은 돌봄 선생님
· 식사, 낮잠, 배변, 투약, 컨디션을 매일 기록하고 싶은 분
· 카카오톡으로 오늘의 돌봄 내용을 간편하게 공유하고 싶은 분
· 여러 아이의 돌봄 기록을 아이별로 관리하고 싶은 분

■ 주요 기능

· 오늘 카드
오늘 해야 할 돌봄 일정을 한 장의 카드로 확인하고, 카카오톡으로 간편하게 공유할 수 있어요.

· 반복 루틴
등원 준비, 간식, 낮잠, 하원 준비처럼 반복되는 돌봄 일과를 요일별 템플릿으로 등록할 수 있어요.

· 돌봄 이벤트 기록
식사, 낮잠, 배변, 투약, 컨디션 변화와 그날 있었던 일을 빠르게 기록할 수 있어요.

· 일일 리포트
하루 동안 작성된 기록을 자동으로 정리해 아이가 어떻게 지냈는지 한눈에 확인할 수 있어요.

· 아이별 관리
여러 아이를 등록하고 각 아이의 일정과 돌봄 기록을 구분해 관리할 수 있어요.

■ 돌봄날이 편리한 이유

· 부모와 돌보미가 같은 돌봄 기록을 함께 확인할 수 있어요.
· 카카오톡을 통해 오늘의 돌봄 카드를 간편하게 공유할 수 있어요.
· 반복되는 돌봄 일과를 매일 다시 입력하지 않아도 돼요.
· 모든 데이터는 암호화된 통신을 통해 안전하게 전송됩니다.
· 서비스 이용을 방해하는 광고가 없어요.

따로 묻지 않아도 자연스럽게 공유되는 아이의 하루.

부모와 돌보미를 연결하는 돌봄 기록 앱, 돌봄날과 함께하세요.",출산/육아,https://play.google.com/store/apps/details?id=com.skyspacesoft.dolbomnal&hl=ko&gl=kr,,,,,,
android,kr,kr.nonsan.coordinator,노인코디네이터 근태 관리,"노인코디네이터 근태 관리 앱은 논산시 노인돌봄 코디네이터의 업무를 효율적으로 관리하기 위해 개발되었습니다.

주요 기능:
- 일과 시작/종료 기록
- 활동 선택 및 저장 (방문, 상담, 자원연계 등)
- GPS 기반 근무 위치 자동 기록
- 월별 캘린더 기록 조회
- 관리자 웹 시스템 연동

코디네이터의 현장 활동을 실시간으로 기록하고, 관리자가 한눈에 파악할 수 있는 통합 근태 관리 시스템입니다.",비즈니스,https://play.google.com/store/apps/details?id=kr.nonsan.coordinator&hl=ko&gl=kr,,,,,,
android,kr,kr.go.idolbom.dolbomi.app,아이돌봄사,"■ 활동일정을 달력 형태로 한 눈에 확인하고 활동에 필요한 정보와 연락처 등을 조회할 수 있습니다.

■ 번거로운 활동일지 작성을 활동종료 후 모바일에서 간단하게 작성할 수 있습니다.

■ 보유한 연차휴가를 확인하고 직접 신청할 수 있습니다. 

■ 최근 급여의 상세 내역을 모바일에서 바로 확인할 수 있습니다.

■ 활동안내 및 중요메세지를 알림센터에서 더 쉽고 빠르게 확인할 수 있습니다.

■ 이용자 홈페이지 : www.idolbom.go.kr
■ 아이돌봄사 홈페이지 : care.idolbom.go.kr
■ 카카오톡 채널 : @아이돌봄서비스",라이프스타일,https://play.google.com/store/apps/details?id=kr.go.idolbom.dolbomi.app&hl=ko&gl=kr,,,,,,
android,kr,co.petpeople.wayo,와요 펫시터 - 대한민국 1등 돌봄 서비스,"- 신규회원 1,500원 첫 예약 할인
- 강아지 정기 산책 월 8만원 부터
- 반려견 훈련 15% 할인 이벤트 중

현재 방문 돌봄 서비스는 서울, 경기, 인천, 대전, 대구, 부산, 세종, 울산, 제주도, 청주, 천안, 전남광주, 경산, 진주, 군산, 전주, 김해, 구미, 창원, 원주, 강릉, 익산, 양산, 완주, 아산에서 예약이 가능해요!
——————————

대한민국 1등 방문 펫시터, 와요!
전문 펫시터부터 훈련사까지
반려생활에 필요한 파트너들을 모두 와요에서 만나보세요!

[펫시터의 돌봄・산책 예약]
- 방문 산책 : 30/60분으로 산책 매너 교육과 발·배 닦기까지!
- 방문 돌봄 : 30/60/120분으로 고양이와 강아지 모두 돌봐드려요.
- 바로 방문 : 지금 펫시터가 필요하신가요? 2시간 이내에 방문해요.
- 정기 방문 : 매주 원하는 요일에 펫시터가 방문해요.

◾합격률 10%, 엄선된 펫시터
- 공적 서류 : 정부 및 기관에서 발급한 총 4가지 서류로 신원 검증
- 대면 면접 : 일대일 대면 인터뷰를 통해, 지원 동기 및 경력, 자질 검증
- 전문 프로그램 수료 : [펫피플 아카데미] 소속 전문 훈련사의 펫시터 역량 강화 프로그램 수료

◾업계 유일, 모든 돌봄 과정 LIVE 중계!
- 실시간 영상 중계 : 우리 아이의 돌봄 모습을 실시간 영상으로 지켜보세요
- 실시간 GPS 경로 : 실시간으로 아이 위치 및 산책 경로를 볼 수 있어요.
- 실시간 1:1 대화 : 실시간 영상을 보며, 펫시터와 채팅을 주고 받아보세요.

———————

[훈련사의 교육・훈련 예약]
- 문제 행동 교육부터, 반려견을 위한 다양한 훈련이 있어요!
- 영상 교육 : 60분간 비대면 영상으로 상담 및 교육 진행
- 방문 교육 : 100분간 집에 직접 방문하여 상담 및 교육 진행

◾1:1 집중 상담 및 솔루션 카드
- 반려견의 성향과 원인을 분석하고, 그에 따른 맞춤 교육법 처방
- 상담이 종료되면, 단계별 교육 방법이 제시된 솔루션 카드 도착

◾1회성 교육은 NO! 교육 커리큘럼 제도
- 문제 행동의 심각성 및 개선 정도에 따라, 회차별 교육 커리큘럼을 설계 및 관리
- 회차별로 교육 난이도 조정 및 추가 교육을 연계
- 커리큘럼 모두 이수시, ‘우수 교육생’ 수료증 발급

———————

[와요 고객센터]
전화: 070-4756-2224
이메일: hello@wayopet.com",라이프스타일,https://play.google.com/store/apps/details?id=co.petpeople.wayo&hl=ko&gl=kr,,,,,,
android,kr,co.kr.bukbusenior,달성군북부노인복지관,"달성군북부노인복지관은 노인여가복지시설로서 종합상담, 교양ㆍ취미생활, 사회참여지원과 건강증진 등 어르신들의 다양한 복지욕구를 체계적이고 종합적으로 제공할 수 있는 노인 종합복지서비스 기관입니다. 다양한 기능을 수행하여 복지와 문화의 꽃을 피워 어르신의 고품격 노후 실현에 앞장서겠습니다.",커뮤니케이션,https://play.google.com/store/apps/details?id=co.kr.bukbusenior&hl=ko&gl=kr,,,,,,
android,kr,com.funcarenet.funcare,펀케어 -  우리동네 돌봄플랫폼,"펀케어는 중증치료를 비롯한 병원치료 이후, 일상에서의 재활을 준비하는 환자와 그 가족의 곁에서 몸과 마음의 회복을 돕는 지역기반 플랫폼입니다.
​
고객이 도움을 요청하면 가장 가까운 곳에 있는 이웃이 연결되어 도움을 주는 시스템으로, 지역사회의 신뢰를 바탕으로 하여 어려운 이웃을 내 가족처럼 살피는 케어 서비스를 제공합니다.
​
일상의 소소한 이야기를 나누며 몸과 마음이 자연스럽게 건강해질 수 있도록 돕고,
건강에 대한 여부와 현재의 상태가 평안하신지를 살펴 드리며, 원하시는 장소까지 동행해 
 드리는 등 소박한 나눔 이지만, 일상에서 진정 필요한 일들을 서비스로 채택하여 제공하고 있습니다.
​
또한 고객 개개인의 상황에 따른 최적의 케어를 제공하기 위해 다양한 분야의 전문가들이 협력하여 장기간의 병원 생활로 인해 지쳐있는 몸과 마음이 온전히 회복되도록 돕습니다.
​
신뢰할 수 있는 이웃들이 함께 모여 지역내 어려운 환경의 이웃을 돌봄으로써 도움을 받는 분과 도움을 제공한 분 모두가 행복을 경험하는 선한 돌봄문화를 만들어 가고자 합니다.

#펀케어 #펀케어넷 #노인 #1인가구 #지역 #돌봄 #Care #FUN #funcare #funcarenet #병원동행 #입원 #퇴원",건강/운동,https://play.google.com/store/apps/details?id=com.funcarenet.funcare&hl=ko&gl=kr,,,,,,
android,kr,com.hangang.carefor_family,케어포 가족돌봄,요양원에서 서비스 하는 내용들을 가족들이 확인 할 수 있는 앱입니다.,비즈니스,https://play.google.com/store/apps/details?id=com.hangang.carefor_family&hl=ko&gl=kr,,,,,,
android,kr,kr.carenation.protector,"케어네이션 - 간병인 찾기, 병원 동행인, 요양보호사","케어네이션은 간병, 방문요양, 동행, 가사돌봄, 아이·산후돌봄 매칭을 제공하는 국내 대표 통합 돌봄 플랫폼입니다.

전국 어디서나, 24시간 원하는 돌봄 서비스를 연결해 드립니다.

7년 연속 소비자만족도 1위 | 누적 회원 82만 명 | 앱 다운로드 점유율 92% (보호자·케어메이트 전용 앱 합산, 2025년 data.ai 기준)

■ 케어네이션이란?

케어네이션은 간병인·요양보호사·동행인 등을 직접 선택할 수 있는 돌봄 매칭 플랫폼입니다.

보호자가 공고를 올리면 돌봄 제공자(케어메이트)가 지원하고, 나이·성별·국적·돌봄 이력·후기·제안금액을 확인한 뒤 원하는 분을 직접 고를 수 있습니다.

■ 제공 서비스

[간병]
• 병원 간병 : 입원 환자를 위한 병원 방문 간병 서비스
• 재가 간병 : 자택에서 받는 맞춤형 재가 간병 서비스
[방문요양]
• 일반 방문요양 : 요양보호사 케어메이트가 장기요양등급 어르신을 돌보는 국비지원 돌봄 서비스
• 가족요양 : 요양보호사 가족이 직접 장기요양등급 어르신을 돌보는 국비지원 돌봄 서비스
[동행] 외래 진료·검사·수술 시 병원 동행 등 일상 이동 지원 서비스
[가사돌봄] 가사 지원 및 일상생활 보조 서비스
[아이·산후돌봄]
• 산후돌봄 : 산모와 신생아를 위한 전문 산후 케어 서비스
• 아이돌봄 : 등하원 보조, 간식 제공 등 아이 일상 돌봄 서비스

서비스 지역: 서울, 경기, 인천, 부산, 대구, 대전, 광주 등 전국

■ 주요 특징

• 보호자가 직접 케어메이트를 선택하는 투명한 매칭 방식
• 앱 내 카드 결제 및 할부 지원 (결제 내역 자동 기록)
• 케어메이트 배상책임보험 의무 가입
• 간병일지(식사·상태 체크) 앱 내 편리한 기록
• 전국 365일 24시간 매칭 가능

■ 수상·인증 이력

🏅 2020·2021·2022·2023·2024·2025·2026년 대한민국 소비자 만족도 1위
🎖️ 2021·2022·2023·2024·2025년 대한민국 최고 브랜드 대상
🏆 2021·2022·2023·2024·2025·2026년 모바일어워드코리아 올해의 앱
🏅 2022·2023·2024·2025·2026년 대한민국 산업대상

🎖️ 2026년「정보통신 및 정보문화 유공」과학기술정보통신부 장관 표창
🏆 2024년 벤처기업협회 우수벤처기업 수상
🎖️ 2021년 중소벤처기업부 장관상

■ 고객 문의

• 카카오톡 : @케어네이션
• 전화상담 : 1811-5949
• Email : help@carenation.kr

■ 케어네이션 SNS

• 홈페이지 : https://www.carenation.kr
• 유튜브 : https://www.youtube.com/channel/UCSZSLgPOTwefxxiT67dcrCA
• 블로그 : https://blog.naver.com/carenation
• 인스타그램 : https://www.instagram.com/carenation_official
• 티스토리 : https://carenation.tistory.com/",의료,https://play.google.com/store/apps/details?id=kr.carenation.protector&hl=ko&gl=kr,,,,,,
android,kr,com.caredoc.caredocplus,"케어닥 – 간병인부터 요양시설, 방문운동까지 한 번에","병원간병에서 집에서 간병, 국비지원 방문요양은 물론
가사와 간병까지 해결하는 일상돌봄까지 모두 해결!
돌봄기준 새로고침, 케어닥

빠른 매칭을 넘어 바른 매칭
소중한 가족을 맡길 간병인 찾기, 전국 어디서나 빠르게,
간병 상황에 맞는 최적의 간병인을 찾아 드립니다.
전국 최대 규모급 간병인 네트워크를 통해 지역, 병원이나 집에서
프로필을 보고 원하는 간병인을 선택할 수 있습니다
안전에 안심을 더한 돌봄 서비스
케어닥과 함께 하는 모든 간병인은 배상책임보험에 가입됩니다.
혹시 모를 상황까지 꼼꼼하게 대비하여 보호자의 안심을 더합니다.
더불어 지속적인 간병인 & 요양보호사 교육 시스템을 구축, 지금 이 순간에도
대한민국 케어 서비스의 기준을 올려가고 있습니다.
고령화 사회에 발맞춘 생애주기 별 돌봄 플랫폼
병원에서 집에서 요양원 시설에서 간병이 필요할 때
뇌졸중, 파킨슨병 등 수술 후 방문재활 운동이 필요할 때
장기요양등급이 없는 상태에서 일상 속 가사와 간병이 필요할 때
국비지원으로 방문요양센터에서 돌봄이 필요할 때 신청부터 돌봄까지
가족의 상황에 맞는 모든 돌봄 서비스가 제공됩니다.

왜, 케어닥인가요?
강점 1. 전국 대형병원과 제휴를 통해 병원을 잘 아는 간병인이 매칭됩니다.
강점 2. 카드, 계좌를 통한 간병비 결제로 추가 간병비 요구 없이 투명합니다.
강점 3. 돌봄이력, 자격증 유무 등 간병인 프로필을 보고 선택할 수 있어 안심입니다.
강점 4. 급하게 간병인이 필요할 때 빠른 매칭으로 상담을 통해 지원해 드립니다.
강점 5. 대한민국 대표 시니어 플랫폼 브랜드로 믿을 수 있습니다.
케어닥은 자리를 지키는 돌봄이 아닌 회복을 위한 돌봄을 추구합니다
고령화 시대를 맞아 더 높은 수준의 서비스를 제공하기 위해
시스템을 만들고 매뉴얼을 지키고 디지털을 더합니다.
돌봄 기준 새로고침, 케어닥입니다.

케어닥의 돌봄 서비스 분야
[병원간병] 검증된 간병인 케어코디의 1:1 맞춤 간병, 다인간병
[집에서 간병] 자택, 가정에서 시간에 맞춰 돌봄을 받는 프리미엄 간병
[방문요양] 장기요양등급 신청대행부터 돌봄까지 원스톱 국비지원 돌봄
[가사돌봄] 어르신 돌봄 전문가가 방문, 가사 및 인지 활동 지원
[외출동행] 요양보호사가 병원, 일상생활에 필요한 곳에 동행
[방문재활운동] 원하는 장소에서 회복에 집중할 수 있는 재활 운동 프로그램
[케어닥 케어홈] 첨단 케어 시스템이 구비된 기존 요양원의 새로운 대안
[케어스테이] 서울 수도권 병원 치료 시 간호사가 상주하며 관리하는 공간

고객센터 : 1833-9119

케어닥 수상이력
2022 대한민국 브랜드 만족도 1위
2021 소비자가 선택한 최고의 브랜드 수상
2020 올해의 최고 브랜드 수상
2020 대한민국 최고 브랜드 대상 수상
2019 올해의 최고 브랜드 수상
2019 공공데이터 활용 국무총리상 수상",의료,https://play.google.com/store/apps/details?id=com.caredoc.caredocplus&hl=ko&gl=kr,,,,,,
android,kr,com.caredoc.carecoordi,"케어닥 - 일자리 찾기, 간병인, 요양보호사, 케어코디","간병 일자리 찾는다면 케어닥에서 더 높은 수익을 가져가세요.
이미 써 본 간병인, 요양보호사께서 추천하는 이유가 있습니다. 
돌봄 기준 새로고침, 케어닥

내가 원할 때 고를 수 있는 다양한 간병 일자리
병원에서 집에서 다양한 간병인을 찾는 분들이 당신을 기다려요.
간병에서 방문요양, 가사돌봄과 외출동행 등 다양한 서비스를 제공하니
장소와 시간에 맞춰 편하게 일자리 신청이 가능합니다.
최고 수준급 수익, 안정적이고 투명한 정산 시스템
간병비 경쟁이 아닌 환자 상태에 따른 정찰제를 통해
간병인 분들이 더 많은 소득을 올리실 수 있도록 일자리를 제공합니다.
간병인 요양보호사의 안정적 수익을 위해 케어닥이 함께 합니다.
간병 업무를 시작하는 분도 베테랑도 모두 만족
다양한 교육 프로그램을 통해 병원, 자택 간병에 자신감을 드립니다.
차곡차곡 경력을 쌓게 도와 드리고 돌봄 이력이 쌓이게 되면
간병 일자리 매칭 성사율은 더욱 올라갑니다.

왜, 케어닥인가요?
강점 1. 병원, 집에서, 요양센터 소속으로도 일할 수 있는 다양한 돌봄 서비스
강점 2. 가입하고 프로필 입력하면 끝, 빠르게 만나 시작하는 간병 일자리
강점 3. 이미 쓰신 분들에게 물어보면 알 수 있는 업계 대비 최고 소득
강점 4. 일하시는 모든 분은 배상책임 보험 가입으로 안심하고 간병에 전념
강점 5. 전국 규모 병원 네트워크 구축으로 안정적인 일자리 확보
케어닥은 간병인, 요양보호사 분들을 최고의 자산으로 생각합니다
초 고령화 시대, 대한민국 돌봄 산업에서 가장 중요한 여러분의
안정적 수익은 물론 존중과 대우 받는 일자리를 위해 노력하겠습니다.
돌봄 기준 새로고침, 케어닥입니다.

케어닥의 돌봄 서비스 분야
[병원간병] 검증된 간병인 케어코디의 1:1 맞춤 간병, 다인간병
[집에서 간병] 자택, 가정에서 시간에 맞춰 돌봄을 받는 프리미엄 간병
[방문요양] 장기요양등급 신청대행부터 돌봄까지 원스톱 국비지원 돌봄
[가사돌봄] 어르신 돌봄 전문가가 방문, 가사 및 인지 활동 지원
[외출동행] 요양보호사가 병원, 일상생활에 필요한 곳에 동행
[방문재활운동] 원하는 장소에서 회복에 집중할 수 있는 재활 운동 프로그램
[케어닥 케어홈] 첨단 케어 시스템이 구비된 기존 요양원의 새로운 대안
[케어스테이] 서울 수도권 병원 치료 시 간호사가 상주하며 관리하는 공간

고객센터 : 1833-9119

케어닥 수상이력
2022 대한민국 브랜드 만족도 1위
2021 소비자가 선택한 최고의 브랜드 수상
2020 올해의 최고 브랜드 수상
2020 대한민국 최고 브랜드 대상 수상
2019 올해의 최고 브랜드 수상
2019 공공데이터 활용 국무총리상 수상",의료,https://play.google.com/store/apps/details?id=com.caredoc.carecoordi&hl=ko&gl=kr,,,,,,
android,kr,kr.carenation.caregiver,"케어네이션 - 일감 찾기, 간병인, 동행인, 요양보호사","케어네이션은 간병, 방문요양, 동행, 가사돌봄, 아이·산후돌봄 매칭을 연결하는 국내 대표 통합 돌봄 플랫폼입니다.

내 스케줄에 맞는 돌봄 서비스 일자리를 전국 어디서나 찾을 수 있습니다.

7년 연속 소비자만족도 1위 | 누적 회원 82만 명 | 앱 다운로드 점유율 92% (보호자·케어메이트 전용 앱 합산, 2025년 data.ai 기준)

■ 케어네이션 일감 찾기란?

케어네이션 일감 찾기는 간병, 방문요양, 동행, 가사돌봄, 아이·산후돌봄 일감을 내 스케줄에 맞게 직접 선택할 수 있는 돌봄 일자리 플랫폼입니다.

희망 지역·날짜·돌봄 서비스 유형에 맞는 공고에 지원하면, 보호자가 프로필과 이력, 후기를 보고 선택하는 투명한 구조입니다.

■ 일감 종류

[간병]
• 병원 간병 : 입원 환자를 위한 병원 방문 간병 서비스
• 재가 간병 : 자택에서 받는 맞춤형 재가 간병 서비스
[방문요양]
• 일반 방문요양 : 요양보호사 케어메이트가 장기요양등급 어르신을 돌보는 국비지원 돌봄 서비스
• 가족요양 : 요양보호사 가족이 직접 장기요양등급 어르신을 돌보는 국비지원 돌봄 서비스
[동행] 외래 진료·검사·수술 시 병원 동행 등 일상 이동 지원 서비스
[가사돌봄] 가사 지원 및 일상생활 보조 서비스
[아이·산후돌봄]
• 산후돌봄 : 산모와 신생아를 위한 전문 산후 케어 서비스
• 아이돌봄 : 등하원 보조, 간식 제공 등 아이 일상 돌봄 서비스

서비스 지역: 서울, 경기, 인천, 부산, 대구, 대전, 광주 등 전국

■ 주요 특징

• 내 스케줄·희망 지역에 맞는 일감 선택 가능
• 오늘 일하면 익일 앱통장으로 바로 입금
• 일한 날만 수수료·보험료 지불 (미근무 기간 부담 없음)
• 돌봄 경험 없어도 시작 가능
• 전국 365일 24시간 실시간 매칭

■ 수상·인증 이력

🏅 2020·2021·2022·2023·2024·2025·2026년 대한민국 소비자 만족도 1위
🎖️ 2021·2022·2023·2024·2025년 대한민국 최고 브랜드 대상
🏆 2021·2022·2023·2024·2025·2026년 모바일어워드코리아 올해의 앱
🏅 2022·2023·2024·2025·2026년 대한민국 산업대상

🎖️ 2026년「정보통신 및 정보문화 유공」과학기술정보통신부 장관 표창
🏆 2024년 벤처기업협회 우수벤처기업 수상
🎖️ 2021년 중소벤처기업부 장관상

■ 고객 문의

• 카카오톡 : @케어네이션
• 전화상담 : 1811-5949
• Email : help@carenation.kr

■ 케어네이션 SNS

• 홈페이지 : https://www.carenation.kr
• 유튜브 : https://www.youtube.com/channel/UCSZSLgPOTwefxxiT67dcrCA
• 블로그 : https://blog.naver.com/carenation
• 인스타그램 : https://www.instagram.com/carenation_official
• 티스토리 : https://carenation.tistory.com/",의료,https://play.google.com/store/apps/details?id=kr.carenation.caregiver&hl=ko&gl=kr,,,,,,
android,kr,kr.co.nursingmate,"간병메이트 - 간병신청, 간병매칭플랫폼, 간병인 구하기","간병메이트(nursingmate) - 최고의 간병 솔루션
복잡하고 어려웠던 간병매칭을 보다 쉽고 빠르고 간편하게!
이제 간병인 매칭, 가족간병을 간편하게 해결하세요.

언제 어디서나 비대면으로 환자등록 / 간병인 등록이 가능하고 1:1매칭이 가능합니다.
간병메이트에서는 최소한의 가입정보로 회원등록을 통해 간병매칭이 이루어질 수 있도록 도와드립니다.

● 쉽고 편한 환자 / 간병인 등록
- 실시간으로 환자와 간병인 회원등록이 가능하며 카카오톡으로 간편하게 매칭가능
- 매칭등록 후 사후 관리 및 후불결제 시스템

● 나에게 맞는 간병신청
- 실시간으로 업데이트 되는 환자와 간병인 정보에 따라 원하는 간병인을 매칭할 수 있습니다.
- 간병이 필요한 만큼, 원하는 병원과 일정이 선택가능합니다.

● 안전한 간병지원
- 환자와 간병인의 배상책임 보험 의무화
- 간병인의 자격증명, 철저한 신원확인 시스템

● 원스톱 지원시스템
- 보험금 청구 관련 서류 즉시 발급
- 카카오톡으로 담당자와 실시간 상담가능

● 간병메이트 이용정보
- 홈페이지: https://nursingmate.co.kr
- 카카오톡 채널: https://pf.kakao.com/_xnZxmWG

쉽고 편리한 간병매칭, 이제 간병메이트에서 환자와 간병인의 만남이 보다 쉽고 편리하게 이루어집니다.",의료,https://play.google.com/store/apps/details?id=kr.co.nursingmate&hl=ko&gl=kr,,,,,,
android,kr,com.c_plus.careplus,"케어플러스 - 간병인, 요양보호사 손쉽게 찾기","보다 좋은 간병문화를 선도하는! 케어플러스


내 가족을 안심하고 맡길 수 있는 간병인을 케어플러스에서 찾아 보세요!!

※ 환자·보호자를 위한 케어플러스’s 특화 서비스 ※
 √ 우리 가족에게 필요한 간병인
  - 등록된 간병인의 경력 프로필 및 후기를 보고, 우리 가족에게 딱 맞는 간병인을 직접 선택할 수 있습니다.

 √ 심플한 디자인으로 손쉬운 사용
  - 배달앱 주문보다 쉬운 보호자의 간병인 찾기와 간병인의 일감 찾기!
  - 단순한 간병인 매칭 절차
    간병인 구인 공고 등록&대기 → 지원한 간병인 확인&선택 → ☆매칭 완료☆

 √ 간병인 배상책임보험 의무 가입
  - 모든 간병인이 간병인 배상책임보험에 의무적으로 가입하고 있습니다.

 √ 간병비 부담을 줄이는 카드 결제 시스템
  - 업계 최초, PG사 안심 결제 서비스 연동!
  - 할부 결제 & 가족 간의 다수 결제가 가능하여 가족들의 간병비 부담감을 줄여드립니다.



Q. 간편하게 간병 일감을 구하고 싶다면?
A. 케어플러스가 정답이에요!

※ 간병인을 위한 케어플러스’s 특화 서비스 ※
 √ 일하고 싶을 때 일하자!
  - 내가 원하는 간병 날짜·시간·장소에 맞는 공고를 찾을 수 있습니다.
  - 구인 공고에서 환자의 상태를 사전에 조회할 수 있습니다.

 √ 보호자와 다이렉트로 연결
  - 매칭된 고객과 1:1로 연결하여 환자의 상태와 보호자의 니즈를 파악하여 준비할 수 있습니다.

 √ 일한만큼 돈 받기!
  - 계약된 간병기간 완료 시 일정 수수료를 제외한 일당 전액을 익일 현금으로 입금됩니다.

 √ 부담없는 간병
  - 간병인 배상책임 보험 가입을 의무화 함으로써 환자를 돌봄에 있어 실수로 인한 사고 발생 시 본인 책임에 대한 부담을 줄일 수 있습니다.",건강/운동,https://play.google.com/store/apps/details?id=com.c_plus.careplus&hl=ko&gl=kr,,,,,,
android,kr,com.dspirit.helper,"헬퍼 - 간병일자리 찾기, 일자리 알림 받기, 간병인","**간병매칭플랫폼 **

전국 어디든, 내 근처 일자리 찾기!

앱에서 일자리 찾기로 환자 정보를 확인하고 일자리 지원해보세요!

여러 대형 병원들과 협약되어 있어 일감이 많습니다.

[업계최저비용, 많은 일감! 간병인 여사님, 선생님들께 최적의 환경을 제공합니다.]

- 원하는 지역의 원하는 간병일자리 조건을 확인하고 지원 가능!

환자 혹은 보호자가 등록한 간병일 정보를 원하는 조건에 맞춰 볼 수 있습니다.

- 간병일자리 지원시, 간편하게 환자에게 알림톡으로!

환자는 카톡으로 간병인의 지원 알림을 받을수 있어, 즉시 확인이 가능합니다.

- 내가 원하는 지역을 설정하면, 해당 지역 일자리 알림 받기 가능!

앱에서 간편하게 설정하고 수시로 알림을 받을 수 있습니다.

- 내 간병 경력을 등록하면, 환자에게 노출 가능!

환자가 보는 웹사이트 간병인 찾기 리스트에 노출이 가능합니다.
----
개발자 연락처 :
이도언 명륜2길 16-10
덕진구, 전주시, 전라북도 54898
South Korea 6558701867 통신판매업신고 : 제2020-서울종로-2182호 없음",의료,https://play.google.com/store/apps/details?id=com.dspirit.helper&hl=ko&gl=kr,,,,,,
android,kr,com.carenine.app,케어나인-전문 간병인 매칭 서비스,"간병 문화를 선도하는 간병인 매칭 서비스 “케어나인”
케어나인은 케어가 필요한 환자와 보호자를 위한 전문 간병인 매칭 서비스를 제공합니다.

*간병인 구하기 → 정찰제 운영 / 일자리 공고 등록 후 매칭 / 전국 서비스

케어나인 서비스 안내

*업계 최저 매칭 수수료
*간병비 카드 결제 및 할부 가능
*간병인 프로필 제공으로 원하는 간병인 선택 가능


케어나인 간병인은?
* 간병 검정기관과 제휴를 통해 간병사 자격을 획득합니다.
* 의료 교육기관과 제휴하여 간병인 회원에게 온라인/오프라인으로 실무교육을 제공합니다.
* 간병인 전원 배상책임 보험에 가입되어 있습니다.


문의

문의전화 : 1644-9150",의료,https://play.google.com/store/apps/details?id=com.carenine.app&hl=ko&gl=kr,,,,,,
android,kr,com.caretalk.caretalka,케어톡 - 실시간 간병 어플리케이션,"재활의학과 전문의가 수십년에 걸친 부모님 간병을 통해 필요성을 느껴 직접 만든 앱입니다. 가족의 간병을 직접 시작하셨거나, 간병인·요양보호사에게 간병을 의뢰하신 분들을 위한 앱입니다. 환자를 돌볼 때 무엇을 체크하고 기록해야 할지 막막할 때 본 앱은 훌륭한 길잡이가 되어 드립니다. 케어톡(CareTalk)은 보호자와 간병인이 환자의 간병기록을 함께 관리할 수 있도록 돕는 플랫폼입니다. 환자 케어룸을 생성하고 초대 코드를 통해 가족 또는 간병인을 초대하여 환자별 기록을 함께 확인할 수 있습니다. 간병 기록(식사 여부, 복약, 배변, 위생활동, 활력징후, 혈당), 치료일정, 기타 환자 관련 사진 및 문서들을 한곳에서 정리하고 간병인과 가족이 공유합니다. 보호자와 간병인의 원활한 의사소통을 돕습니다. 가족간병의 경우에도 가족 구성원 사이의 의사소통 도구로 활용할 수 있습니다. 환자의 건강 정보(혈압, 혈당 등)와 간병기록, 업로드한 사진 및 문서는 한국 개인정보보호법상 민감정보로 분류되며, 회원가입 시 별도의 명시적 동의를 거쳐 수집·관리됩니다. 모든 데이터는 암호화되어 저장되며, 자세한 사항은 앱 내 개인정보처리방침을 참조해 주세요. 케어톡(CareTalk)은 케어 협업 및 기록 관리를 위한 앱이며, 의료 진단·치료·응급 대응 서비스를 제공하지 않습니다. 모든 의료적 판단은 의료 전문가의 진료를 통해 이루어져야 합니다.",라이프스타일,https://play.google.com/store/apps/details?id=com.caretalk.caretalka&hl=ko&gl=kr,,,,,,
android,kr,com.aimmed.todocchelper,토닥씨 간병인전용 – 간병 일감 바로 구하기,"토닥씨 간병인 앱에서
한 번에 모든 정보가!

토닥씨 간병인 앱에서는 배정된 돌봄부터 완료된 돌봄까지, 근무 이력부터 급여내역까지 이 모두를 앱에서 확인할 수 있어요.

● 잘 읽으실 수 있도록 알아보기 쉽게 만들었어요!
　 필요한 정보를 바로 확인해 보세요.

● 근무가 끝나도 나중에 또 볼 수 있어요.
　 시작하지 않아 대기 중인 돌봄부터
　 완료된 돌봄까지 앱에서 확인할 수 있어요.

● 근무 후 급여가 지급되면 내역도 확인할 수 있어요.
　 돌봄으로 얻은 수익이 차곡차곡 쌓이는 즐거움을
　 토다 씨에서 직접 확인해 보세요!



------------------------------------------------------------


■ 왜 간병(돌봄) 하면 토닥씨일까요?

1. 8개 보험사와 제휴를 통해 돌봄 서비스를 제공하고 있어요!

토닥씨를 운영하는 토닥 케어는 9개 보험사 중에서 간병특약 상품을 취급하는 8개 보험사와 제휴를 통해 돌봄 서비스를 제공하며 다년간 굳건하게 운영하고 있어요.

2. 수년간의 서비스 운영 노하우를 개인 돌봄까지도 더 빠르고 편리하게 적용했어요!

이제는 기업뿐 아니라 개인 돌봄까지도 더 빠르고 편리하게 달래주는 시대에 꼭 필요한 돌봄을 경험하실 수 있어요.



------------------------------------------------------------


■ 토닥씨에 대해 더 궁금하시다면

- (주)토닥케어 공식 홈페이지 : www.todoccare.com",건강/운동,https://play.google.com/store/apps/details?id=com.aimmed.todocchelper&hl=ko&gl=kr,,,,,,
android,kr,iuthada.mobile,이웃하다 - 병원동행 & 간병 앱,"✔  나와 내 가족을 위한 동행/돌봄
    '이웃케어’ 매칭 플랫폼, 이웃하다

✔ 청년에서 어르신
- 1인가구, 맞벌이, 사회생활로 바쁜 보호자, 다문화가정. 유학생

✔ 이럴 때 도움을 요청할 곳은 없을까? 
- 건강검진 등 수면내시경 보호자가 필요할 때 (1인가구, 어르신)
- 내 가족이 아플 때, 도움을 요청할 곳은 없을까? (보호자)
- 공공기관, 시설이용 시 원활한 의사소통으로 도움이 필요할 때(다문화가정)
  
이웃하다는 병원 동행부터 쇼핑동까지, 내 주변의 가까운 사람들과 함께 서로를 돌보는 이웃케어 매칭 플랫폼입니다. 지금 ‘나를 도와주는 이웃’를 만나보세요.

1. 편리한 이용
 모바일 앱으로 ‘나를 도와주는 이웃’을 쉽고 빠르게 찾아볼 수 있습니다.

2. 높은 신뢰감
 다양한 인증을 받은 ‘이웃선생님’ 프로필과 후기로 신뢰를 직접 확인할 수 있습니다.

3. 안심 서비스
 믿을 수 있는 ‘이웃선생님’이 병원이나 관공서 등 원하는 곳에 함께 가드립니다


■ 이웃케어 고객 [성인~어르신]

[이웃케어 서비스]
병원동행, 쇼핑동행, 광광동행, 통역동행, 행정업무동행, 키오스크 1:1교육, 간병/돌봄

1. 안심 맞춤 시스템
서로의 조건(시간, 장소, 비용)에 맞춰 원하는 안심 이웃케어가 가능합니다.

2. 안심 맞춤 전문가
다양한 유형의 이웃선생님을 만날 수 있습니다
- 가까이 이웃선생님(내 근처에서 나를 도와주는 이웃)
- 자격증 이웃선생님(요양보호사, 사회복지사, 간호조무사, 간호사)

눈으로 직접 확인하여 신뢰할 수 있어요
1) 직접 확인할 수 있는 다양한 인증마크(등초본, 자격증, 건강증 등)
2) 내가 신청/지원한 메시지를 이웃/이웃선생님께서 열람과 동시에 확인 메시지전송
3) 이웃케어 이용 후기, 별점으로 서로 안심을 확인

3. 안심 맞춤 비용
서로가 만족할 수 있는 비용으로 이웃케어가 가능합니다.
- 다양한 이웃선생님들로 최대 50%까지 비용을 줄일 수 있습니다. (1시간 최대 1만 원 절감)
 
4. 안심 맞춤 가치 실현
이웃회원에게는 비용 절약을, 이웃선생님에게는 일자리 제공으로 사회적 가치를 실현합니다.
- 하루 3시간씩만 일해도 한 달이면 최소 86만 원 이상

그럼 이제 믿고 도움을 요청할 수 있는 ‘이웃하다’에서 이웃케어를 시작해보세요

새로운 이웃케어의 기준! 나를 도와주는 이웃, 이웃하다


-홈페이지 : https://www.iuthada.com/

▶ 문의 사항이나 제안하시고 싶은 점이 있으시면 언제든 글 남겨주세요~
help@iuthada.com

#성형 #안과 #건강검진  #병원동행 #간병 #돌봄 #말벗
#다문화가정 #통역동행 #관광동행 #요양보호사",라이프스타일,https://play.google.com/store/apps/details?id=iuthada.mobile&hl=ko&gl=kr,,,,,,
android,kr,com.vomi.gvomi,"보미쌤 간병인 - 간병 신청, 어느 병원이세요?","병원간병 보미쌤

간병에 진심인 보미쌤,
내가 원하는 간병인을 직접 고른다!

더욱 편리해진 기능 & 간병의 핵심만 딱!
업그레이드 되서 돌아왔습니다 :)

국내 최다 협력 지정 병원 보유 및 24시간 간편한 간병인 매칭 가능!

이럴 때 보미쌤을 찾아주세요!

▷ 원하는 간병인을 직접 선택하고 싶을 때
▷ BIG 5 병원 등 대형 병원에 입원을 했을 때
▷ 1:1 전문 병원 간병인이 필요할 때


[보미쌤, 간병 신청 방법]

STEP 1. 간병 신청서를 작성
STEP 2. 신청한 간병인의 프로필과 후기를 보고 원하는 간병인 직접 선택!
STEP 3. 카드 및 간편 결제 후 매칭 완료!


[보미쌤만의 장점]

#협약 병원 간병 신청
- 세브란스, 서울대병원, 아주대 등등 대학병원 간병 신청 시, 맞춤형 케어 서비스 제공

#전문 교육 프로그램을 이수한 전문 간병인
- 보미쌤은 매칭에만 몰두하지 않고 간병인 회원과 보호자 회원의 안전과 건강을 위해 전문 간병인 교육 프로그램을 지원하고 있습니다.

#투명하고 편리한 결제 시스템
- 현금결제만 가능한 기존 간병 시장과 달리 보미쌤에서는 카드 결제 및 할부 서비스를 지원하고 있습니다.


※보미쌤 페이지※
홈페이지 : https://www.vomissam.com/
블로그 : https://blog.naver.com/vomissam
유튜브 : https://www.youtube.com/@vomissam

※보미쌤 안심센터※ : 1877-2781

[보미쌤, 인증현황]
- 벤처기업 (벤처투자유형)
- 가사서비스 제공기관 (서울강남-2호)


[보미쌤, 주요 투자사]
- 브이플랫폼인베스트먼트
- 우리은행
- 한국벤처투자(KVIC)
- 엔젤스태프",의료,https://play.google.com/store/apps/details?id=com.vomi.gvomi&hl=ko&gl=kr,,,,,,
android,kr,com.dowon.carehelper,"케어헬퍼- 쉽고, 빠르고, 정확한 간병인 등록과 매칭","케어헬퍼는 요양보호 전문업체로서 간병 전문 인력이 상시 대기 중이며, 근로자 파견부터 클린 서비스까지 종합적인 케어 솔루션을 제공합니다.

어르신 가정을 위한 방문 클린 서비스는 정기 청소는 물론, 음식 조리 파견까지 가능하여 일상의 편안함을 지원해 드립니다.

보험 설계사, 사회복지사, 행정사 등 전문가들이 모여 설립한 회사로, 풍부한 전문 지식을 바탕으로 정직하게 운영하고 있습니다.

- 맞춤형 매칭
환자의 건강 상태, 돌봄 시간대, 성별 등 세밀한 정보를 바탕으로 최적의 간병인을 추천합니다.

- 실시간 지원 및 상담
이용 중 불편함이 없도록 전담 지원팀이 상시 대기하며 실시간 상담 기능을 제공합니다.

- 간편한 청구 절차
복잡한 증빙 서류와 청구 절차를 간소화하여 보호자의 심리적·시간적 부담을 덜어드립니다.


- 유연한 스케줄링
환자와 간병인 간의 일정을 유연하게 관리하여 케어의 공백이 생기지 않도록 지원합니다.",건강/운동,https://play.google.com/store/apps/details?id=com.dowon.carehelper&hl=ko&gl=kr,,,,,,
android,kr,com.fivegram.gb,간병24 - 간병인 구인에서 간병인 구직까지,"1600-5197 간병24에서는 간병을 원하는 환자, 보호자분들을 위해
환자분에게 맞는 간병사를 보내드립니다.

복잡하고 번거로운 회원가입 없이  
간병24를 다운로드 받아 간단한 정보만 입력하면
상담을 통해 쉽고 편리하게 이용하실 수 있습니다

상담시 환자의 특이사항이나 
보호자가 희망하는 간병 유의사항이 있으시면 
알려주세요

간병24에서는 간병 일자리를 찾는 간병인에게
간병 일자리를 찾아드립니다

간병24 주요서비스
- 병원 등록
- 환자 등록
- 간병사 등록
- 카톡으로 신청/문의하기
- 계약서·협약서 작성요령

간병24는 간병인 구인에서 간병인 구직까지
다양한 서비스를 제공합니다
----
개발자 연락처 :
황세옥 도봉로114길 22-8
도봉구, 서울특별시 01455
South Korea 2276100585 2276100585 2276100585",의료,https://play.google.com/store/apps/details?id=com.fivegram.gb&hl=ko&gl=kr,,,,,,
android,kr,com.rumi.rutotalwell,간병보험 간병인보험 나이제한 가족사랑 60대,"어떻게 하면 저렴한 보험료로 만족스러운 간병보험 가입을 할 수 있을까요? 비교 앱을 이용하여 실시간으로 보험료를 확인하고, 보험사별 비교까지 꼼꼼하게 한다면 합리적인 가격으로 간병보험 가입이 가능합니다. 

원클릭으로 나의 간병보험 실시간 보험료를 확인해 보세요. 국내 대표 보험사별 간병보험 상품을 보장부터 보험료까지 세세하게 비교해 드립니다. 실시간 보험료 계산과 보험상품 비교견적뿐만 아니라 다양한 할인 혜택까지 안내해 드립니다. 

지금 바로 앱을 다운로드하시고 합리적인 가격으로 간병보험 가입하세요! 

▶ 제공 서비스 ◀ 

▷ 실시간 보험료 계산 
앱을 통해 쉽고 빠르게 견적을 내드립니다. 

▷ 국내 주요 보험사별 보험상품 비교견적 
보험사별 정보를 확인하고 견적을 비교해 보세요! 

▷ 나에게 유리한 혜택 및 특약 안내 
자신에게 유리한 혜택을 확인해 보세요!",생산성,https://play.google.com/store/apps/details?id=com.rumi.rutotalwell&hl=ko&gl=kr,,,,,,
android,kr,kr.co.carelinkpartners.caregiver,케어링크 (간병사용),"전국의 수많은 간병협회/방문재가센터에서 등록하는 많은 일자리 정보가 있습니다.
나에게 맞는 일자리를 쉽게 찾아 볼 수 있고 즉시 연락도 가능합니다.",비즈니스,https://play.google.com/store/apps/details?id=kr.co.carelinkpartners.caregiver&hl=ko&gl=kr,,,,,,
android,kr,com.aimmed.todoccuser,토닥씨 – 맞춤 간병 신청,"신청은 편리하게
연결은 빠르게
돌봄은 확실하게

대한민국 1등 간병 플랫폼, 토닥씨를 만나보세요!

● 편리한 돌봄 신청
　 돌봄 가족 등록으로 돌봄을 신청하고
　 내역을 확인할 수 있어요.

● 자유로운 일정 선택
　 돌봄이 필요한 만큼 일정을 선택해서 신청할 수 있어요.

● 토닥씨 선택
　 추천받은 토닥씨의 프로필을 확인하고
　 돌봄 받을 토닥씨를 직접 선택할 수 있어요.

● 꼼꼼한 토닥 노트
　 일일 돌봄이 완료되면 하루를 고스란히 담은 토닥 노트로
　 돌봄 가족의 하루를 확인할 수 있어요.



------------------------------------------------------------



■ 왜 간병(돌봄) 하면 토닥씨일까요?

1. 8개 보험사와 제휴를 통해 돌봄 서비스를 제공하고 있어요!

토닥씨를 운영하는 토닥 케어는 9개 보험사 중에서 간병특약 상품을 취급하는 8개 보험사와 제휴를 통해 돌봄 서비스를 제공하며 다년간 굳건하게 운영하고 있어요.

2. 수년간의 서비스 운영 노하우를 개인 돌봄까지도 더 빠르고 편리하게 적용했어요!

이제는 기업뿐 아니라 개인 돌봄까지도 더 빠르고 편리하게 달래주는 시대에 꼭 필요한 돌봄을 경험하실 수 있어요.



------------------------------------------------------------


■ 토닥씨에 대해 더 궁금하시다면

- (주)토닥케어 공식 홈페이지 : www.todoccare.com",건강/운동,https://play.google.com/store/apps/details?id=com.aimmed.todoccuser&hl=ko&gl=kr,,,,,,
android,kr,kr.carematch.giver,케어매치(간병인용),"케어매치는 병원, 재택, 방문, 생활 돌봄 요양이 필요한 모든 분께 최적화된 간병인을 매칭해 드리는 매칭 플랫폼입니다.

걱정없고 존중받는 노후는 행복한 삶입니다. 케어매치는 선진 간병 문화를 구현합니다.",비즈니스,https://play.google.com/store/apps/details?id=kr.carematch.giver&hl=ko&gl=kr,,,,,,
android,kr,com.vomi.vvomi,보미쌤 간병 - 어느 병원 일자리 찾으세요?,"국내 최대 간병 인프라 보유
& 업계 최고 대우 보미쌤입니다.


[변경 사항]
▷ 간병비 직접 제시!
▷ 간병비 정산 시스템 변경 (일급 기준으로 다음 날 바로 정산)
▷ 병원별 일자리 확인 가능!
▷ 회원제 도입 (준회원 / 정회원)

[보미쌤 간병인이 된다면?]

▷ 간병이 처음이시거나 어려우시다면, 무료 간병 교육을 지원해 드립니다.
▷ 다양한 대학 병원, 종합 병원 등의 간병 일자리를 얻을 수 있습니다.
▷ 앱에서 근무하시는 모든 간병인은 메리츠화재 배상책임보험 가입을 지원해 드립니다.


[보미쌤, 간병인 신청 방법]

STEP 1. 보미쌤 회원가입 후 내 정보 등록
STEP 2. 원하는 지역과 간병기간을 선택하여 공고 확인
STEP 3. 추천금액 및 지원금액 입력 후 공고에 지원
STEP 4. 보호자 회원의 선택 및 간병비 결제
STEP 5. 매칭 완료!


※보미쌤 페이지※
홈페이지 : https://www.vomissam.com/
블로그 : https://blog.naver.com/vomissam
유튜브 : https://www.youtube.com/@vomissam

※ 보미쌤 안심센터※ 1877-2781

[보미쌤, 인증현황]
- 벤처기업 (벤처투자유형)
- 가사서비스 제공기관 (서울강남-2호)


[보미쌤, 주요 투자사]
- 브이플랫폼인베스트먼트
- 우리은행
- 한국벤처투자(KVIC)
- 엔젤스태프",의료,https://play.google.com/store/apps/details?id=com.vomi.vvomi&hl=ko&gl=kr,,,,,,
android,kr,com.slowhammer.painDiary,통증일기,"통증의 변화를 추적하고, 특징을 발견할 수 있어요.
병원에 갔을 때에도, 더 정확한 기록으로 편리하게 의사와 소통할 수 있어요.

간편한 통증기록
실제 진료 시 활용되는 0~10까지의 척도로 통증강도를 기록해보세요.
슬라이더로 3초만에 기록할 수 있어요.
원하는 날짜와 시간을 설정해 기록할 수 있어요.

상세한 통증관리
원한다면, 상세한 통증기록도 가능해요.
어디가 아픈지(위치), 어떻게 아픈지(양상), 어떨 때 아픈지(상황) 등을 기록할 수 있어요.
한 번 적었던 내용은 자동으로 저장되어 다음번 기록할 때 다시 쓸 수 있어요.

한눈에 돌아보는 통증기록
날짜별, 시간별로 통증이 어떻게 달라졌는지 한눈에 확인할 수 있어요.
원하는 기록을 누르면 그 기록의 상세내용이 모두 보여요.

깊이있는 통증분석
다양한 통증분석을 통해, 내 통증의 특징과 원인을 발견할 수 있어요.
하루 중 언제 가장 통증이 심했는지, 시간에 따른 통증정도를 볼 수 있어요.
어떨 때 통증이 심했는지, 어떻게 아픈 적이 가장 많았는지 확인할 수 있어요.",의료,https://play.google.com/store/apps/details?id=com.slowhammer.painDiary&hl=ko&gl=kr,,,,,,
android,kr,com.lcs.mmp.full,Manage My Pain Pro,"일상과 좋아하는 일을 통증 때문에 포기하지 마세요. Manage My Pain은 100,000명 이상의 환자가 등 통증, 목 통증, 섬유근육통, 두통, 관절염 등의 통증을 관리하도록 돕고 있습니다.

전 세계에 있는 통증 전문가들과의 파트너십으로 제작된 Manage My Pain은 임상 인증을 거쳐 상호 검토된 연구로 더욱 향상된 결과를 선사합니다.

Manage My Pain을 통해 다음과 같은 이점을 얻을 수 있습니다:
• 통증 및 활동을 추적합니다: 60초 만에 하루의 통증을 기록하여 패턴 및 경향을 파악하세요
• 당신의 통증을 분석하세요: 그래프와 차트로 통증을 완화 또는 악화하는 요인을 쉽게 확인할 수 있습니다
• 아픔을 함께 나누세요: 의사들이 자신들을 위해 만든 우리의 보고서로 당신의 이야기를 적으세요.
• 통증 전문가의 도움을 받으세요: 통증의 원인과 대응 전략에 관한 콘텐츠를 확인하여 통증을 관리하세요(구독자 전용)

데이터 보안 또한 탄탄합니다! Manage My Pain 팀은 개인정보 보호와 보안을 중요하게 생각하며, 명시적인 동의가 없는 한 사용자의 건강 정보를 판매하거나 공개하지 않습니다.

Manage My Pain 앱은 광고 없이 무료로 사용할 수 있습니다. 앱 내의 인사이트와 앱이 생성한 보고서는 30일 동안 이용하실 수 있으며, 인앱 구매 또는 크레딧을 통해 해제가 가능합니다. 월간 구독을 구매하시면 통증 전문가가 개발한 교육 콘텐츠인 통증 가이드까지 확인하실 수 있습니다. 통증 가이드로 통증과 그 대처 전략에 관해 배워 보세요.

이 통증 관리 앱을 사용하여 손으로만 작성하던 문서를 대체합니다:
• 통증 일지
• 통증 저널
• 통증 추적기

Pro 버전에는 최근 30일 이상 동안을 확인하거나 보고할 수 있는 기능이 추가되었습니다. 보고서는 무료로 생성되지만 고급 섹션을 포함한 보고서는 추가 크레딧을 구매해야 할 수 있습니다. 고급 섹션의 보고서를 크레딧 없이 무제한으로 생성하기 위해, 선택적 월간 가입을 구입할 수 있습니다.",의료,https://play.google.com/store/apps/details?id=com.lcs.mmp.full&hl=ko&gl=kr,,,,,,
android,kr,com.limefit.painzero,통증제로,"통증제로는 건강한 움직임과 꾸준한 운동 습관 형성을 지원하는 관절 건강 운동관리 플랫폼입니다.

정형외과 전문의가 설계한 운동 콘텐츠를 제공하며, 사용자는 자신의 운동 수행 상태를 기록하고 관리할 수 있습니다.

주요 기능

■ AI 기반 관절 움직임 측정

스마트폰 카메라를 활용하여 관절 움직임을 측정하고 기록할 수 있습니다.

■ 운동 프로그램 제공

어깨, 허리, 무릎 등 주요 관절 부위에 대한 운동 콘텐츠를 제공합니다.

■ 운동 수행 기록

운동 수행 여부를 기록하고 운동 습관을 관리할 수 있습니다.

■ 운동 캘린더

캘린더를 통해 운동 이력을 확인하고 꾸준한 운동 관리를 지원합니다.

■ 운동 영상 업로드

회원은 운동 수행 영상을 업로드할 수 있으며 운동 수행 상태를 기록할 수 있습니다.

※ 업로드된 운동 영상은 분석 및 피드백 제공 목적으로 활용되며 업로드일로부터 14일 후 자동 삭제됩니다.

■ 운동 피드백

회원이 업로드한 운동 수행 기록을 기반으로 운동 관리에 도움이 되는 피드백을 제공합니다.

■ 운동 Q&A

병원을 이용한 회원은 운동 수행 및 건강관리에 대한 질문을 등록할 수 있습니다.

■ 건강정보 콘텐츠

전문의가 제공하는 건강뉴스 및 운동 관련 콘텐츠를 확인할 수 있습니다.

■ 데이터 기반 운동 관리

운동 기록, 관절 움직임 측정 결과 및 통증 변화 기록을 바탕으로 자신의 운동 상태를 확인할 수 있습니다.

개인정보 보호

회원 탈퇴 시 개인정보는 삭제 또는 분리 보관됩니다.

비식별 처리된 운동 데이터 및 관절 움직임 데이터는 서비스 개선, 통계 분석 및 신규 서비스 개발 목적으로 활용될 수 있습니다.

안내사항

통증제로는 건강관리 및 운동 수행 지원을 위한 서비스입니다.

본 서비스는 의료행위, 진단, 처방, 치료 또는 원격의료서비스를 제공하지 않습니다.

서비스 내 제공되는 콘텐츠, 측정 결과 및 운동 피드백은 참고자료로 활용되어야 하며 의료진의 진료를 대체하지 않습니다.

건강 이상 또는 응급상황 발생 시에는 반드시 의료기관의 진료를 받으시기 바랍니다.",건강/운동,https://play.google.com/store/apps/details?id=com.limefit.painzero&hl=ko&gl=kr,,,,,,
android,kr,studio.leco.tongda,통다 - 통증 다이어리 : 만성통증 기록,"통다는 허리통증, 목통증, 어깨통증, 무릎통증 등 만성통증을 바디맵에 기록하고 병원 진료 시 증상을 쉽게 보여줄 수 있는 통증 기록 앱입니다.

허리디스크, 목디스크, 관절염, 섬유근육통, 두통처럼 장기간 관리가 필요한 통증을 날짜별·시간대별로 기록하고 패턴과 처치 효과를 확인할 수 있습니다.

■ 주요 기능

▶ 직관적인 바디맵 통증 기록
• 인체 앞면·뒷면 실루엣에 직접 그려 통증 부위 표시
• 브러시 크기 조절로 정확한 범위 표현
• 되돌리기·전체 지우기로 편리한 수정
• 통증 강도를 10단계로 세밀하게 기록
• 부위마다 강도를 다르게 칠하고 나중에 조정 가능

▶ 상세한 통증 양상 분류 (약 40가지 표현 + 직접 추가)
• 신경 느낌: 찌릿찌릿, 저릿저릿, 타는 듯한 통증
• 근육·뼈·관절: 뻐근함, 쑤심, 욱신거림
• 퍼지는 통증: 내려가는 느낌, 한쪽만 아픔
• 상태·상황: 아침 뻣뻣함, 밤에 심해짐, 자세 변화 시
• 감각 이상: 좌우 차이, 이상한 느낌
• 원하는 증상 표현을 직접 추가 가능

▶ 처치 내역 관리
• 약물: 진통제, 소염제 등 복용 기록
• 물리치료: 도수치료, 체외충격파 등
• 운동: 걷기, 스트레칭, 요가
• 음식: 항염증 식단 기록
• 기타: 명상, 찜질 등
• 처치 전후 통증 변화 확인

▶ 통증별 자료 사진 (MRI·CT·X-ray)
• 검사 영상을 통증(질환) 단위로 모아 보관
• 사진의 촬영 날짜를 자동으로 읽어 표시하고 촬영일 순으로 정렬
• 진료실에서 바로 꺼내 보여줄 수 있는 전체화면 뷰어
• 사진은 기기 안에만 저장되며 폴더로 내보내기도 가능

▶ 통계와 분석
• 24시간 원형 차트로 하루 통증 패턴 파악
• 월간 달력 히트맵으로 통증 추이 시각화
• 통증 변화 그래프로 장기 추세 확인
• 통증이 좋아진 시간대와 심해진 시간대 인사이트
• 처치 후 통증 변화 분석

▶ 통증별 상세 기록
• 여러 통증 부위를 독립적으로 관리
• 최근 통증 상태 한눈에 확인
• 앞·뒤 바디맵을 나란히 비교
• 증상과 처치 내역 타임라인 제공

▶ 기록을 놓치지 않는 알림과 위젯
• 통증·처치 알림을 원하는 시각이나 간격으로 설정
• 요일별 반복 설정으로 생활 리듬에 맞게 관리
• 알림에서 바로 기록하는 빠른 기록 기능
• 홈 화면 위젯으로 최근 통증 상태를 한눈에 확인

▶ 데이터 내보내기 (PDF·백업)
• PDF 리포트: 통증 요약·바디맵·타임라인을 한 문서로 저장해 병원 방문 시 의사에게 공유(저장한 PDF는 인쇄도 가능)
• 암호화 백업 파일: 전체 데이터를 안전하게 백업하고 언제든 복원
• 내 데이터를 언제든 내보내고 직접 관리

▶ 편의 기능
• 글자 크기를 4단계로 조절해 읽기 편하게
• 한국어·영어 지원, 앱 안에서 바로 전환
• 프리미엄(한 번 결제): 광고 제거 · 기록 무제한 · 통계 기간 무제한

■ 개인정보 보호
• 통증 기록은 클라우드에 업로드되지 않고 기기에만 저장됩니다
• 회원가입·로그인이 필요 없습니다
• 핵심 통증 기록 기능은 인터넷 없이도 사용할 수 있습니다
• 날씨 표시(선택)와 광고 제공을 위해 대략적 위치·광고 식별자 등 최소한의 정보가 사용될 수 있으며, 자세한 내용은 개인정보처리방침을 참고해 주세요

■ 이런 분들께 추천합니다
• 만성통증으로 장기간 관리가 필요하신 분
• 통증의 패턴과 원인을 파악하고 싶으신 분
• 병원 진료 시 정확한 증상 전달이 필요하신 분
• 처치 효과를 체계적으로 기록하고 싶으신 분

■ 개발자 메시지
통다는 허리 디스크로 오랜 시간 통증과 싸워온 개발자가 직접 만든 앱입니다. 통증을 말로 표현하기 어려운 순간, 병원에서 증상을 정확히 전달하지 못했던 경험, 어떤 처치가 효과 있었는지 기억나지 않아 답답했던 순간을 해결하고자 만들었습니다. 같은 고통을 겪고 있는 분들의 통증 관리 여정에 통다가 도움이 되길 바랍니다.

※ 통다는 의료기기가 아니며 진단·치료를 대체하지 않습니다. 통증 관리는 의료 전문가와 상담하세요.
----
개발자 연락처 :
최현웅 여계산로 21
리코 스튜디오
오산시, 경기도 18109
South Korea 441-17-03069 제 2026-경기오산-0520 호 오산시",건강/운동,https://play.google.com/store/apps/details?id=studio.leco.tongda&hl=ko&gl=kr,,,,,,
android,kr,com.kkaramel.pain_diary,통증 다이어리 - 내 통증을 기록하고 관리하세요,"📌 통증을 체계적으로 기록하고 관리해 보세요!

'통증 다이어리'는 통증을 쉽고 빠르게 기록하고 패턴을 분석하여 건강 관리에 도움을 주는 앱입니다. 만성 통증으로 힘들어하거나 특정 증상을 꾸준히 기록해야 한다면, '통증 다이어리'가 좋은 해결책이 될 수 있습니다.

✨ 주요 기능

✅ 간편한 통증 기록 – 통증 부위, 강도, 종류, 유발 요인 등을 빠르게 기록할 수 있습니다.
✅ 월별 캘린더 보기 – 통증 패턴을 한눈에 파악하고 분석할 수 있습니다.
✅ 타임라인 기능 – 날짜별 통증 기록을 시간 순서대로 정리하여 확인할 수 있습니다.
✅ 차트 및 분석 – 통증 강도 변화, 부위별 발생 빈도, 유발 요인 분석 결과를 그래프로 볼 수 있습니다.
✅ 보고서 생성 (PDF 저장) – 주간/월간 보고서를 만들어 의사 선생님과 공유할 수 있습니다.
✅ 알림 기능 – 일정 기간 기록이 없을 때 통증 확인을 잊지 않도록 알려줍니다.
💡 이런 분들께 추천합니다!

📍 만성 통증 (두통, 관절염, 허리 통증 등)으로 고생하시는 분
📍 수술 후 회복 과정에 있는 분
📍 특정 증상을 꾸준히 기록해야 하는 분
📍 평소 건강 관리에 관심이 많은 분
----
개발자 연락처 :
가승호 수도로206번길 66-8
3동 202호
원미구, 부천시, 경기도 14480
South Korea 000-00 000 000",도구,https://play.google.com/store/apps/details?id=com.kkaramel.pain_diary&hl=ko&gl=kr,,,,,,
android,kr,com.pm.knuh.epro,케어 프로 (KARE-PRO),"※ 주요 기능 
 
1) 통증 관리  - 통증 초기 평가 시 부위, 강도, 동반 증상 등을 입력할 수 있습니다.  - 일일 및 주간 단위로 돌발 통증을 기록하여 결과를 보다 간편하게 모니터링을 할 수 있게 합니다.  
 
2) 복약 관리 - 처방전 촬영을 통한 약물 정보를 자동으로 등록하여 복약 여부를 관리합니다.  
 
3) 증상 관리 - 사용자 또는 보호자가 증상 입력 가능하며, 일주일에 한번 질문에 따라 증상을 입력할 수 있습니다.  
 
4) 통증 기록 입력 결과  - 통증의 변화 및 복약 효과 수치를 그래프로 확인할 수 있습니다.   
 
5) 증상 기록 입력 결과 - 증상의 변화를 확인할 수 있으며, 입력한 증상에 따른 관리 지침을 제공합니다   
 
※ 이용 시 주의사항 - 앱에서 제공된 정보나 자료는 의료진의 진단이나 처방, 상담, 치료를 대체할 수 없습니다.",건강/운동,https://play.google.com/store/apps/details?id=com.pm.knuh.epro&hl=ko&gl=kr,,,,,,
android,kr,com.tapps.healder,Healder: 5분 통증 완화,"중요: Healder는 정부 앱이 아니며, 의료기기가 아니고, 어떤 정부 기관이나 의료 기관과도 제휴하지 않습니다. 일반적인 웰니스 콘텐츠만 제공합니다. 항상 의사와 상담하세요.

Healder는 바쁜 일상 속에서도 목·등·허리, 어깨·손목·무릎·발목까지 하루 5분으로 가볍게 풀어주는 ‘집에서 하는 물리치료 루틴’ 앱입니다. 과장된 치료 약속이나 기구는 없습니다. 따라 하기 쉬운 동작, 안전한 범위, 일·주 단위의 작은 성장으로 통증 부담을 줄이고 움직임을 회복하도록 돕습니다.

● 이런 분께 좋아요
	•	장시간 앉아 일하거나 공부하는 분
	•	컴퓨터·모바일 사용으로 목·어깨가 뻐근한 분
	•	허리/무릎이 뻣뻣한 초보 운동러, 재활 입문자
	•	집·사무실·여행지 어디서든 빠르게 케어하고 싶은 분

● 주요 기능
• 5분 데일리 루틴: 준비–핵심–마무리로 구성된 짧고 촘촘한 세션. 반동 없이 “편안한 당김”까지만.
• 증상별 프로그램: 경추/요추 디스크, 라운드 숄더, 흉추 후만, 동결견, 어깨 충돌, 좌골신경통, 손목터널, 테니스 엘보, 무릎 관절염, 슬개대퇴 통증, 발목 염좌 회복, 평발, 족저근막염, 경미한 측만증, 햄스트링 경미 손상, 이상근 증후군 등.
• 개인화 추천: 불편 부위·가용 시간·사용 도구(매트/밴드/없음)를 고려해 동작과 반복수를 자동 조절.
• 단계적 난이도: 통증/경직/피로 로그에 따라 가동범위·세트·휴식이 주차별로 소폭 상승.
• 쉬운 안내: 일러스트와 핵심 포인트, 템포·호흡 큐, 금지 동작을 한 화면에.
• 진행도 & 동기부여: 연속 일수, 주간 그래프, 배지로 ‘작은 성공’을 축적.
• 알림 & 위젯: 원하는 시간대에 5분 코칭 알림, 홈 위젯으로 “오늘 시작” 한 번에 실행.
• 오프라인 지원: 최근 루틴은 네트워크 없이도 재생.
• 접근성: 큰 글씨(다이내믹 타입), VoiceOver, 햅틱 신호, 저조도 모드, 좌/우손 배치.

● 어떻게 작동하나요?
	1.	온보딩에서 부위와 목표(이완·가동성·강화) 선택
	2.	오늘의 5분 계획 자동 생성(의자/스탠딩/바닥 루틴)
	3.	동작별 영상 대신 간결한 일러스트 + 단계별 설명을 따라 안전하게 수행
	4.	세션 종료 후 통증·경직·피로 점수 기록 → 다음 회차 강도 자동 보정

● 예시 루틴(직군/상황별)
	•	사무·개발: 월 엔젤스, 턱 당기기, 흉추 신전 5분
	•	디자이너·창작: 전완 신장 + 손목 굴곡/신전 3분 + 어깨 후면 활성 2분
	•	영업·현장: 고관절 굴곡근 스트레치, 발목 원그리기, 종아리 케어
	•	학생/수험: 차일드 포즈 60초 + 브릿지 10회 + 켓·카우 1분
	•	초보 러너: 런 전 발목 가동성, 런 후 종아리/햄스트링 스트레치

● 수록 동작(발췌)
목: 회전, 굴곡·신전, 측굴, 턱 당기기, 상부 승모근 신장, 등척성 강화
어깨/등: 펜듈럼, 벽 등반, 로잉(밴드), 프론/와이/더블유, 견갑 후인
허리/고관절: 브릿지, 버드독, 켓·카우, 코브라, 맥켄지, 햄스트링/굴곡근 신장
무릎: 쿼드 등척성, 스트레이트 레그 레이즈, 미니 스쿼트, 월 스쿼트
발/발목: 발목 원, 배측/저측 굴곡, 까치발, 발가락 타월 컬, 아킬레스 신장, 밸런스 보드
손목/팔꿈치: 굴곡·신전, 회내·회외, 전완/삼두 신장, 밴드 컬, 등척성

● 왜 Healder인가?
	•	습관 설계: 큰 결심보다 ‘매일 5분’이라는 가장 낮은 진입장벽에 집중
	•	안전 우선: 통증 0–10 중 3 이하 권장, 반동 금지, 자세·호흡 큐 제공
	•	맥락 인지: 일정·좌업 시간·최근 피로도를 반영해 과부하를 피하는 계획
	•	장소 자유: 매트 없이도 가능한 의자·서서 루틴 다수

● 자주 묻는 질문
Q. 완전 초보도 가능한가요?
A. 네. 초급 루틴부터 시작해 주차별로 소폭만 증가합니다.
Q. 도구가 꼭 필요하나요?
A. 선택 사항입니다. 밴드가 없으면 체중·등척성 대안이 제시됩니다.
Q. 오프라인에서도 되나요?
A. 최근 사용 루틴은 네트워크 없이 실행됩니다.

● 안전 고지(요약)
Healder는 의료 조언·진단·치료를 제공하지 않으며 전문가의 조언을 대체하지 않습니다. 새로운 운동을 시작하기 전 반드시 의사 또는 보건 전문가와 상담하세요. 어지러움, 저림/마비, 예리한 통증이 나타나면 즉시 중단하고 진료를 받으세요. 임신 중이거나 수술·상병 이력이 있는 경우 개인별 전문 지침을 우선하세요.

● 개인정보 보호
최소한의 정보만 수집하며, 기록은 개인화와 진행도 확인 목적에 한해 사용됩니다. 데이터는 설정에서 언제든 열람·내보내기·삭제할 수 있습니다.

● 프로그램(발췌)
	•	경추 디스크: 목 회전·측굴, 턱 당기기, 상부 승모근 신장, 등척성 강화로 신경 자극을 줄이며 안전하게 가동범위를 회복합니다.
	•	요추 디스크: 골반 틸트, 브릿지, 니 투 체스트, 맥켄지·코브라, 버드독으로 중심 안정성과 신전 가동성을 단계적으로 높입니다.
	•	라운드 숄더/상위 교차 증후군: 도어웨이 스트레치, 월 엔젤스, 견갑 후인, 프론·와이·더블유로 흉근 이완과 등 상부 활성의 균형을 맞춥니다.
	•	어깨 충돌/동결견: 펜듈럼, 벽 등반, 회전근개 등척성/밴드 회전으로 통증 구간을 피하며 점진적 가동성 회복을 돕습니다.
	•	좌골신경통/이상근: 피리폼 스트레치, 무릎 가슴 당기기, 코브라·맥켄지, 버드독, 피전 포즈로 굴근 이완과 신경 긴장 완화를 병행합니다.
	•	무릎(관절염/슬개대퇴): 쿼드 등척성, SLR, 미니/월 스쿼트, 햄스트링·둔근 강화, 고관절 외전/내전으로 부담은 낮추고 지지력은 높입니다.
	•	손목/팔꿈치(손목터널·테니스 엘보): 전완 회내/회외, 손목 굴곡·신전, 손가락 그립, 전완/삼두 신장, 등척성으로 서서히 기능을 회복합니다.
	•	발목(염좌 회복/평발/족저근막염): 발목 원·배측/저측 굴곡, 까치발, 발가락 타월 컬, 아킬레스·종아리 신장, 밸런스 훈련으로 안정성+유연성을 강화합니다.
	•	척추 정렬(흉추 후만/경미 측만): 흉추 신전, 월 엔젤스, 프론·와이·더블유, 사이드 스트레치, 플랭크·슈퍼맨으로 자세 감각을 재교육합니다.

● 사용 팁
	•	‘마지막 통증 3 이하’ 원칙: 통증이 4 이상 올라가면 동작 범위를 줄이거나 쉬운 대안으로 전환하세요.
	•	일과 중 마이크로 브레이크: 오전/오후 각 1회 5분 루틴만으로도 경직 누적을 크게 줄일 수 있습니다.
	•	책상 환경: 모니터 상단이 눈높이, 의자 등받이 100–110°, 발바닥 전면 지지 → 루틴 효과가 더 오래갑니다.
	•	호흡: 힘을 쓸 때 내쉬고, 가동범위 끝에서는 1–2회 천천히 복식호흡하여 과긴장을 완화하세요.
	•	기록: 동일 동작의 ‘쉬움/보통/어려움’ 체감, 통증 위치 변화를 간단 메모하면 개인화가 빨라집니다.

● 설계 철학
Healder는 ‘자기주도 재활’을 위해 의학적 안전성과 실천 가능성 사이의 균형을 중시합니다. 우리는 짧은 시간·명확한 큐·점진적 과부하·회복 중심 주간 구조를 지켜 과사용을 방지하고, 사용자가 스스로 몸의 신호를 해석하도록 돕습니다. 목표는 완벽함이 아니라 일관성입니다.

● 언어/접근성
한국어를 포함한 다국어 자막형 안내, 큰 글씨, 명도 대비, 햅틱 피드백을 제공하며, 한 손 사용 환경에서도 버튼 간격을 넉넉히 배치했습니다. 계속 개선 중이며 제안은 앱 내 피드백으로 보내주세요.

● 면책
본 앱의 정보·운동 제안은 일반적인 웰니스·피트니스 목적의 참고 자료입니다. 특정 질환의 진단·치료·처방이 아니며, 전문 의료인의 판단과 지시를 우선해야 합니다. 통증이 지속·악화되거나 감각 이상, 힘 빠짐, 다리 저림이 동반되면 즉시 전문가와 상의하세요.

Healder의 모든 운동 권장 사항은 WHO, NHS, Mayo Clinic 등 신뢰할 수 있는 공중보건 기관의 자료를 바탕으로 한 일반적인 물리치료 및 재활 원칙에 근거합니다. 본 콘텐츠는 교육 목적을 ...",건강/운동,https://play.google.com/store/apps/details?id=com.tapps.healder&hl=ko&gl=kr,,,,,,
android,kr,com.donghaeng.yukgitong,육기통,"축산물 위생관리법에 따라 작성하는 거래내역서와 자체위생관리기준을 아직도 손으로 기록하고 계신가요?
휴대폰 사진 활영으로 거래내역서 작성과 저장이 가능한 앱 출시!
축산물 거래신고에 초고속 6기통 엔진을 달다!
휴대폰으로 자체위생관리기준 등록과 저장 가능!
관련 규정 적용 및 특허출원 완료!
매입처 거래명세표를 휴대폰 촬영으로 거래내역서 변환 및 저장 완료
영구 저장된 거래내역서를 앱에서 실시간 조회하고 카톡, 이메일 등으로 전송 가능
대표님의 성공 파트너, '육기통'
신속하고 안전한 '육기통'을 설치하시고 편리함을 누려보세요
'육기통'은 대표님의 사업번창을 함께하고 응원합니다♡
----
개발자 연락처 :
박세범 목동로11길 12
양천구, 서울특별시 08023
South Korea 1102806983 111111 111111",라이프스타일,https://play.google.com/store/apps/details?id=com.donghaeng.yukgitong&hl=ko&gl=kr,,,,,,
android,kr,town.scoop.storemanager,유통기한 달력,"유통기한 관리를 간편하게 하실 수 있습니다.
바코드 스캔과 달력을 한 번만 탭하여 상품을 등록할 수 있고,
등록된 상품들은 날짜별, 분류별로 쉽게 확인과 관리가 가능합니다.
----
개발자 연락처 :
(주)반디앱 중구 자연대로 41 2212호 (중산동,스카이스타본동)
중구, 인천광역시 22402
South Korea 242-82-01000 제2022-인천중구-0642호 인천중구",생산성,https://play.google.com/store/apps/details?id=town.scoop.storemanager&hl=ko&gl=kr,,,,,,
android,kr,com.lcs.mmp.lite,Manage My Pain,"일상과 좋아하는 일을 통증 때문에 포기하지 마세요. Manage My Pain은 100,000명 이상의 환자가 등 통증, 목 통증, 섬유근육통, 두통, 관절염 등의 통증을 관리하도록 돕고 있습니다.

전 세계에 있는 통증 전문가들과의 파트너십으로 제작된 Manage My Pain은 임상 인증을 거쳐 상호 검토된 연구로 더욱 향상된 결과를 선사합니다.

Manage My Pain을 통해 다음과 같은 이점을 얻을 수 있습니다:
• 통증 및 활동을 추적합니다: 60초 만에 하루의 통증을 기록하여 패턴 및 경향을 파악하세요
• 당신의 통증을 분석하세요: 그래프와 차트로 통증을 완화 또는 악화하는 요인을 쉽게 확인할 수 있습니다
• 아픔을 함께 나누세요: 의사들이 자신들을 위해 만든 우리의 보고서로 당신의 이야기를 적으세요.
• 통증 전문가의 도움을 받으세요: 통증의 원인과 대응 전략에 관한 콘텐츠를 확인하여 통증을 관리하세요(구독자 전용)

데이터 보안 또한 탄탄합니다! Manage My Pain 팀은 개인정보 보호와 보안을 중요하게 생각하며, 명시적인 동의가 없는 한 사용자의 건강 정보를 판매하거나 공개하지 않습니다.

Manage My Pain 앱은 광고 없이 무료로 사용할 수 있습니다. 앱 내의 인사이트와 앱이 생성한 보고서는 30일 동안 이용하실 수 있으며, 인앱 구매 또는 크레딧을 통해 해제가 가능합니다. 월간 구독을 구매하시면 통증 전문가가 개발한 교육 콘텐츠인 통증 가이드까지 확인하실 수 있습니다. 통증 가이드로 통증과 그 대처 전략에 관해 배워 보세요.

이 통증 관리 앱을 사용하여 손으로만 작성하던 문서를 대체합니다:
• 통증 일지
• 통증 저널
• 통증 추적기",의료,https://play.google.com/store/apps/details?id=com.lcs.mmp.lite&hl=ko&gl=kr,,,,,,
android,kr,com.nahyun.ayailgi,아야일기 ㅡ 통증 기록/관리 다이어리,"매일 30초, 오늘의 통증을 기록해요.
기록이 쌓이면 보이는 통증 패턴을 관리하고
진료 때 그대로 보여드릴 수 있어요.

달력과 그래프로 통증 변화를 
한눈에 정리해 주는 통증 기록 다이어리예요!

  ■ 간편한 통증 기록
  - 큰 글씨로 아픈 부위·강도·양상을 빠르게 기록해요
  - 통증을 유발한 상황과 메모도 함께 남길 수 있어요
  - 바쁜 날에도 30초면 충분해요

  ■ 한눈에 보는 통증 기록
  - 기록한 통증을 날짜순으로 모아서 확인해요
  - 지나간 날짜의 통증도 나중에 기록할 수 있어요
  - 수정·삭제도 간편해요

  ■ 내 통증 패턴 한눈에 보기
  - 오늘의 요약: 오늘 기록한 통증 상태를 신호등 색으로 표시해요
  - 주간 비교: 지난주와 이번 주 통증 점수가 얼마나 달라졌는지 비교해요
  - 통증 달력: 한 달간 통증 정도를 색상으로 한눈에 확인해요
  - 통증 차트: 시간에 따른 통증 점수 변화를 그래프로 살펴봐요

  ■ 부위별 스트레칭 정보 (참고용)
  - 기록한 부위에 맞춰 가볍게 해볼 수 있는 스트레칭을 안내해요

  ■ 이런 분께 추천해요
  - 진료 때 의사·치료사 선생님께 통증 이력을 정확히 보여드리고 싶은 분
  - 오십견·갱년기 관절통·허리·목 등 만성·반복 통증을 스스로 관리하고 싶은 분
  - 부모님의 통증을 대신 기록해 진료에 활용하고 싶은 분
  - 무릎·손·발 등 반복되는 통증의 패턴을 확인하고 싶은 분
  - 운동 후 근육통이나 재활 과정을 기록으로 남기고 싶은 분

  ■ 개인정보 보호
  - 통증 기록은 본인 계정에만 안전하게 저장돼요 (저장·전송 구간 암호화)
  - 광고 목적으로 개인정보를 판매하지 않아요
  - 계정과 모든 기록은 언제든 직접 삭제할 수 있어요

  ※ 아야일기는 통증을 기록·정리하도록 돕는 도구예요. 의학적 진단이나 치료를 대신하지 않아요.",건강/운동,https://play.google.com/store/apps/details?id=com.nahyun.ayailgi&hl=ko&gl=kr,,,,,,
android,kr,de.losandros.paintracker,Ouchless - 통증 기록 다이어리,"통증을 기록하세요. 패턴을 찾아보세요. 의사에게 보여주세요.
Ouchless는 개인 통증 추적기이자 통증 일지로, 통증 부위를 기록하고, 시간이 지남에 따른 통증 패턴을 이해하며, 증상을 의료 전문가에게 더 명확히 전달하는 데 도움을 줍니다.
며칠 또는 몇 주 전에 무슨 일이 있었는지 기억하려 하기보다는, 당신의 고통에 대한 시각적 역사를 만들어 보세요.

📍 시각 통증 추적
인터랙티브 3D 바디맵을 직접 탭하면 통증을 느끼는 정확한 위치를 기록할 수 있습니다.
• 앞, 뒤, 좌, 우 시점에서 통증을 추적하기
• 한 항목에 여러 통증 부위를 기록하기
• 통증이 어떻게 이동하고 퍼지며 변화하는지 보여준다
• 여러 바디 모델 중에서 선택
• 통증 강도를 1에서 10까지 추적

📊 자신의 통증 패턴을 확인하세요
통증 이력을 명확한 시각적 통찰로 바꾸세요.
• 통증 열지도 및 영향을 받은 신체 부위 보기
• 시간에 따른 강도 추세 추적
• 일간, 주간, 월간 패턴 검토
• 통증 부위와 심각도 비교
• 통증, 유발 요인, 약물 및 치료 간의 관계를 탐구

📝 전체 맥락을 기록하세요
고통은 단순한 숫자 그 이상입니다. 개인적인 통증 이력과 관련 있을 수 있는 내용을 문서화하세요.
트랙:
• 통증 강도
• 통증 유형 및 감각
• 트리거
• 날씨
• 신체 활동
• 수면
• 식성
• 약물
• 치료
• 해조
• 개인 노트

목록과 추적 필드를 필요에 맞게 맞춤화하세요.

📄 의사 선생님을 준비하세요
의료 진료 시 기억에 의존하지 마세요.
통증 이력을 명확히 보고하세요:
• PDF 보고서 생성
• 데이터를 CSV로 내보내기
• 통증 이력을 의료진과 공유하세요
• 시각적 통증 지도와 경향을 사용하여 증상을 설명하세요

🔒 사립 설계
당신의 건강 데이터는 개인적인 것입니다.
Ouchless는 프라이버시를 염두에 두고 설계되었습니다:
• 계정 필요 없음
• 광고 금지
• 제3자와 데이터 공유 금지
• 앱에서 수집한 데이터가 없습니다
• 오프라인 작업
• 내보내기나 백업을 선택하지 않는 한 데이터는 기기에 남아 있습니다

☁️ 백업 및 복원
통증 이력을 보호하고 지원되는 클라우드 저장소 옵션을 사용해 데이터를 새 기기로 옮기세요.

🌦️ 날씨와 통증 추적
통증 이력에 날씨 정보를 추가하고 날씨 변화가 증상과 연관되는지 살펴보세요.

🌍 여러 언어로 제공됩니다
Ouchless는 영어, 독일어, 프랑스어, 스페인어로 제공됩니다.

아우치리스는 누구를 위한 거야?
Ouchless는 통증 이력을 기록하고 이해하고자 하는 사람들을 도울 수 있으며, 여기에는 추적하는 사람들을 포함합니다:
• 만성 통증
• 편두통
• 허리 통증
• 관절염
• 스포츠 부상
• 수술 후 회복
• 물리치료 중 통증
• 기타 반복되거나 가끔 발생하는 통증

오늘부터 통증 이력을 추적하기 시작하세요.
당신의 고통은 진짜입니다. 당신의 병력은 명확해야 합니다.

⚖️ 의료 면책 조항
Ouchless는 추적 및 문서화 도구입니다. 의학적 조언, 진단 또는 치료를 제공하지 않습니다. 의학적 상태에 대해서는 항상 의사나 다른 자격 있는 의료 전문가와 상담하세요.",건강/운동,https://play.google.com/store/apps/details?id=de.losandros.paintracker&hl=ko&gl=kr,,,,,,
android,kr,postpartum.tracker.recovery.mom.mental.health.baby.blues.ppd,산후 회복: 엄마 + PPD,"출산 후 3개월은 정말 힘들 수 있습니다. ""하다 보면 알게 되겠지""라는 말보다 더 나은 것이 필요합니다. 산후 회복은 PPD, 베이비 블루스, 회복, 수유, 수면, 신생아와의 일상생활을 헤쳐나가는 새로운 엄마들을 위한 추적 앱입니다. 당신이 느끼는 것을 기록하고, 당신이 하는 것을 기록하며, 조용히 한 번씩 확인하면서 회복 과정을 다시 집중해 보세요.

이 앱은 왜 필요한가요
- 출산 후 3개월을 위해 제작: 새로운 엄마와 새로 엄마가 된 산모를 위한 주별 산후 회복 관리
- 산후 우울증(PPD), 산후 불안(PPA), 베이비 블루스 선별
- 엄마와 아기를 위한 한 곳: 당신의 증상, 수유, 수면, 약물 기록
- OB, 조산사, 도우라 또는 치료사에게 몇 초 만에 깔끔한 보고서 공유
- 기본적으로 비공개, 오프라인 우선, 광고주에게 절대 판매되지 않음
- 부드럽고 친절한 알림: 이미 할 일이 많으니까요.

회복 추적
- 기분, 에너지, 브레인 포그, 불안, 강박적인 생각, 분노, 짜증
- 오로의 색과 양, 출혈 패턴, 핏덩이, 경고 징후
- 회음부 회복, 열상, 봉합, 좌욕, 냉찜질, 통증 수준
- 제왕절개 절개 부위 관리, 흉터 통증, 무감각, 부기, 이동성
- 케겔 운동 및 골반저 운동, 탈출 증상, 요실금
- 복직근 이개, 코어 회복, 부드러운 움직임 복귀
- 호르몬 변화: 프로락틴, 에스트로겐 감소, 야간 발한, 탈모, 여드름
- 수면, 낮잠, 피로, 그리고 그것이 그날 당신의 기분과 어떻게 일치하는지

정신 건강 지원
- 의료 전문가가 사용하는 에든버러 산후 우울증 척도(EPDS) 점검 기능 내장
- 간단하고 친절하며 자신을 긍정하는 프롬프트를 사용한 일일 기분 및 불안 기록
- PPD, PPA, 산후 OCD, 강박적인 생각, 분노, 압도감 추적
- 위기가 되기 전에 추세를 파악하고 제공자와 공유
- 치료, 지원 그룹, 함께하는 파트너를 위한 메모 추가
- 자기 관리가 소홀해졌을 때의 부드러운 알림 (비난이나 압박 없음)
- 점수가 그쪽을 가리킬 때 위기 자원 제공

수유 및 아기
- 모유 수유, 유축, 젖병 수유를 하나의 공유 타임라인에서
- 실제 도움이 되는 젖꼭지 물림, 수유 방향, 수유 시간, 모유량 참고 사항
- 수유량 추적, 젖분비, 유방 팽만, 유선염 경고 징후
- 아기 수유, 수면, 기저귀, 체중, 성장 기록
- 유축 시간, 양, 모유 저장, 유축 스케줄 알림
- 젖꼭지 통증, 니플 실드, 손 유축, 죄책감 없는 보충
- 기억할 만한 유대감 순간 및 피부 대 피부 접촉 시간

맞춤형 관리 계획
- 당신의 증상, 목표, 아기를 중심으로 형성된 산후 관리 계획 받기
- 당신에게 도움이 되는 것과 되지 않는 것을 학습하는 일일 점검
- 철분, 임신 비타민, 항우울제, 통증 완화제 복용 알림
- 6주 검진, 골반저 PT, 수유 상담 방문 관련 검사 및 방문 알림
- OB, 조산사 또는 정신 건강 제공자에게 전달할 수 있는 결과 보고서
- 기분, 수면, 수유, 회복을 연결하여 전체 그림을 볼 수 있는 추세

혼자서 해내지 않아도 됩니다. 지금 바로 산후 회복 앱을 다운로드하고, 오늘 한 가지 감정과 한 번의 수유를 기록하며, 당신의 출산 후 3개월을 이해하기 시작하세요.

면책 조항: 이 앱은 의학적 조언, 진단 또는 치료를 제공하지 않으며 전문적인 의료 서비스를 대체할 수 없습니다. 산후 회복에 대해 항상 산부인과 의사, 조산사, 수유 상담사 또는 정신 건강 전문가와 상담하십시오. 자신이나 아기를 해치려는 생각이 드는 경우 즉시 지역 응급 서비스 또는 산후 위기 상담 전화에 연락하십시오. 당신은 혼자가 아닙니다.",건강/운동,https://play.google.com/store/apps/details?id=postpartum.tracker.recovery.mom.mental.health.baby.blues.ppd&hl=ko&gl=kr,,,,,,
android,kr,com.bokang.notionna,유통기한 관리,"이 앱은 이전에 출시되었던 유통기한 관리 (Best Before Manager) 앱의 리메이크 버전입니다.

(설치 전 안내사항)

네트워크 통신이나 외부 서버 연동 없이 사용자의 기기 내부에서만 데이터가 처리되는 구조로 설계되었습니다.

개인 및 가정 내 소규모 품목 관리에 최적화되어 있으므로, 데이터 처리량이 많고 복잡한 재고 관리 체계가 요구되는 편의점, 마트 등 비즈니스 용도로 활용하기에는 부적합합니다.
----
개발자 연락처 :
고보강 청계천로 400
중구, 서울특별시 04572
South Korea 0000000000 0000000000 000000",도구,https://play.google.com/store/apps/details?id=com.bokang.notionna&hl=ko&gl=kr,,,,,,
android,kr,com.nysorainterventionalpain.app,NYSORA Pain Medicine Assistant,"Pain Medicine Assistant는 통증 관리를 위한 신뢰할 수 있는 임상 동반자입니다.
NYSORA에서 개발한 이 앱은 통증 전문의, 마취과 의사, 수련의, 교육자를 위해 설계된 체계적이고 간편한 시술, 주사 및 의사 결정 지원 도구를 제공합니다.
이전에는 중재적 통증 앱으로 알려졌던 최신 버전은 새롭게 디자인된 디자인, 지역 기반 탐색 기능, 그리고 내장된 의료 AI 어시스턴트인 MAIA를 포함한 새로운 임상 기능을 선보입니다.
MAIA(Medical AI Assistant)는 임상 의사 결정을 대체하는 것이 아니라 지원하도록 설계된 혁신적인 도구입니다.
전문가가 검토한 실시간 가이드를 통해 사례를 시뮬레이션하고, 투약 전략을 탐색하고, 주사제를 검증하세요. MAIA는 가장 중요한 순간에 실용적이고 상황 인식적인 지원을 바로 제공합니다.
40가지 이상의 투시 유도 기법, 임상적으로 검증된 주사제, 실제 사례 등 필요한 모든 것을 바로 이용할 수 있습니다.
주요 기능:
• 해부학적 부위별로 정리된 40개 이상의 만성 통증 시술
• 실무 학습을 위한 전문가가 엄선한 임상 사례 연구
• 최신 표준에 맞춰 정기적인 콘텐츠 업데이트
• MAIA – 실시간 투약 및 의사 결정 지원을 위한 NYSORA의 AI 어시스턴트
100개국 이상 수천 명의 임상의가 Pain Medicine Assistant를 사용하여 체계적이고 정보를 제공하며, 일상적인 통증 관리에 자신감을 갖고 참여하고 있습니다.",교육,https://play.google.com/store/apps/details?id=com.nysorainterventionalpain.app&hl=ko&gl=kr,,,,,,
android,kr,com.meditong.gw,메디통 - 헬스케어 Safety 플랫폼,"1. 병원 임직원들간의 소통 채널 (PC, 태블릿, 모바일)
2. 주요기능
  - 알림통 : 병원 내부 직원들 간에 빠른 소통을 위한 PUSH 시스템(공지/의견수렴)
  - 스마트 인증 핸드북 : 모바일에서 규정집과 인증북을 검색하고, 편리하게 이용
  - 전자결재 : 모바일에서 각종 기안,보고서를 쉽고 빠르고 정확하게 결재가 가능
  - 병원교육 : 법정필수교육 해결을 위한 동영상 교육센터
  - 커뮤니티 : 병원내외부소식, 병원 규정 공유, 위원회활동,업무
  - 조직도 : 신규 입사자와 전체 직원의 연락처를 한눈에 확인이 가능
----
개발자 연락처 :
조수민 보광동 보광로5길 40
삼성리버빌아파트, 102동 1305호
용산구, 서울특별시 04396
South Korea 211-88-75827 2020-서울영등포-0587 공정거래위원회",커뮤니케이션,https://play.google.com/store/apps/details?id=com.meditong.gw&hl=ko&gl=kr,,,,,,
android,kr,com.m2comm.orthopedic,대한정형통증의학회,"대한정형통증의학회에서는 통증 치료에 관련된 스마트폰 앱을 제작 하였습니다. 분주한 진료 현장에서 신속하게 검색하여 흔한 관절염의 약물 치료와 관절 및 건내 주사를 용이하게 수행할 수 있도록 도움을 드리기 위함 입니다.
부디 진료현장에서 많은 도움이 되시길 기원합니다.",의료,https://play.google.com/store/apps/details?id=com.m2comm.orthopedic&hl=ko&gl=kr,,,,,,
android,kr,au.edu.anzca.opioidcalculatorbundle,Opioid Calculator,FPM ANZCA(Australian and New Zealand College of Anesthetists)의 통증 의학 학부에서 개발한 이 오피오이드 등가 진통 계산기는 총 경구 모르핀 등가 일일 용량(oMEDD)으로 표현되는 등가 진통의 계산을 단순화하는 필수 임상 도구입니다.,의료,https://play.google.com/store/apps/details?id=au.edu.anzca.opioidcalculatorbundle&hl=ko&gl=kr,,,,,,
android,kr,tomato.solution.tongtong,통통 - 압수수색이 불가능한 메신저,"통통을 사용해야 하는 이유
 
■ 서버에 메세지를 저장하지 않는 메신저 서비스
■ 1:1 및 그룹 채팅, 전화 통화, 메세지 자동 삭제, 이미지 전송, 위치 공유
■ 통통은 디바이스와 디바이스가 통신하는 방식이며 서버는 단순 중계 역할만 합니다
■ AES256 암복호화 방식으로 대화 자체가 비밀 채팅으로 이뤄집니다 (불법 감청시 복호화가 절대 불가능)
■ 세상의 모든 지식을 대답해주는 챗 GPT(CHAT GPT)인 통통이 기능 업데이트

통통을 운영하는 곳은?

■ 토마토그룹은 이토마토, 토마토TV, 뉴스토마토 등 의 12개의 회사로 구성된 검증된 기업입니다
■ 한국의 대표 증권 어플리케이션 '증권통'을 직접 서비스하고 있습니다 (500만 다운로드)
■ 30년 기업의 노하우와 증권 거래 보안 등의 기술력으로 토마토를 발급합니다


[접근 권한 안내]

• 필수 접근 권한 
- 저장공간: 통통이 디바이스에 사진, 동영상, 파일을 전송하거나 저장하기 위해 사용 
- 주소록: 기기의 주소록에 접근하여 통통 친구를 추가하기 위해 사용
- 전화: VoIP 기반 통화 기능 제공 및 통화 연결 시 화면 표시를 위해 사용

• 선택 접근 권한 
- 카메라: 사진/동영상 촬영기능을 제공하기 위해 사용 
- 마이크: 음성메시지 기능을 제공하기 위해 사용 
- 위치: 채팅방의 위치 정보 전송 등 위치 기반 서비스 사용 
- SMS: 연락처 리스트에서 초대 sms 자동으로 입력하기 위해 사용

* 선택 접근권한은 동의하지 않아도 앱을 사용하실 수 있습니다.
* 통통 앱의 접근권한은 안드로이드 6.0 이상 버전에 대응합니다.
필수 권한과 선택 권한으로 나눠져있고 6.0 미만 버전을 사용 중일 경우 선택 권한을 개별적으로 허용할 수 없으므로,
보유하고 있는 단말의 제조사에서 운영체제 업그레이드 기능을 제공하는지 확인해 보신 후 사용하셔야 합니다.
안드로이드 OS 업데이트가 가능하다면 6.0 이상으로 업데이트하시는 것을 권장합니다.

이용문의
- 전화 : +82 2.2128.3838
- 이메일 문의 및 건의사항 : support@etomato.com
- 고객센터 : 통통을 설치 후 설정 화면의 실시간 상담을 이용해 주세요
----
개발자 연락처 :
Stockton Co., Ltd. Rm 38 B1/F
52 Mapo-daero, Mapo-gu
마포구, 서울특별시 04168
South Korea 682-87-00574 2017-서울마포-0650 본인 직접 신고",커뮤니케이션,https://play.google.com/store/apps/details?id=tomato.solution.tongtong&hl=ko&gl=kr,,,,,,
android,kr,com.saqdev.paintracker,통증 추적기: 일기 및 로그,"통증 추적기로 건강을 더 잘 이해하세요! 💙

만성 통증이나 증상을 안고 사는 것은 고립감을 줄 수 있습니다. 저희 앱은 단순한 기록 도구가 아닙니다. 건강 상태를 추적하고, 진행 상황을 시각화하며, 의사와 더 원활하게 소통할 수 있도록 돕는 친근한 동반자입니다. 🩺

과정을 안내하는 친근한 마스코트 코치가 있어 매일 기록하는 것이 자기 관리처럼 느껴집니다. 🌟

🔥 주요 기능:
• 간단한 인터페이스: 몇 초 만에 통증 강도(1~10)를 기록하세요. 🎚️
• 개인 코치: 격려 메시지와 휴식 알림을 받으세요. 🤖
• 약물 추적: 복용한 약물을 쉽게 기록하세요. 💊
• 통찰력 있는 통계: 대화형 차트로 기록을 확인하세요. 📈
• 의사용 내보내기: 기록을 CSV 파일로 내보내 공유하세요. 📂
• 100% 오프라인 및 프라이빗: 건강 데이터는 기기에 로컬로 저장됩니다. 🔒

오늘 바로 통증 추적기를 다운로드하고 건강을 관리하세요! 🚀",건강/운동,https://play.google.com/store/apps/details?id=com.saqdev.paintracker&hl=ko&gl=kr,,,,,,
android,kr,com.praatmetdedokter.app,PraatmetdeDokter,"PraatmetdeDokter는 쉽고 간편하게 의사에게 연락할 수 있는 메시징 앱입니다. 이 앱을 사용하면 쉽게 의사에게 질문하거나, 혈압을 알려주거나, 약속 장소에 올 수 없음을 알려줄 수 있습니다.

모든 혜택을 한 눈에 살펴보세요:
 - 담당 의사와 직접 연락하세요. 전화를 기다리지 않고 진료실에 메시지를 보내고 빠르게 답변을 받아보세요.
 - 기분이 좋을 때 메시지를 보내세요. 연중무휴 24시간 이용 가능. 답변은 실습 시간 중에 있습니다.
 - 새 메시지에 대한 알림을 받습니다. 예를 들어 약속, 조사 또는 질문에 대한 답변이 있는 경우입니다.
 - 내장된 디지털 비서가 필요한 모든 정보를 요청하고 귀하의 도움 요청이 GP에게 명확하게 전달되도록 합니다.
 - 귀하의 질문은 귀하와 함께 준비됩니다. 이를 통해 GP는 귀하에게 좋은 조언을 제공하거나 필요한 경우 상담 시간에 귀하를 초대하거나 즉각적인 진단을 요청할 수 있습니다.

PraatmetdeDokter 앱은 항상 무료이며 앞으로도 그럴 것입니다.

PraatmetdeDokter는 귀하의 개인 정보를 보장하고 엄격한 유럽 GDPR 및 AVG 규정을 준수합니다. 귀하의 데이터는 암호화되어 기밀로 처리됩니다.",의료,https://play.google.com/store/apps/details?id=com.praatmetdedokter.app&hl=ko&gl=kr,,,,,,
android,kr,com.overcomingpain.app,Overcoming pain based on EMDR,"호주의 심리학자 / 연구원이자 작가 인 마크 그랜트 (Mark Grant)는 ""EMDR에 기반한 고통 극복""을 발표했습니다. Mark는 특히 고통과 고통을 겪고있는 사람들이 고통에서 진정한 변화를 일으킬 수있는 자원을 개발하는 데 관심이 있습니다. 그는 '받아 들여지는 지혜'가 말하는 것보다는 고객에게 가장 잘 맞는 것을하도록 동기 부여됩니다. 그러나 그는 과학적 접근법을 유지하고 만성 통증 치료제로 EMDR의 효능에 관한 여러 연구를 수행했다.

""EMDR에 기반한 고통 극복""모바일 응용 프로그램은 만성 통증과 심각한 스트레스를 완화하기 위해 뇌 과학의 최근 발견을 사용하고 있습니다.

이 응용 프로그램은 통증을 조절할 수있는 3 개의 재생 목록과 고통을 유지할 수있는 관련 스트레스로 구성됩니다.

각 재생 목록은 서로 다른 목표를 염두에두고 고안되었습니다. ""정신 치유 전략""이라고하는 첫 번째 재생 목록이 경증 또는 중등도의 만성 통증을 완화하기위한 것이라면, ""감각 치료 전략""이라고하는 두 번째 재생 목록은 피로감, 아프거나 고민 중 첫 번째 재생 목록의 통증 경로 전략을 채택 할 때 도움이됩니다 . 그리고 ""스트레스 관리""라는 마지막 재생 목록은 만성 통증을 유지하고 악화시킬 수있는 스트레스 감정을 줄이는 데 중점을 둡니다.

재생 목록은 서로 보완하도록 설계되었습니다. 그래서 당신의 통증이 심하면 ""Sensory Healing strategies""의 전략을 사용하면 ""정신적 치유 전략""의 궤적으로부터 혜택을 받고 ""Stress Management""트랙을 정기적으로 듣는 것이 좋습니다. 스트레스 수준을 낮추고 신체와 뇌의 통증 관련 활동을 감소시킵니다. ""정신 치료 전략""과 ""스트레스 관리""의 트랙은 언제 어디서나들을 수 있지만 ""감각 치료 전략""의 트랙에는 외부 자료와 준비가 필요합니다.

이 응용 프로그램의 핵심 요소 중 하나는 EMDR (안구 운동 감퇴 및 재 처리)에서 파생 된 양측 자극 (bls)입니다. 초점을 맞춘주의 집중과 함께 감기 자극을 사용하여 만성 통증 (외상 및 스트레스는 물론)과 관련된 신체적 정서 및인지 과정을 변화시킵니다.

최상의 결과를 얻으려면 헤드폰이나 청취와 함께 bl을 통합 한 트랙을 들어야합니다. 언제 어디서나 앱을 사용할 수 있지만 스트레스 또는 신체적 불편 감을 너무 많이 당하지 않는 조용한 환경이 가장 좋습니다.

트랙을 듣지 않을 때 기대하는 반응을 얻지 못하면 좌절감을 느끼지 않고 조만간 찾고자하는 구제가 조만간 발생할 것이라는 점을 신뢰하고 신뢰하십시오.

진정으로 유용한 리소스를 제공하기 위해 모든 노력을 기울 였지만이 앱은 전문적인 조언이나 대우를 대신 할 수 없습니다. 표준 의료 이외에 정신과 치료, 식습관 개선, 운동 등을 고려해야합니다.
호기심이 많은 사람들에게는 EMDR과 만성 통증 및 양측 자극 치료 효과에 대해 자세히 읽을 수있는 여러 기사가 응용 프로그램에서 제공됩니다.
만성 통증에 대한 자세한 내용과 ""그 밖의 참고 자료""에있는 ""EMDR에 기초한 고통 극복""의 링크를 따라 주문할 수있는 Mark Grant의 책 ""Change Your Brain Change Your Pain""에서 극복하는 방법에 대해서도 더 읽을 수 있습니다. 섹션.",건강/운동,https://play.google.com/store/apps/details?id=com.overcomingpain.app&hl=ko&gl=kr,,,,,,
android,kr,com.aipmydata,"비헬씨 - 내 의료 기록관리, 내 질병 예측 주치의","[서비스 소개]

내 데이터의 주인은 나 ! “나를 위한 의료데이터”

B-Healthy(비-헬씨)는 나의 건강 기록을 별도의 앱(App) 설치 없이 비-헬씨 내부에서 편리하게 조회하고, 확인할 수 있는 서비스입니다.

기존의 복잡한 절차를 간소화하여, 편리하게 건강검진결과, 처방전, 유전자 검사 결과 등을 확인할 수 있으며, 나의 건강검진결과를 바탕으로 한 건강 리포트도 확인할 수 있습니다. 

또한, 내가 직접 “동의”하고 “제공”한 의료 데이터에 한해, 개인정보의 비식별화(가명화) 처리 후 데이터 수요처에 제공할 수 있으며, 의료 데이터 제공에 대한 보상도 지급 받으실 수 있습니다.

의료 데이터의 제공 및 활용은 데이터 소유권자인 ""나""의 결정에 의해서만 진행되며,내가 ""동의""하지 않은 데이터는 절대 활용되지 않습니다.

의학적 주의사항 안내
B-Healthy(비-헬씨)에서 제공하는 건강정보, 리포트 및 분석 결과는 일반적인 건강관리 참고용 정보로 제공되는 것이며, 의학적 진단이나 치료를 대체하지 않습니다.
건강상 이상 징후가 있거나 의료적 판단이 필요한 경우, 반드시 의사, 약사 등 의료 전문가와 상담하시기 바랍니다.
B-Healthy(비-헬씨)는 이용자가 전문가의 조언 없이 의학적 결정을 내리는 것을 권장하지 않습니다.

* 본 앱(App)은 부산 규제자유특구 에서 실증사업으로 제공하는 서비스입니다.

* 자세한 사항은 비-헬씨 홈페이지를 참조하시기 바랍니다.
- 홈페이지 : https://www.bhealthy.co.kr/
- 문의사항 : help@bhealthy.co.kr",의료,https://play.google.com/store/apps/details?id=com.aipmydata&hl=ko&gl=kr,,,,,,
android,kr,com.caresync.pain,Libella: 통증 기록·자세 측정,"Libella는 AI와 대화하며 통증을 기록하고, 사진으로 자세를 가늠하는 도구입니다.

몸이 아픈 날, 실루엣에서 아픈 부위를 짚는 것으로 시작해요. AI 동반자가 몇 마디를 물어보고, 그 대화가 곧 하루의 기록이 됩니다. 폼을 채우는 게 아니라, 말하듯 남기는 거예요.

자세는 사진 3장으로 확인합니다. 거울 앞에서 정면·좌·우를 찍으면, 기기 안에서 기울기와 기준선을 계산해 지난번과 비교해드려요. 원본 사진은 분석이 끝나면 곧바로 폐기되고, 남는 건 측정값과 표시용 마킹 이미지뿐입니다.

통증과 자세는 따로 쌓이지 않고, 하나의 타임라인과 리포트에서 함께 흐릅니다. 언제 아팠는지, 자세는 어떻게 변했는지를 한눈에 돌아볼 수 있어요.

주요 기능
· AI와의 대화로 남기는 통증 기록
· 사진 기준 자세 측정 및 지난 기록과 비교
· 통증·자세 통합 타임라인 · 리포트
· PDF로 내보내 공유
· Apple · Kakao · Google 로그인, 무료

[안내]
Libella는 의료기기가 아니며, 진단·처방·치료를 하지 않습니다. 통증 기록과 자세 사진 분석은 스스로를 관찰하기 위한 참고 도구이며, 자세 측정값은 의학적으로 검증되지 않았습니다. 증상이 심하거나 지속되면 반드시 병원 진료를 받으세요.

Libella는 케어싱크(CareSync)가 만들었습니다.
----
개발자 연락처 :
장한상 백년대로337번길 35
하당비파1차아파트, 103동
목포시, 전라남도 58661
South Korea 417-16-98585 제2026-전남목포-0098호 ",건강/운동,https://play.google.com/store/apps/details?id=com.caresync.pain&hl=ko&gl=kr,,,,,,
android,kr,kr.or.jsd.jsdhome2,증산도,"“이 개벽철에 가장 기쁜 일은 무엇인가? 생명을 건져내는 것이다.
증산 상제님의 상생의 도법으로 
이 세상 사람들을 많이 살려내는 것보다 
더 큰 보람이 없다.""
(증산도 안경전 종도사님 말씀)

증산도甑山道는 증산 상제님께서 인류에게 내려 주신 상생相生의 대도大道입니다. 상생의 정치, 상생의 경제, 최근 상생은 우리 사회가 나아가야 할 최고선으로 자리매김되고 있습니다. 이 상생 문화의 뿌리가 바로 증산도입니다.

증산도는 개벽의 도입니다. 개벽開闢은 ‘열 개, 열 벽’으로 하늘땅이 뒤바뀌는 총체적인 변국을 극복하고, 세계 인류를 구원하여 모든 이가 잘사는 ‘상생의 지상선경地上仙境’을 여는 희망의 소식입니다. 

본 앱은 증산도 공식 홈페이지에 보다 쉽게 접근할 수 있도록 돕습니다.

홈페이지: https://www.jsd.or.kr",라이프스타일,https://play.google.com/store/apps/details?id=kr.or.jsd.jsdhome2&hl=ko&gl=kr,,,,,,
android,kr,com.bosalpim.carepartnerapp,케어파트너 요양보호사 일자리 케어아카데미 자격증 교육,"중장년 자격증 교육 서비스 케어아카데미 오픈!

케어아카데미는 중장년층을 위한 자격증 교육 서비스로
이제 케어파트너에서 새로운 취업의 기회를 위한 자격증 교육 서비스를 만나보세요.

■ 자격증 교육부터 시험까지 전액 무료로 학습
■ 3일 이내 98% 이상 합격률
■ 스마트폰 하나로 언제 어디서나 학습
■ 자격증 취득 후 새로운 일자리 매칭까지 한 번에!
■ 병원동행매니저, 노인돌봄생활지원사, 실버인지활동지도사, 방과후학교지도사, 펫시터, 학교안전지도사, 노인심리상담사, 정리수납가, 베이비시터, 바리스타, 명리심리상담사, 타로심리상담사, 심리상담사 과정 제공

!!신뢰할 수 있는 교육 서비스, 보건복지부 표창 수상 기업 케어파트너가 운영합니다!!

요양보호사 일자리는 대한민국 1등 요양 구인구직 사이트 케어파트너에서!
교차로, 벼룩시장에서 취업 정보 찾지 말고 
케어파트너 앱에서 더 쉽고 편리하게 찾아드릴게요.

■장기요양기관별 요양보호사 일자리 정보 찾기
방문요양부터 시설요양(주간보호센터,요양원), 입주요양, 방문목욕, 간병인, 장기요양, 요양병원, 노인 케어, 급구, 취업, 단기 일자리까지!

■ 요양보호사 / 요양기관 / 보호자 모두 만족하는 케어파트너

▶ 실시간 채용정보 일자리 제공
- 전국 모든 지역의 요양일자리를 실시간으로 확인해 보세요.

▶ 집근처 요양 일자리 알림
- 도보 15분, 도보 30분 집근처 요양일자리를 알려드려요.

▶ 맞춤 일자리 알림 무료 제공
- 원하시는 일자리 정보를 카카오톡으로 알려드려요.

▶ 시급 높은 일자리 정보 제공
- 추가수당, 취업지원금 등 급여 높은 일자리를 확인해 보세요.

▶ 질문 답변 게시판
- 요양관련 무엇이든 물어보세요. 전문 사회복지사가 대답해 드려요.


[공식 사이트 & SNS]
• 케어파트너 홈페이지 : https://www.carepartner.kr/
• 케어파트너 블로그 : https://blog.naver.com/careapartner

[이용문의]
서비스 이용 중 불편 사항이 있으시면 고객 센터로 연락 바랍니다.
• 실시간 채팅 문의 : http://pf.kakao.com/_xjwfcb/chat
• 대표 번호 : 1588-5877",의료,https://play.google.com/store/apps/details?id=com.bosalpim.carepartnerapp&hl=ko&gl=kr,,,,,,
android,kr,com.lemonhc.mcare.snuh,서울대학교병원,"서울대학교병원의 공식 모바일 어플리케이션입니다.  
병원 내에서 편리하게 진료를 받는 것은 물론, 병원 밖에서도 쉽게 건강 관리를 할 수 있도록 다양한 기능을 제공합니다.

[주요 기능]
- 내일정 : 예정된 진료, 검사, 건강검진 일정을 한 번에 볼 수 있습니다. 
가셔야 할 곳에 대한 길 안내와 진료비 결제 기능을 제공할 뿐만 아니라, 검사 전 안내사항도 확인할 수 있습니다.
- 길찾기 : 실내 지도 이미지를 통해 진료실, 검사실과 식당 등 병원 내 위치에 대한 경로를 안내해 드립니다.
- 진료예약 : 간편하게 진료를 예약하고, 예약 내용을 확인 및 취소할 수 있습니다.
- 진료비결제 : 앱을 통해 진료비를 편리하게 결제할 수 있습니다. 
- 진료대기안내 : 외래진료현황을 병원 내 어디에서든 확인할 수 있습니다.
- 처방약조회 : 처방 받으신 약의 상세 정보 및 복용법을 확인할 수 있습니다.
- 검사결과조회 : 진행한 검사에 대해 그 결과 및 이력을 확인할 수 있습니다.
- 입원 서비스 : 의사 회진일정, 수술진행현황 및 식단안내 등 입원생활 관련 다양한 정보를 확인할 수 있습니다.

[필수적 접근권한]
서비스 이용에 있어서 필수적 접근권한은 없습니다.

[선택적 접근권한]
1. 알림 : 진료서비스 중 앱 푸쉬 메시지로 보내는 정보를 수신하는데 필요합니다.
2. 사용자 위치 권한 : 병원내 길찾기 기능을 위해 접근권한이 필요합니다.
3. 블루투스 권한 : 병원내 길찾기 기능을 위해 접근권한이 필요합니다.",건강/운동,https://play.google.com/store/apps/details?id=com.lemonhc.mcare.snuh&hl=ko&gl=kr,,,,,,
android,kr,com.kodckr.mobileapp,한국희귀필수의약품센터,"한국희귀필수의약품센터(KODC)는 희귀질환자들에게 필수적인 의약품을 원활하게 공급함으로써, 이들이 적절한 치료를 받을 수 있도록 돕는 공익법인입니다.
본 앱은 희귀질환자와 가족들을 위한 종합적인 지원 플랫폼으로, 쉽고 빠르게 필요한 정보를 얻고 의약품을 신청할 수 있도록 도와줍니다.

주요 기능

• 희귀의약품 및 필수의약품의 검색 및 정보 제공
• 진단 및 치료에 필요한 의약품의 신청 및 공급 상태 조회
• 의료 전문가와의 소통을 통한 맞춤형 상담
• 희귀질환 관련 최신 정보 및 뉴스 제공
• 앱 푸시 알림을 통해 의약품 공급 및 관련 정보 알림

지금 다운로드하여 더 많은 정보를 확인하고 희귀질환 치료에 필요한 의약품을 손쉽게 신청하세요!",라이프스타일,https://play.google.com/store/apps/details?id=com.kodckr.mobileapp&hl=ko&gl=kr,,,,,,
android,kr,com.gf.p2h5krkr.hwyad.google,희비전 리버스,"새롭게 태어난 희비를 찾습니다!
평범한 궁녀에서부터 한 걸음씩 성장한 그녀에게... 
선택의 기회를 다시 준다면 폐하의 곁에 남을 자격이 있을까?
이번 생은 마음 가는 대로 살아보자!
고풍 스토리 시뮬레이션 RPG「희비전 리버스」에서 당신만의 레전드 다시 만들자!

▶예측불가 두근두근 스토리
친구를 돕는 세상? 배반한 동료? 변화무쌍한 궁중에 들어서면...
당신은 더 이상 이 스토리의 방관자가 아니라 운명의 주인공이 된다.
권모술수와 진심이 가득한 세상에서 당신만의 인생 서사시를 써내려 가자!

▶함께 보내는 환상적 모멘트
당신만 바라보는 심복의 충심을 받아들이고 싶으신가요?
당신의 다른 선택, 당신들의 다른 친밀한 교감은 직접 다른 특별한 이야기로 이끌 것이다. 
이번에는 누구와 함께 환상적인 시간을 보낼지?

▶최강 지원! 최고의 팀워크
이 치열한 궁정 생활에서, 당신은 혼자가 아니다!
실력을 키우는 것뿐만 아니라 영웅의 최강 지원도 잊지 마세요.
가장 든든한 후원자와 함께 위기 극복!

▶쏟아지는 짜릿함 폭발 콘텐츠  
저택, 학파, 펫 등등 재미 터지는 일상 시스템,
구합탑, 통천탑, 경기장 등등 짜릿함 폭발 콘텐츠. 
고품격 궁정 생활은 더 이상 꿈이 아니다!

▶인기 만점 패션의 완성
패션은 아름다운 장식일 뿐만 아니라, 당신의 지위와 전략의 상징이기도 하다!
청아한 일상 스타일，화려한 황후 스타일,
당신의 등장할 때마다 모두의 주목을 받게 될 것이다!

***************************************************
▶ 공식 채널
이벤트, 공지사항 및 기타 주요 정보는 공식 라운지를 통해 확인하실 수 있습니다.
공식 홈페이지: https://p2rebirth.wishgamer.com
공식 라운지: https://game.naver.com/lounge/p2rebirth
공식 X: https://x.com/p2rebirth
공식 페이스북: https://www.facebook.com/p2rebirth

▶ SUPPORT
확률형 아이템 포함.
게임 중 문제가 발생할 경우 게임 내 고객센터를 통해 문의해 주세요.
고객센터 메일: palacep2h5kr_support@friendtimes.net
개발자 연락처: +852 25290318

▶ 앱 접근권한 안내
앱 이용 시 아래와 같은 서비스를 제공하기 위해 접근 권한을 요청하고 있습니다.

[선택적 접근 권한]
앨범: 앱 내 사진 업로드 및 촬영시 사용되는 권한
카메라: 앱 내 사진 업로드 및 촬영시 사용되는 권한
*선택적 권한은 동의하지 않으셔도 게임이용이 가능합니다.

▶ 필요한 Android 버전
8.0이상 필요",롤플레잉,https://play.google.com/store/apps/details?id=com.gf.p2h5krkr.hwyad.google&hl=ko&gl=kr,,,,,,
android,kr,com.rxjhkr.an,열혈강호: 귀환,"★ 1주년 감사제 시작! 한정 코스튬, 환무, 탈것 등 풍성한 보상을 받아가세요!
★ 신규 콘텐츠 광룡 공성전 업데이트! 문파 동료들과 함께 성지를 점령하고 황금 굿즈와 칭호를 확득할 수 있습니다!
★ 레전드 코믹 무협 열혈강호 귀환! 추억 속 그 열혈의 대결을 다시 시작해 정상에 올라보세요!

▶ 인기 무협 ‘열혈강호’ 의 정통 귀환! ◀  
도무사, 검무사, 창무사, 궁무사, 의원, 자객! 
여섯 개의 대표 직업과 함께 원작의 세계를 열혈강호 귀환에서 다시 만나는 순간!
클래식 맵 1:1 완벽 재현, 원작의 퀄리티를 뛰어넘은 게임 아트로 새롭게 즐기세요!

▶ [정파 vs 사파] PVP로 펼쳐지는 뜨거운 강호 대결 ◀ 
직업별 정/사파 전직 시스템으로 전투의 재미를 두 배로! 
정사 세력전, 야외 PVP, 문파 전쟁 등 다양한 콘텐츠로 찐 무림 강호의 세계를 즐기세요!
지금, 여러분의 무협 본능을 깨워보세요!

▶[손끝으로 즐기는 강호] 무협 여정 일괄 시작◀
손쉬운 조작, 자유로운 탐색!
언제 어디서나 코스튬을 장착하고, 전직을 진행하며, 팀을 구성하여,
상쾌하고 자유로운 강호 여정을 즐기세요!

▶[리얼한 소셜] 많은 서버 친구, 번화한 강호◀
유저 만명 동접 가능한 슈퍼 강호 세계!
사제를 모시고, 문파를 창설하고, 친구를 사귀고, 팀을 이루어 전투하는 등 다양한 활동으로 진정한 소셜 체험을 즐기세요!

◆공식 커뮤니티◆
공식 사이트: https://yulgangkr.9ring.com
공식 라운지: https://game.naver.com/lounge/yulgangreturn
공식 유튜브: https://www.youtube.com/@열혈강호귀환-n2e",롤플레잉,https://play.google.com/store/apps/details?id=com.rxjhkr.an&hl=ko&gl=kr,,,,,,
android,kr,defense.roguelike.cell.shoot.survivor,세포 특공대,"세포 특공대에 오신 것을 환영합니다! 타워 디펜스, 로그라이크, 그리고 빠른 속도의 슈팅을 결합한 독창적인 서바이벌 게임입니다. 미세한 세포 세계에서 다양한 항독 장비를 조작하여 끊임없이 침투해 오는 바이러스와 세균 보스에 맞서 싸우게 됩니다. 진형의 계획성, 로그라이크의 무작위성, 슈팅의 짜릿함 — 세 가지 매력이 어우러진 이 세포 특공대에서 당신만의 전략 서바이벌 스타일을 펼쳐 보세요.

🎮 게임 핵심
세포 특공대는 타워 디펜스와 로그라이크를 기반으로 슈팅 조작을 결합한 전략 서바이벌 게임입니다. 미시 세계의 수호자가 되어 진형을 구성하고, 로그라이크의 무작위 요소를 활용해 바이러스와 세균의 침공을 막아내세요. 모든 전투에서 전략적 사고와 슈팅 반응 능력이 동시에 시험되며, 로그라이크 특유의 예측 불가능한 전개가 매 판마다 신선한 긴장감을 선사합니다.

의료 장비를 계속 강화하세요! 스테이지가 진행될수록 더욱 강력한 바이러스 보스와 세균 변이체가 등장합니다. 보스의 세포 약점을 정확히 타격하면 적을 크게 격퇴할 수 있을 뿐 아니라 장비를 업그레이드해 서바이버로서의 전투력을 끌어올릴 수 있습니다. 박진감 넘치는 서바이벌 슈팅 속에서 무작위로 등장하는 세 가지 로그라이크 스킬 중 하나를 선택하여, 자신만의 빌드를 차근차근 만들어 가세요. 각 선택이 세포 특공대의 전세를 결정하며, 더 강력한 세균과 바이러스에 맞서는 타워 디펜스 전략의 핵심이 됩니다.

🌟 세포 특공대 게임 특징

⚔️ 다양한 바이러스와 세균 보스
세포 특공대의 보스들은 각자 고유한 행동 패턴과 약점을 지니고 있습니다. 빠르게 움직이는 소형 바이러스부터 거대한 세균 모체까지, 한 판 한 판이 새로운 타워 디펜스 전술을 요구합니다. 분열하고 변이하며 협력해 공격해 오는 적들에 맞서, 진형과 스킬을 끊임없이 조정하는 그 긴장감이 세포 특공대의 진정한 묘미입니다.

🎯 로그라이크 스킬 선택
본격 로그라이크 타워 디펜스 게임으로서, 세포 특공대는 풍부한 스킬 조합을 제공합니다. 세 가지 무작위 선택지에서 자신의 전투 스타일에 맞춰 스킬을 고르고, 매 결정이 전세를 좌우하는 묘미를 즐길 수 있습니다. 공격 강화, 방어 증대, 특수 효과, 전용 빌드 구축까지 — 모든 로그라이크 스킬에는 고유의 전술적 역할이 있어 발굴하고 조합하는 재미가 끝이 없습니다.

🧬 다양한 스테이지와 슈팅 경험
이 전략 타워 디펜스 게임에서는 각 스테이지마다 고유한 난이도와 공략 루트가 설정되어 있습니다. 바이러스와 세균의 종류에 따라 진형을 조정하고, 가장 효율적인 스킬 조합을 찾아내야 합니다. 권총부터 샷건, 관통 레이저, 범위 공격까지 — 한 발 한 발의 슈팅이 바이러스와 세균을 향한 정밀한 반격이 됩니다. 무작위 생성 스테이지가 로그라이크의 매력을 극대화하며, 베테랑조차 매 판마다 새로운 도전에 직면하게 됩니다.

🎲 세균과 바이러스의 다채로운 디자인
세포특공대에 등장하는 세균과 바이러스는 단순한 잡몹이 아닙니다. 둥글둥글한 소형 세균부터 날카로운 가시를 가진 변이 바이러스까지, 돌격형부터 축적형까지 — 각 적에 따라 서로 다른 타워 디펜스 전략과 슈팅 기술이 필요합니다. 세균과 바이러스의 행동 패턴을 연구하는 것 자체가 또 하나의 재미이며, 까다로운 보스의 공략법을 찾아냈을 때의 성취감은 다른 전략 게임에서 쉽게 맛볼 수 없습니다.

🏆 모든 플레이어를 위한 전략 경험
타워 디펜스 베테랑이든, 로그라이크 입문자든, 세포 테마 슈팅을 좋아하는 캐주얼 플레이어든, 세포 특공대는 독특한 게임 경험을 제공합니다. 직관적인 조작과 깊이 있는 전략 시스템, 풍부한 로그라이크 빌드로 누구든 자신만의 즐거움을 찾을 수 있습니다. 세균특공대로서 미시 세계를 지키는 여정 — 오프라인 플레이도 지원하니 출퇴근길, 짧은 휴식 시간에도 부담 없이 즐길 수 있습니다. 세균특공대의 짜릿한 로그라이크 슈팅이 당신을 기다립니다.

🛡️ 세포를 지키는 여정의 시작
지금 바로 세포 특공대를 다운로드하고 바이러스와 세균에 맞서는 타워 디펜스 전쟁에 참여하세요. 세포의 건강을 지키고, 침투하는 세균 군단을 물리치며, 로그라이크와 타워 디펜스가 교차하는 미시 우주의 전설적인 서바이버가 되어 보세요. 서바이벌 슈팅의 짜릿함, 전략 게임의 깊이, 로그라이크의 예측 불가능 — 모두 세포 특공대에서 당신을 기다리고 있습니다. 당신만의 로그라이크 타워 디펜스 서바이벌 이야기를 시작하세요!",롤플레잉,https://play.google.com/store/apps/details?id=defense.roguelike.cell.shoot.survivor&hl=ko&gl=kr,,,,,,
android,kr,com.phs.global,라스트 어사일럼: 페스트,"갑작스러운 흑사병이 마을 전체를 집어삼켰습니다. 의료 체계는 붕괴되고 치안은 무너졌으며, 쥐떼가 코앞까지 몰려오고 있습니다. 당신은 새부리 의사로서 환자를 돌보고 약을 제작하며, 경비대를 지휘해 피난소를 세워야 합니다. 위험이 도사리는 황폐한 땅에서 매 순간 중대한 결단을 내려, 생존자들을 위한 새로운 질서를 재건하세요!

[종말 병원: 희망을 치료하다]
당신만의 종말 시대 병원을 운영하세요. 운영부터 진료, 확장까지—모든 선택은 당신의 손에 달려 있습니다!
새부리 의사로서, 당신은 진료 접수부터 증상 판단, 약제 조제와 치료까지 직접 지휘해야 합니다. 병실과 의료 장비를 관리하고 진료 구역을 확장해 의료 역량을 끌어올리세요. 의료를 생존의 돌파구로 만들어야 합니다!

[영웅 레벨업, 쥐떼에 맞서다]
영웅을 육성하고 타워 디펜스 배치를 강화하여 쥐떼 앞에서 마지막 방어선을 지켜내세요!
쥐떼와 쥐왕이 언제든 공격해 올 수 있습니다. 영웅을 육성하고, 스킬을 강화하여 함정과 타워 디펜스를 업그레이드해 더 강력한 쥐떼와 '쥐왕' 보스 전에 도전하세요. 흑사병의 침공을 막아내야 합니다!

[자원 수집 및 피난처 재건]
생존자들을 파견하여 자원을 모으고, 황폐한 땅에서 생존 거점을 강화하세요!
생존자들을 파견해 목재, 약초, 식량 등 핵심 물자를 확보하세요. 생산 시설을 건설하고 창고를 확장하며 피난소를 업그레이드해 생존 기반을 다지세요. 생존자들이 다시 삶을 꾸릴 수 있도록 돕고, 잃어버린 질서를 다시 되찾으세요!

[자원 약탈 및 폐허 쟁탈]
영웅 팀을 선택하고, 흑사병이 휩쓸고 간 황무지에서 자신만의 지배권을 쟁취하세요!
영웅을 선별해 최강의 조합을 꾸리고, 편성 시너지를 강화하세요. 부대가 폐허의 전장에서 압도적인 전력을 발휘하도록, 전략과 전술로 다른 영주들을 제압하고 혼란한 종말의 지도 위에서 영지를 한 걸음씩 넓혀 나가세요!",전략,https://play.google.com/store/apps/details?id=com.phs.global&hl=ko&gl=kr,,,,,,
android,kr,kr.spacesoft.mmc.hanhrt,Hi 한마음,"창원한마음병원을 편리하게 이용할 수 있는 모바일 어플리케이션입니다
설치하시면 창원한마음병원에서 아래와 같은 다양한 서비스를 받으실 수 있습니다.

- 내 일정
 병원에서의 진료일정을 한번에 보실 수 있습니다.
 오늘 일정 및 미래의 일정을 조회할 수 있어요.

- 진료예약
 모바일앱에서 진료예약을 간편하게 할 수 있습니다.
 예약내역도 조회할 수 있어요.

- 진료대기순서
 진료대기순서를 어디에서든 확인할 수 있습니다.
 진료실 앞이 아니라 커피숍에서 기다리셔도 돼요.

- 진료내역
 병원에서 진료 본 내역을 간편하게 확인할 수 있습니다.
 외래, 입원 모두 확인 가능해요.

- 처방약조회
 병원에서 처방 받은 약을 한눈에 확인할 수 있습니다.


# 환자경험과 관련한 서비스가 계속 추가될 예정입니다.",의료,https://play.google.com/store/apps/details?id=kr.spacesoft.mmc.hanhrt&hl=ko&gl=kr,,,,,,
android,kr,com.rxjhglkr.gp,열혈강호: 넥스트,"▣ 열혈강호: 넥스트 대규모 업데이트 ▣
새로운 직업, 자객이 강호에 등장합니다!
은신과 기습, 암살로 완성하는 색다른 전투의 재미
출석 보상과 함께 새로운 강호의 모험을 시작하세요!

■ 무협의 정석, 다시 시작되는 강호
다양한 무공 조합과 직업별 전투 스타일로
정통 무협 액션의 쾌감을 경험하라

■ 전설의 기보, 전투의 흐름을 뒤바꾸다
궁극기 · 비급 · 연계 스킬 조합으로
단 한 번의 스킬 콤보로 전장을 지배하라

■ 노점 자유거래, 무엇이든 가능!
장비부터 재화까지 자유로운 거래 가능
살아있는 MMORPG 경제의 재미를 경험하라

■ 정파와 사파, 피할 수 없는 전쟁
강호를 뒤흔드는 치열한 진영 전쟁
세력전 속 무림의 패권을 차지하라

■ 다시 깨어나는 원작의 감성
열혈강호 특유의 만화 무협 감성과
한층 진화한 비주얼을 직접 경험하라

[고객센터]
게임 중 문제가 발생할 경우 게임 내 고객센터를 통해 문의해 주세요.
고객센터 메일: cs@kogking.com
공식 라운지: https://game.naver.com/lounge/yulgang_next/home",롤플레잉,https://play.google.com/store/apps/details?id=com.rxjhglkr.gp&hl=ko&gl=kr,,,,,,
android,kr,com.darkbear.abysshealer_android,Abyss Healer,"Void Star Oracle, Divine Vanguard, Chronofae 또는 Fleshweaver로 파티를 치유하세요. 레벨을 올려 재능 포인트와 추가 기술을 얻고, 업적을 완료하여 치유 능력을 입증하세요. 가장 깊고 어두운 심연에서 점점 더 어려워지는 만남을 물리치세요.",어드벤처,https://play.google.com/store/apps/details?id=com.darkbear.abysshealer_android&hl=ko&gl=kr,,,,,,
android,kr,kr.ftk.gp.xifeizhuan,희비전,">>>황궁 업데이트 소개<<<

▶업데이트 사항

- 기존 게임 내 버그 수정

>>>희비전:가장 아름다운 황궁이야기<<<

1. 가장 화려한 ‘여왕의 삶’을 경험하자!

매일매일 모든 여자의 로망이 이루어지는 황궁에서,
가장 아름다운 시나리오, 고품격 의상, 귀여운 황자, 강력한 영웅들이 당신과 함께합니다.!

2. 황자와 함께 행복한 황궁생활! 

- 남다른 사랑스러움으로 100만 유저의 마음을 사로잡다.
- 때로는 활발하게, 때로는 총명하게 황자의 갖가지 스킬로 더욱 강력한 세력을 구축하라!
- ‘황자, 아프지 말고 건강하게 자라렴.’ 목욕, 식사, 놀이, 치료 또 하나의 가족을 만나다.

3. 치열한 꽃들의 전쟁 ‘궁중암투’로 더 치열하게!

- 손에 땀을 쥐게 하는 그녀들의 전쟁에 참여해보세요
- 더욱 강력해진 파벌기능으로 자신만의 세력을 구축하세요.

4. 더 이상 외롭지 않아! 희비전에서 ‘진짜’ 인연을 만나보세요!

- 꾸준히 자신의 마음을 표현하여, 연인의 마음을 사로잡아보세요.
- 채팅으로 수다 떨며 썸타다 고고씽!
- 결혼 후 알콩달콤 깨가 쏟아지는 신혼생활로 애정도 UP! UP!

5. 화려함의 끝, 고품격’ 코스튬’ 

- 여자의 변신은 무죄, 꿈꿔오던 궁중생활의 로망을 이루다.
-세상에 없이 귀중한 모습으로! 고품격 의상컬렉션으로 날마다 아름답게 가장 귀하게!

6. 상상초월 ‘강력한 영웅’들과 세력을 구축하다!

- 영웅 및 소주 변신카드

7. 황궁의 특별한 인연! 여자의 로망을 이뤄줄 가장 로맨틱한 이벤트들이 가득!

- 짜릿한 연애부터 행복한 결혼까지 희비전에서 다~ 책임집니다. 
새로운 경험과 소중한 인연들과 만나보세요!

▶ 황궁커뮤니티

- 공식카페 : http://cafe.naver.com/palacex
- 페이스북 : https://www.facebook.com/ftkpalacex/
- 개발자 연락처：+852 25290318",롤플레잉,https://play.google.com/store/apps/details?id=kr.ftk.gp.xifeizhuan&hl=ko&gl=kr,,,,,,
android,kr,com.HellAssociation.WhosNext,귀귀살전,"죽거나? 죽이거나! 꼬리잡기 추론 게임

『귀귀살전』 (Who's Next?) 은 한국 전통 배경의 지옥에서 펼쳐지는 귀신, 요괴 영혼들의 살육전을 컨셉으로 한, 실시간 멀티플레이 꼬리잡기 게임입니다.

다양한 영혼 능력, 도구들을 활용하여 전략적인 플레이를 펼쳐 볼 수 있으며, 누구를 잡아야 하는지 추리하면서 나를 쫓는 다른 누군가로부터 도망쳐야 합니다. 끝까지 살아남아 최후의 1인이 되면 승리합니다!

 - 멀티플레이 꼬리잡기 게임
 - 실시간 거리기반 음성 채팅 지원
 - 최소 4인 ~ 최대 10인 플레이
 - 게임 내 13종 이상의 귀신/요괴 캐릭터
 - 죽이고싶은(?) 200종 이상의 귀여운 스킨 커스터마이징
 - 동양풍의 그래픽 아트 스타일
 - 3개의 모드 / 20종 이상의 게임 내 커스텀 규칙 설정 옵션

치열한 심리전을 펼치고 목표 플레이어를 차례로 처치하십시오!
최후의 승자가 되어 다시 환생하길 기원합니다. 악한 영혼이여-

#귀귀살전 #캐주얼 #사회적추론 #꼬리잡기 #멀티플레이 #친구와함께 #심리전 #추리
----
개발자 연락처 :
저승협회 / 대한민국 서울특별시 마포구
매봉산로 31(에스플렉스센터)
시너지움 8층 게임랩 A2
----
개발자 연락처 :
장현준 능동로32길 16-8
201호
광진구, 서울특별시 04989
South Korea 241-49-00819 2025-서울마포-0974 ",캐주얼,https://play.google.com/store/apps/details?id=com.HellAssociation.WhosNext&hl=ko&gl=kr,,,,,,
android,kr,hole.survivor.idle.dovi,Deep Hole - Abyss Survivor,"🕳️ <b>""Deep Hole - Abyss Survivor""</b> 는 깊은 구덩이를 탐험하고 숨겨진 비밀을 밝혀 번성하는 정착지를 구축하는 방치형 생존 시뮬레이션 전략 게임입니다!

👑 천년 전, 외딴 섬에서 거대한 구멍이 발견되었으며, 그 깊이는 아직도 알려지지 않았습니다. 시간이 지남에 따라 생존자와 영웅들이 번성하는 도시를 세우고 이상한 유물을 발견했습니다. 그러나 어느 날, 섬은 자취도 없이 어비스로 사라졌습니다.

🧙 당신은 폭풍에 휩쓸려 깊은 어비스로 들어온 젊은 선장입니다. 생존자들을 이끌고 도시를 건설하며 어비스의 위험과 맞서 싸워 그 비밀을 드러낼 수 있습니까?

<b>게임 특징:</b>
🔻 방치형 생존 시뮬레이션
생존자들에게 작업을 배정하여 자원을 수집하고 캠프를 구축하십시오. 기본적인 필요를 관리하고 생산을 균형 있게 유지하며, 최대의 판매 및 이익을 달성하기 위해 경제를 최적화하십시오.

🔻 어비스 탐험 및 로그라이크 모험
팀을 어비스 깊숙이 보내세요. 독특한 환경, 자원 및 몬스터가 기다리고 있습니다. 영웅을 훈련시키고 카드 기반 능력을 수집하며 고대 비밀을 밝혀내는 짜릿한 로그라이크 모험을 시작하세요.

<b>게임 개요:</b>
♦️ 어비스 건설
각 깊은 층에 독특한 캠프를 짓고 자원을 수집하며 안전을 보장하기 위해 가마를 밝혀 유지하세요.

♦️ 캠프 개발
캠프를 확장하고 새로운 생존자를 모집하며 이 매력적인 방치형 시뮬레이션 게임에서 도시를 변형시키세요.

♦️ 역할 배정 및 전략적 전투
건물에 영웅과 탐험가를 배정하여 생산성과 효율성을 높이고, 몬스터의 공격에 대비하며 방어하세요. 어비스의 생물에 맞선 강렬한 카드 기반 전투에서 전략을 강화하세요.

♦️ 영웅 집합
다양한 파벌에서 영웅을 모집하고, 그들의 재능을 활용하여 어비스를 탐험하며 캠프를 그 위험으로부터 강화하세요!

자원을 관리하고, 방치형 클릭 메커니즘에 참여하며, 생존 시뮬레이션 게임에서 번영하는 동안 판매 및 이익을 최적화하십시오.",시뮬레이션,https://play.google.com/store/apps/details?id=hole.survivor.idle.dovi&hl=ko&gl=kr,,,,,,
android,kr,com.octopo.warofweapons,웨포니아 : 머지 앤 파이트,"🔨 제작하고, 머지하고, 전투하라!

Weponia는 무기를 만드는 대장간에서 시작되는 하이브리드 머지 전략 RPG입니다.

수습 대장장이 카이는 사라진 친구 렌을 찾기 위해 낯선 세계에 대장간을 열게 됩니다. 아이템을 머지해 무기를 만들고, 찾아오는 트롤 손님들에게 판매하며, 렌의 행방을 쫓을 중요한 단서를 모아보세요.

하지만 Weponia는 단순한 머지 게임이 아닙니다.

⚔️ 머지한 무기로 전투에 참여하세요
대장간에서 제작한 무기는 전투 덱에 추가됩니다. 나만의 무기 조합을 만들고, 자동 전투 중 실시간으로 무기를 활용해 강력한 적을 물리치세요.

🏪 나만의 판타지 대장간을 운영하세요
작은 대장간에서 시작해 전설적인 대장간으로 성장해보세요. 머지, 제작, 판매, 업그레이드를 반복하며 더 강력한 무기와 새로운 가능성을 열어갈 수 있습니다.

🛡️ 전설의 가디언 무기를 발견하세요
특별한 힘을 지닌 전설적인 무기, 가디언을 획득하세요. 가디언 무기는 전투에 새로운 전략과 깊이를 더해줍니다.

👹 강력한 보스 레이드에 도전하세요
제작한 무기와 전략적인 덱으로 강력한 보스에게 도전하세요. 더 좋은 무기를 만들고, 대장간을 성장시키며, Weponia의 세계를 더 깊이 탐험해보세요.

⛏️ 대장간 밖의 다양한 콘텐츠
벌목장과 채광 지역에서 자원을 모으고, 고대 유적을 탐사하며, 숨겨진 이야기와 다양한 미드코어 콘텐츠를 경험할 수 있습니다.

📖 우정과 성장의 모험
카이의 여정은 단순히 전설적인 대장장이가 되는 이야기만은 아닙니다. 사라진 친구 렌을 찾고, 낯선 세계의 비밀을 밝히며, 자신만의 운명을 만들어가는 모험입니다.

머지 게임, RPG 성장, 전략 전투, 타이쿤식 대장간 운영, 판타지 모험을 좋아한다면 Weponia를 시작해보세요.

지금 대장간을 열고,
강력한 무기를 머지하고,
렌을 찾아 떠나세요.
전설의 대장장이가 될 시간입니다.
----
개발자 연락처 :
(주)옥토포 대한민국 서울특별시 성동구
성동구 왕십리로 38, 5층, 6층, 7층(성수동1가, 홍성빌딩)
04773 326-81-02122 2024-서울성동-1348 서울특별시 성동구",롤플레잉,https://play.google.com/store/apps/details?id=com.octopo.warofweapons&hl=ko&gl=kr,,,,,,
android,kr,com.fiveminlab.overgeared.hero.backpack.merge,템빨용사: 픽셀 아이템 머지 RPG,"🎒가방 속 픽셀 아이템을 머지하고 조합하는 픽셀 가방 키우기 게임!
🎒가방에 아이템을 배치하고 전략적으로 머지하여 강력한 조합을 완성하세요. 

템빨용사 플레이 꿀팁! 
전투에서 이기기 위해서 장비 배치가 매우 중요합니다! 
펫 키우기를 게을리 하지 마세요. 펫이 역할을 톡톡히 한답니다.
템빨을 올리기 위해서는 에픽 아이템은 필수! 전설 캐릭터 전용 에픽 아이템을 절대 놓치지 마세요.

🎒 머지와 조합이 핵심인 픽셀 게임
템빨용사의 전투는 단순하지 않습니다.
아이템을 단순히 장착하는 것이 아니라, 머지를 통해 상위 등급 장비로 성장시키고,
다양한 아이템을 전략적으로 조합하여 시너지를 만들어야 합니다.
1. 아이템을 머지하여 에픽 등급으로 진화 
2. 배치에 따라 달라지는 공격력과 방어력
3. 시너지 조합에 따라 완전히 달라지는 전투 스타일
이 픽셀 세계에서 머지와 조합은 곧 전투력입니다.

⚔️ 전략이 살아있는 오토 배틀러 RPG
템빨용사는 자동 전투 기반의 오토 배틀러이지만,
전투 결과는 오직 당신의 조합 전략에 달려 있습니다.
1. 아이템 배치에 따라 달라지는 방어력과 공격 시너지
2. 직업 특성에 맞춘 아이템 조합
3. 로그라이크 방식의 선택과 도전
단순한 픽셀 게임이 아닌, 깊이 있는 전략 RPG 경험을 제공합니다.

🧙 키우기와 장비수집의 재미
템빨용사는 키우기 요소가 결합된 픽셀 RPG입니다.
1. 에픽 아이템 머지를 통한 성장
2. 다양한 장비수집 콘텐츠
3. 펫 키우기 시스템으로 추가 능력 확보
4. 지속적인 강화와 진화
머지를 반복하고 조합을 최적화하며 나만의 빌드를 완성하는 키우기 게임의 재미를 느껴보세요.

🏆 경쟁과 도전의 로그라이크 시스템
템빨용사에서는 경쟁이 곧 성장입니다.
1. 다른 플레이어와의 전략 경쟁
2. 조합 차이에 따른 전투 결과 변화
3. 방어력과 공격력 밸런스를 고려한 설계
4. 반복 도전으로 완성되는 로그라이크 전투
머지를 통해 가방을 강화하고, 최적의 조합으로 경쟁에서 승리하세요.

🎮 레트로 감성 픽셀 세계
감성적인 픽셀 그래픽과 빠른 전투 템포.
템빨용사는 누구나 쉽게 시작할 수 있지만, 머지와 조합을 깊이 파고들수록 전략이 살아나는 게임입니다.
픽셀 스타일을 좋아하는 유저,
머지 게임을 선호하는 유저,
전략 게임과 경쟁 게임을 즐기는 유저라면 템빨용사는 최고의 선택이 될 것입니다.

지금 바로 템빨용사에서 머지하고 조합하라!
아이템을 머지하고, 조합하고, 키우고, 경쟁하라.
픽셀 로그라이크 오토 배틀러 템빨용사에서 최강의 전략을 완성하세요!
----
개발자 연락처 :
(주)5민랩 대한민국 서울특별시 마포구
마포구 양화로 19, 8층 1호 (합정동,합정오피스빌딩)
04027 2208866851 2019-000014 서울특별시 마포구청장",전략,https://play.google.com/store/apps/details?id=com.fiveminlab.overgeared.hero.backpack.merge&hl=ko&gl=kr,,,,,,
android,kr,com.coin7.animalindanger.android,"이브스의 ""위기생명 상담소""","""아픈 생명들이 몰려온다.""

MWU 2022 Best Anticipation 수상에 빛나는 (주)스튜디오코인이 탐정 이브스와 함께 나누고픈 흥미진진한 탐험을 준비했어요!

“지구가 인간들만의 것은 아니잖아요....”
생태계 파괴로 고통을 겪는 동물들. 그들의 문제 해결을 위해 
오늘도  이브스가 출동합니다. 

고운 본래의 모습을 잃어가는 자연과 생명들. 
그저 살아왔을 뿐인데....
하루아침에 닥친 위기로 이브스에게 쏟아지는
세상 억울한 생명들의 이야기.
이브스와 함께 그들의 사연을 확인하고 문제를 해결해 보세요.
그러다 보면 문제의 진짜 원인을 찾아내며
우리가 행동에 나서야 할 때라는 걸 알게 될 거예요. 

- 생생한 사건 당시의 긴박감, 아름다웠던 모습을 기록하기 위해 직접 그려냈어요. 생생히 살아있는 디테일을 만나보세요. 
- 곳곳에 도움을 필요로 하는 다양한 생물들이 있답니다. 그들의 문제 해결에 도움을 줄 수 있을까요? 대화와 퀘스트를 진행하며 확인해보세요.
- 사건 해결의 키, 시간의 틈새를 적극 활용하세요. 시간의 흐름을 겹치지 않는 상태로 연결하여 퀘스트 해결의 정보를 알아낼 수 있어요. 
- 미니 맵으로 나의 위치와 퀘스트 진행 영역을 확인할 수 있어요.
- 활성화된 퀘스트는 알림으로 제시되고, 영역 곳곳에 아이콘으로 나타난답니다.
- 월드 곳곳에 숨겨져 있는 생명의 기록을 찾아보세요. 미처 몰랐던 안타까운 동물들의 사연과, 위기에 처한 그들의 운명에 귀 기울여 보세요. 

사건의뢰 01. 노래를 잃어버리다.
이브스의 사무실을 방문한 어린 꿀빨이새.
그런데, 뭔가 이상하다!?
새인데 노래를 제대로 못 한다고?

사건의뢰 02. 영웅의 두 얼굴
위대한 건축가로 칭송받던 비버들.
하루아침에 환경파괴범으로 체포되는데...
그들의 두 얼굴에 감춰진 비밀은...

사건의뢰 03. 얼어붙은 알의 메시지
사무실로 배송된 낡은 상자와 커다란 알.
발신지는 남극?!
알 수 없는 이끌림을 느끼며
이브스는 남극으로 향하고...
----
개발자 연락처 :
(주)스튜디오코인 송암로 60
4층 404호
남구, 광주광역시 61740
South Korea 1058758749 2023-광주남구-0059 직접",아케이드,https://play.google.com/store/apps/details?id=com.coin7.animalindanger.android&hl=ko&gl=kr,,,,,,
android,kr,com.vesal.jlsx.international,Acupuncture Master,"""해부학과 결합된 3D 침술 학습 플랫폼""
언제 어디서나 인체 전체의 경락과 경혈을 체계적이고 종합적으로 볼 수 있도록 도와주는 플랫폼입니다. 경락과 경혈에 대한 지식을 체계적이고 종합적으로 학습하여 바늘이 삽입되는 각도와 깊이를 명확하고 입체적으로 관찰할 수 있으며, 또한 경혈 주변의 해부학적 구조를 제공하여 도움을 주는 플랫폼입니다. 당신은 침술의 해부학적 수준과 바늘과 주변 구조 사이의 관계를 이해하여 침술 중 일부 위험한 인체 구조에 실수로 구멍을 뚫는 것을 효과적으로 방지합니다.

다운로드 이유:
Acucture Master는 중국의 전문 침술팀이 많은 침술 연구자와 협력하여 제작한 3D 경락 소프트웨어입니다. 많은 의과대학에서 시연을 가르치는 데 사용되었습니다. Acucture Master를 다운로드하면 다음과 같은 이점을 얻을 수 있습니다.
● 동적 3D 경락 시스템: 12개의 경락, 8개의 경락, 이상 경혈, 12개의 발산 경락, 12개의 근육 영역, 15개의 측부 혈관 및 피부 영역을 포함하여 공간 관계가 한 눈에 명확합니다. 이 모델은 음양 경락을 명확하게 구분하므로 침술 학습이 더 이상 복잡하지 않습니다.
● 풍부한 침술 지식: 각 경락의 경로에 대한 상세한 기록과 3D 경락 모델이 결합되어 깊은 인상을 남깁니다. 또한 자오선 속성, 주요 표시, 위치, 수술 방법, 바늘 삽입 깊이, 바늘 삽입 각도 등과 같은 세부 사항이 Acupunkre Master의 실제 위치 비디오 및 바늘 삽입 비디오와 결합되어 학습을 더 쉽게 만듭니다.
● 정밀한 경혈 해부학: 한 번의 클릭으로 인체 경혈 해부학 모드로 전환됩니다. 각 경혈 옆의 해부학적 구조와 바늘 끝이 관통하는 해부학적 층이 명확하고 이해하기 쉬우며 실수로 위험한 장기를 관통하는 문제를 효과적으로 방지합니다. 침술 중.
● 전문 인체 해부학: 해부학을 공부하고 싶다면 해부학 모드로 전환한 후 인체의 뼈, 근육, 혈관, 신경, 호흡, 소화 등에 대한 전문적이고 자세한 해부학적 설명을 볼 수 있습니다. 마치 3D 해부학 학습을 하는 것과 같습니다. 동시에 소프트웨어.
● 편리한 조작: 모델, 인체 경혈 및 해부학적 구조의 몰입형 조작을 자유롭게 확대 및 축소, 회전, 이동하고 투명하게 숨길 수 있도록 지원합니다.

소프트웨어 응용 프로그램 개체:
침술사, 한의사, 의대생, 의사, 침술 학습자.
● 한의학(TCM) 침술 애호가: 개인 및 가족의 건강 유지를 위해 경혈 설명을 참조할 수 있습니다.
● 침술 학습자: 이 소프트웨어는 강력한 경혈 검색 엔진을 사용하여 침술 지식을 강화하고 자침 기술을 정확하게 파악하는 데 사용할 수 있습니다.
● 의료 업계 전문가: 소프트웨어를 활용하여 교육, 커뮤니케이션 및 프레젠테이션을 위한 경락과 경혈을 시연할 수 있습니다.

우리에 대해 더 자세히 알아보세요: https://www.facebook.com/acupunkremaster?mibextid=ZbWKwL",의료,https://play.google.com/store/apps/details?id=com.vesal.jlsx.international&hl=ko&gl=kr,,,,,,
android,kr,com.GamePalette.CurseDoll,"저주 인형 키우기 : 귀신 탐지기, 귀신 카메라","★저주 인형 키우기는 다양한 저주 인형을 키우는 게임입니다.★

각각의 인형은 9개의 저주를 컨셉으로 하고 있으며 단계별로 성장 시킬 수 있습니다.
주인과 교감을 나누며 최종 단계에 도달하면 저주 인형의 힘으로 나쁜 사람들에게 
무시 무시한 저주를 내릴 수 있습니다.

어떤 인형들이 있는지 궁금하다면? 지금 바로 다운 받으세요!
----
개발자 연락처 :
한동길 강서로68길 36
등촌 주공 2단지 아파트, 201동 205호
강서구, 서울특별시 07581
South Korea 000000000000000000000000 000000000000000000000000 000000000000000000000000",캐주얼,https://play.google.com/store/apps/details?id=com.GamePalette.CurseDoll&hl=ko&gl=kr,,,,,,
android,kr,com.nexon.he,히간: 이루실,"연극처럼 펼쳐지는 3D 실시간 전략 RPG —
지시와 전술로 악몽을 무너뜨려라!

여신 이루실의 축복 아래 번영하던 세계.
그러나 시간이 지나면서 여신의 힘이 희미해지며, 균형은 서서히 붕괴되기 시작했다.

불안에 잠식된 사람들은 ‘찬빛 수정’을 숭배하며 새로운 신을 만들려는 조직, ‘별빛 수정 결사’를 탄생시키고
이에 맞서 신도들은 세계의 질서를 지키기 위해 비밀 조직 ‘고페르 극단’을 결성한다.

그리고 지금—
‘별이 선택한 자’인 당신이
이 모든 운명의 중심에 선다.

▶ 매혹적인 미소녀들과 완성하는 나만의 극단
조합과 선택에 따라 전투와 전략이 완전히 달라진다.
각기 다른 개성과 능력을 지닌 캐릭터들을 모으고
당신만의 극단으로 최고의 무대를 완성하라!

▶ 부담 없이 즐기는 전투, 강렬한 쾌감
오프라인 성장으로 자원을 획득하고,
한 번의 터치로 강력한 필살기를 발동!
다양한 적과 보스에 도전하며 압도적인 전투 쾌감을 느껴라!

▶ 공연처럼 펼쳐지는 화려한 전투 장면
모든 전투가 하나의 공연처럼 펼쳐진다!
화려한 스킬과 강렬한 타격으로 전장의 피날레를 장식하라!

▶ 끝없이 확장되는 성장과 콘텐츠
다양한 콘텐츠와 성장 시스템이 끊임없이 이어진다!
플레이할수록 더 강해지고, 더 넓은 전장이 열린다.
풍성한 보상으로 빠른 성장을 체감하라!

▶ 마음을 움직이는 판타지 드라마
무대 밖에서 만나는 또 다른 그녀들의 모습.
함께하는 시간 속에서 쌓이는 감정과 이야기,
오직 당신만을 향한 특별한 순간을 경험하세요.

지금, 당신의 이야기로 무대를 완성하세요.

■ 스마트폰 앱 접근권한 안내
앱 이용 시 아래와 같은 서비스를 제공하기 위해 접근 권한을 요청하고 있습니다. 
[필수적 접근권한]
-
[선택적 접근 권한]
저장공간: 사진 및 동영상 저장 및 업로드를 위해 필요합니다.
카메라 : 사진 및 동영상 촬영을 위해 필요합니다.
알림: 서비스와 관련된 알림을 받기 위해 필요합니다.
* 선택적 접근권한 허용에 동의하지 않아도 서비스 이용이 가능합니다.

[접근권한 철회 방법]
▶ 안드로이드 6.0 이상: 설정 > 앱 > 권한 항목 선택 > 권한 목록 > 접근권한 동의 또는 철회 선택
▶ 안드로이드 6.0 미만: 운영체제를 업그레이드하여 접근권한을 철회하거나, 앱을 삭제
※ 앱이 개별 동의 기능을 제공하지 않을 수 있으며 위의 방법으로 접근 권한을 철회할 수 있습니다.
----
개발자 연락처 :
Nexon Korea Corporation 판교로256번길 7 (삼평동)
분당구, 성남시, 경기도 13487
South Korea 220-87-17483 2013-경기성남-1659 성남시청",롤플레잉,https://play.google.com/store/apps/details?id=com.nexon.he&hl=ko&gl=kr,,,,,,
android,kr,kr.lifesemantics.kcd,질병분류기호 New : 내 손 안의 질병 정보,"2019년1월 24일, 더욱더 깔끔해진 디자인부터 질병분류기호 공유기능까지 ‘질병분류기호 New’를 보다 편하고 쉽게 이용할 수 있도록 개선하였습니다.
정확한 내 질병명이 무엇인지, 처방전에 쓰인 질병분류기호가 궁금하지 않으셨나요?
처방전, 진단서에 적힌 질병분류기호를 ‘질병분류기호 New’ 애플리케이션으로 확인해 볼 수 있습니다.
 
■자동완성 검색
질병분류기호를 자동완성 기능으로 빠르게 검색할 수 있습니다. 또한, 코드, 한글, 영문 키워드 등 원하는 형태로 검색할 수 있습니다.
 
■전체분류별
질병분류기호가 체계적으로 분류되어 있습니다. 영문 코드별로 분류되어 있어 원하는 정보를 쉽게 찾을 수 있습니다.
 
■신체분류별
질병분류기호가 신체 부위별로 분류되어 있습니다. 전신/머리, 얼굴/목, 가슴/복부/골반/팔, 다리/기타로 신체 부위가 세세하게 나누어져 있어 내가 원하는 부위의 질병분류기호를 확인할 수 있습니다.
 
■색인별
질병분류기호가 색인별로 분류되어 있습니다. 한글 자음, 영문 알파벳으로 분류되어 있어 상세한 검색이 가능합니다.
 
■공유
질병분류기호의 상세 정보를 공유할 수 있습니다. 이용자가 찾은 질병분류기호를 저장하거나 공유하고 싶을 때 공유기능을 이용할 수 있습니다.

 
자세한 내용은 질병분류기호 고객센터에 문의 바랍니다.
■전화 문의: 1899-4358
■메일 문의: help@efil.kr
 
더욱 정확하고 편리한 질병분류기호 검색 서비스를 제공하기 위해 노력하겠습니다.
많은 이용 부탁드립니다.
----
개발자 연락처 :
(주)스피어코퍼레이션 대한민국 서울특별시 강남구
강남구 삼성로95길 27 3층 (삼성동,영창빌딩)
06159 1208788602 2013-서울강남-01316 강남구청장",건강/운동,https://play.google.com/store/apps/details?id=kr.lifesemantics.kcd&hl=ko&gl=kr,,,,,,
android,kr,com.ulugame.ylspkr.google,다크엔젤: 심연의 날개,"<b><font color=""red"">※블랙라벨 MMORPG, 다크엔젤:심연의 날개!
지금 다운로드 하고 10만원 상당 출시 이벤트 쿠폰 'darkangelgg' 무료로 받아가세요!</font></b>
공식 라운지: https://game.naver.com/lounge/Wings_of_the_Goddess/home

 ▣게임 소개▣ 
신규 세로형 방치형 MMORPG!
판도라 상자가 열리고 신비한 대륙은 무한한 혼돈에 빠졌습니다. 예언에서 신탁을 받은 자는 천사의 힘을 빌려 세상을 구원할 것입니다.
천명자가 되어 모험의 여정을 떠나 쾌속 레벨업, 하이패스 성장을 체험해 보세요!희귀 보상 드랍! 용사님들과 함께 미지의 영역을 탐험해 보세요.

 ■ 그리스 신화 세계관과 다양한 직업선택 
게임의 세계관은 신비와 전설이 가득한 유럽 대륙을 무대로 하며, 그리스 신화를 바탕으로 독특한 마법 문화 등 특징을 갖추고 있습니다. 
게임에서는 검사, 마도사 등 다양한 직업을 선택할 수 있고, 각 직업에는 독특한 스킬을 구현, 전투에서 최강의 힘을 발휘할 수 있습니다.

 ■ 화려하고 아름다운 그래픽, 퀄리티 높은 판타지 아트 
신비로운 숲에서 웅장한 도시까지 게임 내 그래픽은 정교하게 구현하였고, 각각의 장소에는 특별한 비밀과 스토리가 있습니다. 
동시에 캐릭터 모델링도 매우 아름답고 각 캐릭터에도 자신의 특징과 개성이 있어 다채로운 롤플레잉의 즐거움을 경험할 수 있습니다.

 ■ 풍부한 소셜 시스템 
다른 플레이어와 팀을 이루어 던전을 탐색하고 강력한 보스에게 도전하여 풍부한 보상을 획득할 수 있습니다. 
또한 길드에 가입하여 다른 멤버들과 길드 전쟁에 참여하고 길드의 패권을 다툴 수 있고, 판타지 대륙에서 동료를 만들고 함께 성장할 수 있습니다.

 ■ 강력한 배틀 시스템, 통쾌한 배틀 플레이 
실시간 모드를 채택하여 배틀에서 통쾌하고 흥미로운 플레이를 경험할 수 있고, 전략적인 추가 스킬을 활용하여 적과 격렬한 배틀을 즐길 수 있습니다. 
게임 내 던전도 다양하며, 플레이어는 던전 도전을 통해 특별한 보상을 획득할 수 있으며, 플레이어는 다양한 던전을 통해 자신만의 전투 스타일을 커스터마이징 할 수 있습니다. 

 ■ 호환성
Android 5.1 및 이상",롤플레잉,https://play.google.com/store/apps/details?id=com.ulugame.ylspkr.google&hl=ko&gl=kr,,,,,,
android,kr,net.room6.envyphantom,GenEi AP: Empty Heart,"음악을 찾아 하루마키고한의 세계를 여행하세요.
""무슨 소리를 듣고 있어, 미카게?""
스피카는 들을 것을 찾고 있고, 주인공 미카게는 친구를 기쁘게 할 노래를 찾기 위해 신비한 세계로 여행을 떠납니다.
저 마지막 문 뒤에는 무엇이 있습니까? 들리는 그 심장 박동은 무엇입니까?

이 게임은 Vocaloid 프로듀서, 일러스트레이터, 애니메이터 Harumakigohan의 작업에서 영감을 받은 다양한 장소를 배경으로 합니다.
Meltyland Nightmare 또는 Reunion과 같은 노래를 이미 좋아한다면 GenEi AP가 훨씬 더 특별할 것입니다.

이것은 Harumakigohan의 크로스 미디어 3부작의 첫 번째 작품으로 다음을 포함합니다.
- 게임 ""GenEi AP: Empty Heart""
- 음악 앨범 ""GenEi EP: Envy Phantom""
- 콘서트 “GenEi LV: Harumakigohan One-man Concert 2022”",어드벤처,https://play.google.com/store/apps/details?id=net.room6.envyphantom&hl=ko&gl=kr,,,,,,
android,kr,com.moonton.soe,심포니 오브 에픽,"게임 소개

어느새 갑자기 강해지는 RPG! 
 S.O.E, 소!

소는 누가 키워 소는~ 누가 키우긴, 알아서도 잘~ 크지!
만의 푸짐한 오프라인 보상을 수령하세요!
간편해서 S.O.E 해피! 
즐거워서 S.O.E 퍼니! 
짜릿해서 S.O.E 러키!

게임 소개
1.한정 무료 뽑기 혜택을 놓치지 마세요!
S.O.E(소)의 수많은 영웅들과 함께 행복한 플레이를 하세요~ 

2. 소는 누가 키워 소는~ 누가 키우긴? 알아서도 잘~ 크지!
S.O.E(소)는 소처럼 묵묵히 알아서도 잘 큰답니다! 지휘자님은 그저 보상만 받아 주세요!

3. 애니메이션 RPG! 몰입감 있는 색다른 영웅 스킬!
영웅들의 화려한 스킬들을 고퀄리티 애니메이션으로 만나보세요. S.O.E(소)에 모두들 푹 빠져버릴걸요?

4. 심취형 RPG! 다양한 콘텐츠가 선사하는 끝없는 재미!
전투, 던전, 바벨탑, 아레나, 비경, 아카식 폐허 등 수많은 콘텐츠! 방치형이라고 다 같은 방치형이 아니랍니다~

5. 수집형 RPG! 수백 명의 영웅들과 함께 하세요!
연령불문! 다양한 취향에 걸맞는 각양각색의 개성있는 영웅들이 지휘자님을 기다립니다!

■ 스마트폰 앱 접근 권한 안내

앱 이용 시 아래와 같은 서비스를 제공하기 위해 접근 권한을 요청하고 있습니다.


[필수적 접근 권한]

- 사진/미디어/파일 : 사진 및 동영상 저장 / 게임의 설정과 캐시 저장, 1:1 문의 응대 지원
- 캘린더 권한：중요한 인게임 이벤트 일정 알림 설정을 위해 캘린더 접근 권한이 필요합니다.

[선택적 접근 권한]

※ 접근 권한에 동의하지 않아도 게임 서비스 이용이 가능합니다.


[접근권한 철회방법]

- 운영체제 6.0 이상 : 설정 > 어플리케이션 관리자 > 앱 선택 > 권한 > 접근권한 철회 가능

- 운영체제 6.0 미만 : 운영체제를 업그레이드하여 접근권한을 철회하거나 앱을 삭제

-중요한 인게임 이벤트 일정 알림 설정을 위해 캘린더 접근 권한이 필요합니다.",전략,https://play.google.com/store/apps/details?id=com.moonton.soe&hl=ko&gl=kr,,,,,,
android,kr,kr.co.innerwave.pis.kyunghee,경희의료원,"진료예약, 결제, 진료 및 검사결과, 처방내역, 주차등록 등 다양한 서비스를
편리하게 이용하실 수 있습니다.

경희의료원 모바일 앱은 다음 접근 권한들을 사용합니다.
1. 안드로이드 10.0 이상
필수적 접근 권한
 - 전화 : 고객센터 연결
 
선택적 접근 권한
 - 캘린더 : 진료 일정 등록
 - 알림 : 알림 메시지 수신
 - 생체인식 : 간편 로그인 시 사용
 
2. 안드로이드 10.0 미만
필수적 접근 권한
 - 전화 : 고객센터 연결
 - 저장소 읽기/쓰기 : 프로필 이미지 저장 및 관리
 
선택적 접근 권한
 - 캘린더 : 진료 일정 등록
 - 알림 : 알림 메시지 수신
 - 생체인식 : 간편 로그인 시 사용

* 선택적 접근 권한은 비허용 시에도 해당 기능 외 서비스 이용이 가능합니다.
* 동의 철회는 [설정]→[애플리케이션]→[경희의료원]→[권한] 에서 철회하실 수 있습니다.",의료,https://play.google.com/store/apps/details?id=kr.co.innerwave.pis.kyunghee&hl=ko&gl=kr,,,,,,
android,kr,co.spoonme,스푼 : 라이브 & 팟노블,"일상을 채우는 오디오 경험, 스푼(Spoon)

실시간 라이브부터 귀로 듣는 소설 팟노블(PodNovel)까지,
오디오로 즐길 수 있는 모든 것을 스푼에서 함께해요.

🎙 실시간 오디오 라이브
다양한 오디오 크리에이터(DJ)들이
지금 이 순간에도 재미있는 라이브 방송 진행 중!
채팅으로 바로 소통하면서
DJ와 자연스럽게 친해지고,
함께 웃고 떠들며 오디오로 놀아보세요.

🎧 팟노블 – 귀로 듣는 소설
소설은 이제 ‘읽는 것’에서 ‘듣는 것’으로.
출퇴근길, 집안일 할 때, 짧은 휴식 시간에도
화면 없이 자유롭게 즐기는 오디오 소설.
로맨스, 판타지, 무협 등 다양한 장르의 웹소설을 언제 어디서든 경험해보세요.


오디오로 즐기는 새로운 일상, 스푼에서 시작하세요!


《스푼팀이 궁금해요》

- 스푼 공식 홈페이지: https://www.spooncast.net/kr

- 스푼 공식 유튜브: https://www.youtube.com/c/SpoonKorea

- 스푼 공식 틱톡: https://www.tiktok.com/@spoon_korea

- 스푼 공식 블로그: https://blog.naver.com/spoonradio

- 스푼 공식 인스타그램: https://www.instagram.com/spoon__korea/


《스푼팀에게 문의하기》

- Spoon 앱 내 “프로필 우측 상단 > 설정 > 고객문의 > 문의하기”

- 고객센터 사이트: https://spoon-support.spooncast.net/kr

- 대표전화: 1661-8726



앱 접근 권한 안내

[필수 접근 권한]
- 없음

[선택 접근 권한]
- 마이크 : 라이브 및 음성 콘텐츠 이용 시 권한
- 사진 : 이미지 사용을 위한 사진 접근 권한
- 카메라 : 사진 또는 동영상 이용 시 접근 권한
- 알림 : DJ소식 및 콘텐츠 정보 알림 시 접근 권한
- 전화 : 라이브콜 연결 또는 라이브 생성 시 접근 권한


선택적 접근권한은 해당 기능을 사용할 때 허용이 필요해요. 비 허용 시에도 해당 기능 외에는 서비스 이용이 가능해요.



[접근 권한 변경 방법]
- 휴대폰 설정 > 스푼 에서 접근 권한 변경 가능


더 자세한 내용은 아래 링크에서 확인해주세요.
- 이용약관 : https://www.spooncast.net/kr/service/termsofuse
- 개인정보처리방침 : https://www.spooncast.net/kr/service/privacypolicy
----
개발자 연락처 :
(주)스푼랩스 대한민국 서울특별시 강남구
강남구 테헤란로4길 14, 13층(역삼동, 미림타워) 06232
211-88-94896 2018-서울강남-03177 서울특별시 강남구
----
개발자 연락처 :
(주)스푼랩스 강남구 테헤란로4길 14, 13층(역삼동, 미림타워)
강남구, 서울특별시 06232
South Korea 211-88-94896 2018-서울강남-03177 서울특별시 강남구",소셜,https://play.google.com/store/apps/details?id=co.spoonme&hl=ko&gl=kr,,,,,,
android,kr,com.caracolu.mushikago,INSECTARIUM - 인섹타리움 얼터너티브 마치,"""신입 교육 같은 귀찮은 건
　계약에 없었는데……""

■이런 유저들에게 추천
・ADV 게임을 좋아하는 사람
・SCP나 도시전설에 관심이 있는 사람
・완전 무료로 엔딩까지 즐기고 싶은 사람

■지원 담당을 시작하는 방법
・직원의 제안을 채택하거나 거절하기만 하면 끝
・달성도를 100%로 만들면 조사 종료
・위험도가 최대로 올라가도 조사 종료

■매력적인 캐릭터
・8명의 나름대로 사정 있는 직원들이 등장
・3가지 시나리오로 펼쳐지는 다양한 엔딩
・반복 플레이를 통해 스토리 속 숨겨진 비밀이 밝혀진다

개발사: Caramel Column
http://caracolu.com
https://twitter.com/GamesCaramel
아날로그・디지털을 불문하고 게임을 개발하고 있습니다

음악 제작: MINAKEKKE",어드벤처,https://play.google.com/store/apps/details?id=com.caracolu.mushikago&hl=ko&gl=kr,,,,,,
android,kr,godticket.mobile,"여신티켓: 피부시술/성형 정보, 피부과 병원 예약 어플","<font color=""FF2488""><b>피부과를 고르는 확실한 기준</b></font>
<font color=""FF2488""><b>550만이 선택한 피부시술&성형 수술 정보를 담고 있는 1등 피부시술 플랫폼, 여신티켓</b></font>
내 주변 병원 탐색부터 예약, 상담, 결제까지 한번에!
피부 시술 & 성형 수술 고민 될 때 ‘진짜’ 받아본 사람들의 후기가 궁금하다면?
피부과 시술부터 성형외과 & 안과 & 치과 까지 모두 여신티켓에서 해결 가능합니다.

<b>[신규회원이라면 누구나]</b>
아직 여신티켓 회원이 아니신가요? 
가입하면 바로 지급되는 7,000P + 100,000원 웰컴 쿠폰팩

—
<b>[쓸 수록 커지는 혜택]</b>
여신티켓에서 만날 수 있는 매월 달라지는 특가와 쓸수록 커지는 혜택을 체험해보세요!

①월별 다양한 특가 이벤트
여신티켓에서 엄선한 시술들은 특별한 혜택가로 만날 수 있는 기회
매번 달라지는 시술, 할인, 혜택을 놓치지마세요.

②매일 챙기는 출석체크
하루 한 번 출석체크로 100P + 추가 보너스 혜택까지 월 최대 5,000P를 받아가세요.

③쓸 수록 커지는 등급별 혜택
여신티켓 ‘회원’ 한정 구매할수록 더 커지는 혜택플러스, 등급별 혜택!
매월 1일 달라진 나의 등급을 확인하고 최대 30만원 할인 + 2.5% 페이백에 도전하세요.

④같이 예뻐지는 친구초대
친구 초대 완료 시 횟수 상관 없이 무제한으로 받을 수 있는 포인트 혜택
친구도 나도, 5,000P 받고 피부 여신이 되어보세요.

⑤매월 도전할 수 있는 여신 추천왕
추천인코드 기준 친구 추천왕에게는 최대 300,000P 혜택이 주어집니다.

⑥병원에서 바로 쓰는 현장 앱결제
내가 원하는 시술을 현장에서 직접 고르고 여신티켓 혜택은 그대로 적용받으세요.
상담 후 현장에서 앱으로 바로 결제 (쿠폰/포인트 사용 가능)
결제할 때마다 포인트가 쌓이고, 후기 작성 시 최대 2,500P 추가 적립!

—

<b>[왜 여신티켓이어야 할까? 확실한 선택의 기준을 제공하는 여신티켓]</b>
① 내 기준으로 고를 수 있는 시술
내 피부 고민에 맞는 시술 추천, 인기 시술을 확인할 수 있어요.
추천순, 인기순, 신규순, 거리순 등 내 입맛에 맞는 시술만 모아서 선택하세요.

② 받아 본 사람들의 ‘찐’ 후기
광고는 없다, 내돈내산 후기가 172만 개 이상!
매일 업데이트 되는 피부 시술 & 성형 리얼 후기를 상품 예약 전 확인 & 비교해보세요.
여신티켓에는 ‘진짜’ 받아본 사람들의 시술, 고민별 후기가 준비되어 있어요.

③ 셀카 한 장으로 내 피부 분석
‘내 피부에 필요한 시술은?’ 고민은 시간만 늦출 뿐!
AI 피부연구소에서 내 진짜 피부 나이를 확인하고, 개인 맞춤형 피부 리포트를 제공 받으세요.

④ 국내 최초 부작용 안심케어
누구나 안심하고 피부 시술을 받을 수 있도록
시술 부작용 발생 시 치료비를 지원해드리는 국내 최초 부작용 안심케어 서비스
안심하고 시술 받으세요.

⑤ 믿고 선택할 수 있는 병원 & 의사
선택에 있어 가장 중요한 기준, 바로 믿고 선택할 수 있는 전문의 정보
여신티켓에서는 병원 정보는 물론 의료진 전문 분야, 전문의 수 등 여러 정보를 확인할 수 있어요.
의료진의 전문성이 중요한 수술을 앞두고 있다면 여신티켓으로 꼼꼼하게 확인해보세요.

⑥ 검색은 빠르게, 병원은 가깝게
더 이상 시술 하나 받기 위한 발품팔기는 그만!
27,000여 곳의 병원이 등록된 여신티켓에서는 검색 한번으로 
내 주변 병원 위치, 진료 시간, 시술 항목, 시술 금액을 한눈에 볼 수 있어요.

⑦ 언제 어디서나 간편하게 모바일 예약
방문, 전화 문의&예약이 어려우셨죠?
시술 문의부터 예약, 결제까지 모바일 간편 예약으로 해결하세요.
인기 있는 성형 상품들도 미리 상담 신청하고 예약할 수 있어요.
언제 어디서든, 간편하게 클릭 몇 번으로 끝나는 여신티켓 예약!

—

[선택 접근 권한]
- 위치 : 현재 위치에서 가까운 피부과를 찾기 위한 경우를 위한 권한입니다.
- 알림 : 피부 시술 이벤트, 공지사항 등 새로운 메시지를 수신하기 위한 권한입니다.
- 카메라 : 피부 분석 및 시술 사진 후기 등을 위해 카메라 촬영이 필요한 경우를 위한 권한입니다.
- 사진 : 사진 등록 및 저장이 필요한 경우를 위한 권합니다.
- 마이크: 고객상담 영상 촬영, 외국인 여권 인증

※ 선택 접근 권한은 동의하지 않아도 서비스 이용이 가능합니다.
※ [휴대폰 설정 > 애플리케이션 > 여신티켓 > 앱 권한] 메뉴에서 동의 및 철회가 가능합니다.

<b>[피부과/성형외과 예약앱, 여신티켓 공식 계정]</b>
▶ 홈페이지 : https://www.yeoshin.co.kr
▶ 유튜브 : https://www.youtube.com/@yeoshinticket
▶ 인스타그램 : https://www.instagram.com/yeoti_official
▶ 시술백과 : https://blog.yeoshin.co.kr/",뷰티,https://play.google.com/store/apps/details?id=godticket.mobile&hl=ko&gl=kr,,,,,,
android,kr,com.fundoshiparade.bokukoro3jp,너의 목적은 날 죽이는 것３,"게임의 상식을 파괴하는 시리즈의 최신작. 
『너의 목적은 날 죽이는 것. 』을 플레이하지 않으신 유저는 안심하고 플레이해 주십시오. 
『너의 목적은 날 죽이는 것. 』을 플레이한 유저는 마신에게 들키지 않도록 조심하라고ㅡ.
■즐기는 법
마신을 죽이는 법을 매우 간단합니다.
「타마」라고 불리는 마법 생물을 탭하는 것뿐!
귀찮은 조작은 전혀 없습니다.
매우 간단하게 누구든 즐길 수 있습니다.
 ■즐거운 요소 
이번 마신 죽이기는 단체전. 
동료가 될 신들을 모아, 강화하고 힘을 합쳐 마신을 살해하자! 
컬렉션을 모으는 아티팩트도 파워업하는 등
즐길 거리가 가득합니다.

■이런 분께 추천!
・『너의 목적은 날 죽이는 것.』시리즈를 플레이한 적이 없으신 분.
 ・『너의 목적은 날 죽이는 것.』시리즈를 플레이한 적이 있으나, 마신에게 들키지 않을 자신이 있으신 분.",롤플레잉,https://play.google.com/store/apps/details?id=com.fundoshiparade.bokukoro3jp&hl=ko&gl=kr,,,,,,
android,kr,com.bountyred.zlya,묵청대도: 바운티 red(MIR2공식 라이선스),"<font color=""#FF0000"">미르의전설2 게임 IP 공식 수권</font>
<font color=""#FF0000"">Hit! Hit! 상금! 드롭됐네! </font>
어서 접속해 현상금을 사냥하는 바운티 헌터가 되어보자!
시작은 가볍게, 몰입은 한계 없이!
하늘에서 내리는 ‘바운티’! 꿀맛 같은 선물 보상!
----------------------
<font color=""#FF0000"">▶ 하늘에서 내리는 '바운티'</font>
<font color=""#FF0000"">파밍 시 진짜 충전권 팡팡! 캐릭터 전투력도 쑥쑥!</font>
----------------------
<font color=""#FF0000"">▶ 플레이할 때 여유롭고 편리하게! </font>
<font color=""#FF0000"">'VIP'자격, '변신' 무공, '자동줍기' 기능과 '빙룡' 소환수 모두 공짜로!</font>

<b>◆ 첫충전은 진짜 0원! 자동사냥만 해도 충전권 획득!</b>
칼끝에 걸린 초대박 스타트
체감되는 성장곡선에 맞춰 전투력 쑥쑥
무과금의 반란 속에서 적군을 쓰러뜨리는 짜릿함
<b>◆ 짜릿한 공격 속도! 뱀골폐광 10초 만에 클리어!</b>
보스몹 단숨에 제압하는 광란의 스피드
패러다임을 뒤흔드는 칼질의 손맛
속도전의 신세계에서 극한 전투의 정수

<b>◆ 템세트 완전 득템! 파밍 시 100% 떨어지는 비귀속 강력템!</b>
사냥터 전역에서 레어 아이템 전부 드롭 가능
득템의 짜릿함이 확 몰려오는 순간
자유거래 가능한 장비 컬렉션 보물창고

<b>◆ 나도 너도 사북성주! 동료들과 함께 사북성주 보상 나눠 갖기!</b>
문파원들과 호흡을 맞추는 결속의 대전
사북쟁탈 클라이맥스의 자원 전리품
모두가 다 함께 부자 되는 히스토리

<b>※ 공식 커뮤니티: </b>https://cafe.naver.com/Mir2Bounty
<b>※ 고객센터 이메일: </b>bountysabuk@zhiliyaoan.com",롤플레잉,https://play.google.com/store/apps/details?id=com.bountyred.zlya&hl=ko&gl=kr,,,,,,
